WARNING: Makefile 'package/feeds/packages/bmx7-dnsupdate/Makefile' has a dependency on 'bmx7', which does not exist
WARNING: Makefile 'package/feeds/packages/bmx7-dnsupdate/Makefile' has a dependency on 'bmx7-json', which does not exist
WARNING: Makefile 'package/feeds/luci/luci-app-babeld/Makefile' has a dependency on 'babeld', which does not exist
WARNING: Makefile 'package/feeds/luci/luci-app-bmx7/Makefile' has a dependency on 'bmx7', which does not exist
WARNING: Makefile 'package/feeds/luci/luci-app-bmx7/Makefile' has a dependency on 'bmx7-uci-config', which does not exist
WARNING: Makefile 'package/feeds/luci/luci-app-bmx7/Makefile' has a dependency on 'bmx7-json', which does not exist
WARNING: Makefile 'package/feeds/luci/luci-app-bmx7/Makefile' has a dependency on 'bmx7-tun', which does not exist
WARNING: Makefile 'package/feeds/luci/luci-app-bmx7/Makefile' has a dependency on 'bmx7-iwinfo', which does not exist
WARNING: Makefile 'package/feeds/luci/luci-app-dcwapd/Makefile' has a dependency on 'dcwapd', which does not exist
WARNING: Makefile 'package/feeds/packages/prometheus-node-exporter-lua/Makefile' has a dependency on 'bmx7', which does not exist
WARNING: Makefile 'package/feeds/packages/prometheus-node-exporter-lua/Makefile' has a dependency on 'bmx7-json', which does not exist
make[2]: Entering directory '/home/captain/W1700KNPU/.build/openwrt/scripts/config'
make[2]: 'conf' is up to date.
make[2]: Leaving directory '/home/captain/W1700KNPU/.build/openwrt/scripts/config'
make[1]: Entering directory '/home/captain/W1700KNPU/.build/openwrt'
+ mkdir -p /home/captain/W1700KNPU/.build/openwrt/staging_dir/target-aarch64_cortex-a53_musl
+ cd /home/captain/W1700KNPU/.build/openwrt/staging_dir/target-aarch64_cortex-a53_musl
+ mkdir -p bin lib stamp usr/include usr/lib
mkdir -p /home/captain/W1700KNPU/.build/openwrt/build_dir/target-aarch64_cortex-a53_musl/stamp
touch /home/captain/W1700KNPU/.build/openwrt/staging_dir/target-aarch64_cortex-a53_musl/.prepared
make[2]: Entering directory '/home/captain/W1700KNPU/.build/openwrt/target/linux'
make[3]: Entering directory '/home/captain/W1700KNPU/.build/openwrt/target/linux/airoha'
rm -f /home/captain/W1700KNPU/.build/openwrt/build_dir/target-aarch64_cortex-a53_musl/linux-airoha_an7581/linux-6.18.44/localversion
/home/captain/W1700KNPU/.build/openwrt/scripts/kconfig.pl  + /home/captain/W1700KNPU/.build/openwrt/target/linux/generic/config-6.18 /home/captain/W1700KNPU/.build/openwrt/target/linux/airoha/an7581/config-6.18 > /home/captain/W1700KNPU/.build/openwrt/build_dir/target-aarch64_cortex-a53_musl/linux-airoha_an7581/linux-6.18.44/.config.target
awk '/^(#[[:space:]]+)?CONFIG_KERNEL/{sub("CONFIG_KERNEL_","CONFIG_");print}' /home/captain/W1700KNPU/.build/openwrt/.config >> /home/captain/W1700KNPU/.build/openwrt/build_dir/target-aarch64_cortex-a53_musl/linux-airoha_an7581/linux-6.18.44/.config.target
echo "# CONFIG_KALLSYMS_EXTRA_PASS is not set" >> /home/captain/W1700KNPU/.build/openwrt/build_dir/target-aarch64_cortex-a53_musl/linux-airoha_an7581/linux-6.18.44/.config.target
echo "# CONFIG_KALLSYMS_ALL is not set" >> /home/captain/W1700KNPU/.build/openwrt/build_dir/target-aarch64_cortex-a53_musl/linux-airoha_an7581/linux-6.18.44/.config.target
echo "CONFIG_KALLSYMS_UNCOMPRESSED=y" >> /home/captain/W1700KNPU/.build/openwrt/build_dir/target-aarch64_cortex-a53_musl/linux-airoha_an7581/linux-6.18.44/.config.target
/home/captain/W1700KNPU/.build/openwrt/scripts/package-metadata.pl kconfig /home/captain/W1700KNPU/.build/openwrt/tmp/.packageinfo /home/captain/W1700KNPU/.build/openwrt/.config 6.18 > /home/captain/W1700KNPU/.build/openwrt/build_dir/target-aarch64_cortex-a53_musl/linux-airoha_an7581/linux-6.18.44/.config.override
/home/captain/W1700KNPU/.build/openwrt/scripts/kconfig.pl 'm+' '+' /home/captain/W1700KNPU/.build/openwrt/build_dir/target-aarch64_cortex-a53_musl/linux-airoha_an7581/linux-6.18.44/.config.target /dev/null /home/captain/W1700KNPU/.build/openwrt/build_dir/target-aarch64_cortex-a53_musl/linux-airoha_an7581/linux-6.18.44/.config.override > /home/captain/W1700KNPU/.build/openwrt/build_dir/target-aarch64_cortex-a53_musl/linux-airoha_an7581/linux-6.18.44/.config.set
mv /home/captain/W1700KNPU/.build/openwrt/build_dir/target-aarch64_cortex-a53_musl/linux-airoha_an7581/linux-6.18.44/.config.set /home/captain/W1700KNPU/.build/openwrt/build_dir/target-aarch64_cortex-a53_musl/linux-airoha_an7581/linux-6.18.44/.config.old
grep -v INITRAMFS /home/captain/W1700KNPU/.build/openwrt/build_dir/target-aarch64_cortex-a53_musl/linux-airoha_an7581/linux-6.18.44/.config.old > /home/captain/W1700KNPU/.build/openwrt/build_dir/target-aarch64_cortex-a53_musl/linux-airoha_an7581/linux-6.18.44/.config.set
echo 'CONFIG_INITRAMFS_SOURCE=""' >> /home/captain/W1700KNPU/.build/openwrt/build_dir/target-aarch64_cortex-a53_musl/linux-airoha_an7581/linux-6.18.44/.config.set
echo '# CONFIG_INITRAMFS_FORCE is not set' >> /home/captain/W1700KNPU/.build/openwrt/build_dir/target-aarch64_cortex-a53_musl/linux-airoha_an7581/linux-6.18.44/.config.set
echo "# CONFIG_INITRAMFS_PRESERVE_MTIME is not set" >> /home/captain/W1700KNPU/.build/openwrt/build_dir/target-aarch64_cortex-a53_musl/linux-airoha_an7581/linux-6.18.44/.config.set
rm -rf /home/captain/W1700KNPU/.build/openwrt/build_dir/target-aarch64_cortex-a53_musl/linux-airoha_an7581/modules
cmp -s /home/captain/W1700KNPU/.build/openwrt/build_dir/target-aarch64_cortex-a53_musl/linux-airoha_an7581/linux-6.18.44/.config.set /home/captain/W1700KNPU/.build/openwrt/build_dir/target-aarch64_cortex-a53_musl/linux-airoha_an7581/linux-6.18.44/.config.prev || { cp /home/captain/W1700KNPU/.build/openwrt/build_dir/target-aarch64_cortex-a53_musl/linux-airoha_an7581/linux-6.18.44/.config.set /home/captain/W1700KNPU/.build/openwrt/build_dir/target-aarch64_cortex-a53_musl/linux-airoha_an7581/linux-6.18.44/.config; cp /home/captain/W1700KNPU/.build/openwrt/build_dir/target-aarch64_cortex-a53_musl/linux-airoha_an7581/linux-6.18.44/.config.set /home/captain/W1700KNPU/.build/openwrt/build_dir/target-aarch64_cortex-a53_musl/linux-airoha_an7581/linux-6.18.44/.config.prev; }
export MAKEFLAGS= ; [ -d /home/captain/W1700KNPU/.build/openwrt/build_dir/target-aarch64_cortex-a53_musl/linux-airoha_an7581/linux-6.18.44/user_headers ] || make -C /home/captain/W1700KNPU/.build/openwrt/build_dir/target-aarch64_cortex-a53_musl/linux-airoha_an7581/linux-6.18.44 KCFLAGS="-fmacro-prefix-map=/home/captain/W1700KNPU/.build/openwrt/build_dir/target-aarch64_cortex-a53_musl=target-aarch64_cortex-a53_musl -fno-caller-saves " KAFLAGS="-fmacro-prefix-map=/home/captain/W1700KNPU/.build/openwrt/build_dir/target-aarch64_cortex-a53_musl=target-aarch64_cortex-a53_musl" HOSTCFLAGS="-O2 -I/home/captain/W1700KNPU/.build/openwrt/staging_dir/host/include -Wall -Wmissing-prototypes -Wstrict-prototypes" CROSS_COMPILE="aarch64-openwrt-linux-musl-" ARCH="arm64" KBUILD_HAVE_NLS=no KBUILD_BUILD_USER="" KBUILD_BUILD_HOST="" KBUILD_BUILD_TIMESTAMP="Fri Sep  4 16:17:19 2026" KBUILD_BUILD_VERSION="0" KBUILD_HOSTLDFLAGS="-L/home/captain/W1700KNPU/.build/openwrt/staging_dir/host/lib" CONFIG_SHELL="bash" V=''  cmd_syscalls=  CC="aarch64-openwrt-linux-musl-gcc" KERNELRELEASE=6.18.44  INSTALL_HDR_PATH=/home/captain/W1700KNPU/.build/openwrt/build_dir/target-aarch64_cortex-a53_musl/linux-airoha_an7581/linux-6.18.44/user_headers headers_install
make[4]: Entering directory '/home/captain/W1700KNPU/.build/openwrt/build_dir/target-aarch64_cortex-a53_musl/linux-airoha_an7581/linux-6.18.44'
  UPD     include/generated/uapi/linux/version.h
  HOSTCC  scripts/basic/fixdep
  HOSTCC  scripts/unifdef
  WRAP    arch/arm64/include/generated/uapi/asm/kvm_para.h
  WRAP    arch/arm64/include/generated/uapi/asm/errno.h
  WRAP    arch/arm64/include/generated/uapi/asm/ioctl.h
  WRAP    arch/arm64/include/generated/uapi/asm/ioctls.h
  WRAP    arch/arm64/include/generated/uapi/asm/ipcbuf.h
  WRAP    arch/arm64/include/generated/uapi/asm/msgbuf.h
  WRAP    arch/arm64/include/generated/uapi/asm/poll.h
  WRAP    arch/arm64/include/generated/uapi/asm/resource.h
  WRAP    arch/arm64/include/generated/uapi/asm/sembuf.h
  WRAP    arch/arm64/include/generated/uapi/asm/shmbuf.h
  WRAP    arch/arm64/include/generated/uapi/asm/siginfo.h
  WRAP    arch/arm64/include/generated/uapi/asm/socket.h
  WRAP    arch/arm64/include/generated/uapi/asm/sockios.h
  WRAP    arch/arm64/include/generated/uapi/asm/stat.h
  WRAP    arch/arm64/include/generated/uapi/asm/swab.h
  WRAP    arch/arm64/include/generated/uapi/asm/termbits.h
  WRAP    arch/arm64/include/generated/uapi/asm/termios.h
  WRAP    arch/arm64/include/generated/uapi/asm/types.h
  SYSHDR  arch/arm64/include/generated/uapi/asm/unistd_64.h
  HDRINST usr/include/asm-generic/signal-defs.h
  HDRINST usr/include/asm-generic/stat.h
  HDRINST usr/include/asm-generic/resource.h
  HDRINST usr/include/asm-generic/errno-base.h
  HDRINST usr/include/asm-generic/int-ll64.h
  HDRINST usr/include/asm-generic/setup.h
  HDRINST usr/include/asm-generic/posix_types.h
  HDRINST usr/include/asm-generic/signal.h
  HDRINST usr/include/asm-generic/mman.h
  HDRINST usr/include/asm-generic/socket.h
  HDRINST usr/include/asm-generic/errno.h
  HDRINST usr/include/asm-generic/sockios.h
  HDRINST usr/include/asm-generic/statfs.h
  HDRINST usr/include/asm-generic/auxvec.h
  HDRINST usr/include/asm-generic/param.h
  HDRINST usr/include/asm-generic/bpf_perf_event.h
  HDRINST usr/include/asm-generic/mman-common.h
  HDRINST usr/include/asm-generic/fcntl.h
  HDRINST usr/include/asm-generic/msgbuf.h
  HDRINST usr/include/asm-generic/termios.h
  HDRINST usr/include/asm-generic/sembuf.h
  HDRINST usr/include/asm-generic/ioctl.h
  HDRINST usr/include/asm-generic/shmbuf.h
  HDRINST usr/include/asm-generic/swab.h
  HDRINST usr/include/asm-generic/hugetlb_encode.h
  HDRINST usr/include/asm-generic/termbits.h
  HDRINST usr/include/asm-generic/termbits-common.h
  HDRINST usr/include/asm-generic/types.h
  HDRINST usr/include/asm-generic/unistd.h
  HDRINST usr/include/asm-generic/ioctls.h
  HDRINST usr/include/asm-generic/kvm_para.h
  HDRINST usr/include/asm-generic/ucontext.h
  HDRINST usr/include/asm-generic/int-l64.h
  HDRINST usr/include/asm-generic/siginfo.h
  HDRINST usr/include/asm-generic/ipcbuf.h
  HDRINST usr/include/asm-generic/bitsperlong.h
  HDRINST usr/include/asm-generic/poll.h
  HDRINST usr/include/cxl/features.h
  HDRINST usr/include/drm/asahi_drm.h
  HDRINST usr/include/drm/lima_drm.h
  HDRINST usr/include/drm/virtgpu_drm.h
  HDRINST usr/include/drm/qxl_drm.h
  HDRINST usr/include/drm/vgem_drm.h
  HDRINST usr/include/drm/ivpu_accel.h
  HDRINST usr/include/drm/msm_drm.h
  HDRINST usr/include/drm/amdxdna_accel.h
  HDRINST usr/include/drm/vc4_drm.h
  HDRINST usr/include/drm/drm_fourcc.h
  HDRINST usr/include/drm/i915_drm.h
  HDRINST usr/include/drm/pvr_drm.h
  HDRINST usr/include/drm/radeon_drm.h
  HDRINST usr/include/drm/omap_drm.h
  HDRINST usr/include/drm/panfrost_drm.h
  HDRINST usr/include/drm/etnaviv_drm.h
  HDRINST usr/include/drm/exynos_drm.h
  HDRINST usr/include/drm/drm.h
  HDRINST usr/include/drm/nouveau_drm.h
  HDRINST usr/include/drm/tegra_drm.h
  HDRINST usr/include/drm/drm_mode.h
  HDRINST usr/include/drm/drm_sarea.h
  HDRINST usr/include/drm/qaic_accel.h
  HDRINST usr/include/drm/armada_drm.h
  HDRINST usr/include/drm/amdgpu_drm.h
  HDRINST usr/include/drm/rocket_accel.h
  HDRINST usr/include/drm/habanalabs_accel.h
  HDRINST usr/include/drm/xe_drm.h
  HDRINST usr/include/drm/v3d_drm.h
  HDRINST usr/include/drm/vmwgfx_drm.h
  HDRINST usr/include/drm/nova_drm.h
  HDRINST usr/include/drm/panthor_drm.h
  HDRINST usr/include/fwctl/fwctl.h
  HDRINST usr/include/fwctl/mlx5.h
  HDRINST usr/include/fwctl/cxl.h
  HDRINST usr/include/fwctl/pds.h
  HDRINST usr/include/linux/wwan.h
  HDRINST usr/include/linux/times.h
  HDRINST usr/include/linux/can/j1939.h
  HDRINST usr/include/linux/can/isotp.h
  HDRINST usr/include/linux/can/raw.h
  HDRINST usr/include/linux/can/vxcan.h
  HDRINST usr/include/linux/can/netlink.h
  HDRINST usr/include/linux/can/error.h
  HDRINST usr/include/linux/can/bcm.h
  HDRINST usr/include/linux/can/gw.h
  HDRINST usr/include/linux/stat.h
  HDRINST usr/include/linux/ioam6.h
  HDRINST usr/include/linux/uio.h
  HDRINST usr/include/linux/if_packet.h
  HDRINST usr/include/linux/usb/midi.h
  HDRINST usr/include/linux/usb/g_printer.h
  HDRINST usr/include/linux/usb/functionfs.h
  HDRINST usr/include/linux/usb/cdc.h
  HDRINST usr/include/linux/usb/gadgetfs.h
  HDRINST usr/include/linux/usb/cdc-wdm.h
  HDRINST usr/include/linux/usb/charger.h
  HDRINST usr/include/linux/usb/audio.h
  HDRINST usr/include/linux/usb/ch9.h
  HDRINST usr/include/linux/usb/g_uvc.h
  HDRINST usr/include/linux/usb/g_hid.h
  HDRINST usr/include/linux/usb/video.h
  HDRINST usr/include/linux/usb/raw_gadget.h
  HDRINST usr/include/linux/usb/tmc.h
  HDRINST usr/include/linux/usb/ch11.h
  HDRINST usr/include/linux/kexec.h
  HDRINST usr/include/linux/resource.h
  HDRINST usr/include/linux/ipmi_msgdefs.h
  HDRINST usr/include/linux/vt.h
  HDRINST usr/include/linux/blkzoned.h
  HDRINST usr/include/linux/input-event-codes.h
  HDRINST usr/include/linux/tiocl.h
  HDRINST usr/include/linux/input.h
  HDRINST usr/include/linux/btrfs.h
  HDRINST usr/include/linux/vmclock-abi.h
  HDRINST usr/include/linux/icmpv6.h
  HDRINST usr/include/linux/kd.h
  HDRINST usr/include/linux/blkpg.h
  HDRINST usr/include/linux/xfrm.h
  HDRINST usr/include/linux/atm_idt77105.h
  HDRINST usr/include/linux/media.h
  HDRINST usr/include/linux/vtpm_proxy.h
  HDRINST usr/include/linux/posix_acl.h
  HDRINST usr/include/linux/atm_nicstar.h
  HDRINST usr/include/linux/if_arcnet.h
  HDRINST usr/include/linux/fsl_hypervisor.h
  HDRINST usr/include/linux/ppdev.h
  HDRINST usr/include/linux/kcov.h
  HDRINST usr/include/linux/remoteproc_cdev.h
  HDRINST usr/include/linux/close_range.h
  HDRINST usr/include/linux/rtc.h
  HDRINST usr/include/linux/netfilter_ipv6.h
  HDRINST usr/include/linux/scc.h
  HDRINST usr/include/linux/lsm.h
  HDRINST usr/include/linux/coda.h
  HDRINST usr/include/linux/rkisp1-config.h
  HDRINST usr/include/linux/mctp.h
  HDRINST usr/include/linux/fpga-dfl.h
  HDRINST usr/include/linux/firewire-constants.h
  HDRINST usr/include/linux/cgroupstats.h
  HDRINST usr/include/linux/switchtec_ioctl.h
  HDRINST usr/include/linux/dlm_device.h
  HDRINST usr/include/linux/blkdev.h
  HDRINST usr/include/linux/netdevice.h
  HDRINST usr/include/linux/capi.h
  HDRINST usr/include/linux/nfs_idmap.h
  HDRINST usr/include/linux/media-bus-format.h
  HDRINST usr/include/linux/limits.h
  HDRINST usr/include/linux/qrtr.h
  HDRINST usr/include/linux/efs_fs_sb.h
  HDRINST usr/include/linux/am437x-vpfe.h
  HDRINST usr/include/linux/io_uring/query.h
  HDRINST usr/include/linux/io_uring/mock_file.h
  HDRINST usr/include/linux/tdx-guest.h
  HDRINST usr/include/linux/netfilter/nfnetlink_log.h
  HDRINST usr/include/linux/netfilter/xt_connbytes.h
  HDRINST usr/include/linux/netfilter/xt_rpfilter.h
  HDRINST usr/include/linux/netfilter/xt_string.h
  HDRINST usr/include/linux/netfilter/xt_socket.h
  HDRINST usr/include/linux/netfilter/xt_tcpmss.h
  HDRINST usr/include/linux/netfilter/xt_recent.h
  HDRINST usr/include/linux/netfilter/xt_bpf.h
  HDRINST usr/include/linux/netfilter/nfnetlink.h
  HDRINST usr/include/linux/netfilter/nfnetlink_acct.h
  HDRINST usr/include/linux/netfilter/nf_tables_compat.h
  HDRINST usr/include/linux/netfilter/xt_cluster.h
  HDRINST usr/include/linux/netfilter/xt_policy.h
  HDRINST usr/include/linux/netfilter/xt_nfacct.h
  HDRINST usr/include/linux/netfilter/xt_state.h
  HDRINST usr/include/linux/netfilter/xt_length.h
  HDRINST usr/include/linux/netfilter/xt_mark.h
  HDRINST usr/include/linux/netfilter/nf_conntrack_tcp.h
  HDRINST usr/include/linux/netfilter/nf_conntrack_sctp.h
  HDRINST usr/include/linux/netfilter/nf_nat.h
  HDRINST usr/include/linux/netfilter/nfnetlink_hook.h
  HDRINST usr/include/linux/netfilter/xt_statistic.h
  HDRINST usr/include/linux/netfilter/xt_pkttype.h
  HDRINST usr/include/linux/netfilter/nfnetlink_cttimeout.h
  HDRINST usr/include/linux/netfilter/xt_addrtype.h
  HDRINST usr/include/linux/netfilter/xt_RATEEST.h
  HDRINST usr/include/linux/netfilter/xt_DSCP.h
  HDRINST usr/include/linux/netfilter/xt_NFLOG.h
  HDRINST usr/include/linux/netfilter/xt_TCPMSS.h
  HDRINST usr/include/linux/netfilter/nfnetlink_osf.h
  HDRINST usr/include/linux/netfilter/xt_limit.h
  HDRINST usr/include/linux/netfilter/nf_tables.h
  HDRINST usr/include/linux/netfilter/xt_TEE.h
  HDRINST usr/include/linux/netfilter/xt_ecn.h
  HDRINST usr/include/linux/netfilter/xt_connmark.h
  HDRINST usr/include/linux/netfilter/xt_cgroup.h
  HDRINST usr/include/linux/netfilter/xt_owner.h
  HDRINST usr/include/linux/netfilter/xt_rateest.h
  HDRINST usr/include/linux/netfilter/xt_mac.h
  HDRINST usr/include/linux/netfilter/nfnetlink_cthelper.h
  HDRINST usr/include/linux/netfilter/xt_LED.h
  HDRINST usr/include/linux/netfilter/xt_CONNMARK.h
  HDRINST usr/include/linux/netfilter/xt_tcpudp.h
  HDRINST usr/include/linux/netfilter/xt_HMARK.h
  HDRINST usr/include/linux/netfilter/xt_helper.h
  HDRINST usr/include/linux/netfilter/xt_dccp.h
  HDRINST usr/include/linux/netfilter/nf_conntrack_ftp.h
  HDRINST usr/include/linux/netfilter/xt_multiport.h
  HDRINST usr/include/linux/netfilter/xt_TPROXY.h
  HDRINST usr/include/linux/netfilter/xt_quota.h
  HDRINST usr/include/linux/netfilter/xt_LOG.h
  HDRINST usr/include/linux/netfilter/xt_CT.h
  HDRINST usr/include/linux/netfilter/ipset/ip_set_hash.h
  HDRINST usr/include/linux/netfilter/ipset/ip_set.h
  HDRINST usr/include/linux/netfilter/ipset/ip_set_list.h
  HDRINST usr/include/linux/netfilter/ipset/ip_set_bitmap.h
  HDRINST usr/include/linux/netfilter/xt_cpu.h
  HDRINST usr/include/linux/netfilter/xt_time.h
  HDRINST usr/include/linux/netfilter/xt_SYNPROXY.h
  HDRINST usr/include/linux/netfilter/nf_log.h
  HDRINST usr/include/linux/netfilter/xt_comment.h
  HDRINST usr/include/linux/netfilter/xt_TCPOPTSTRIP.h
  HDRINST usr/include/linux/netfilter/xt_realm.h
  HDRINST usr/include/linux/netfilter/xt_connlimit.h
  HDRINST usr/include/linux/netfilter/nfnetlink_queue.h
  HDRINST usr/include/linux/netfilter/xt_osf.h
  HDRINST usr/include/linux/netfilter/xt_AUDIT.h
  HDRINST usr/include/linux/netfilter/xt_hashlimit.h
  HDRINST usr/include/linux/netfilter/xt_devgroup.h
  HDRINST usr/include/linux/netfilter/nfnetlink_conntrack.h
  HDRINST usr/include/linux/netfilter/xt_esp.h
  HDRINST usr/include/linux/netfilter/xt_dscp.h
  HDRINST usr/include/linux/netfilter/xt_IDLETIMER.h
  HDRINST usr/include/linux/netfilter/xt_u32.h
  HDRINST usr/include/linux/netfilter/nfnetlink_compat.h
  HDRINST usr/include/linux/netfilter/xt_CHECKSUM.h
  HDRINST usr/include/linux/netfilter/xt_FLOWOFFLOAD.h
  HDRINST usr/include/linux/netfilter/xt_connlabel.h
  HDRINST usr/include/linux/netfilter/x_tables.h
  HDRINST usr/include/linux/netfilter/xt_MARK.h
  HDRINST usr/include/linux/netfilter/nf_conntrack_common.h
  HDRINST usr/include/linux/netfilter/xt_set.h
  HDRINST usr/include/linux/netfilter/nf_conntrack_tuple_common.h
  HDRINST usr/include/linux/netfilter/nf_synproxy.h
  HDRINST usr/include/linux/netfilter/xt_iprange.h
  HDRINST usr/include/linux/netfilter/xt_l2tp.h
  HDRINST usr/include/linux/netfilter/xt_CONNSECMARK.h
  HDRINST usr/include/linux/netfilter/xt_SECMARK.h
  HDRINST usr/include/linux/netfilter/xt_sctp.h
  HDRINST usr/include/linux/netfilter/xt_conntrack.h
  HDRINST usr/include/linux/netfilter/xt_physdev.h
  HDRINST usr/include/linux/netfilter/xt_CLASSIFY.h
  HDRINST usr/include/linux/netfilter/xt_NFQUEUE.h
  HDRINST usr/include/linux/netfilter/xt_ipcomp.h
  HDRINST usr/include/linux/netfilter/xt_ipvs.h
  HDRINST usr/include/linux/vduse.h
  HDRINST usr/include/linux/netfilter_arp/arp_tables.h
  HDRINST usr/include/linux/netfilter_arp/arpt_mangle.h
  HDRINST usr/include/linux/media/raspberrypi/pisp_be_config.h
  HDRINST usr/include/linux/media/raspberrypi/pisp_common.h
  HDRINST usr/include/linux/media/raspberrypi/pisp_fe_statistics.h
  HDRINST usr/include/linux/media/raspberrypi/pisp_fe_config.h
  HDRINST usr/include/linux/media/amlogic/c3-isp-config.h
  HDRINST usr/include/linux/atm_he.h
  HDRINST usr/include/linux/snmp.h
  HDRINST usr/include/linux/prctl.h
  HDRINST usr/include/linux/keyboard.h
  HDRINST usr/include/linux/psci.h
  HDRINST usr/include/linux/ip_vs.h
  HDRINST usr/include/linux/i2c.h
  HDRINST usr/include/linux/um_timetravel.h
  HDRINST usr/include/linux/udmabuf.h
  HDRINST usr/include/linux/virtio_bt.h
  HDRINST usr/include/linux/lirc.h
  HDRINST usr/include/linux/un.h
  HDRINST usr/include/linux/loop.h
  HDRINST usr/include/linux/vfio_ccw.h
  HDRINST usr/include/linux/sunrpc/debug.h
  HDRINST usr/include/linux/ivtvfb.h
  HDRINST usr/include/linux/udp.h
  HDRINST usr/include/linux/kfd_sysfs.h
  HDRINST usr/include/linux/kernel.h
  HDRINST usr/include/linux/cec.h
  HDRINST usr/include/linux/target_core_user.h
  HDRINST usr/include/linux/surface_aggregator/dtx.h
  HDRINST usr/include/linux/surface_aggregator/cdev.h
  HDRINST usr/include/linux/pci.h
  HDRINST usr/include/linux/papr_pdsm.h
  HDRINST usr/include/linux/posix_types.h
  HDRINST usr/include/linux/ultrasound.h
  HDRINST usr/include/linux/ivtv.h
  HDRINST usr/include/linux/signal.h
  HDRINST usr/include/linux/seccomp.h
  HDRINST usr/include/linux/eventpoll.h
  HDRINST usr/include/linux/coredump.h
  HDRINST usr/include/linux/soundcard.h
  HDRINST usr/include/linux/mman.h
  HDRINST usr/include/linux/seg6_local.h
  HDRINST usr/include/linux/map_to_7segment.h
  HDRINST usr/include/linux/if_eql.h
  HDRINST usr/include/linux/ife.h
  HDRINST usr/include/linux/virtio_gpio.h
  HDRINST usr/include/linux/atmlec.h
  HDRINST usr/include/linux/hsr_netlink.h
  HDRINST usr/include/linux/cifs/cifs_netlink.h
  HDRINST usr/include/linux/cifs/cifs_mount.h
  HDRINST usr/include/linux/netfilter_arp.h
  HDRINST usr/include/linux/minix_fs.h
  HDRINST usr/include/linux/bsg.h
  HDRINST usr/include/linux/mrp_bridge.h
  HDRINST usr/include/linux/atmdev.h
  HDRINST usr/include/linux/openat2.h
  HDRINST usr/include/linux/tls.h
  HDRINST usr/include/linux/openvswitch.h
  HDRINST usr/include/linux/cn_proc.h
  HDRINST usr/include/linux/cryptouser.h
  HDRINST usr/include/linux/ovpn.h
  HDRINST usr/include/linux/mmtimer.h
  HDRINST usr/include/linux/phantom.h
  HDRINST usr/include/linux/tcp.h
  HDRINST usr/include/linux/netfilter.h
  HDRINST usr/include/linux/virtio_blk.h
  HDRINST usr/include/linux/aspeed-p2a-ctrl.h
  HDRINST usr/include/linux/hdlcdrv.h
  HDRINST usr/include/linux/if_pppox.h
  HDRINST usr/include/linux/fsverity.h
  HDRINST usr/include/linux/hw_breakpoint.h
  HDRINST usr/include/linux/dlm.h
  HDRINST usr/include/linux/if_bonding.h
  HDRINST usr/include/linux/socket.h
  HDRINST usr/include/linux/nfsd_netlink.h
  HDRINST usr/include/linux/random.h
  HDRINST usr/include/linux/ublk_cmd.h
  HDRINST usr/include/linux/rpl_iptunnel.h
  HDRINST usr/include/linux/elf-fdpic.h
  HDRINST usr/include/linux/genetlink.h
  HDRINST usr/include/linux/tcp_metrics.h
  HDRINST usr/include/linux/ncsi.h
  HDRINST usr/include/linux/isdn/capicmd.h
  HDRINST usr/include/linux/pg.h
  HDRINST usr/include/linux/i2c-dev.h
  HDRINST usr/include/linux/chio.h
  HDRINST usr/include/linux/errno.h
  HDRINST usr/include/linux/nvme_ioctl.h
  HDRINST usr/include/linux/sockios.h
  HDRINST usr/include/linux/i2o-dev.h
  HDRINST usr/include/linux/if_team.h
  HDRINST usr/include/linux/nl80211.h
  HDRINST usr/include/linux/watch_queue.h
  HDRINST usr/include/linux/ipmi_bmc.h
  HDRINST usr/include/linux/auxvec.h
  HDRINST usr/include/linux/mempolicy.h
  HDRINST usr/include/linux/kfd_ioctl.h
  HDRINST usr/include/linux/btrfs_tree.h
  HDRINST usr/include/linux/mptcp_pm.h
  HDRINST usr/include/linux/coresight-stm.h
  HDRINST usr/include/linux/atmbr2684.h
  HDRINST usr/include/linux/if_addrlabel.h
  HDRINST usr/include/linux/sched.h
  HDRINST usr/include/linux/v4l2-common.h
  HDRINST usr/include/linux/patchkey.h
  HDRINST usr/include/linux/qnx4_fs.h
  HDRINST usr/include/linux/cdrom.h
  HDRINST usr/include/linux/keyctl.h
  HDRINST usr/include/linux/netconf.h
  HDRINST usr/include/linux/rtnetlink.h
  HDRINST usr/include/linux/sysinfo.h
  HDRINST usr/include/linux/elf.h
  HDRINST usr/include/linux/hash_info.h
  HDRINST usr/include/linux/pktcdvd.h
  HDRINST usr/include/linux/byteorder/big_endian.h
  HDRINST usr/include/linux/byteorder/little_endian.h
  HDRINST usr/include/linux/x25.h
  HDRINST usr/include/linux/virtio_crypto.h
  HDRINST usr/include/linux/packet_diag.h
  HDRINST usr/include/linux/sonet.h
  HDRINST usr/include/linux/nilfs2_ondisk.h
  HDRINST usr/include/linux/psample.h
  HDRINST usr/include/linux/fib_rules.h
  HDRINST usr/include/linux/bpf_common.h
  HDRINST usr/include/linux/ipv6.h
  HDRINST usr/include/linux/if_bridge.h
  HDRINST usr/include/linux/adfs_fs.h
  HDRINST usr/include/linux/qnxtypes.h
  HDRINST usr/include/linux/param.h
  HDRINST usr/include/linux/route.h
  HDRINST usr/include/linux/bfs_fs.h
  HDRINST usr/include/linux/utsname.h
  HDRINST usr/include/linux/selinux_netlink.h
  HDRINST usr/include/linux/ptrace.h
  HDRINST usr/include/linux/bt-bmc.h
  HDRINST usr/include/linux/max2175.h
  HDRINST usr/include/linux/if_addr.h
  HDRINST usr/include/linux/pfrut.h
  HDRINST usr/include/linux/time_types.h
  HDRINST usr/include/linux/ipmi.h
  HDRINST usr/include/linux/pcitest.h
  HDRINST usr/include/linux/if_infiniband.h
  HDRINST usr/include/linux/pps_gen.h
  HDRINST usr/include/linux/genwqe/genwqe_card.h
  HDRINST usr/include/linux/pkt_cls.h
  HDRINST usr/include/linux/virtio_config.h
  HDRINST usr/include/linux/mpls_iptunnel.h
  HDRINST usr/include/linux/bpqether.h
  HDRINST usr/include/linux/virtio_console.h
  HDRINST usr/include/linux/mroute6.h
  HDRINST usr/include/linux/if_fc.h
  HDRINST usr/include/linux/nfs_mount.h
  HDRINST usr/include/linux/i8k.h
  HDRINST usr/include/linux/in.h
  HDRINST usr/include/linux/videodev2.h
  HDRINST usr/include/linux/acrn.h
  HDRINST usr/include/linux/gfs2_ondisk.h
  HDRINST usr/include/linux/bpf_perf_event.h
  HDRINST usr/include/linux/nfs3.h
  HDRINST usr/include/linux/ppp-comp.h
  HDRINST usr/include/linux/kcm.h
  HDRINST usr/include/linux/cxl_mem.h
  HDRINST usr/include/linux/io_uring.h
  HDRINST usr/include/linux/userfaultfd.h
  HDRINST usr/include/linux/serial_core.h
  HDRINST usr/include/linux/ethtool_netlink.h
  HDRINST usr/include/linux/nfsacl.h
  HDRINST usr/include/linux/icmp.h
  HDRINST usr/include/linux/can.h
  HDRINST usr/include/linux/ipmi_ssif_bmc.h
  HDRINST usr/include/linux/dvb/version.h
  HDRINST usr/include/linux/dvb/dmx.h
  HDRINST usr/include/linux/dvb/ca.h
  HDRINST usr/include/linux/dvb/audio.h
  HDRINST usr/include/linux/dvb/video.h
  HDRINST usr/include/linux/dvb/net.h
  HDRINST usr/include/linux/dvb/osd.h
  HDRINST usr/include/linux/dvb/frontend.h
  HDRINST usr/include/linux/adb.h
  HDRINST usr/include/linux/virtio_vsock.h
  HDRINST usr/include/linux/cciss_defs.h
  HDRINST usr/include/linux/cycx_cfm.h
  HDRINST usr/include/linux/pr.h
  HDRINST usr/include/linux/acct.h
  HDRINST usr/include/linux/vfio.h
  HDRINST usr/include/linux/agpgart.h
  HDRINST usr/include/linux/fcntl.h
  HDRINST usr/include/linux/raid/md_u.h
  HDRINST usr/include/linux/raid/md_p.h
  HDRINST usr/include/linux/virtio_rng.h
  HDRINST usr/include/linux/ipv6_route.h
  HDRINST usr/include/linux/blk-crypto.h
  HDRINST usr/include/linux/thp7312.h
  HDRINST usr/include/linux/atmapi.h
  HDRINST usr/include/linux/dma-heap.h
  HDRINST usr/include/linux/rxrpc.h
  HDRINST usr/include/linux/if_pppol2tp.h
  HDRINST usr/include/linux/v4l2-dv-timings.h
  HDRINST usr/include/linux/coff.h
  HDRINST usr/include/linux/posix_acl_xattr.h
  HDRINST usr/include/linux/romfs_fs.h
  HDRINST usr/include/linux/if_phonet.h
  HDRINST usr/include/linux/membarrier.h
  HDRINST usr/include/linux/thermal.h
  HDRINST usr/include/linux/if_tunnel.h
  HDRINST usr/include/linux/nbd-netlink.h
  HDRINST usr/include/linux/securebits.h
  HDRINST usr/include/linux/dcbnl.h
  HDRINST usr/include/linux/netfilter_ipv4.h
  HDRINST usr/include/linux/rseq.h
  HDRINST usr/include/linux/fd.h
  HDRINST usr/include/linux/vmcore.h
  HDRINST usr/include/linux/netrom.h
  HDRINST usr/include/linux/if_ether.h
  HDRINST usr/include/linux/inet_diag.h
  HDRINST usr/include/linux/aspeed-video.h
  HDRINST usr/include/linux/auto_fs.h
  HDRINST usr/include/linux/omapfb.h
  HDRINST usr/include/linux/fscrypt.h
  HDRINST usr/include/linux/unix_diag.h
  HDRINST usr/include/linux/sem.h
  HDRINST usr/include/linux/dm-ioctl.h
  HDRINST usr/include/linux/qemu_fw_cfg.h
  HDRINST usr/include/linux/netfilter_bridge.h
  HDRINST usr/include/linux/inotify.h
  HDRINST usr/include/linux/vm_sockets.h
  HDRINST usr/include/linux/screen_info.h
  HDRINST usr/include/linux/nexthop.h
  HDRINST usr/include/linux/ndctl.h
  HDRINST usr/include/linux/if_arp.h
  HDRINST usr/include/linux/landlock.h
  HDRINST usr/include/linux/tps6594_pfsm.h
  HDRINST usr/include/linux/personality.h
  HDRINST usr/include/linux/fdreg.h
  HDRINST usr/include/linux/ipc.h
  HDRINST usr/include/linux/gsmmux.h
  HDRINST usr/include/linux/pps.h
  HDRINST usr/include/linux/vhost.h
  HDRINST usr/include/linux/smiapp.h
  HDRINST usr/include/linux/msg.h
  HDRINST usr/include/linux/virtio_9p.h
  HDRINST usr/include/linux/firewire-cdev.h
  HDRINST usr/include/linux/if_alg.h
  HDRINST usr/include/linux/virtio_rtc.h
  HDRINST usr/include/linux/android/binder.h
  HDRINST usr/include/linux/android/binder_netlink.h
  HDRINST usr/include/linux/android/binderfs.h
  HDRINST usr/include/linux/udf_fs_i.h
  HDRINST usr/include/linux/rpmsg_types.h
  HDRINST usr/include/linux/gpio.h
  HDRINST usr/include/linux/xdp_diag.h
  HDRINST usr/include/linux/virtio_gpu.h
  HDRINST usr/include/linux/virtio_iommu.h
  HDRINST usr/include/linux/pci_regs.h
  HDRINST usr/include/linux/sctp.h
  HDRINST usr/include/linux/atmsvc.h
  HDRINST usr/include/linux/ipsec.h
  HDRINST usr/include/linux/auto_dev-ioctl.h
  HDRINST usr/include/linux/spi/spi.h
  HDRINST usr/include/linux/spi/spidev.h
  HDRINST usr/include/linux/ext4.h
  HDRINST usr/include/linux/if_plip.h
  HDRINST usr/include/linux/if_x25.h
  HDRINST usr/include/linux/fanotify.h
  HDRINST usr/include/linux/matroxfb.h
  HDRINST usr/include/linux/omap3isp.h
  HDRINST usr/include/linux/dlm_plock.h
  HDRINST usr/include/linux/virtio_fs.h
  HDRINST usr/include/linux/termios.h
  HDRINST usr/include/linux/fb.h
  HDRINST usr/include/linux/magic.h
  HDRINST usr/include/linux/kernel-page-flags.h
  HDRINST usr/include/linux/usbip.h
  HDRINST usr/include/linux/if_hippi.h
  HDRINST usr/include/linux/virtio_pci.h
  HDRINST usr/include/linux/ppp_defs.h
  HDRINST usr/include/linux/nubus.h
  HDRINST usr/include/linux/ioctl.h
  HDRINST usr/include/linux/sched/types.h
  HDRINST usr/include/linux/dccp.h
  HDRINST usr/include/linux/lp.h
  HDRINST usr/include/linux/connector.h
  HDRINST usr/include/linux/atm_tcp.h
  HDRINST usr/include/linux/swab.h
  HDRINST usr/include/linux/if_vlan.h
  HDRINST usr/include/linux/fadvise.h
  HDRINST usr/include/linux/vboxguest.h
  HDRINST usr/include/linux/virtio_ring.h
  HDRINST usr/include/linux/stddef.h
  HDRINST usr/include/linux/tee.h
  HDRINST usr/include/linux/oom.h
  HDRINST usr/include/linux/psp.h
  HDRINST usr/include/linux/memfd.h
  HDRINST usr/include/linux/exfat.h
  HDRINST usr/include/linux/psp-sev.h
  HDRINST usr/include/linux/if_ltalk.h
  HDRINST usr/include/linux/if_fddi.h
  HDRINST usr/include/linux/tipc_config.h
  HDRINST usr/include/linux/virtio_pmem.h
  HDRINST usr/include/linux/fsi.h
  HDRINST usr/include/linux/smc_diag.h
  HDRINST usr/include/linux/jffs2.h
  HDRINST usr/include/linux/vfio_zdev.h
  HDRINST usr/include/linux/dw100.h
  HDRINST usr/include/linux/vdpa.h
  HDRINST usr/include/linux/pwm.h
  HDRINST usr/include/linux/dqblk_xfs.h
  HDRINST usr/include/linux/nfs4_mount.h
  HDRINST usr/include/linux/joystick.h
  HDRINST usr/include/linux/nitro_enclaves.h
  HDRINST usr/include/linux/parport.h
  HDRINST usr/include/linux/cuda.h
  HDRINST usr/include/linux/vbox_vmmdev_types.h
  HDRINST usr/include/linux/cachefiles.h
  HDRINST usr/include/linux/timerfd.h
  HDRINST usr/include/linux/wireless.h
  HDRINST usr/include/linux/atm_zatm.h
  HDRINST usr/include/linux/llc.h
  HDRINST usr/include/linux/iio/events.h
  HDRINST usr/include/linux/iio/buffer.h
  HDRINST usr/include/linux/iio/types.h
  HDRINST usr/include/linux/ioprio.h
  HDRINST usr/include/linux/loadpin.h
  HDRINST usr/include/linux/mei.h
  HDRINST usr/include/linux/btf.h
  HDRINST usr/include/linux/tty.h
  HDRINST usr/include/linux/iommufd.h
  HDRINST usr/include/linux/audit.h
  HDRINST usr/include/linux/v4l2-controls.h
  HDRINST usr/include/linux/mqueue.h
  HDRINST usr/include/linux/hdreg.h
  HDRINST usr/include/linux/net_dropmon.h
  HDRINST usr/include/linux/hidraw.h
  HDRINST usr/include/linux/virtio_snd.h
  HDRINST usr/include/linux/nfs.h
  HDRINST usr/include/linux/cec-funcs.h
  HDRINST usr/include/linux/xilinx-v4l2-controls.h
  HDRINST usr/include/linux/nfs4.h
  HDRINST usr/include/linux/mei_uuid.h
  HDRINST usr/include/linux/virtio_spi.h
  HDRINST usr/include/linux/apm_bios.h
  HDRINST usr/include/linux/seg6.h
  HDRINST usr/include/linux/kvm.h
  HDRINST usr/include/linux/gen_stats.h
  HDRINST usr/include/linux/sev-guest.h
  HDRINST usr/include/linux/mdio.h
  HDRINST usr/include/linux/kdev_t.h
  HDRINST usr/include/linux/if_ppp.h
  HDRINST usr/include/linux/ptp_clock.h
  HDRINST usr/include/linux/nilfs2_api.h
  HDRINST usr/include/linux/quota.h
  HDRINST usr/include/linux/igmp.h
  HDRINST usr/include/linux/zorro.h
  HDRINST usr/include/linux/if_tun.h
  HDRINST usr/include/linux/sed-opal.h
  HDRINST usr/include/linux/radeonfb.h
  HDRINST usr/include/linux/tipc_sockets_diag.h
  HDRINST usr/include/linux/sync_file.h
  HDRINST usr/include/linux/if_slip.h
  HDRINST usr/include/linux/bits.h
  HDRINST usr/include/linux/sysctl.h
  HDRINST usr/include/linux/wireguard.h
  HDRINST usr/include/linux/dm-log-userspace.h
  HDRINST usr/include/linux/sound.h
  HDRINST usr/include/linux/fitblk.h
  HDRINST usr/include/linux/cfm_bridge.h
  HDRINST usr/include/linux/types.h
  HDRINST usr/include/linux/smc.h
  HDRINST usr/include/linux/signalfd.h
  HDRINST usr/include/linux/nfs_fs.h
  HDRINST usr/include/linux/netfilter_ipv4/ipt_LOG.h
  HDRINST usr/include/linux/netfilter_ipv4/ipt_ttl.h
  HDRINST usr/include/linux/netfilter_ipv4/ipt_ah.h
  HDRINST usr/include/linux/netfilter_ipv4/ipt_REJECT.h
  HDRINST usr/include/linux/netfilter_ipv4/ipt_ecn.h
  HDRINST usr/include/linux/netfilter_ipv4/ip_tables.h
  HDRINST usr/include/linux/netfilter_ipv4/ipt_CLUSTERIP.h
  HDRINST usr/include/linux/netfilter_ipv4/ipt_ECN.h
  HDRINST usr/include/linux/netfilter_ipv4/ipt_TTL.h
  HDRINST usr/include/linux/auto_fs4.h
  HDRINST usr/include/linux/fou.h
  HDRINST usr/include/linux/v4l2-subdev.h
  HDRINST usr/include/linux/caif/caif_socket.h
  HDRINST usr/include/linux/caif/if_caif.h
  HDRINST usr/include/linux/string.h
  HDRINST usr/include/linux/dma-buf.h
  HDRINST usr/include/linux/uuid.h
  HDRINST usr/include/linux/atmsap.h
  HDRINST usr/include/linux/pkt_sched.h
  HDRINST usr/include/linux/toshiba.h
  HDRINST usr/include/linux/v4l2-mediabus.h
  HDRINST usr/include/linux/in6.h
  HDRINST usr/include/linux/dlmconstants.h
  HDRINST usr/include/linux/hdlc.h
  HDRINST usr/include/linux/vhost_types.h
  HDRINST usr/include/linux/pmu.h
  HDRINST usr/include/linux/vesa.h
  HDRINST usr/include/linux/unistd.h
  HDRINST usr/include/linux/fs.h
  HDRINST usr/include/linux/aio_abi.h
  HDRINST usr/include/linux/virtio_types.h
  HDRINST usr/include/linux/kernelcapi.h
  HDRINST usr/include/linux/sonypi.h
  HDRINST usr/include/linux/rfkill.h
  HDRINST usr/include/linux/msdos_fs.h
  HDRINST usr/include/linux/xattr.h
  HDRINST usr/include/linux/rds.h
  HDRINST usr/include/linux/arm_sdei.h
  HDRINST usr/include/linux/ccs.h
  HDRINST usr/include/linux/taskstats.h
  HDRINST usr/include/linux/ax25.h
  HDRINST usr/include/linux/ethtool_netlink_generated.h
  HDRINST usr/include/linux/netlink_diag.h
  HDRINST usr/include/linux/nsm.h
  HDRINST usr/include/linux/lockd_netlink.h
  HDRINST usr/include/linux/phonet.h
  HDRINST usr/include/linux/virtio_scsi.h
  HDRINST usr/include/linux/scif_ioctl.h
  HDRINST usr/include/linux/netlink.h
  HDRINST usr/include/linux/rpmsg.h
  HDRINST usr/include/linux/serio.h
  HDRINST usr/include/linux/atmioc.h
  HDRINST usr/include/linux/dns_resolver.h
  HDRINST usr/include/linux/misc/bcm_vk.h
  HDRINST usr/include/linux/uleds.h
  HDRINST usr/include/linux/ila.h
  HDRINST usr/include/linux/fsl_mc.h
  HDRINST usr/include/linux/uinput.h
  HDRINST usr/include/linux/filter.h
  HDRINST usr/include/linux/netfilter_bridge/ebt_ip.h
  HDRINST usr/include/linux/netfilter_bridge/ebt_ip6.h
  HDRINST usr/include/linux/netfilter_bridge/ebt_redirect.h
  HDRINST usr/include/linux/netfilter_bridge/ebt_nflog.h
  HDRINST usr/include/linux/netfilter_bridge/ebt_arpreply.h
  HDRINST usr/include/linux/netfilter_bridge/ebt_log.h
  HDRINST usr/include/linux/netfilter_bridge/ebt_nat.h
  HDRINST usr/include/linux/netfilter_bridge/ebt_stp.h
  HDRINST usr/include/linux/netfilter_bridge/ebt_pkttype.h
  HDRINST usr/include/linux/netfilter_bridge/ebt_limit.h
  HDRINST usr/include/linux/netfilter_bridge/ebt_arp.h
  HDRINST usr/include/linux/netfilter_bridge/ebt_mark_m.h
  HDRINST usr/include/linux/netfilter_bridge/ebt_vlan.h
  HDRINST usr/include/linux/netfilter_bridge/ebt_802_3.h
  HDRINST usr/include/linux/netfilter_bridge/ebt_among.h
  HDRINST usr/include/linux/netfilter_bridge/ebt_mark_t.h
  HDRINST usr/include/linux/netfilter_bridge/ebtables.h
  HDRINST usr/include/linux/atmmpc.h
  HDRINST usr/include/linux/edd.h
  HDRINST usr/include/linux/nsfs.h
  HDRINST usr/include/linux/ioam6_genl.h
  HDRINST usr/include/linux/atmarp.h
  HDRINST usr/include/linux/serial_reg.h
  HDRINST usr/include/linux/fuse.h
  HDRINST usr/include/linux/binfmts.h
  HDRINST usr/include/linux/const.h
  HDRINST usr/include/linux/hid.h
  HDRINST usr/include/linux/mroute.h
  HDRINST usr/include/linux/in_route.h
  HDRINST usr/include/linux/virtio_ids.h
  HDRINST usr/include/linux/arcfb.h
  HDRINST usr/include/linux/net_shaper.h
  HDRINST usr/include/linux/wmi.h
  HDRINST usr/include/linux/sock_diag.h
  HDRINST usr/include/linux/if_link.h
  HDRINST usr/include/linux/zorro_ids.h
  HDRINST usr/include/linux/vm_sockets_diag.h
  HDRINST usr/include/linux/kvm_para.h
  HDRINST usr/include/linux/serial.h
  HDRINST usr/include/linux/ntsync.h
  HDRINST usr/include/linux/time.h
  HDRINST usr/include/linux/virtio_i2c.h
  HDRINST usr/include/linux/netfilter_ipv6/ip6t_mh.h
  HDRINST usr/include/linux/netfilter_ipv6/ip6t_rt.h
  HDRINST usr/include/linux/netfilter_ipv6/ip6t_NPT.h
  HDRINST usr/include/linux/netfilter_ipv6/ip6t_opts.h
  HDRINST usr/include/linux/netfilter_ipv6/ip6t_REJECT.h
  HDRINST usr/include/linux/netfilter_ipv6/ip6t_HL.h
  HDRINST usr/include/linux/netfilter_ipv6/ip6_tables.h
  HDRINST usr/include/linux/netfilter_ipv6/ip6t_LOG.h
  HDRINST usr/include/linux/netfilter_ipv6/ip6t_ah.h
  HDRINST usr/include/linux/netfilter_ipv6/ip6t_frag.h
  HDRINST usr/include/linux/netfilter_ipv6/ip6t_hl.h
  HDRINST usr/include/linux/netfilter_ipv6/ip6t_ipv6header.h
  HDRINST usr/include/linux/netfilter_ipv6/ip6t_srh.h
  HDRINST usr/include/linux/perf_event.h
  HDRINST usr/include/linux/handshake.h
  HDRINST usr/include/linux/isst_if.h
  HDRINST usr/include/linux/hiddev.h
  HDRINST usr/include/linux/nvram.h
  HDRINST usr/include/linux/net.h
  HDRINST usr/include/linux/tc_ematch/tc_em_nbyte.h
  HDRINST usr/include/linux/tc_ematch/tc_em_text.h
  HDRINST usr/include/linux/tc_ematch/tc_em_cmp.h
  HDRINST usr/include/linux/tc_ematch/tc_em_ipt.h
  HDRINST usr/include/linux/tc_ematch/tc_em_meta.h
  HDRINST usr/include/linux/capability.h
  HDRINST usr/include/linux/ip.h
  HDRINST usr/include/linux/netdev.h
  HDRINST usr/include/linux/iso_fs.h
  HDRINST usr/include/linux/hpet.h
  HDRINST usr/include/linux/aspeed-lpc-ctrl.h
  HDRINST usr/include/linux/rio_cm_cdev.h
  HDRINST usr/include/linux/batman_adv.h
  HDRINST usr/include/linux/mtio.h
  HDRINST usr/include/linux/usbdevice_fs.h
  HDRINST usr/include/linux/seg6_iptunnel.h
  HDRINST usr/include/linux/errqueue.h
  HDRINST usr/include/linux/seg6_hmac.h
  HDRINST usr/include/linux/f2fs.h
  HDRINST usr/include/linux/mpls.h
  HDRINST usr/include/linux/nfsd/export.h
  HDRINST usr/include/linux/nfsd/debug.h
  HDRINST usr/include/linux/nfsd/stats.h
  HDRINST usr/include/linux/nfsd/cld.h
  HDRINST usr/include/linux/userio.h
  HDRINST usr/include/linux/cciss_ioctl.h
  HDRINST usr/include/linux/timex.h
  HDRINST usr/include/linux/l2tp.h
  HDRINST usr/include/linux/bpf.h
  HDRINST usr/include/linux/gtp.h
  HDRINST usr/include/linux/virtio_input.h
  HDRINST usr/include/linux/psp-sfs.h
  HDRINST usr/include/linux/rpl.h
  HDRINST usr/include/linux/elf-em.h
  HDRINST usr/include/linux/user_events.h
  HDRINST usr/include/linux/mii.h
  HDRINST usr/include/linux/falloc.h
  HDRINST usr/include/linux/cramfs_fs.h
  HDRINST usr/include/linux/map_to_14segment.h
  HDRINST usr/include/linux/neighbour.h
  HDRINST usr/include/linux/gameport.h
  HDRINST usr/include/linux/erspan.h
  HDRINST usr/include/linux/hyperv.h
  HDRINST usr/include/linux/suspend_ioctls.h
  HDRINST usr/include/linux/mshv.h
  HDRINST usr/include/linux/vsockmon.h
  HDRINST usr/include/linux/virtio_pcidev.h
  HDRINST usr/include/linux/pidfd.h
  HDRINST usr/include/linux/uhid.h
  HDRINST usr/include/linux/mount.h
  HDRINST usr/include/linux/tc_act/tc_csum.h
  HDRINST usr/include/linux/tc_act/tc_pedit.h
  HDRINST usr/include/linux/tc_act/tc_skbmod.h
  HDRINST usr/include/linux/tc_act/tc_ctinfo.h
  HDRINST usr/include/linux/tc_act/tc_defact.h
  HDRINST usr/include/linux/tc_act/tc_connmark.h
  HDRINST usr/include/linux/tc_act/tc_skbedit.h
  HDRINST usr/include/linux/tc_act/tc_sample.h
  HDRINST usr/include/linux/tc_act/tc_ife.h
  HDRINST usr/include/linux/tc_act/tc_ct.h
  HDRINST usr/include/linux/tc_act/tc_tunnel_key.h
  HDRINST usr/include/linux/tc_act/tc_nat.h
  HDRINST usr/include/linux/tc_act/tc_gate.h
  HDRINST usr/include/linux/tc_act/tc_mpls.h
  HDRINST usr/include/linux/tc_act/tc_gact.h
  HDRINST usr/include/linux/tc_act/tc_bpf.h
  HDRINST usr/include/linux/tc_act/tc_vlan.h
  HDRINST usr/include/linux/tc_act/tc_mirred.h
  HDRINST usr/include/linux/stm.h
  HDRINST usr/include/linux/utime.h
  HDRINST usr/include/linux/blktrace_api.h
  HDRINST usr/include/linux/virtio_scmi.h
  HDRINST usr/include/linux/bcm933xx_hcs.h
  HDRINST usr/include/linux/hdlc/ioctl.h
  HDRINST usr/include/linux/synclink.h
  HDRINST usr/include/linux/wait.h
  HDRINST usr/include/linux/seg6_genl.h
  HDRINST usr/include/linux/vbox_err.h
  HDRINST usr/include/linux/cyclades.h
  HDRINST usr/include/linux/ppp-ioctl.h
  HDRINST usr/include/linux/virtio_mem.h
  HDRINST usr/include/linux/mmc/ioctl.h
  HDRINST usr/include/linux/fsmap.h
  HDRINST usr/include/linux/fiemap.h
  HDRINST usr/include/linux/futex.h
  HDRINST usr/include/linux/net_namespace.h
  HDRINST usr/include/linux/atm_eni.h
  HDRINST usr/include/linux/atalk.h
  HDRINST usr/include/linux/nl80211-vnd-intel.h
  HDRINST usr/include/linux/trace_mmap.h
  HDRINST usr/include/linux/if_xdp.h
  HDRINST usr/include/linux/counter.h
  HDRINST usr/include/linux/module.h
  HDRINST usr/include/linux/mptcp.h
  HDRINST usr/include/linux/shm.h
  HDRINST usr/include/linux/tipc.h
  HDRINST usr/include/linux/nfc.h
  HDRINST usr/include/linux/baycom.h
  HDRINST usr/include/linux/atm.h
  HDRINST usr/include/linux/rio_mport_cdev.h
  HDRINST usr/include/linux/atmppp.h
  HDRINST usr/include/linux/affs_hardblocks.h
  HDRINST usr/include/linux/tty_flags.h
  HDRINST usr/include/linux/devlink.h
  HDRINST usr/include/linux/ip6_tunnel.h
  HDRINST usr/include/linux/reboot.h
  HDRINST usr/include/linux/uvcvideo.h
  HDRINST usr/include/linux/batadv_packet.h
  HDRINST usr/include/linux/major.h
  HDRINST usr/include/linux/idxd.h
  HDRINST usr/include/linux/ethtool.h
  HDRINST usr/include/linux/lwtunnel.h
  HDRINST usr/include/linux/hsi/cs-protocol.h
  HDRINST usr/include/linux/hsi/hsi_char.h
  HDRINST usr/include/linux/tipc_netlink.h
  HDRINST usr/include/linux/if_macsec.h
  HDRINST usr/include/linux/psp-dbc.h
  HDRINST usr/include/linux/net_tstamp.h
  HDRINST usr/include/linux/watchdog.h
  HDRINST usr/include/linux/ioam6_iptunnel.h
  HDRINST usr/include/linux/nbd.h
  HDRINST usr/include/linux/counter/microchip-tcb-capture.h
  HDRINST usr/include/linux/eventfd.h
  HDRINST usr/include/linux/atmclip.h
  HDRINST usr/include/linux/libc-compat.h
  HDRINST usr/include/linux/dpll.h
  HDRINST usr/include/linux/amt.h
  HDRINST usr/include/linux/virtio_mmio.h
  HDRINST usr/include/linux/virtio_net.h
  HDRINST usr/include/linux/poll.h
  HDRINST usr/include/linux/comedi.h
  HDRINST usr/include/linux/npcm-video.h
  HDRINST usr/include/linux/irqnr.h
  HDRINST usr/include/linux/switch.h
  HDRINST usr/include/linux/rose.h
  HDRINST usr/include/linux/veth.h
  HDRINST usr/include/linux/pfkeyv2.h
  HDRINST usr/include/linux/if.h
  HDRINST usr/include/linux/kcmp.h
  HDRINST usr/include/linux/virtio_balloon.h
  HDRINST usr/include/linux/nfs2.h
  HDRINST usr/include/misc/amd-apml.h
  HDRINST usr/include/misc/fastrpc.h
  HDRINST usr/include/misc/uacce/hisi_qm.h
  HDRINST usr/include/misc/uacce/uacce.h
  HDRINST usr/include/misc/pvpanic.h
  HDRINST usr/include/misc/xilinx_sdfec.h
  HDRINST usr/include/misc/ocxl.h
  HDRINST usr/include/misc/mrvl_cn10k_dpi.h
  HDRINST usr/include/mtd/mtd-abi.h
  HDRINST usr/include/mtd/inftl-user.h
  HDRINST usr/include/mtd/mtd-user.h
  HDRINST usr/include/mtd/nftl-user.h
  HDRINST usr/include/mtd/ubi-user.h
  HDRINST usr/include/rdma/rdma_user_rxe.h
  HDRINST usr/include/rdma/bnxt_re-abi.h
  HDRINST usr/include/rdma/mlx5_user_ioctl_verbs.h
  HDRINST usr/include/rdma/ionic-abi.h
  HDRINST usr/include/rdma/rvt-abi.h
  HDRINST usr/include/rdma/hfi/hfi1_user.h
  HDRINST usr/include/rdma/hfi/hfi1_ioctl.h
  HDRINST usr/include/rdma/siw-abi.h
  HDRINST usr/include/rdma/mthca-abi.h
  HDRINST usr/include/rdma/efa-abi.h
  HDRINST usr/include/rdma/ib_user_mad.h
  HDRINST usr/include/rdma/ib_user_verbs.h
  HDRINST usr/include/rdma/mlx5_user_ioctl_cmds.h
  HDRINST usr/include/rdma/rdma_netlink.h
  HDRINST usr/include/rdma/mlx5-abi.h
  HDRINST usr/include/rdma/ocrdma-abi.h
  HDRINST usr/include/rdma/vmw_pvrdma-abi.h
  HDRINST usr/include/rdma/rdma_user_ioctl_cmds.h
  HDRINST usr/include/rdma/mlx4-abi.h
  HDRINST usr/include/rdma/ib_user_ioctl_verbs.h
  HDRINST usr/include/rdma/hns-abi.h
  HDRINST usr/include/rdma/ib_user_sa.h
  HDRINST usr/include/rdma/cxgb4-abi.h
  HDRINST usr/include/rdma/erdma-abi.h
  HDRINST usr/include/rdma/rdma_user_cm.h
  HDRINST usr/include/rdma/qedr-abi.h
  HDRINST usr/include/rdma/mana-abi.h
  HDRINST usr/include/rdma/irdma-abi.h
  HDRINST usr/include/rdma/rdma_user_ioctl.h
  HDRINST usr/include/rdma/ib_user_ioctl_cmds.h
  HDRINST usr/include/regulator/regulator.h
  HDRINST usr/include/scsi/scsi_bsg_fc.h
  HDRINST usr/include/scsi/scsi_netlink.h
  HDRINST usr/include/scsi/scsi_netlink_fc.h
  HDRINST usr/include/scsi/scsi_bsg_ufs.h
  HDRINST usr/include/scsi/fc/fc_fs.h
  HDRINST usr/include/scsi/fc/fc_gs.h
  HDRINST usr/include/scsi/fc/fc_ns.h
  HDRINST usr/include/scsi/fc/fc_els.h
  HDRINST usr/include/scsi/scsi_bsg_mpi3mr.h
  HDRINST usr/include/sound/sb16_csp.h
  HDRINST usr/include/sound/asequencer.h
  HDRINST usr/include/sound/hdsp.h
  HDRINST usr/include/sound/snd_sst_tokens.h
  HDRINST usr/include/sound/fcp.h
  HDRINST usr/include/sound/asoc.h
  HDRINST usr/include/sound/usb_stream.h
  HDRINST usr/include/sound/hdspm.h
  HDRINST usr/include/sound/snd_ar_tokens.h
  HDRINST usr/include/sound/asound.h
  HDRINST usr/include/sound/intel/avs/tokens.h
  HDRINST usr/include/sound/sof/tokens.h
  HDRINST usr/include/sound/sof/header.h
  HDRINST usr/include/sound/sof/fw.h
  HDRINST usr/include/sound/sof/abi.h
  HDRINST usr/include/sound/emu10k1.h
  HDRINST usr/include/sound/firewire.h
  HDRINST usr/include/sound/tlv.h
  HDRINST usr/include/sound/scarlett2.h
  HDRINST usr/include/sound/asound_fm.h
  HDRINST usr/include/sound/compress_offload.h
  HDRINST usr/include/sound/sfnt_info.h
  HDRINST usr/include/sound/compress_params.h
  HDRINST usr/include/sound/skl-tplg-interface.h
  HDRINST usr/include/video/uvesafb.h
  HDRINST usr/include/video/edid.h
  HDRINST usr/include/video/sisfb.h
  HDRINST usr/include/xen/privcmd.h
  HDRINST usr/include/xen/gntdev.h
  HDRINST usr/include/xen/evtchn.h
  HDRINST usr/include/xen/gntalloc.h
  HDRINST usr/include/linux/version.h
  HDRINST usr/include/asm/hwcap.h
  HDRINST usr/include/asm/setup.h
  HDRINST usr/include/asm/posix_types.h
  HDRINST usr/include/asm/signal.h
  HDRINST usr/include/asm/mman.h
  HDRINST usr/include/asm/sigcontext.h
  HDRINST usr/include/asm/statfs.h
  HDRINST usr/include/asm/auxvec.h
  HDRINST usr/include/asm/param.h
  HDRINST usr/include/asm/ptrace.h
  HDRINST usr/include/asm/bpf_perf_event.h
  HDRINST usr/include/asm/fcntl.h
  HDRINST usr/include/asm/sve_context.h
  HDRINST usr/include/asm/kvm.h
  HDRINST usr/include/asm/unistd.h
  HDRINST usr/include/asm/byteorder.h
  HDRINST usr/include/asm/ucontext.h
  HDRINST usr/include/asm/perf_regs.h
  HDRINST usr/include/asm/bitsperlong.h
  HDRINST usr/include/asm/stat.h
  HDRINST usr/include/asm/resource.h
  HDRINST usr/include/asm/socket.h
  HDRINST usr/include/asm/errno.h
  HDRINST usr/include/asm/sockios.h
  HDRINST usr/include/asm/unistd_64.h
  HDRINST usr/include/asm/msgbuf.h
  HDRINST usr/include/asm/termios.h
  HDRINST usr/include/asm/sembuf.h
  HDRINST usr/include/asm/ioctl.h
  HDRINST usr/include/asm/shmbuf.h
  HDRINST usr/include/asm/swab.h
  HDRINST usr/include/asm/termbits.h
  HDRINST usr/include/asm/types.h
  HDRINST usr/include/asm/ioctls.h
  HDRINST usr/include/asm/kvm_para.h
  HDRINST usr/include/asm/siginfo.h
  HDRINST usr/include/asm/ipcbuf.h
  HDRINST usr/include/asm/poll.h
  INSTALL /home/captain/W1700KNPU/.build/openwrt/build_dir/target-aarch64_cortex-a53_musl/linux-airoha_an7581/linux-6.18.44/user_headers/include
make[4]: Leaving directory '/home/captain/W1700KNPU/.build/openwrt/build_dir/target-aarch64_cortex-a53_musl/linux-airoha_an7581/linux-6.18.44'
grep '=[ym]' /home/captain/W1700KNPU/.build/openwrt/build_dir/target-aarch64_cortex-a53_musl/linux-airoha_an7581/linux-6.18.44/.config.set | LC_ALL=C sort | /home/captain/W1700KNPU/.build/openwrt/staging_dir/host/bin/mkhash md5 > /home/captain/W1700KNPU/.build/openwrt/build_dir/target-aarch64_cortex-a53_musl/linux-airoha_an7581/linux-6.18.44/.vermagic
touch /home/captain/W1700KNPU/.build/openwrt/build_dir/target-aarch64_cortex-a53_musl/linux-airoha_an7581/linux-6.18.44/.configured
rm -f /home/captain/W1700KNPU/.build/openwrt/build_dir/target-aarch64_cortex-a53_musl/linux-airoha_an7581/linux-6.18.44/vmlinux /home/captain/W1700KNPU/.build/openwrt/build_dir/target-aarch64_cortex-a53_musl/linux-airoha_an7581/linux-6.18.44/System.map
make -C /home/captain/W1700KNPU/.build/openwrt/build_dir/target-aarch64_cortex-a53_musl/linux-airoha_an7581/linux-6.18.44 KCFLAGS="-fmacro-prefix-map=/home/captain/W1700KNPU/.build/openwrt/build_dir/target-aarch64_cortex-a53_musl=target-aarch64_cortex-a53_musl -fno-caller-saves " KAFLAGS="-fmacro-prefix-map=/home/captain/W1700KNPU/.build/openwrt/build_dir/target-aarch64_cortex-a53_musl=target-aarch64_cortex-a53_musl" HOSTCFLAGS="-O2 -I/home/captain/W1700KNPU/.build/openwrt/staging_dir/host/include -Wall -Wmissing-prototypes -Wstrict-prototypes" CROSS_COMPILE="aarch64-openwrt-linux-musl-" ARCH="arm64" KBUILD_HAVE_NLS=no KBUILD_BUILD_USER="" KBUILD_BUILD_HOST="" KBUILD_BUILD_TIMESTAMP="Fri Sep  4 16:17:19 2026" KBUILD_BUILD_VERSION="0" KBUILD_HOSTLDFLAGS="-L/home/captain/W1700KNPU/.build/openwrt/staging_dir/host/lib" CONFIG_SHELL="bash" V=''  cmd_syscalls=  CC="aarch64-openwrt-linux-musl-gcc" KERNELRELEASE=6.18.44 Image dtbs modules
make[4]: Entering directory '/home/captain/W1700KNPU/.build/openwrt/build_dir/target-aarch64_cortex-a53_musl/linux-airoha_an7581/linux-6.18.44'
  SYNC    include/config/auto.conf
  HOSTCC  scripts/kconfig/conf.o
  HOSTCC  scripts/kconfig/confdata.o
  HOSTCC  scripts/kconfig/expr.o
  LEX     scripts/kconfig/lexer.lex.c
  YACC    scripts/kconfig/parser.tab.[ch]
  HOSTCC  scripts/kconfig/menu.o
  HOSTCC  scripts/kconfig/parser.tab.o
  HOSTCC  scripts/kconfig/preprocess.o
  HOSTCC  scripts/kconfig/symbol.o
  HOSTCC  scripts/kconfig/util.o
  HOSTCC  scripts/kconfig/lexer.lex.o
  HOSTLD  scripts/kconfig/conf
  UPD     include/config/kernel.release
  UPD     include/generated/utsrelease.h
  HOSTCC  scripts/dtc/dtc.o
  WRAP    arch/arm64/include/generated/asm/early_ioremap.h
  HOSTCC  scripts/dtc/flattree.o
  WRAP    arch/arm64/include/generated/asm/fprobe.h
  WRAP    arch/arm64/include/generated/asm/mcs_spinlock.h
  WRAP    arch/arm64/include/generated/asm/mmzone.h
  WRAP    arch/arm64/include/generated/asm/qrwlock.h
  WRAP    arch/arm64/include/generated/asm/qspinlock.h
  WRAP    arch/arm64/include/generated/asm/parport.h
  WRAP    arch/arm64/include/generated/asm/user.h
  WRAP    arch/arm64/include/generated/asm/delay.h
  UPD     include/generated/compile.h
  WRAP    arch/arm64/include/generated/asm/div64.h
  WRAP    arch/arm64/include/generated/asm/dma-mapping.h
  WRAP    arch/arm64/include/generated/asm/dma.h
  WRAP    arch/arm64/include/generated/asm/emergency-restart.h
  WRAP    arch/arm64/include/generated/asm/hw_irq.h
  WRAP    arch/arm64/include/generated/asm/irq_regs.h
  WRAP    arch/arm64/include/generated/asm/kdebug.h
  WRAP    arch/arm64/include/generated/asm/kmap_size.h
  WRAP    arch/arm64/include/generated/asm/local.h
  HOSTCC  scripts/dtc/fstree.o
  WRAP    arch/arm64/include/generated/asm/local64.h
  WRAP    arch/arm64/include/generated/asm/mmiowb.h
  WRAP    arch/arm64/include/generated/asm/msi.h
  WRAP    arch/arm64/include/generated/asm/serial.h
  WRAP    arch/arm64/include/generated/asm/softirq_stack.h
  WRAP    arch/arm64/include/generated/asm/switch_to.h
  WRAP    arch/arm64/include/generated/asm/trace_clock.h
  WRAP    arch/arm64/include/generated/asm/unwind_user.h
  WRAP    arch/arm64/include/generated/asm/vga.h
  WRAP    arch/arm64/include/generated/asm/video.h
  SYSTBL  arch/arm64/include/generated/asm/syscall_table_32.h
  SYSTBL  arch/arm64/include/generated/asm/syscall_table_64.h
  HOSTCC  scripts/dtc/data.o
  SYSHDR  arch/arm64/include/generated/asm/unistd_32.h
  HOSTCC  scripts/dtc/livetree.o
  SYSHDR  arch/arm64/include/generated/asm/unistd_compat_32.h
  HOSTCC  scripts/dtc/treesource.o
  HOSTCC  scripts/dtc/srcpos.o
  HOSTCC  scripts/dtc/checks.o
  HOSTCC  scripts/dtc/util.o
  LEX     scripts/dtc/dtc-lexer.lex.c
  YACC    scripts/dtc/dtc-parser.tab.[ch]
  HOSTCC  scripts/dtc/libfdt/fdt.o
  HOSTCC  scripts/dtc/libfdt/fdt_ro.o
  HOSTCC  scripts/dtc/libfdt/fdt_wip.o
  HOSTCC  scripts/dtc/libfdt/fdt_sw.o
  HOSTCC  scripts/dtc/libfdt/fdt_rw.o
  HOSTCC  scripts/dtc/libfdt/fdt_strerror.o
  HOSTCC  scripts/dtc/libfdt/fdt_empty_tree.o
  HOSTCC  scripts/dtc/libfdt/fdt_addresses.o
  HOSTCC  scripts/dtc/libfdt/fdt_overlay.o
  HOSTCC  scripts/dtc/fdtoverlay.o
  HOSTCC  scripts/dtc/dtc-lexer.lex.o
  HOSTCC  scripts/dtc/dtc-parser.tab.o
  HOSTLD  scripts/dtc/fdtoverlay
  HOSTLD  scripts/dtc/dtc
  HOSTCC  scripts/kallsyms
  HOSTCC  scripts/sorttable
  DTC     arch/arm64/boot/dts/airoha/en7581-evb.dtb
  GEN     arch/arm64/include/generated/asm/cpucap-defs.h
  GEN     arch/arm64/include/generated/asm/sysreg-defs.h
  CC      scripts/mod/empty.o
  HOSTCC  scripts/mod/mk_elfconfig
  CC      scripts/mod/devicetable-offsets.s
  MKELF   scripts/mod/elfconfig.h
  HOSTCC  scripts/mod/modpost.o
  HOSTCC  scripts/mod/sumversion.o
  HOSTCC  scripts/mod/symsearch.o
  UPD     scripts/mod/devicetable-offsets.h
  HOSTCC  scripts/mod/file2alias.o
  HOSTLD  scripts/mod/modpost
  CC      kernel/bounds.s
  CHKSHA1 include/linux/atomic/atomic-arch-fallback.h
  CHKSHA1 include/linux/atomic/atomic-instrumented.h
  UPD     include/generated/timeconst.h
  CHKSHA1 include/linux/atomic/atomic-long.h
  UPD     include/generated/bounds.h
  CC      arch/arm64/kernel/asm-offsets.s
  UPD     include/generated/asm-offsets.h
  CC      kernel/sched/rq-offsets.s
  UPD     include/generated/rq-offsets.h
  LDS     arch/arm64/kernel/vdso/vdso.lds
  CC      arch/arm64/kernel/vdso/vgettimeofday.o
  AS      arch/arm64/kernel/vdso/note.o
  AS      arch/arm64/kernel/vdso/sigreturn.o
  CC      arch/arm64/kernel/vdso/vgetrandom.o
  AS      arch/arm64/kernel/vdso/vgetrandom-chacha.o
  LD      arch/arm64/kernel/vdso/vdso.so.dbg
  VDSOSYM include/generated/vdso-offsets.h
  OBJCOPY arch/arm64/kernel/vdso/vdso.so
  LDS     scripts/module.lds
  CC      init/main.o
  HOSTCC  usr/gen_init_cpio
  CC      arch/arm64/kernel/debug-monitors.o
  CC      kernel/fork.o
  GEN     usr/initramfs_data.cpio
  COPY    usr/initramfs_inc_data
  AS      usr/initramfs_data.o
  AR      usr/built-in.a
  CC      arch/arm64/mm/dma-mapping.o
  AS      arch/arm64/kernel/entry.o
  CC      arch/arm64/kernel/irq.o
  CC      arch/arm64/mm/extable.o
  UPD     init/utsversion-tmp.h
  CC      init/do_mounts.o
  CC      arch/arm64/mm/fault.o
  CC      arch/arm64/kernel/fpsimd.o
  CC      kernel/exec_domain.o
  CC      arch/arm64/kernel/entry-common.o
  CC      arch/arm64/mm/init.o
  CC      init/do_mounts_initrd.o
  CC      kernel/panic.o
  AS      arch/arm64/kernel/entry-fpsimd.o
  CC      arch/arm64/kernel/process.o
  AS      arch/arm64/mm/cache.o
  CC      init/initramfs.o
  CC      arch/arm64/mm/copypage.o
  CC      kernel/cpu.o
  CC      arch/arm64/mm/flush.o
  CC      arch/arm64/kernel/ptrace.o
  CC      init/calibrate.o
  CC      init/init_task.o
  CC      arch/arm64/mm/ioremap.o
  CC      arch/arm64/kernel/setup.o
  CC      init/version.o
  CC      arch/arm64/mm/mmap.o
  CC      kernel/exit.o
  AR      init/built-in.a
  CC      kernel/softirq.o
  CC      arch/arm64/kernel/signal.o
  CC      arch/arm64/mm/pgd.o
  CC      arch/arm64/mm/mem_encrypt.o
  CC      arch/arm64/mm/mmu.o
  CC      kernel/resource.o
  CC      kernel/sysctl.o
  CC      arch/arm64/kernel/sys.o
  CC      arch/arm64/kernel/stacktrace.o
  CC      kernel/capability.o
  CC      arch/arm64/mm/context.o
  AS      arch/arm64/mm/proc.o
  CC      kernel/ptrace.o
  CC      arch/arm64/mm/pageattr.o
  AR      certs/built-in.a
  CC      kernel/user.o
  CC      arch/arm64/kernel/time.o
  CC      arch/arm64/kernel/traps.o
  CC      arch/arm64/mm/fixmap.o
  CC      kernel/signal.o
  CC      kernel/sys.o
  AR      arch/arm64/mm/built-in.a
  CC      arch/arm64/kernel/io.o
  CC      arch/arm64/net/bpf_jit_comp.o
  CC      arch/arm64/kernel/vdso.o
  AS      arch/arm64/kernel/hyp-stub.o
  CC      arch/arm64/kernel/psci.o
  CC      arch/arm64/kernel/cpu_ops.o
  CC      kernel/umh.o
  CC      kernel/workqueue.o
  CC      arch/arm64/kernel/return_address.o
  CC      arch/arm64/kernel/cpuinfo.o
  CC      kernel/pid.o
  AS      arch/arm64/net/bpf_timed_may_goto.o
  AR      arch/arm64/net/built-in.a
  CC      kernel/task_work.o
  CC      arch/arm64/kernel/cpu_errata.o
  CC      arch/arm64/kernel/cpufeature.o
  CC      arch/arm64/kernel/alternative.o
  CC      kernel/extable.o
  CC      mm/filemap.o
  CC      mm/mempool.o
  CC      kernel/params.o
  CC      arch/arm64/kernel/cacheinfo.o
  CC      arch/arm64/kernel/smp.o
  CC      arch/arm64/kernel/smp_spin_table.o
  CC      kernel/kthread.o
  CC      mm/oom_kill.o
  CC      arch/arm64/kernel/topology.o
  AS      arch/arm64/kernel/smccc-call.o
  CC      mm/fadvise.o
  CC      kernel/sys_ni.o
  CC      kernel/nsproxy.o
  CC      mm/maccess.o
  CC      arch/arm64/kernel/syscall.o
  CC      arch/arm64/kernel/proton-pack.o
  CC      mm/page-writeback.o
  CC      mm/folio-compat.o
  CC      kernel/nstree.o
  CC      arch/arm64/kernel/idle.o
  CC      fs/open.o
  CC      arch/arm64/kernel/patching.o
  CC      kernel/nscommon.o
  CC      mm/readahead.o
  CC      kernel/notifier.o
  CC      arch/arm64/kernel/pi/idreg-override.o
  CC      fs/read_write.o
  HOSTCC  arch/arm64/kernel/pi/relacheck
  CC      arch/arm64/kernel/pi/map_kernel.o
  CC      kernel/ksysfs.o
  CC      mm/swap.o
  CC      arch/arm64/kernel/pi/map_range.o
  CC      kernel/cred.o
  CC      arch/arm64/kernel/pi/lib-fdt.o
  CC      arch/arm64/kernel/pi/lib-fdt_ro.o
  CC      arch/arm64/kernel/pi/relocate.o
  CC      fs/file_table.o
  CC      kernel/reboot.o
  OBJCOPY arch/arm64/kernel/pi/idreg-override.pi.o
  OBJCOPY arch/arm64/kernel/pi/map_kernel.pi.o
  OBJCOPY arch/arm64/kernel/pi/map_range.pi.o
  OBJCOPY arch/arm64/kernel/pi/lib-fdt.pi.o
  OBJCOPY arch/arm64/kernel/pi/lib-fdt_ro.pi.o
  OBJCOPY arch/arm64/kernel/pi/relocate.pi.o
  AR      arch/arm64/kernel/pi/built-in.a
  CC      arch/arm64/kernel/rsi.o
  CC      mm/truncate.o
  CC      arch/arm64/kernel/jump_label.o
  CC      fs/super.o
  CC      kernel/async.o
  CC      arch/arm64/kernel/module.o
  CC      mm/vmscan.o
  CC      kernel/range.o
  CC      kernel/smpboot.o
  CC      arch/arm64/kernel/module-plts.o
  CC      kernel/ucount.o
  CC      fs/char_dev.o
  CC      arch/arm64/kernel/pci.o
  CC      kernel/regset.o
  CC      fs/stat.o
  CC      arch/arm64/kernel/elfcore.o
  CC      kernel/ksyms_common.o
  AS      arch/arm64/kernel/vdso-wrap.o
  AR      arch/arm64/kernel/probes/built-in.a
  AS      arch/arm64/kernel/head.o
  LDS     arch/arm64/kernel/vmlinux.lds
  AR      arch/arm64/kernel/built-in.a
  AR      arch/arm64/crypto/built-in.a
  AR      arch/arm64/built-in.a
  CC      ipc/util.o
  CC      kernel/groups.o
  CC      fs/exec.o
  CC      kernel/sched/core.o
  CC      mm/shrinker.o
  CC      ipc/msgutil.o
  CC      fs/pipe.o
  CC      mm/shmem.o
  CC      ipc/msg.o
  CC      fs/namei.o
  CC      ipc/sem.o
  CC      kernel/sched/fair.o
  CC      mm/util.o
  CC      ipc/shm.o
  CC      mm/mmzone.o
  CC      fs/fcntl.o
  CC      mm/vmstat.o
  CC      ipc/syscall.o
  CC      ipc/ipc_sysctl.o
  CC      fs/ioctl.o
  CC      mm/backing-dev.o
  CC      ipc/mqueue.o
  CC      kernel/sched/build_policy.o
  CC      fs/readdir.o
  CC      mm/mm_init.o
  CC      ipc/namespace.o
  CC      fs/select.o
  CC      ipc/mq_sysctl.o
  CC      mm/percpu.o
  AR      ipc/built-in.a
  CC      mm/slab_common.o
  CC      fs/dcache.o
  CC      kernel/sched/build_utility.o
  CC      fs/inode.o
  CC      mm/compaction.o
  CC      mm/show_mem.o
  CC      fs/attr.o
  CC      mm/interval_tree.o
  CC      mm/list_lru.o
  CC      fs/bad_inode.o
  CC      fs/file.o
  CC      mm/workingset.o
  CC      mm/debug.o
  AR      kernel/sched/built-in.a
  CC      kernel/locking/mutex.o
  CC      kernel/locking/semaphore.o
  CC      mm/gup.o
  CC      fs/filesystems.o
  CC      fs/namespace.o
  CC      kernel/locking/rwsem.o
  CC      kernel/locking/percpu-rwsem.o
  CC      fs/seq_file.o
  CC      kernel/locking/spinlock.o
  CC      mm/mmap_lock.o
  CC      kernel/locking/osq_lock.o
  CC      kernel/locking/qspinlock.o
  CC      kernel/locking/rtmutex_api.o
  CC      mm/vma_init.o
  CC      mm/highmem.o
  CC      kernel/locking/qrwlock.o
  CC      fs/xattr.o
  CC      kernel/power/qos.o
  CC      mm/memory.o
  AR      kernel/locking/built-in.a
  CC      kernel/power/main.o
  CC      fs/libfs.o
  CC      kernel/power/poweroff.o
  CC      kernel/printk/printk.o
  AR      kernel/power/built-in.a
  CC      kernel/printk/printk_safe.o
  CC      kernel/irq/irqdesc.o
  CC      fs/fs-writeback.o
  CC      kernel/irq/handle.o
  CC      mm/mincore.o
  CC      kernel/printk/nbcon.o
  CC      kernel/irq/manage.o
  CC      fs/pnode.o
  CC      kernel/printk/printk_ringbuffer.o
  CC      mm/mlock.o
  CC      fs/splice.o
  CC      kernel/printk/sysctl.o
  AR      kernel/printk/built-in.a
  CC      mm/mmap.o
  CC      kernel/irq/spurious.o
  CC      kernel/irq/resend.o
  CC      kernel/rcu/update.o
  CC      mm/mmu_gather.o
  CC      fs/sync.o
  CC      kernel/irq/chip.o
  CC      fs/utimes.o
  CC      mm/mprotect.o
  CC      kernel/rcu/sync.o
  CC      kernel/irq/dummychip.o
  CC      kernel/rcu/srcutree.o
  CC      fs/d_path.o
  CC      kernel/irq/devres.o
  CC      mm/mremap.o
  CC      kernel/rcu/tree.o
  CC      kernel/irq/kexec.o
  CC      fs/stack.o
  CC      kernel/irq/autoprobe.o
  CC      fs/fs_struct.o
  CC      mm/msync.o
  CC      kernel/irq/irqdomain.o
  CC      fs/statfs.o
  CC      mm/page_vma_mapped.o
  CC      fs/fs_pin.o
  CC      mm/pagewalk.o
  CC      kernel/irq/proc.o
  CC      kernel/rcu/rcu_segcblist.o
  CC      fs/nsfs.o
  CC      kernel/irq/cpuhotplug.o
  CC      mm/pgtable-generic.o
  AR      kernel/rcu/built-in.a
  CC      mm/rmap.o
  CC      fs/fs_types.o
  CC      kernel/irq/msi.o
  CC      kernel/irq/ipi.o
  CC      fs/fs_context.o
  CC      fs/fs_parser.o
  CC      mm/vmalloc.o
  CC      kernel/irq/affinity.o
  CC      mm/vma.o
  CC      fs/fsopen.o
  AR      kernel/irq/built-in.a
  AR      kernel/livepatch/built-in.a
  CC      kernel/dma/mapping.o
  CC      fs/init.o
  CC      kernel/dma/direct.o
  CC      kernel/dma/coherent.o
  CC      fs/kernel_read_file.o
  CC      mm/vma_exec.o
  CC      mm/mseal.o
  CC      kernel/dma/swiotlb.o
  CC      fs/mnt_idmapping.o
  CC      fs/remap_range.o
  CC      mm/page_alloc.o
  CC      mm/page_frag_cache.o
  CC      kernel/dma/pool.o
  CC      fs/pidfs.o
  CC      fs/file_attr.o
  CC      kernel/dma/remap.o
  AR      kernel/dma/built-in.a
  CC      kernel/entry/common.o
  CC      fs/buffer.o
  AR      kernel/unwind/built-in.a
  CC      kernel/module/main.o
  AR      kernel/entry/built-in.a
  CC      kernel/module/strict_rwx.o
  CC      mm/init-mm.o
  CC      kernel/time/time.o
  CC      mm/memblock.o
  CC      fs/mpage.o
  CC      kernel/module/kmod.o
  CC      kernel/time/timer.o
  CC      fs/proc_namespace.o
  CC      kernel/module/kallsyms.o
  CC      mm/slub.o
  CC      kernel/time/hrtimer.o
  CC      fs/notify/fsnotify.o
  CC      kernel/module/procfs.o
  CC      kernel/module/sysfs.o
  CC      fs/notify/notification.o
  CC      kernel/time/sleep_timeout.o
  AR      kernel/module/built-in.a
  CC      kernel/time/timekeeping.o
  CC      fs/notify/group.o
  CC      kernel/futex/core.o
  CC      fs/notify/mark.o
  CC      mm/madvise.o
  CC      kernel/time/ntp.o
  CC      kernel/futex/syscalls.o
  CC      fs/notify/fdinfo.o
  CC      kernel/time/clocksource.o
  AR      fs/notify/dnotify/built-in.a
  CC      fs/notify/inotify/inotify_fsnotify.o
  CC      mm/page_io.o
  CC      kernel/futex/pi.o
  CC      kernel/time/jiffies.o
  CC      fs/notify/inotify/inotify_user.o
  CC      kernel/futex/requeue.o
  CC      kernel/time/timer_list.o
  CC      mm/swap_state.o
  CC      kernel/futex/waitwake.o
  AR      fs/notify/inotify/built-in.a
  CC      fs/notify/fanotify/fanotify.o
  CC      kernel/time/timeconv.o
  AR      kernel/futex/built-in.a
  CC      fs/notify/fanotify/fanotify_user.o
  CC      kernel/time/timecounter.o
  CC      kernel/time/alarmtimer.o
  CC      mm/swapfile.o
  CC      mm/dmapool.o
  CC      kernel/time/posix-timers.o
  CC      mm/sparse.o
  AR      fs/notify/fanotify/built-in.a
  AR      fs/notify/built-in.a
  CC      fs/eventpoll.o
  CC      kernel/smp.o
  CC      kernel/time/posix-cpu-timers.o
  CC      mm/sparse-vmemmap.o
  CC      kernel/kallsyms.o
  CC      kernel/time/posix-clock.o
  CC      fs/anon_inodes.o
  CC      mm/migrate.o
  CC      kernel/time/itimer.o
  CC      kernel/time/clockevents.o
  CC      fs/signalfd.o
  CC      fs/timerfd.o
  CC      kernel/time/tick-common.o
  CC      kernel/time/tick-broadcast.o
  CC      mm/page_counter.o
  CC      fs/eventfd.o
  CC      mm/memcontrol.o
  CC      mm/vmpressure.o
  CC      kernel/time/tick-broadcast-hrtimer.o
  CC      kernel/cgroup/cgroup.o
  CC      kernel/time/sched_clock.o
  CC      fs/aio.o
  CC      kernel/time/tick-oneshot.o
  CC      kernel/time/tick-sched.o
  CC      mm/swap_cgroup.o
  CC      fs/locks.o
  CC      kernel/time/timer_migration.o
  CC      mm/early_ioremap.o
  CC      kernel/time/vsyscall.o
  CC      mm/usercopy.o
  CC      kernel/time/timekeeping_debug.o
  CC      kernel/cgroup/rstat.o
  CC      fs/binfmt_script.o
  CC      mm/memfd.o
  AR      kernel/time/built-in.a
  CC      mm/ioremap.o
  CC      fs/binfmt_elf.o
  CC      kernel/cgroup/namespace.o
  CC      kernel/cgroup/cgroup-v1.o
  CC      mm/execmem.o
  CC      kernel/cgroup/freezer.o
  CC      fs/backing-file.o
  AR      mm/built-in.a
  CC      kernel/cgroup/pids.o
  CC      security/keys/gc.o
  CC      security/keys/key.o
  CC      kernel/cgroup/rdma.o
  CC      fs/mbcache.o
  CC      kernel/cgroup/cpuset.o
  CC      security/keys/keyring.o
  CC      fs/posix_acl.o
  CC      fs/coredump.o
  CC      security/keys/keyctl.o
  CC      security/keys/permission.o
  AR      kernel/cgroup/built-in.a
  CC      kernel/utsname.o
  CC      fs/drop_caches.o
  CC      kernel/user_namespace.o
  CC      security/keys/process_keys.o
  CC      security/keys/request_key.o
  CC      fs/sysctls.o
  CC      fs/fhandle.o
  CC      fs/iomap/trace.o
  CC      kernel/pid_namespace.o
  CC      security/keys/request_key_auth.o
  CC      security/keys/user_defined.o
  AR      fs/quota/built-in.a
  CC      security/keys/proc.o
  CC      fs/iomap/iter.o
  CC      kernel/stop_machine.o
  CC      fs/iomap/buffered-io.o
  CC      security/keys/sysctl.o
  CC      fs/iomap/direct-io.o
  CC      kernel/seccomp.o
  AR      security/keys/built-in.a
  CC      security/commoncap.o
  CC      fs/proc/task_mmu.o
  CC      fs/iomap/ioend.o
  CC      security/min_addr.o
  CC      fs/proc/inode.o
  CC      kernel/relay.o
  CC      fs/iomap/fiemap.o
  CC      security/device_cgroup.o
  CC      fs/proc/root.o
  CC      kernel/utsname_sysctl.o
  CC      fs/iomap/seek.o
  CC      kernel/irq_work.o
  AR      security/built-in.a
  CC      kernel/bpf/core.o
  CC      fs/proc/base.o
  CC      fs/iomap/swapfile.o
  CC      fs/proc/generic.o
  AR      fs/iomap/built-in.a
  CC      fs/proc/array.o
  CC      fs/kernfs/mount.o
  CC      fs/sysfs/file.o
  CC      fs/proc/fd.o
  CC      kernel/bpf/syscall.o
  CC      fs/kernfs/inode.o
  CC      fs/sysfs/dir.o
  CC      fs/proc/proc_tty.o
  CC      fs/kernfs/dir.o
  CC      fs/sysfs/symlink.o
  CC      fs/proc/cmdline.o
  CC      fs/sysfs/mount.o
  CC      fs/proc/consoles.o
  CC      fs/kernfs/file.o
  CC      fs/proc/cpuinfo.o
  CC      fs/sysfs/group.o
  CC      fs/proc/devices.o
  AR      fs/sysfs/built-in.a
  CC      fs/kernfs/symlink.o
  CC      kernel/bpf/verifier.o
  CC      fs/devpts/inode.o
  CC      fs/proc/interrupts.o
  AR      fs/kernfs/built-in.a
  CC      fs/proc/loadavg.o
  AR      fs/devpts/built-in.a
  CC      fs/ext4/balloc.o
  CC      fs/ext4/bitmap.o
  CC      fs/proc/meminfo.o
  CC      fs/proc/stat.o
  CC      fs/ext4/block_validity.o
  CC      fs/ext4/dir.o
  CC      fs/proc/uptime.o
  CC      fs/proc/util.o
  CC      fs/ext4/ext4_jbd2.o
  CC      crypto/api.o
  CC      fs/proc/version.o
  CC      crypto/cipher.o
  CC      fs/ext4/extents.o
  CC      fs/proc/softirqs.o
  CC      crypto/algapi.o
  CC      fs/proc/namespaces.o
  CC      fs/proc/self.o
  CC      crypto/scatterwalk.o
  CC      fs/proc/thread_self.o
  CC      fs/ext4/extents_status.o
  CC      crypto/proc.o
  CC      fs/proc/proc_sysctl.o
  CC      crypto/aead.o
  CC      fs/ext4/file.o
  CC      fs/proc/proc_net.o
  CC      crypto/lskcipher.o
  CC      fs/proc/kmsg.o
  CC      fs/ext4/fsmap.o
  CC      crypto/skcipher.o
  AR      fs/proc/built-in.a
  CC      fs/ext4/fsync.o
  CC      block/bdev.o
  CC      crypto/bpf_crypto_skcipher.o
  CC      fs/ext4/hash.o
  CC      kernel/bpf/inode.o
  CC      crypto/ahash.o
  CC      fs/ext4/ialloc.o
  CC      block/fops.o
  CC      kernel/bpf/helpers.o
  CC      crypto/shash.o
  CC      block/bio.o
  CC      fs/ext4/indirect.o
  CC      crypto/akcipher.o
  CC      fs/ext4/inline.o
  CC      block/elevator.o
  CC      crypto/sig.o
  CC      kernel/bpf/tnum.o
  CC      kernel/bpf/log.o
  CC      block/blk-core.o
  CC      fs/ext4/inode.o
  CC      crypto/kpp.o
  CC      kernel/bpf/token.o
  CC      crypto/acompress.o
  CC      block/blk-sysfs.o
  CC      kernel/bpf/liveness.o
  CC      crypto/scompress.o
  CC      block/blk-flush.o
  CC      kernel/bpf/bpf_iter.o
  CC      crypto/algboss.o
  CC      fs/ext4/ioctl.o
  CC      block/blk-settings.o
  CC      crypto/testmgr.o
  CC      block/blk-ioc.o
  CC      kernel/bpf/map_iter.o
  CC      crypto/crypto_null.o
  CC      block/blk-map.o
  CC      fs/ext4/mballoc.o
  CC      kernel/bpf/task_iter.o
  CC      crypto/ecb.o
  CC      block/blk-merge.o
  CC      crypto/ctr.o
  CC      kernel/bpf/prog_iter.o
  CC      crypto/gcm.o
  CC      block/blk-timeout.o
  CC      kernel/bpf/link_iter.o
  CC      fs/ext4/migrate.o
  CC      block/blk-lib.o
  CC      crypto/ccm.o
  CC      kernel/bpf/hashtab.o
  CC      block/blk-mq.o
  CC      fs/ext4/mmp.o
  CC      crypto/aes_generic.o
  CC      fs/ext4/move_extent.o
  CC      crypto/deflate.o
  CC      kernel/bpf/arraymap.o
  CC      crypto/crc32c.o
  CC      fs/ext4/namei.o
  CC      crypto/lzo.o
  CC      block/blk-mq-tag.o
  CC      crypto/lzo-rle.o
  CC      kernel/bpf/percpu_freelist.o
  CC      kernel/bpf/bpf_lru_list.o
  CC      crypto/rng.o
  CC      block/blk-mq-dma.o
  CC      kernel/bpf/lpm_trie.o
  CC      fs/ext4/page-io.o
  CC      crypto/ghash-generic.o
  CC      block/blk-stat.o
  CC      crypto/zstd.o
  CC      fs/ext4/readpage.o
  CC      kernel/bpf/map_in_map.o
  CC      block/blk-mq-sysfs.o
  CC [M]  crypto/geniv.o
  CC      fs/ext4/resize.o
  CC      kernel/bpf/bloom_filter.o
  CC      block/blk-mq-cpumap.o
  CC [M]  crypto/seqiv.o
  CC      kernel/bpf/local_storage.o
  CC      block/blk-mq-sched.o
  CC [M]  crypto/cmac.o
  CC      fs/ext4/super.o
  CC [M]  crypto/hmac.o
  CC      block/ioctl.o
  CC      kernel/bpf/queue_stack_maps.o
  CC [M]  crypto/sha512.o
  CC      kernel/bpf/ringbuf.o
  CC      block/genhd.o
  CC [M]  crypto/sha3_generic.o
  CC      kernel/bpf/bpf_local_storage.o
  CC      fs/ext4/symlink.o
  CC [M]  crypto/drbg.o
  CC      block/ioprio.o
  CC      fs/ext4/sysfs.o
  CC [M]  crypto/jitterentropy.o
  CC [M]  crypto/jitterentropy-kcapi.o
  CC      block/badblocks.o
  CC      kernel/bpf/bpf_task_storage.o
  AR      crypto/built-in.a
  LD [M]  crypto/jitterentropy_rng.o
  CC      block/partitions/core.o
  CC      fs/ext4/xattr.o
  CC      io_uring/io_uring.o
  CC      kernel/bpf/disasm.o
  CC      block/partitions/msdos.o
  CC      kernel/bpf/mprog.o
  CC      block/partitions/of.o
  CC      fs/ext4/xattr_hurd.o
  CC      kernel/bpf/trampoline.o
  CC      fs/ext4/xattr_trusted.o
  CC      block/partitions/efi.o
  CC      io_uring/opdef.o
  CC      kernel/bpf/btf.o
  CC      fs/ext4/xattr_user.o
  CC      io_uring/kbuf.o
  AR      block/partitions/built-in.a
  CC      block/blk-rq-qos.o
  CC      fs/ext4/fast_commit.o
  CC      block/disk-events.o
  CC      io_uring/rsrc.o
  CC      block/blk-ia-ranges.o
  CC      fs/ext4/orphan.o
  CC      block/early-lookup.o
  CC      io_uring/notif.o
  CC      fs/ext4/acl.o
  CC      block/blk-cgroup.o
  CC      io_uring/tctx.o
  CC      fs/ext4/xattr_security.o
  CC      kernel/bpf/memalloc.o
  AR      fs/ext4/built-in.a
  CC      fs/jbd2/transaction.o
  CC      io_uring/filetable.o
  CC      block/blk-cgroup-rwstat.o
  CC      kernel/bpf/rqspinlock.o
  CC      io_uring/rw.o
  CC      block/blk-throttle.o
  CC      fs/jbd2/commit.o
  CC      kernel/bpf/stream.o
  CC      io_uring/poll.o
  CC      block/blk-pm.o
  CC      fs/jbd2/recovery.o
  CC      block/blk-notify.o
  CC      kernel/bpf/arena.o
  AR      block/built-in.a
  CC      io_uring/eventfd.o
  AS      arch/arm64/lib/clear_page.o
  AS      arch/arm64/lib/clear_user.o
  AS      arch/arm64/lib/copy_from_user.o
  CC      fs/jbd2/checkpoint.o
  AS      arch/arm64/lib/copy_page.o
  AS      arch/arm64/lib/copy_to_user.o
  CC      arch/arm64/lib/csum.o
  CC      kernel/bpf/range_tree.o
  CC      arch/arm64/lib/delay.o
  CC      io_uring/uring_cmd.o
  CC      fs/jbd2/revoke.o
  CC      arch/arm64/lib/insn.o
  CC      kernel/bpf/dispatcher.o
  AS      arch/arm64/lib/memchr.o
  AS      arch/arm64/lib/memcmp.o
  CC      io_uring/openclose.o
  AS      arch/arm64/lib/memcpy.o
  AS      arch/arm64/lib/memset.o
  AS      arch/arm64/lib/strchr.o
  AS      arch/arm64/lib/strcmp.o
  AS      arch/arm64/lib/strlen.o
  AS      arch/arm64/lib/strncmp.o
  AS      arch/arm64/lib/strnlen.o
  CC      fs/jbd2/journal.o
  AS      arch/arm64/lib/strrchr.o
  AS      arch/arm64/lib/tishift.o
  AR      arch/arm64/lib/built-in.a
  AR      arch/arm64/lib/lib.a
  CC      io_uring/sqpoll.o
  CC      kernel/bpf/devmap.o
  CC      lib/argv_split.o
  CC      lib/bug.o
  CC      io_uring/xattr.o
  AR      fs/jbd2/built-in.a
  CC      fs/squashfs/block.o
  CC      lib/buildid.o
  CC      kernel/bpf/cpumap.o
  CC      io_uring/nop.o
  CC      fs/squashfs/cache.o
  CC      lib/cmdline.o
  CC      lib/cpumask.o
  CC      io_uring/fs.o
  CC      kernel/bpf/offload.o
  CC      fs/squashfs/dir.o
  CC      lib/ctype.o
  CC      lib/dec_and_lock.o
  CC      lib/decompress.o
  CC      fs/squashfs/export.o
  CC      io_uring/splice.o
  CC      lib/dump_stack.o
  CC      fs/squashfs/file.o
  CC      lib/earlycpio.o
  CC      kernel/bpf/net_namespace.o
  CC      io_uring/sync.o
  CC      lib/extable.o
  CC      lib/fdt.o
  CC      fs/squashfs/fragment.o
  CC      lib/fdt_addresses.o
  CC      io_uring/msg_ring.o
  CC      lib/fdt_empty_tree.o
  CC      kernel/bpf/tcx.o
  CC      lib/fdt_ro.o
  CC      fs/squashfs/id.o
  CC      lib/fdt_rw.o
  CC      fs/squashfs/inode.o
  CC      io_uring/advise.o
  CC      lib/fdt_strerror.o
  CC      lib/fdt_sw.o
  CC      kernel/bpf/cgroup_iter.o
  CC      lib/fdt_wip.o
  CC      fs/squashfs/namei.o
  CC      io_uring/statx.o
  CC      lib/flex_proportions.o
  CC      lib/idr.o
  CC      kernel/bpf/bpf_cgrp_storage.o
  CC      fs/squashfs/super.o
  CC      io_uring/timeout.o
  CC      lib/iomem_copy.o
  CC      lib/irq_regs.o
  CC      kernel/bpf/cgroup.o
  CC      fs/squashfs/symlink.o
  CC      lib/is_single_threaded.o
  CC      io_uring/cancel.o
  CC      lib/klist.o
  CC      fs/squashfs/decompressor.o
  CC      lib/kobject.o
  CC      io_uring/waitid.o
  CC      fs/squashfs/page_actor.o
  CC      lib/kobject_uevent.o
  CC      kernel/bpf/reuseport_array.o
  CC      io_uring/register.o
  CC      fs/squashfs/file_direct.o
  CC      fs/squashfs/decompressor_multi_percpu.o
  CC      lib/logic_pio.o
  CC      kernel/bpf/bpf_struct_ops.o
  CC      io_uring/truncate.o
  CC      fs/squashfs/xz_wrapper.o
  CC      lib/maple_tree.o
  CC      io_uring/memmap.o
  AR      fs/squashfs/built-in.a
  CC      fs/ramfs/inode.o
  CC      kernel/bpf/cpumask.o
  CC      io_uring/alloc_cache.o
  CC      fs/ramfs/file-mmu.o
  CC      kernel/bpf/crypto.o
  CC      io_uring/query.o
  AR      fs/ramfs/built-in.a
  CC      fs/exportfs/expfs.o
  CC      kernel/bpf/relo_core.o
  AR      fs/exportfs/built-in.a
  CC      fs/nls/nls_base.o
  CC      io_uring/zcrx.o
  AR      fs/nls/built-in.a
  AR      fs/unicode/built-in.a
  CC      fs/jffs2/compr.o
  CC      lib/memcat_p.o
  CC      lib/nmi_backtrace.o
  CC      kernel/bpf/btf_iter.o
  CC      fs/jffs2/dir.o
  CC      lib/objpool.o
  CC      io_uring/io-wq.o
  CC      kernel/bpf/btf_relocate.o
  CC      fs/jffs2/file.o
  CC      lib/plist.o
  CC      lib/radix-tree.o
  CC      fs/jffs2/ioctl.o
  CC      kernel/bpf/kmem_cache_iter.o
  CC      io_uring/futex.o
  CC      lib/ratelimit.o
  CC      fs/jffs2/nodelist.o
  AR      kernel/bpf/built-in.a
  CC      kernel/jump_label.o
  CC      lib/rbtree.o
  CC      io_uring/epoll.o
  CC      lib/seq_buf.o
  CC      kernel/context_tracking.o
  CC      fs/jffs2/malloc.o
  CC      lib/siphash.o
  CC      io_uring/napi.o
  CC      kernel/iomem.o
  CC      fs/jffs2/read.o
  CC      lib/string.o
  CC      lib/sys_info.o
  AR      kernel/built-in.a
  CC      lib/timerqueue.o
  CC      fs/jffs2/nodemgmt.o
  CC      io_uring/net.o
  CC      lib/union_find.o
  CC      io_uring/cmd_net.o
  CC      lib/vsprintf.o
  CC      fs/jffs2/readinode.o
  CC      fs/jffs2/write.o
  CC      io_uring/fdinfo.o
  CC      lib/win_minmax.o
  CC      fs/jffs2/scan.o
  CC      fs/jffs2/gc.o
  AR      io_uring/built-in.a
  AR      drivers/cache/built-in.a
  CC      drivers/irqchip/irqchip.o
  CC      lib/xarray.o
  CC      drivers/irqchip/irq-gic.o
  CC      drivers/irqchip/irq-gic-common.o
  CC      fs/jffs2/symlink.o
  CC      lib/lockref.o
  CC      lib/bcd.o
  CC      drivers/irqchip/irq-msi-lib.o
  CC      fs/jffs2/build.o
  CC      lib/sort.o
  CC      lib/parser.o
  CC      drivers/irqchip/irq-gic-v2m.o
  CC      fs/jffs2/erase.o
  CC      lib/debug_locks.o
  CC      lib/random32.o
  CC      fs/jffs2/background.o
  CC      lib/bust_spinlocks.o
  CC      drivers/irqchip/irq-gic-v3.o
  CC      drivers/irqchip/irq-gic-v3-mbi.o
  CC      fs/jffs2/fs.o
  CC      lib/kasprintf.o
  CC      lib/bitmap.o
  CC      lib/scatterlist.o
  CC      drivers/irqchip/irq-gic-its-msi-parent.o
  CC      fs/jffs2/writev.o
  CC      fs/jffs2/super.o
  CC      lib/list_sort.o
  CC      fs/jffs2/debug.o
  CC      lib/uuid.o
  CC      drivers/irqchip/irq-gic-v3-its.o
  CC      lib/iov_iter.o
  CC      drivers/irqchip/irq-gic-v4.o
  CC      fs/jffs2/wbuf.o
  CC      lib/clz_ctz.o
  CC      drivers/bus/simple-pm-bus.o
  AR      drivers/bus/mhi/built-in.a
  AR      drivers/bus/built-in.a
  CC      fs/jffs2/xattr.o
  CC      drivers/phy/phy-common-props.o
  CC      drivers/phy/phy-core.o
  CC      lib/bsearch.o
  CC      lib/find_bit.o
  CC      drivers/irqchip/irq-partition-percpu.o
  CC      fs/jffs2/xattr_trusted.o
  CC      drivers/phy/airoha/phy-airoha-pcie.o
  CC      lib/llist.o
  CC      lib/lwq.o
  CC      lib/memweight.o
  CC      drivers/irqchip/irq-gic-v5.o
  CC      lib/kfifo.o
  CC      fs/jffs2/xattr_user.o
  CC      fs/jffs2/security.o
  CC      lib/percpu-refcount.o
  CC      drivers/irqchip/irq-gic-v5-irs.o
  CC      drivers/phy/airoha/phy-airoha-usb.o
  CC      fs/jffs2/acl.o
  CC      lib/rhashtable.o
  AR      drivers/phy/airoha/built-in.a
  AR      drivers/phy/allwinner/built-in.a
  AR      drivers/phy/amlogic/built-in.a
  AR      drivers/phy/broadcom/built-in.a
  CC      drivers/irqchip/irq-gic-v5-its.o
  AR      drivers/phy/cadence/built-in.a
  AR      drivers/phy/freescale/built-in.a
  AR      drivers/phy/hisilicon/built-in.a
  AR      drivers/phy/ingenic/built-in.a
  AR      drivers/phy/intel/built-in.a
  AR      drivers/phy/lantiq/built-in.a
  AR      drivers/phy/marvell/built-in.a
  AR      drivers/phy/mediatek/built-in.a
  AR      drivers/phy/microchip/built-in.a
  AR      drivers/phy/motorola/built-in.a
  AR      drivers/phy/mscc/built-in.a
  AR      drivers/phy/nuvoton/built-in.a
  AR      drivers/phy/qualcomm/built-in.a
  AR      drivers/phy/ralink/built-in.a
  AR      drivers/phy/realtek/built-in.a
  AR      drivers/phy/renesas/built-in.a
  AR      drivers/phy/rockchip/built-in.a
  CC      fs/jffs2/compr_rtime.o
  AR      drivers/phy/samsung/built-in.a
  AR      drivers/phy/socionext/built-in.a
  AR      drivers/phy/sophgo/built-in.a
  AR      drivers/phy/st/built-in.a
  AR      drivers/phy/starfive/built-in.a
  AR      drivers/phy/sunplus/built-in.a
  AR      drivers/phy/tegra/built-in.a
  AR      drivers/phy/ti/built-in.a
  AR      drivers/phy/xilinx/built-in.a
  AR      drivers/phy/built-in.a
  CC      fs/jffs2/compr_lzma.o
  CC      lib/base64.o
  CC      lib/once.o
  CC      fs/jffs2/summary.o
  CC      lib/refcount.o
  CC      drivers/irqchip/irq-gic-v5-iwb.o
  CC      lib/rcuref.o
  CC      sound/sound_core.o
  CC      lib/usercopy.o
  AR      drivers/irqchip/built-in.a
  CC      lib/errseq.o
  CC      drivers/pinctrl/core.o
  AR      fs/jffs2/built-in.a
  CC      fs/ubifs/shrinker.o
  CC      lib/bucket_locks.o
  CC      sound/core/sound.o
  CC      sound/core/init.o
  CC      lib/generic-radix-tree.o
  CC      fs/ubifs/journal.o
  CC      drivers/pinctrl/pinctrl-utils.o
  CC      lib/bitmap-str.o
  CC      drivers/pinctrl/pinmux.o
  CC      sound/core/memory.o
  CC      lib/string_helpers.o
  CC      sound/core/control.o
  CC      fs/ubifs/file.o
  CC      drivers/pinctrl/pinconf.o
  CC      lib/hexdump.o
  CC      lib/kstrtox.o
  CC      drivers/pinctrl/pinconf-generic.o
  AR      lib/kunit/built-in.a
  CC      fs/ubifs/dir.o
  CC      lib/debug_info.o
  CC      drivers/pinctrl/devicetree.o
  CC      sound/core/misc.o
  CC      drivers/pinctrl/pinctrl-single.o
  CC      sound/core/device.o
  CC      lib/math/div64.o
  CC      lib/math/gcd.o
  CC      fs/ubifs/super.o
  CC      lib/math/lcm.o
  CC      lib/math/int_log.o
  CC      sound/core/info.o
  CC      lib/math/int_pow.o
  CC      lib/math/int_sqrt.o
  CC      lib/math/reciprocal_div.o
  AR      drivers/pinctrl/actions/built-in.a
  CC      drivers/pinctrl/airoha/pinctrl-airoha.o
  CC      lib/math/rational.o
  AR      lib/math/tests/built-in.a
  AR      lib/math/built-in.a
  CC      lib/crc/crc16.o
  CC      sound/core/info_oss.o
  CC      drivers/pinctrl/airoha/pinctrl-an7581.o
  CC      lib/crc/crc-ccitt.o
  CC      fs/ubifs/sb.o
  CC      sound/core/sound_oss.o
  HOSTCC  lib/crc/gen_crc32table
  AS      lib/crc/arm64/crc32-core.o
  AR      drivers/pinctrl/airoha/built-in.a
  AR      drivers/pinctrl/bcm/built-in.a
  AR      drivers/pinctrl/cirrus/built-in.a
  AR      lib/crc/tests/built-in.a
  AR      drivers/pinctrl/freescale/built-in.a
  GEN     lib/crc/crc32table.h
  CC      lib/crc/crc32-main.o
  AR      drivers/pinctrl/mediatek/built-in.a
  AR      drivers/pinctrl/mvebu/built-in.a
  AR      drivers/pinctrl/nomadik/built-in.a
  AR      drivers/pinctrl/nuvoton/built-in.a
  AR      drivers/pinctrl/nxp/built-in.a
  AR      drivers/pinctrl/qcom/built-in.a
  AR      drivers/pinctrl/sophgo/built-in.a
  AR      drivers/pinctrl/spacemit/built-in.a
  AR      drivers/pinctrl/sprd/built-in.a
  AR      drivers/pinctrl/starfive/built-in.a
  AR      drivers/pinctrl/sunplus/built-in.a
  AR      drivers/pinctrl/ti/built-in.a
  AR      drivers/pinctrl/built-in.a
  CC      drivers/gpio/gpiolib.o
  CC      sound/core/ctljack.o
  CC      fs/ubifs/io.o
  AR      lib/crc/built-in.a
  CC      lib/crypto/hash_info.o
  CC      sound/core/jack.o
  CC      lib/crypto/memneq.o
  CC      sound/core/pcm.o
  CC      fs/ubifs/tnc.o
  CC      lib/crypto/utils.o
  CC      lib/crypto/aes.o
  CC      sound/core/pcm_native.o
  CC      drivers/gpio/gpiolib-devres.o
  CC      lib/crypto/arc4.o
  CC      lib/crypto/gf128mul.o
  CC      drivers/gpio/gpiolib-legacy.o
  CC      fs/ubifs/master.o
  CC      lib/crypto/blake2s.o
  CC      drivers/gpio/gpiolib-of.o
  CC      fs/ubifs/scan.o
  CC      lib/crypto/chacha-block-generic.o
  CC      drivers/gpio/gpiolib-cdev.o
  CC      lib/crypto/sha1.o
  CC      sound/core/pcm_lib.o
  CC      fs/ubifs/replay.o
  AS      lib/crypto/arm64/sha1-ce-core.o
  CC      lib/crypto/sha256.o
  CC      drivers/gpio/gpiolib-sysfs.o
  PERLASM lib/crypto/arm64/sha256-core.S
  AS      lib/crypto/arm64/sha256-ce.o
  CC [M]  lib/crypto/sha512.o
  CC      fs/ubifs/log.o
  CC      sound/core/pcm_misc.o
  PERLASM lib/crypto/arm64/sha512-core.S
  AS [M]  lib/crypto/arm64/sha512-ce-core.o
  AS      lib/crypto/arm64/sha256-core.o
  AS [M]  lib/crypto/arm64/sha512-core.o
  AR      lib/crypto/built-in.a
  LD [M]  lib/crypto/libsha512.o
  AR      lib/tests/built-in.a
  CC      lib/vdso/datastore.o
  CC      drivers/gpio/gpiolib-swnode.o
  CC      fs/ubifs/commit.o
  CC      sound/core/pcm_memory.o
  AR      lib/vdso/built-in.a
  CC      lib/iomap_copy.o
  CC      drivers/gpio/gpio-mmio.o
  CC      lib/devres.o
  CC      fs/ubifs/gc.o
  CC      sound/core/memalloc.o
  CC      drivers/gpio/gpio-en7523.o
  CC      lib/hweight.o
  CC      lib/assoc_array.o
  AR      sound/core/oss/built-in.a
  AR      sound/core/built-in.a
  AR      sound/i2c/other/built-in.a
  AR      sound/i2c/built-in.a
  AR      drivers/gpio/built-in.a
  AR      drivers/pwm/built-in.a
  AR      sound/drivers/opl3/built-in.a
  CC      drivers/leds/led-core.o
  AR      sound/drivers/opl4/built-in.a
  AR      sound/drivers/mpu401/built-in.a
  AR      sound/drivers/vx/built-in.a
  CC      fs/ubifs/orphan.o
  AR      sound/drivers/pcsp/built-in.a
  AR      sound/drivers/built-in.a
  AR      sound/isa/ad1816a/built-in.a
  AR      sound/isa/ad1848/built-in.a
  AR      sound/isa/cs423x/built-in.a
  AR      sound/isa/es1688/built-in.a
  AR      sound/isa/galaxy/built-in.a
  AR      sound/isa/gus/built-in.a
  AR      sound/isa/msnd/built-in.a
  AR      sound/isa/opti9xx/built-in.a
  AR      sound/isa/sb/built-in.a
  AR      sound/isa/wavefront/built-in.a
  AR      sound/isa/wss/built-in.a
  AR      sound/isa/built-in.a
  AR      sound/pci/ac97/built-in.a
  AR      sound/pci/ali5451/built-in.a
  AR      sound/pci/asihpi/built-in.a
  AR      sound/pci/au88x0/built-in.a
  AR      sound/pci/aw2/built-in.a
  AR      sound/pci/ctxfi/built-in.a
  AR      sound/pci/ca0106/built-in.a
  AR      sound/pci/cs46xx/built-in.a
  AR      sound/pci/cs5535audio/built-in.a
  AR      sound/pci/lola/built-in.a
  AR      sound/pci/lx6464es/built-in.a
  AR      sound/pci/echoaudio/built-in.a
  AR      sound/pci/emu10k1/built-in.a
  AR      sound/pci/ice1712/built-in.a
  AR      sound/pci/korg1212/built-in.a
  AR      sound/pci/mixart/built-in.a
  AR      sound/pci/nm256/built-in.a
  CC      lib/list_debug.o
  AR      sound/pci/oxygen/built-in.a
  AR      sound/pci/pcxhr/built-in.a
  AR      sound/pci/riptide/built-in.a
  AR      sound/pci/rme9652/built-in.a
  AR      sound/pci/trident/built-in.a
  AR      sound/pci/ymfpci/built-in.a
  AR      sound/pci/vx222/built-in.a
  AR      sound/pci/built-in.a
  AR      sound/ppc/built-in.a
  AR      sound/arm/built-in.a
  AR      sound/sh/built-in.a
  AR      sound/synth/built-in.a
  AR      sound/usb/misc/built-in.a
  AR      sound/usb/usx2y/built-in.a
  AR      sound/usb/caiaq/built-in.a
  CC      drivers/leds/led-class.o
  AR      sound/usb/6fire/built-in.a
  AR      sound/usb/hiface/built-in.a
  AR      sound/usb/bcd2000/built-in.a
  AR      sound/usb/qcom/built-in.a
  AR      sound/usb/built-in.a
  AR      sound/firewire/built-in.a
  AR      sound/sparc/built-in.a
  AR      sound/spi/built-in.a
  AR      sound/parisc/built-in.a
  AR      sound/pcmcia/vx/built-in.a
  AR      sound/pcmcia/pdaudiocf/built-in.a
  AR      sound/pcmcia/built-in.a
  AR      sound/mips/built-in.a
  CC      sound/soc/soc-core.o
  CC      lib/bitrev.o
  CC      lib/linear_ranges.o
  CC      fs/ubifs/budget.o
  CC      drivers/leds/led-class-multicolor.o
  CC      lib/xxhash.o
  CC      drivers/leds/led-triggers.o
  CC      lib/genalloc.o
  CC      fs/ubifs/find.o
  CC      sound/soc/soc-dapm.o
  CC      lib/zlib_inflate/inffast.o
  AR      drivers/leds/rgb/built-in.a
  CC      drivers/leds/trigger/ledtrig-timer.o
  CC      lib/zlib_inflate/inflate.o
  CC      fs/ubifs/tnc_commit.o
  CC      drivers/leds/trigger/ledtrig-heartbeat.o
  CC      lib/zlib_inflate/infutil.o
  CC      drivers/leds/trigger/ledtrig-default-on.o
  CC      lib/zlib_inflate/inftrees.o
  CC      lib/zlib_inflate/inflate_syms.o
  CC      drivers/leds/trigger/ledtrig-netdev.o
  CC      fs/ubifs/compress.o
  AR      lib/zlib_inflate/built-in.a
  CC      lib/zlib_deflate/deflate.o
  CC      sound/soc/soc-jack.o
  CC      fs/ubifs/lpt.o
  AR      drivers/leds/trigger/built-in.a
  CC      lib/zlib_deflate/deftree.o
  AR      drivers/leds/blink/built-in.a
  AR      drivers/leds/simatic/built-in.a
  CC [M]  drivers/leds/leds-gpio.o
  CC      sound/soc/soc-utils.o
  CC      lib/zlib_deflate/deflate_syms.o
  AR      drivers/leds/built-in.a
  CC      drivers/pci/access.o
  AR      lib/zlib_deflate/built-in.a
  CC      lib/lzo/lzo1x_compress.o
  CC      sound/soc/soc-dai.o
  CC      fs/ubifs/lprops.o
  CC      lib/lzo/lzo1x_compress_safe.o
  CC      drivers/pci/bus.o
  CC      lib/lzo/lzo1x_decompress_safe.o
  CC      sound/soc/soc-component.o
  CC      drivers/pci/probe.o
  AR      lib/lzo/built-in.a
  CC      lib/zstd/zstd_compress_module.o
  CC      fs/ubifs/recovery.o
  CC      lib/zstd/compress/fse_compress.o
  CC      sound/soc/soc-pcm.o
  CC      lib/zstd/compress/hist.o
  CC      lib/zstd/compress/huf_compress.o
  CC      fs/ubifs/ioctl.o
  CC      drivers/pci/host-bridge.o
  CC      lib/zstd/compress/zstd_compress.o
  CC      drivers/pci/remove.o
  CC      fs/ubifs/lpt_commit.o
  CC      sound/soc/soc-devres.o
  CC      drivers/pci/pci.o
  CC      sound/soc/soc-ops.o
  CC      fs/ubifs/tnc_misc.o
  CC      lib/zstd/compress/zstd_compress_literals.o
  CC      lib/zstd/compress/zstd_compress_sequences.o
  CC      sound/soc/soc-link.o
  CC      lib/zstd/compress/zstd_compress_superblock.o
  CC      fs/ubifs/debug.o
  CC      lib/zstd/compress/zstd_double_fast.o
  CC      sound/soc/soc-card.o
  CC      drivers/pci/pci-driver.o
  AR      sound/soc/codecs/built-in.a
  AR      sound/soc/generic/built-in.a
  AR      sound/soc/apple/built-in.a
  AR      sound/soc/adi/built-in.a
  AR      sound/soc/amd/built-in.a
  AR      sound/soc/atmel/built-in.a
  AR      sound/soc/au1x/built-in.a
  AR      sound/soc/bcm/built-in.a
  AR      sound/soc/cirrus/built-in.a
  AR      sound/soc/dwc/built-in.a
  AR      sound/soc/fsl/built-in.a
  AR      sound/soc/google/built-in.a
  AR      sound/soc/hisilicon/built-in.a
  AR      sound/soc/jz4740/built-in.a
  AR      sound/soc/loongson/built-in.a
  AR      sound/soc/img/built-in.a
  AR      sound/soc/intel/common/built-in.a
  AR      sound/soc/intel/boards/built-in.a
  AR      sound/soc/intel/built-in.a
  CC      sound/soc/mediatek/common/mtk-afe-platform-driver.o
  CC      drivers/pci/search.o
  CC      sound/soc/mediatek/common/mtk-afe-fe-dai.o
  CC      fs/ubifs/misc.o
  CC      lib/zstd/compress/zstd_fast.o
  CC      drivers/pci/rebar.o
  CC      fs/ubifs/sysfs.o
  CC      sound/soc/mediatek/common/mtk-dsp-sof-common.o
  CC      drivers/pci/rom.o
  CC      fs/ubifs/xattr.o
  CC      sound/soc/mediatek/common/mtk-soundcard-driver.o
  CC      drivers/pci/setup-res.o
  CC      lib/zstd/compress/zstd_lazy.o
  CC      sound/soc/mediatek/common/mtk-dai-adda-common.o
  AR      fs/ubifs/built-in.a
  CC      fs/overlayfs/super.o
  CC      drivers/pci/irq.o
  AR      sound/soc/mediatek/common/built-in.a
  CC      sound/soc/mediatek/an7581/an7581-afe-pcm.o
  CC      drivers/pci/vpd.o
  CC      sound/soc/mediatek/an7581/an7581-dai-etdm.o
  CC      fs/overlayfs/namei.o
  CC      drivers/pci/setup-bus.o
  AR      sound/soc/mediatek/an7581/built-in.a
  AR      sound/soc/mediatek/built-in.a
  AR      sound/soc/meson/built-in.a
  AR      sound/soc/mxs/built-in.a
  AR      sound/soc/kirkwood/built-in.a
  AR      sound/soc/pxa/built-in.a
  AR      sound/soc/qcom/built-in.a
  AR      sound/soc/renesas/built-in.a
  AR      sound/soc/rockchip/built-in.a
  AR      sound/soc/samsung/built-in.a
  AR      sound/soc/sdca/built-in.a
  AR      sound/soc/sof/built-in.a
  AR      sound/soc/spear/built-in.a
  AR      sound/soc/sprd/built-in.a
  AR      sound/soc/starfive/built-in.a
  AR      sound/soc/sti/built-in.a
  AR      sound/soc/stm/built-in.a
  AR      sound/soc/sunxi/built-in.a
  AR      sound/soc/tegra/built-in.a
  AR      sound/soc/ti/built-in.a
  AR      sound/soc/uniphier/built-in.a
  AR      sound/soc/ux500/built-in.a
  AR      sound/soc/xilinx/built-in.a
  AR      sound/soc/xtensa/built-in.a
  AR      sound/soc/sdw_utils/built-in.a
  AR      sound/soc/built-in.a
  AR      sound/atmel/built-in.a
  AR      sound/hda/core/built-in.a
  AR      sound/hda/built-in.a
  AR      sound/x86/built-in.a
  AR      sound/xen/built-in.a
  AR      sound/virtio/built-in.a
  CC      sound/last.o
  CC      fs/overlayfs/util.o
  AR      sound/built-in.a
  CC      fs/overlayfs/inode.o
  CC      drivers/pci/vc.o
  CC      drivers/pci/mmap.o
  CC      fs/overlayfs/file.o
  CC      fs/overlayfs/dir.o
  CC      drivers/pci/devres.o
  CC      drivers/pci/msi/pcidev_msi.o
  CC      drivers/pci/msi/api.o
  CC      fs/overlayfs/readdir.o
  CC      fs/overlayfs/copy_up.o
  CC      drivers/pci/msi/msi.o
  CC      net/devres.o
  CC      drivers/pci/msi/irqdomain.o
  CC      fs/overlayfs/export.o
  CC      net/socket.o
  CC      fs/overlayfs/params.o
  AR      drivers/pci/msi/built-in.a
  CC      drivers/pci/pcie/portdrv.o
  CC      drivers/pci/pcie/rcec.o
  CC      fs/overlayfs/xattrs.o
  CC      drivers/pci/pcie/bwctrl.o
  AR      fs/overlayfs/built-in.a
  AR      fs/hostfs/built-in.a
  CC      fs/debugfs/inode.o
  CC      net/core/sock.o
  CC      drivers/pci/pcie/aspm.o
  CC      fs/debugfs/file.o
  CC      lib/zstd/compress/zstd_ldm.o
  CC      lib/zstd/compress/zstd_opt.o
  CC      drivers/pci/pcie/aer.o
  AR      fs/debugfs/built-in.a
  AR      fs/built-in.a
  CC      drivers/pci/pcie/err.o
  AR      drivers/pci/pwrctrl/built-in.a
  CC      lib/zstd/compress/zstd_preSplit.o
  CC      drivers/pci/pcie/tlp.o
  CC      drivers/pci/proc.o
  CC      net/core/request_sock.o
  CC      lib/zstd/zstd_decompress_module.o
  CC      drivers/pci/pcie/pme.o
  CC      drivers/pci/pci-sysfs.o
  CC      net/core/skbuff.o
  CC      lib/zstd/decompress/huf_decompress.o
  AR      drivers/pci/pcie/built-in.a
  CC      lib/zstd/decompress/zstd_ddict.o
  CC      net/llc/llc_core.o
  CC      drivers/pci/slot.o
  CC      lib/zstd/decompress/zstd_decompress.o
  CC      net/llc/llc_input.o
  CC      drivers/pci/iomap.o
  CC      lib/zstd/decompress/zstd_decompress_block.o
  CC      net/llc/llc_output.o
  CC      drivers/pci/of.o
  AR      net/llc/built-in.a
  CC      net/core/datagram.o
  CC      lib/zstd/zstd_common_module.o
  CC      drivers/pci/quirks.o
  CC      lib/zstd/common/debug.o
  CC      lib/zstd/common/entropy_common.o
  CC      lib/zstd/common/error_private.o
  CC      lib/zstd/common/fse_decompress.o
  CC      drivers/pci/syscall.o
  CC      lib/zstd/common/zstd_common.o
  AR      lib/zstd/built-in.a
  CC      lib/xz/xz_dec_syms.o
  CC      lib/xz/xz_dec_stream.o
  CC      net/core/stream.o
  AR      virt/lib/built-in.a
  AR      virt/built-in.a
  CC      net/core/scm.o
  CC      lib/xz/xz_dec_lzma2.o
  CC      drivers/pci/controller/pcie-mediatek.o
  CC      net/core/gen_stats.o
  AR      lib/xz/built-in.a
  CC      lib/lzma/LzFind.o
  CC      drivers/pci/controller/pcie-mediatek-gen3.o
  CC      lib/textsearch.o
  CC      lib/lzma/LzmaEnc.o
  CC      lib/lzma/LzmaDec.o
  CC      net/core/gen_estimator.o
  CC      lib/percpu_counter.o
  AR      drivers/pci/controller/dwc/built-in.a
  AR      lib/lzma/built-in.a
  AR      drivers/pci/controller/mobiveil/built-in.a
  AR      drivers/pci/controller/plda/built-in.a
  CC      lib/syscall.o
  AR      drivers/pci/controller/built-in.a
  AR      drivers/pci/switch/built-in.a
  AR      drivers/pci/built-in.a
  AR      drivers/video/backlight/built-in.a
  AR      drivers/video/fbdev/core/built-in.a
  AR      drivers/video/fbdev/omap/built-in.a
  AR      drivers/video/fbdev/omap2/omapfb/dss/built-in.a
  AR      drivers/video/fbdev/omap2/omapfb/displays/built-in.a
  AR      drivers/video/fbdev/omap2/omapfb/built-in.a
  AR      drivers/video/fbdev/omap2/built-in.a
  AR      drivers/video/fbdev/built-in.a
  AR      drivers/video/built-in.a
  AR      drivers/idle/built-in.a
  AR      drivers/char/ipmi/built-in.a
  CC      drivers/amba/bus.o
  CC      net/core/net_namespace.o
  CC      net/core/secure_seq.o
  CC      lib/errname.o
  CC      lib/nlattr.o
  AR      drivers/amba/built-in.a
  CC      drivers/clk/clk-devres.o
  CC      drivers/clk/clk-bulk.o
  CC      lib/checksum.o
  CC      net/core/flow_dissector.o
  CC      net/core/sysctl_net_core.o
  CC      lib/cpu_rmap.o
  CC      drivers/clk/clkdev.o
  CC      lib/dynamic_queue_limits.o
  CC      drivers/clk/clk.o
  CC      drivers/clk/clk-divider.o
  CC      lib/glob.o
  CC      lib/dim/dim.o
  CC      net/core/dev.o
  CC      lib/dim/net_dim.o
  CC      lib/strncpy_from_user.o
  CC      lib/dim/rdma_dim.o
  CC      lib/strnlen_user.o
  CC      drivers/clk/clk-fixed-factor.o
  AR      lib/dim/built-in.a
  CC      drivers/dma/dmaengine.o
  CC      lib/net_utils.o
  CC      drivers/clk/clk-fixed-rate.o
  CC      drivers/clk/clk-gate.o
  CC      lib/sbitmap.o
  CC      drivers/dma/of-dma.o
  CC      drivers/clk/clk-multiplier.o
  AR      drivers/dma/idxd/built-in.a
  AR      drivers/dma/amd/built-in.a
  AR      drivers/dma/mediatek/built-in.a
  AR      drivers/dma/qcom/built-in.a
  AR      drivers/dma/stm32/built-in.a
  AR      drivers/dma/ti/built-in.a
  AR      drivers/dma/xilinx/built-in.a
  AR      drivers/dma/built-in.a
  CC      drivers/clk/clk-mux.o
  CC      lib/group_cpus.o
  CC      lib/devmem_is_allowed.o
  CC      drivers/clk/clk-composite.o
  CC      drivers/clk/clk-fractional-divider.o
  TEST    lib/test_fortify/read_overflow-memchr.log
  TEST    lib/test_fortify/read_overflow-memchr_inv.log
  TEST    lib/test_fortify/read_overflow-memcmp.log
  CC      drivers/clk/clk-gpio.o
  AR      drivers/soc/apple/built-in.a
  AR      drivers/soc/aspeed/built-in.a
  TEST    lib/test_fortify/read_overflow-memscan.log
  AR      drivers/soc/bcm/built-in.a
  AR      drivers/soc/fsl/built-in.a
  AR      drivers/soc/fujitsu/built-in.a
  AR      drivers/soc/hisilicon/built-in.a
  AR      drivers/soc/imx/built-in.a
  AR      drivers/soc/ixp4xx/built-in.a
  AR      drivers/soc/loongson/built-in.a
  AR      drivers/soc/mediatek/built-in.a
  AR      drivers/soc/microchip/built-in.a
  AR      drivers/soc/nuvoton/built-in.a
  AR      drivers/soc/pxa/built-in.a
  AR      drivers/soc/amlogic/built-in.a
  AR      drivers/soc/qcom/built-in.a
  AR      drivers/soc/renesas/built-in.a
  AR      drivers/soc/rockchip/built-in.a
  AR      drivers/soc/sophgo/built-in.a
  AR      drivers/soc/sunxi/built-in.a
  AR      drivers/soc/ti/built-in.a
  AR      drivers/soc/versatile/built-in.a
  AR      drivers/soc/vt8500/built-in.a
  AR      drivers/soc/xilinx/built-in.a
  AR      drivers/soc/built-in.a
  CC      drivers/clk/clk-conf.o
  TEST    lib/test_fortify/read_overflow2-memcmp.log
  TEST    lib/test_fortify/read_overflow2-memcpy.log
  CC      drivers/clk/clk-en7523.o
  TEST    lib/test_fortify/read_overflow2-memmove.log
  AR      drivers/pmdomain/actions/built-in.a
  AR      drivers/pmdomain/amlogic/built-in.a
  AR      drivers/pmdomain/apple/built-in.a
  AR      drivers/pmdomain/arm/built-in.a
  AR      drivers/pmdomain/bcm/built-in.a
  AR      drivers/pmdomain/imx/built-in.a
  AR      drivers/pmdomain/marvell/built-in.a
  CC      drivers/pmdomain/mediatek/airoha-cpu-pmdomain.o
  TEST    lib/test_fortify/read_overflow2_field-memcpy.log
  AR      drivers/clk/actions/built-in.a
  AR      drivers/clk/analogbits/built-in.a
  AR      drivers/clk/bcm/built-in.a
  AR      drivers/clk/imgtec/built-in.a
  AR      drivers/clk/imx/built-in.a
  AR      drivers/clk/ingenic/built-in.a
  AR      drivers/clk/keystone/built-in.a
  AR      drivers/clk/mediatek/built-in.a
  AR      drivers/clk/microchip/built-in.a
  AR      drivers/clk/mstar/built-in.a
  AR      drivers/clk/mvebu/built-in.a
  AR      drivers/clk/ralink/built-in.a
  CC      net/core/dev_api.o
  AR      drivers/clk/renesas/built-in.a
  AR      drivers/clk/socfpga/built-in.a
  AR      drivers/clk/sophgo/built-in.a
  AR      drivers/clk/spacemit/built-in.a
  AR      drivers/pmdomain/mediatek/built-in.a
  AR      drivers/clk/sprd/built-in.a
  AR      drivers/pmdomain/qcom/built-in.a
  AR      drivers/clk/starfive/built-in.a
  AR      drivers/pmdomain/renesas/built-in.a
  AR      drivers/clk/sunxi-ng/built-in.a
  TEST    lib/test_fortify/read_overflow2_field-memmove.log
  AR      drivers/pmdomain/rockchip/built-in.a
  AR      drivers/clk/ti/built-in.a
  AR      drivers/pmdomain/samsung/built-in.a
  AR      drivers/clk/versatile/built-in.a
  AR      drivers/clk/xilinx/built-in.a
  AR      drivers/pmdomain/st/built-in.a
  AR      drivers/clk/built-in.a
  AR      drivers/pmdomain/starfive/built-in.a
  AR      drivers/pmdomain/sunxi/built-in.a
  AR      drivers/pmdomain/tegra/built-in.a
  AR      drivers/pmdomain/thead/built-in.a
  AR      drivers/pmdomain/ti/built-in.a
  AR      drivers/pmdomain/xilinx/built-in.a
  CC      drivers/pmdomain/core.o
  CC      drivers/pmdomain/governor.o
  TEST    lib/test_fortify/write_overflow-memcpy.log
  AR      drivers/virtio/built-in.a
  CC      net/core/dev_addr_lists.o
  TEST    lib/test_fortify/write_overflow-memmove.log
  CC      net/core/dst.o
  TEST    lib/test_fortify/write_overflow-memset.log
  TEST    lib/test_fortify/write_overflow-strcpy-lit.log
  TEST    lib/test_fortify/write_overflow-strcpy.log
  TEST    lib/test_fortify/write_overflow-strncpy-src.log
  AR      drivers/pmdomain/built-in.a
  CC      drivers/regulator/core.o
  CC      net/core/netevent.o
  CC      drivers/regulator/dummy.o
  TEST    lib/test_fortify/write_overflow-strncpy.log
  TEST    lib/test_fortify/write_overflow-strscpy.log
  CC      net/core/neighbour.o
  TEST    lib/test_fortify/write_overflow_field-memcpy.log
  CC      drivers/regulator/fixed-helper.o
  TEST    lib/test_fortify/write_overflow_field-memmove.log
  TEST    lib/test_fortify/write_overflow_field-memset.log
  AR      lib/lib.a
  CC      drivers/regulator/helpers.o
  CAT     lib/test_fortify/test_fortify.log
  AR      lib/built-in.a
  CC      drivers/reset/core.o
  AR      drivers/reset/amlogic/built-in.a
  CC      drivers/regulator/devres.o
  AR      drivers/reset/hisilicon/built-in.a
  CC      drivers/regulator/irq_helpers.o
  AR      drivers/reset/starfive/built-in.a
  AR      drivers/reset/sti/built-in.a
  AR      drivers/reset/tegra/built-in.a
  AR      drivers/reset/built-in.a
  CC      drivers/tty/tty_io.o
  CC      net/core/rtnetlink.o
  CC      net/core/utils.o
  CC      drivers/regulator/of_regulator.o
  CC      drivers/regulator/fixed.o
  CC      net/core/link_watch.o
  CC      drivers/tty/n_tty.o
  AR      drivers/regulator/built-in.a
  CC      net/ethernet/eth.o
  CC      net/core/filter.o
  CC      drivers/tty/tty_ioctl.o
  AR      net/ethernet/built-in.a
  CC      drivers/tty/tty_ldisc.o
  CC      drivers/tty/tty_buffer.o
  CC      net/core/dev_ioctl.o
  CC      drivers/tty/tty_port.o
  CC      net/802/psnap.o
  CC      drivers/tty/tty_mutex.o
  CC      drivers/tty/tty_ldsem.o
  CC      drivers/tty/tty_baudrate.o
  CC      net/802/stp.o
  CC      net/core/tso.o
  CC      drivers/tty/tty_jobctrl.o
  AR      net/802/built-in.a
  CC      drivers/tty/n_null.o
  CC      drivers/tty/pty.o
  CC      net/core/sock_reuseport.o
  CC      drivers/tty/sysrq.o
  AR      drivers/tty/vt/built-in.a
  CC      net/core/fib_notifier.o
  CC      drivers/tty/serial/serial_core.o
  CC      drivers/tty/serial/serial_base_bus.o
  CC      drivers/tty/serial/serial_ctrl.o
  CC      net/core/xdp.o
  CC      net/sched/sch_generic.o
  AR      drivers/tty/ipwireless/built-in.a
  CC      drivers/tty/serial/serial_port.o
  CC      net/netlink/af_netlink.o
  CC      net/core/flow_offload.o
  CC      drivers/tty/serial/earlycon.o
  CC      net/sched/sch_mq.o
  CC      drivers/tty/serial/8250/8250_core.o
  CC      net/core/gro.o
  CC      net/sched/sch_frag.o
  CC      drivers/tty/serial/8250/8250_platform.o
  CC      net/netlink/genetlink.o
  CC      drivers/tty/serial/8250/8250_port.o
  CC      net/core/netdev-genl.o
  CC      net/sched/sch_api.o
  CC      net/netlink/policy.o
  CC      net/core/netdev-genl-gen.o
  CC      drivers/tty/serial/8250/8250_dma.o
  AR      net/netlink/built-in.a
  CC      drivers/tty/serial/8250/8250_early.o
  CC      net/sched/sch_blackhole.o
  CC      net/core/gso.o
  CC      net/core/net-sysfs.o
  CC      drivers/tty/serial/8250/8250_en7523.o
  CC      net/sched/cls_api.o
  CC      drivers/tty/serial/8250/8250_fsl.o
  CC      drivers/tty/serial/8250/8250_of.o
  CC      net/core/hotdata.o
  AR      drivers/tty/serial/8250/built-in.a
  CC      drivers/tty/serial/serial_mctrl_gpio.o
  CC      net/core/netdev_rx_queue.o
  AR      drivers/tty/serial/built-in.a
  AR      drivers/tty/built-in.a
  CC      drivers/char/mem.o
  AR      drivers/iommu/arm/arm-smmu/built-in.a
  AR      drivers/iommu/arm/arm-smmu-v3/built-in.a
  AR      drivers/iommu/arm/built-in.a
  AR      drivers/iommu/iommufd/built-in.a
  AR      drivers/iommu/built-in.a
  CC      drivers/char/random.o
  CC      net/core/netdev_queues.o
  CC      net/sched/act_api.o
  AR      drivers/gpu/host1x/built-in.a
  AR      drivers/gpu/drm/tests/built-in.a
  AR      drivers/gpu/drm/arm/built-in.a
  CC      net/core/page_pool.o
  AR      drivers/gpu/drm/clients/built-in.a
  AR      drivers/gpu/drm/display/built-in.a
  AR      drivers/gpu/drm/renesas/rcar-du/built-in.a
  AR      drivers/gpu/drm/renesas/rz-du/built-in.a
  AR      drivers/gpu/drm/renesas/built-in.a
  AR      drivers/gpu/drm/omapdrm/built-in.a
  AR      drivers/gpu/drm/tilcdc/built-in.a
  AR      drivers/gpu/drm/imx/built-in.a
  AR      drivers/gpu/drm/panel/built-in.a
  AR      drivers/gpu/drm/bridge/analogix/built-in.a
  AR      drivers/gpu/drm/bridge/cadence/built-in.a
  AR      drivers/gpu/drm/bridge/imx/built-in.a
  AR      drivers/gpu/drm/bridge/synopsys/built-in.a
  AR      drivers/gpu/drm/bridge/built-in.a
  AR      drivers/gpu/drm/hisilicon/built-in.a
  AR      drivers/gpu/drm/mxsfb/built-in.a
  AR      drivers/gpu/drm/sysfb/built-in.a
  AR      drivers/gpu/drm/tiny/built-in.a
  AR      drivers/gpu/drm/xlnx/built-in.a
  AR      drivers/gpu/drm/gud/built-in.a
  AR      drivers/gpu/drm/sitronix/built-in.a
  AR      drivers/gpu/drm/solomon/built-in.a
  AR      drivers/gpu/drm/built-in.a
  AR      drivers/gpu/vga/built-in.a
  AR      drivers/gpu/tests/built-in.a
  AR      drivers/gpu/built-in.a
  CC      drivers/char/misc.o
  CC      drivers/base/component.o
  CC      drivers/char/hw_random/core.o
  CC      drivers/base/core.o
  CC      net/core/page_pool_user.o
  CC      net/sched/sch_fifo.o
  CC      drivers/char/hw_random/airoha-trng.o
  AR      drivers/char/hw_random/built-in.a
  AR      drivers/char/agp/built-in.a
  AR      drivers/char/built-in.a
  CC      net/sched/sch_fq_codel.o
  CC      net/core/net-procfs.o
  CC      net/sched/ematch.o
  CC      drivers/base/bus.o
  CC      net/core/fib_rules.o
  CC      net/core/selftests.o
  CC [M]  net/sched/act_gact.o
  CC      drivers/base/dd.o
  CC [M]  net/sched/act_mirred.o
  CC [M]  net/sched/act_skbedit.o
  CC      net/core/lwtunnel.o
  CC      drivers/base/syscore.o
  CC      drivers/base/driver.o
  CC      drivers/base/class.o
  CC      net/core/dst_cache.o
  CC [M]  net/sched/sch_htb.o
  CC [M]  net/sched/sch_hfsc.o
  CC      drivers/base/platform.o
  CC      net/core/gro_cells.o
  CC      net/core/skmsg.o
  CC [M]  net/sched/sch_ingress.o
  CC      drivers/base/cpu.o
  CC      drivers/base/firmware.o
  CC [M]  net/sched/sch_tbf.o
  CC [M]  net/sched/sch_cake.o
  CC      drivers/base/init.o
  CC      drivers/base/map.o
  CC      net/core/sock_map.o
  CC      net/core/bpf_sk_storage.o
  CC      drivers/base/devres.o
  CC      drivers/base/attribute_container.o
  CC [M]  net/sched/cls_u32.o
  CC      drivers/base/transport_class.o
  CC [M]  net/sched/cls_route.o
  CC      drivers/base/topology.o
  CC      net/core/of_net.o
  CC [M]  net/sched/cls_fw.o
  CC      drivers/base/container.o
  AR      net/core/built-in.a
  CC      drivers/base/property.o
  CC [M]  net/sched/cls_basic.o
  CC      net/bpf/test_run.o
  CC      drivers/base/cacheinfo.o
  CC      drivers/base/swnode.o
  CC [M]  net/sched/cls_flow.o
  CC [M]  net/sched/cls_matchall.o
  CC      drivers/base/faux.o
  CC      net/bpf/bpf_dummy_struct_ops.o
  CC      drivers/base/power/sysfs.o
  CC      drivers/base/power/generic_ops.o
  CC [M]  net/sched/em_u32.o
  CC      drivers/base/power/common.o
  CC      drivers/base/power/qos.o
  AR      net/bpf/built-in.a
  CC      drivers/base/power/runtime.o
  CC      drivers/base/firmware_loader/main.o
  AR      net/sched/built-in.a
  CC      net/ethtool/ioctl.o
  CC      net/ethtool/common.o
  CC      drivers/base/firmware_loader/builtin/main.o
  CC      drivers/base/power/wakeirq.o
  AR      drivers/base/firmware_loader/builtin/built-in.a
  AR      drivers/base/firmware_loader/built-in.a
  CC      drivers/base/power/clock_ops.o
  CC      net/ethtool/netlink.o
  CC      net/ethtool/bitset.o
  AR      drivers/base/power/built-in.a
  CC      drivers/base/module.o
  CC      drivers/base/regmap/regmap.o
  CC      drivers/base/regmap/regcache.o
  CC      drivers/base/soc.o
  CC      net/ethtool/strset.o
  CC      net/ethtool/linkinfo.o
  CC      net/netfilter/core.o
  CC      net/netfilter/nf_log.o
  CC      drivers/base/regmap/regcache-rbtree.o
  CC      net/ethtool/linkmodes.o
  CC      net/ipv4/route.o
  CC      drivers/base/regmap/regcache-flat.o
  CC      net/netfilter/nf_queue.o
  CC      net/ethtool/rss.o
  CC      drivers/base/regmap/regcache-maple.o
  CC      net/netfilter/nf_sockopt.o
  CC      net/ethtool/linkstate.o
  CC      drivers/base/regmap/regmap-debugfs.o
  CC      net/netfilter/utils.o
  CC      net/ipv4/inetpeer.o
  CC      drivers/base/regmap/regmap-i2c.o
  CC      net/ethtool/debug.o
  CC      drivers/base/regmap/regmap-spi.o
  CC      net/ipv4/protocol.o
  CC      net/netfilter/nf_bpf_link.o
  CC      net/ethtool/wol.o
  CC      drivers/base/regmap/regmap-mmio.o
  CC      net/ipv4/ip_input.o
  CC      net/ethtool/features.o
  CC      net/netfilter/nf_hooks_lwtunnel.o
  CC      drivers/base/regmap/regmap-irq.o
  CC      net/ethtool/privflags.o
  CC      net/ipv4/ip_fragment.o
  CC [M]  net/netfilter/nfnetlink.o
  AR      drivers/base/regmap/built-in.a
  CC      drivers/base/pinctrl.o
  CC      drivers/base/devcoredump.o
  CC      net/ethtool/rings.o
  CC      net/ipv4/ip_forward.o
  CC      drivers/base/platform-msi.o
  CC [M]  net/netfilter/nf_conntrack_core.o
  CC      drivers/base/arch_topology.o
  CC      net/ethtool/channels.o
  CC      net/ipv4/ip_options.o
  AR      drivers/base/test/built-in.a
  AR      drivers/base/built-in.a
  CC      drivers/block/fitblk.o
  CC      net/ethtool/coalesce.o
  CC [M]  net/netfilter/nf_conntrack_standalone.o
  CC      net/ipv4/ip_output.o
  AR      drivers/block/built-in.a
  AR      drivers/misc/eeprom/built-in.a
  AR      drivers/misc/cb710/built-in.a
  AR      drivers/misc/lis3lv02d/built-in.a
  AR      drivers/misc/cardreader/built-in.a
  AR      drivers/misc/keba/built-in.a
  AR      drivers/misc/amd-sbi/built-in.a
  AR      drivers/misc/built-in.a
  CC      drivers/mfd/syscon.o
  CC      net/ethtool/pause.o
  AR      drivers/mfd/built-in.a
  AR      drivers/nfc/built-in.a
  AR      drivers/dax/hmem/built-in.a
  AR      drivers/dax/built-in.a
  AR      drivers/cxl/core/built-in.a
  AR      drivers/cxl/built-in.a
  AR      drivers/macintosh/built-in.a
  AR      drivers/scsi/built-in.a
  AR      drivers/nvme/common/built-in.a
  AR      drivers/nvme/host/built-in.a
  AR      drivers/nvme/target/built-in.a
  AR      drivers/nvme/built-in.a
  CC      drivers/mtd/mtdcore.o
  CC [M]  net/netfilter/nf_conntrack_expect.o
  CC      net/ethtool/eee.o
  CC      net/ethtool/tsinfo.o
  CC      net/ipv4/ip_sockglue.o
  CC [M]  net/netfilter/nf_conntrack_helper.o
  CC      drivers/mtd/mtdsuper.o
  CC      net/ethtool/cabletest.o
  CC      drivers/mtd/mtdconcat.o
  CC [M]  net/netfilter/nf_conntrack_proto.o
  CC      net/ipv4/inet_hashtables.o
  CC      net/ethtool/tunnels.o
  CC      drivers/mtd/mtdpart.o
  CC [M]  net/netfilter/nf_conntrack_proto_generic.o
  CC      drivers/mtd/mtdchar.o
  CC      net/ethtool/fec.o
  CC      net/ipv4/inet_timewait_sock.o
  CC [M]  net/netfilter/nf_conntrack_proto_tcp.o
  CC      drivers/mtd/parsers/ofpart_core.o
  CC      net/ethtool/eeprom.o
  CC      net/ipv4/inet_connection_sock.o
  AR      drivers/mtd/parsers/built-in.a
  CC      drivers/mtd/mtdsplit/mtdsplit.o
  CC      drivers/mtd/mtdsplit/mtdsplit_squashfs.o
  CC [M]  net/netfilter/nf_conntrack_proto_udp.o
  CC      net/ethtool/stats.o
  CC      drivers/mtd/mtdsplit/mtdsplit_fit.o
  AR      drivers/mtd/mtdsplit/built-in.a
  CC      drivers/mtd/mtd_blkdevs.o
  CC [M]  net/netfilter/nf_conntrack_proto_icmp.o
  CC      net/ipv4/tcp.o
  CC      net/ethtool/phc_vclocks.o
  CC      drivers/mtd/mtdblock.o
  CC [M]  net/netfilter/nf_conntrack_extend.o
  CC      net/ethtool/mm.o
  CC      drivers/mtd/chips/chipreg.o
  CC [M]  net/netfilter/nf_conntrack_acct.o
  CC      drivers/mtd/chips/cfi_probe.o
  CC      net/ethtool/module.o
  CC      drivers/mtd/chips/cfi_util.o
  CC [M]  net/netfilter/nf_conntrack_seqadj.o
  CC      net/ipv4/tcp_input.o
  CC      net/ethtool/cmis_fw_update.o
  CC      drivers/mtd/chips/cfi_cmdset_0002.o
  CC [M]  net/netfilter/nf_conntrack_proto_icmpv6.o
  CC      net/ethtool/cmis_cdb.o
  CC      drivers/mtd/chips/cfi_cmdset_0001.o
  CC      net/ethtool/pse-pd.o
  CC [M]  net/netfilter/nf_conntrack_timeout.o
  CC      drivers/mtd/chips/gen_probe.o
  CC      net/ethtool/plca.o
  CC [M]  net/netfilter/nf_log_syslog.o
  AR      drivers/mtd/chips/built-in.a
  AR      drivers/mtd/lpddr/built-in.a
  CC      drivers/mtd/maps/map_funcs.o
  CC      net/ipv4/tcp_output.o
  CC      net/ethtool/phy.o
  AR      drivers/mtd/maps/built-in.a
  AR      drivers/mtd/devices/built-in.a
  CC      drivers/mtd/nand/core.o
  CC [M]  net/netfilter/nf_nat_core.o
  CC      drivers/mtd/nand/bbt.o
  CC      net/ethtool/tsconfig.o
  CC      drivers/mtd/nand/ecc.o
  CC      drivers/mtd/nand/mtk_bmt.o
  AR      net/ethtool/built-in.a
  CC      drivers/mtd/nand/mtk_bmt_v2.o
  CC [M]  net/netfilter/nf_nat_proto.o
  CC      net/ipv4/tcp_timer.o
  CC      net/unix/af_unix.o
  CC      drivers/mtd/nand/mtk_bmt_bbt.o
  CC      drivers/mtd/nand/mtk_bmt_nmbm.o
  CC [M]  net/netfilter/nf_nat_helper.o
  AR      drivers/mtd/nand/onenand/built-in.a
  CC      net/ipv4/tcp_ipv4.o
  CC      drivers/mtd/nand/raw/nand_base.o
  CC [M]  net/netfilter/nf_nat_redirect.o
  CC      net/unix/garbage.o
  CC [M]  net/netfilter/nf_nat_masquerade.o
  CC      net/unix/sysctl_net_unix.o
  CC      drivers/mtd/nand/raw/nand_legacy.o
  CC      net/ipv4/tcp_minisocks.o
  CC [M]  net/netfilter/nf_tables_core.o
  CC      drivers/mtd/nand/raw/nand_bbt.o
  CC      net/unix/unix_bpf.o
  CC      net/ipv4/tcp_cong.o
  CC [M]  net/netfilter/nf_tables_api.o
  CC      drivers/mtd/nand/raw/nand_timings.o
  AR      net/unix/built-in.a
  CC [M]  net/netfilter/nft_chain_filter.o
  CC      drivers/mtd/nand/raw/nand_ids.o
  CC      drivers/mtd/nand/raw/nand_onfi.o
  CC      net/ipv4/tcp_metrics.o
  CC      net/ipv4/tcp_fastopen.o
  CC      drivers/mtd/nand/raw/nand_jedec.o
  CC      drivers/mtd/nand/raw/nand_amd.o
  CC      net/ipv6/af_inet6.o
  CC      net/ipv4/tcp_rate.o
  CC      drivers/mtd/nand/raw/nand_esmt.o
  CC      drivers/mtd/nand/raw/nand_hynix.o
  CC      net/ipv4/tcp_recovery.o
  CC      drivers/mtd/nand/raw/nand_macronix.o
  CC      net/ipv6/anycast.o
  CC      drivers/mtd/nand/raw/nand_micron.o
  CC      net/ipv4/tcp_ulp.o
  CC      drivers/mtd/nand/raw/nand_sandisk.o
  CC      net/ipv6/ip6_output.o
  CC      drivers/mtd/nand/raw/nand_samsung.o
  CC [M]  net/netfilter/nf_tables_trace.o
  CC      net/ipv4/tcp_offload.o
  CC      drivers/mtd/nand/raw/nand_toshiba.o
  AR      drivers/mtd/nand/raw/ingenic/built-in.a
  AR      drivers/mtd/nand/raw/built-in.a
  CC      drivers/mtd/nand/spi/core.o
  CC [M]  net/netfilter/nft_immediate.o
  CC      net/ipv4/tcp_plb.o
  CC      net/ipv6/ip6_input.o
  CC      drivers/mtd/nand/spi/otp.o
  CC [M]  net/netfilter/nft_cmp.o
  CC      drivers/mtd/nand/spi/alliancememory.o
  CC      net/ipv4/datagram.o
  CC [M]  net/netfilter/nft_range.o
  CC      drivers/mtd/nand/spi/ato.o
  CC      net/ipv6/addrconf.o
  CC      net/ipv4/raw.o
  CC      drivers/mtd/nand/spi/esmt.o
  CC [M]  net/netfilter/nft_bitwise.o
  CC      drivers/mtd/nand/spi/etron.o
  CC [M]  net/netfilter/nft_byteorder.o
  CC      drivers/mtd/nand/spi/fmsh.o
  CC      net/ipv4/udp.o
  CC      drivers/mtd/nand/spi/foresee.o
  CC [M]  net/netfilter/nft_payload.o
  CC      drivers/mtd/nand/spi/gigadevice.o
  CC      net/ipv6/addrlabel.o
  CC      drivers/mtd/nand/spi/heyangtek.o
  CC [M]  net/netfilter/nft_lookup.o
  CC      drivers/mtd/nand/spi/macronix.o
  CC      net/ipv6/route.o
  CC      net/ipv4/udplite.o
  CC [M]  net/netfilter/nft_dynset.o
  CC      drivers/mtd/nand/spi/micron.o
  CC      drivers/mtd/nand/spi/paragon.o
  CC      net/ipv4/udp_offload.o
  CC [M]  net/netfilter/nft_meta.o
  CC      drivers/mtd/nand/spi/skyhigh.o
  CC      net/ipv4/arp.o
  CC [M]  net/netfilter/nft_rt.o
  CC      drivers/mtd/nand/spi/toshiba.o
  CC      drivers/mtd/nand/spi/winbond.o
  CC      net/ipv6/ip6_fib.o
  CC [M]  net/netfilter/nft_exthdr.o
  CC      drivers/mtd/nand/spi/xtx.o
  CC      net/ipv4/icmp.o
  AR      drivers/mtd/nand/spi/built-in.a
  AR      drivers/mtd/nand/built-in.a
  AR      drivers/mtd/tests/built-in.a
  CC      drivers/mtd/ubi/vtbl.o
  CC [M]  net/netfilter/nft_last.o
  CC      drivers/mtd/ubi/vmt.o
  CC      net/ipv6/ipv6_sockglue.o
  CC [M]  net/netfilter/nft_counter.o
  CC      net/ipv4/devinet.o
  CC      drivers/mtd/ubi/upd.o
  CC [M]  net/netfilter/nft_objref.o
  CC      drivers/mtd/ubi/build.o
  CC      net/ipv6/ndisc.o
  CC [M]  net/netfilter/nft_inner.o
  CC      net/ipv4/af_inet.o
  CC      drivers/mtd/ubi/cdev.o
  CC [M]  net/netfilter/nft_chain_route.o
  CC      net/ipv6/udp.o
  CC      drivers/mtd/ubi/kapi.o
  CC      net/ipv4/igmp.o
  CC [M]  net/netfilter/nf_tables_offload.o
  CC      drivers/mtd/ubi/eba.o
  CC [M]  net/netfilter/nft_set_hash.o
  CC      net/ipv6/udplite.o
  CC      drivers/mtd/ubi/io.o
  CC      net/ipv4/fib_frontend.o
  CC      net/ipv6/raw.o
  CC      drivers/mtd/ubi/wl.o
  CC [M]  net/netfilter/nft_set_bitmap.o
  CC      drivers/mtd/ubi/attach.o
  CC [M]  net/netfilter/nft_set_rbtree.o
  CC      net/ipv4/fib_semantics.o
  CC      net/ipv6/icmp.o
  CC      drivers/mtd/ubi/misc.o
  CC [M]  net/netfilter/nft_set_pipapo.o
  CC      net/ipv6/mcast.o
  CC      drivers/mtd/ubi/debug.o
  CC      net/ipv4/fib_trie.o
  CC      drivers/mtd/ubi/block.o
  CC [M]  net/netfilter/nft_numgen.o
  CC      drivers/mtd/ubi/nvmem.o
  CC      net/ipv4/fib_notifier.o
  AR      drivers/mtd/ubi/built-in.a
  CC      net/ipv6/reassembly.o
  CC      drivers/mtd/composite/virt_concat.o
  CC [M]  net/netfilter/nft_ct.o
  AR      drivers/mtd/composite/built-in.a
  AR      drivers/mtd/built-in.a
  CC      drivers/spi/spi.o
  CC      net/ipv4/inet_fragment.o
  CC      net/ipv6/tcp_ipv6.o
  CC [M]  net/netfilter/nft_flow_offload.o
  CC      net/ipv4/ping.o
  CC      drivers/spi/spi-mem.o
  CC [M]  net/netfilter/nft_limit.o
  CC      net/ipv6/ping.o
  CC      drivers/spi/spi-airoha-snfi.o
  CC      net/ipv4/ip_tunnel_core.o
  CC [M]  net/netfilter/nft_nat.o
  CC      net/ipv6/exthdrs.o
  AR      drivers/spi/built-in.a
  CC      drivers/net/loopback.o
  CC [M]  net/netfilter/nft_quota.o
  CC      net/ipv4/gre_offload.o
  CC      drivers/net/phy/stubs.o
  CC [M]  net/netfilter/nft_reject.o
  CC      net/ipv6/datagram.o
  CC      drivers/net/phy/mdio_bus.o
  CC      net/ipv4/metrics.o
  CC [M]  net/netfilter/nft_reject_inet.o
  CC      net/ipv6/ip6_flowlabel.o
  CC      drivers/net/phy/mdio_device.o
  CC [M]  net/netfilter/nft_log.o
  CC      net/ipv4/netlink.o
  CC      drivers/net/phy/phylink.o
  CC      net/ipv6/inet6_connection_sock.o
  CC      net/ipv4/nexthop.o
  CC [M]  net/netfilter/nft_masq.o
  CC      net/ipv6/udp_offload.o
  CC [M]  net/netfilter/nft_redir.o
  CC      drivers/net/phy/phy.o
  CC      net/ipv6/seg6.o
  CC [M]  net/netfilter/nft_hash.o
  CC      net/ipv4/udp_tunnel_stub.o
  CC      net/ipv6/fib6_notifier.o
  CC      drivers/net/phy/phy-c45.o
  CC [M]  net/netfilter/nft_fib.o
  CC      net/ipv4/sysctl_net_ipv4.o
  CC      net/ipv6/rpl.o
  CC [M]  net/netfilter/nft_fib_inet.o
  CC      drivers/net/phy/phy-core.o
  CC      net/ipv4/proc.o
  CC      net/ipv6/ioam6.o
  CC [M]  net/netfilter/nft_chain_nat.o
  CC      drivers/net/phy/phy_device.o
  CC [M]  net/netfilter/nf_flow_table_core.o
  CC      net/ipv4/fib_rules.o
  CC      net/ipv6/sysctl_net_ipv6.o
  CC      net/ipv4/ipmr.o
  CC      drivers/net/phy/linkmode.o
  CC [M]  net/netfilter/nf_flow_table_ip.o
  CC      net/ipv6/ip6mr.o
  CC      drivers/net/phy/phy_link_topology.o
  CC [M]  net/netfilter/nf_flow_table_path.o
  CC      drivers/net/phy/phy_caps.o
  CC      net/ipv4/ipmr_base.o
  CC      drivers/net/phy/mdio_bus_provider.o
  CC [M]  net/netfilter/nf_flow_table_offload.o
  CC      net/ipv6/netfilter.o
  CC      net/ipv4/syncookies.o
  CC      drivers/net/phy/swphy.o
  CC [M]  net/netfilter/nf_flow_table_xdp.o
  CC      net/ipv6/fib6_rules.o
  CC      drivers/net/phy/mdio_devres.o
  CC      net/ipv4/netfilter.o
  CC [M]  net/netfilter/nf_flow_table_inet.o
  CC      drivers/net/phy/phy_package.o
  CC      net/ipv6/proc.o
  AR      net/ipv4/netfilter/built-in.a
  CC [M]  net/ipv4/netfilter/nf_defrag_ipv4.o
  AR      net/netfilter/built-in.a
  LD [M]  net/netfilter/nf_conntrack.o
  LD [M]  net/netfilter/nf_nat.o
  LD [M]  net/netfilter/nf_tables.o
  LD [M]  net/netfilter/nf_flow_table.o
  CC      drivers/net/phy/fixed_phy.o
  CC      net/ipv6/syncookies.o
  CC      drivers/net/phy/mediatek/mtk-ge-soc.o
  CC      drivers/net/phy/mediatek/mtk-phy-lib.o
  CC [M]  net/ipv4/netfilter/nf_reject_ipv4.o
  CC      net/ipv6/seg6_iptunnel.o
  CC [M]  net/ipv4/netfilter/nft_reject_ipv4.o
  CC [M]  net/ipv4/netfilter/nft_fib_ipv4.o
  AR      drivers/net/phy/mediatek/built-in.a
  AR      drivers/net/phy/qcom/built-in.a
  CC [M]  drivers/net/phy/realtek/realtek_main.o
  CC      net/ipv6/seg6_local.o
  AR      drivers/net/phy/built-in.a
  AR      drivers/net/pse-pd/built-in.a
  AR      net/ipv6/netfilter/built-in.a
  CC [M]  net/ipv6/netfilter/nf_defrag_ipv6_hooks.o
  CC      net/ipv4/tcp_cubic.o
  CC [M]  drivers/net/phy/realtek/phy_patch.o
  CC [M]  net/ipv6/netfilter/nf_conntrack_reasm.o
  CC [M]  drivers/net/phy/realtek/phy_patch_rtl826x.o
  CC      net/ipv4/tcp_bpf.o
  CC      net/ipv4/udp_bpf.o
  CC [M]  drivers/net/phy/realtek/realtek_hwmon.o
  CC [M]  net/ipv6/netfilter/nf_reject_ipv6.o
  CC      net/packet/af_packet.o
  CC      net/ipv4/bpf_tcp_ca.o
  LD [M]  drivers/net/phy/realtek/realtek.o
  CC      drivers/net/mdio/fwnode_mdio.o
  CC [M]  net/ipv6/netfilter/nft_reject_ipv6.o
  CC      drivers/net/mdio/of_mdio.o
  AR      net/ipv4/built-in.a
  CC      net/ipv6/addrconf_core.o
  CC [M]  net/ipv6/netfilter/nft_fib_ipv6.o
  AR      drivers/net/mdio/built-in.a
  CC      drivers/net/pcs/pcs.o
  CC      drivers/net/pcs/airoha/pcs-airoha-common.o
  LD [M]  net/ipv6/netfilter/nf_defrag_ipv6.o
  CC      net/ipv6/exthdrs_core.o
  CC      net/ipv6/ip6_checksum.o
  AR      net/packet/built-in.a
  CC      net/ipv6/ip6_icmp.o
  CC      drivers/net/pcs/airoha/pcs-an7581.o
  CC      drivers/net/dsa/mt7530.o
  CC      drivers/net/dsa/mt7530-mmio.o
  CC      net/ipv6/output_core.o
  AR      drivers/net/pcs/airoha/built-in.a
  AR      drivers/net/pcs/built-in.a
  AR      drivers/net/dsa/b53/built-in.a
  AR      drivers/net/ethernet/8390/built-in.a
  AR      drivers/net/ethernet/adaptec/built-in.a
  AR      drivers/net/ethernet/adi/built-in.a
  AR      drivers/net/ethernet/agere/built-in.a
  CC      drivers/net/ethernet/airoha/airoha_eth.o
  CC      net/ipv6/protocol.o
  AR      drivers/net/ethernet/alacritech/built-in.a
  CC      net/bridge/br.o
  AR      drivers/net/dsa/hirschmann/built-in.a
  AR      drivers/net/dsa/lantiq/built-in.a
  AR      drivers/net/dsa/microchip/built-in.a
  AR      drivers/net/dsa/mv88e6xxx/built-in.a
  AR      drivers/net/dsa/mxl862xx/built-in.a
  AR      drivers/net/dsa/ocelot/built-in.a
  AR      drivers/net/dsa/qca/built-in.a
  AR      drivers/net/dsa/realtek/built-in.a
  AR      drivers/net/dsa/sja1105/built-in.a
  AR      drivers/net/dsa/xrs700x/built-in.a
  AR      drivers/net/dsa/built-in.a
  CC      net/ipv6/ip6_offload.o
  CC      net/ipv6/tcpv6_offload.o
  CC      net/bridge/br_device.o
  CC      net/bridge/br_fdb.o
  CC      net/ipv6/exthdrs_offload.o
  AR      drivers/net/ethernet/alteon/built-in.a
  CC      net/bridge/br_forward.o
  CC      net/ipv6/inet6_hashtables.o
  CC      drivers/net/ethernet/airoha/airoha_ppe.o
  AR      drivers/net/ethernet/amazon/built-in.a
  CC      drivers/net/ethernet/airoha/airoha_ppe_debugfs.o
  CC      net/bridge/br_if.o
  CC      net/ipv6/mcast_snoop.o
  CC      drivers/net/ethernet/airoha/airoha_npu.o
  CC      net/bridge/br_input.o
  CC      net/bridge/br_ioctl.o
  AR      net/ipv6/built-in.a
  CC      net/bridge/br_stp.o
  AR      drivers/net/ethernet/airoha/built-in.a
  AR      drivers/net/ethernet/amd/built-in.a
  AR      drivers/net/ethernet/aquantia/built-in.a
  AR      drivers/net/ethernet/arc/built-in.a
  AR      drivers/net/ethernet/atheros/built-in.a
  AR      drivers/net/ethernet/cadence/built-in.a
  AR      drivers/net/ethernet/broadcom/built-in.a
  AR      drivers/net/ethernet/brocade/built-in.a
  AR      drivers/net/ethernet/cavium/common/built-in.a
  AR      drivers/net/ethernet/cavium/thunder/built-in.a
  AR      drivers/net/ethernet/cavium/liquidio/built-in.a
  AR      drivers/net/ethernet/cavium/octeon/built-in.a
  AR      drivers/net/ethernet/cavium/built-in.a
  AR      drivers/net/ethernet/chelsio/built-in.a
  AR      drivers/net/ethernet/cisco/built-in.a
  AR      drivers/net/ethernet/cortina/built-in.a
  AR      drivers/net/ethernet/dec/built-in.a
  AR      drivers/net/ethernet/dlink/built-in.a
  AR      drivers/net/ethernet/emulex/built-in.a
  AR      drivers/net/ethernet/ezchip/built-in.a
  AR      drivers/net/ethernet/google/built-in.a
  AR      drivers/net/ethernet/hisilicon/built-in.a
  AR      drivers/net/ethernet/huawei/built-in.a
  AR      drivers/net/ethernet/intel/libie/built-in.a
  AR      drivers/net/ethernet/intel/built-in.a
  AR      drivers/net/ethernet/i825xx/built-in.a
  AR      drivers/net/ethernet/marvell/octeon_ep/built-in.a
  AR      drivers/net/ethernet/marvell/octeon_ep_vf/built-in.a
  AR      drivers/net/ethernet/marvell/octeontx2/built-in.a
  AR      drivers/net/ethernet/marvell/prestera/built-in.a
  AR      drivers/net/ethernet/marvell/built-in.a
  AR      drivers/net/ethernet/mellanox/built-in.a
  AR      drivers/net/ethernet/meta/built-in.a
  AR      drivers/net/ethernet/micrel/built-in.a
  AR      drivers/net/ethernet/microchip/built-in.a
  CC      net/bridge/br_stp_bpdu.o
  AR      drivers/net/ethernet/mscc/built-in.a
  AR      drivers/net/ethernet/myricom/built-in.a
  AR      drivers/net/ethernet/natsemi/built-in.a
  AR      drivers/net/ethernet/neterion/built-in.a
  AR      drivers/net/ethernet/netronome/built-in.a
  AR      drivers/net/ethernet/ni/built-in.a
  AR      drivers/net/ethernet/nvidia/built-in.a
  AR      drivers/net/ethernet/oki-semi/built-in.a
  AR      drivers/net/ethernet/packetengines/built-in.a
  AR      drivers/net/ethernet/qlogic/built-in.a
  AR      drivers/net/ethernet/qualcomm/emac/built-in.a
  AR      drivers/net/ethernet/qualcomm/built-in.a
  AR      drivers/net/ethernet/realtek/built-in.a
  AR      drivers/net/ethernet/renesas/built-in.a
  AR      drivers/net/ethernet/rdc/built-in.a
  AR      drivers/net/ethernet/rocker/built-in.a
  CC      net/bridge/br_stp_if.o
  AR      drivers/net/ethernet/samsung/built-in.a
  AR      drivers/net/ethernet/seeq/built-in.a
  AR      drivers/net/ethernet/silan/built-in.a
  AR      drivers/net/ethernet/sis/built-in.a
  AR      drivers/net/ethernet/sfc/built-in.a
  AR      drivers/net/ethernet/smsc/built-in.a
  AR      drivers/net/ethernet/socionext/built-in.a
  AR      drivers/net/ethernet/stmicro/built-in.a
  AR      drivers/net/ethernet/sun/built-in.a
  AR      drivers/net/ethernet/tehuti/built-in.a
  AR      drivers/net/ethernet/ti/built-in.a
  AR      drivers/net/ethernet/via/built-in.a
  AR      drivers/net/ethernet/wiznet/built-in.a
  AR      drivers/net/ethernet/xilinx/built-in.a
  AR      drivers/net/ethernet/synopsys/built-in.a
  AR      drivers/net/ethernet/pensando/built-in.a
  AR      drivers/net/ethernet/built-in.a
  CC      net/devlink/core.o
  CC [M]  drivers/net/ifb.o
  CC      net/dsa/stubs.o
  CC      net/bridge/br_stp_timer.o
  CC [M]  drivers/net/tun.o
  CC      net/devlink/netlink.o
  CC      net/dsa/conduit.o
  CC      net/bridge/br_netlink.o
  CC      net/devlink/netlink_gen.o
  CC      net/dsa/devlink.o
  CC      net/devlink/dev.o
  CC      net/bridge/br_netlink_tunnel.o
  CC      net/dsa/dsa.o
  CC [M]  drivers/net/ppp/ppp_generic.o
  CC      net/bridge/br_arp_nd_proxy.o
  CC      net/devlink/port.o
  CC      net/dsa/netlink.o
  CC      net/bridge/br_sysfs_if.o
  CC      net/devlink/sb.o
  CC      net/dsa/port.o
  CC      net/bridge/br_sysfs_br.o
  CC [M]  drivers/net/ppp/ppp_async.o
  CC      net/devlink/dpipe.o
  CC      net/bridge/br_multicast.o
  CC [M]  drivers/net/ppp/pppox.o
  CC      net/dsa/switch.o
  CC      net/devlink/resource.o
  CC [M]  drivers/net/ppp/pppoe.o
  CC      net/dsa/tag.o
  CC      net/devlink/param.o
  CC [M]  drivers/net/slip/slhc.o
  CC      net/dsa/tag_8021q.o
  CC      net/bridge/br_mdb.o
  CC      net/devlink/region.o
  AR      drivers/net/built-in.a
  AR      drivers/firewire/built-in.a
  AR      drivers/cdrom/built-in.a
  AR      drivers/auxdisplay/built-in.a
  CC      drivers/usb/phy/of.o
  CC      net/dsa/trace.o
  AR      drivers/usb/phy/built-in.a
  AR      drivers/usb/built-in.a
  CC      drivers/i2c/i2c-boardinfo.o
  CC      net/devlink/health.o
  CC      net/bridge/br_multicast_eht.o
  CC      net/dsa/user.o
  CC      drivers/i2c/i2c-core-base.o
  CC      net/devlink/trap.o
  CC      net/bridge/br_vlan.o
  CC      drivers/i2c/i2c-core-smbus.o
  CC      net/dsa/tag_mtk.o
  CC      drivers/i2c/i2c-core-of.o
  CC      net/devlink/rate.o
  CC      net/bridge/br_vlan_tunnel.o
  AR      net/dsa/built-in.a
  CC      net/bridge/br_vlan_options.o
  CC      drivers/i2c/i2c-dev.o
  CC      net/devlink/linecard.o
  AR      drivers/i2c/algos/built-in.a
  CC      drivers/i2c/busses/i2c-mt7621.o
  CC      net/bridge/br_mst.o
  AR      drivers/i2c/muxes/built-in.a
  CC      net/bridge/br_switchdev.o
  AR      net/devlink/built-in.a
  AR      net/bridge/netfilter/built-in.a
  CC      net/8021q/vlan_core.o
  AR      drivers/i2c/busses/built-in.a
  AR      drivers/i2c/built-in.a
  AR      drivers/i3c/built-in.a
  AR      drivers/media/i2c/built-in.a
  AR      drivers/media/tuners/built-in.a
  AR      drivers/media/rc/keymaps/built-in.a
  AR      drivers/media/rc/built-in.a
  AR      drivers/media/common/b2c2/built-in.a
  AR      drivers/media/common/saa7146/built-in.a
  AR      drivers/media/common/siano/built-in.a
  AR      drivers/media/common/v4l2-tpg/built-in.a
  AR      drivers/media/common/videobuf2/built-in.a
  AR      drivers/media/common/built-in.a
  AR      drivers/media/platform/allegro-dvt/built-in.a
  AR      drivers/media/platform/amlogic/c3/isp/built-in.a
  AR      drivers/media/platform/amlogic/c3/mipi-adapter/built-in.a
  AR      drivers/media/platform/amlogic/c3/mipi-csi2/built-in.a
  AR      drivers/media/platform/amlogic/c3/built-in.a
  AR      drivers/media/platform/amlogic/meson-ge2d/built-in.a
  AR      drivers/media/platform/amlogic/built-in.a
  AR      drivers/media/platform/amphion/built-in.a
  AR      drivers/media/platform/aspeed/built-in.a
  AR      drivers/media/platform/atmel/built-in.a
  AR      drivers/media/platform/broadcom/built-in.a
  AR      drivers/media/platform/cadence/built-in.a
  AR      drivers/media/platform/chips-media/coda/built-in.a
  AR      drivers/media/platform/chips-media/wave5/built-in.a
  AR      drivers/media/platform/chips-media/built-in.a
  AR      drivers/media/pci/ttpci/built-in.a
  AR      drivers/media/pci/b2c2/built-in.a
  AR      drivers/media/platform/imagination/built-in.a
  AR      drivers/media/platform/intel/built-in.a
  AR      drivers/media/pci/pluto2/built-in.a
  AR      drivers/media/pci/dm1105/built-in.a
  AR      drivers/media/platform/marvell/built-in.a
  AR      drivers/media/pci/pt1/built-in.a
  AR      drivers/media/platform/mediatek/jpeg/built-in.a
  AR      drivers/media/pci/pt3/built-in.a
  AR      drivers/media/platform/mediatek/mdp/built-in.a
  AR      drivers/media/pci/mantis/built-in.a
  AR      drivers/media/pci/ngene/built-in.a
  AR      drivers/media/platform/mediatek/vcodec/common/built-in.a
  AR      drivers/media/pci/ddbridge/built-in.a
  AR      drivers/media/platform/mediatek/vcodec/encoder/built-in.a
  AR      drivers/media/pci/saa7146/built-in.a
  AR      drivers/media/platform/mediatek/vcodec/decoder/built-in.a
  AR      drivers/media/platform/mediatek/vcodec/built-in.a
  AR      drivers/media/pci/smipcie/built-in.a
  AR      drivers/media/pci/netup_unidvb/built-in.a
  AR      drivers/media/platform/mediatek/vpu/built-in.a
  AR      drivers/media/pci/intel/ipu3/built-in.a
  AR      drivers/media/platform/mediatek/mdp3/built-in.a
  AR      drivers/media/platform/mediatek/built-in.a
  AR      drivers/media/pci/intel/ivsc/built-in.a
  AR      drivers/media/pci/intel/built-in.a
  AR      drivers/media/pci/built-in.a
  AR      drivers/media/platform/microchip/built-in.a
  AR      drivers/media/platform/nuvoton/built-in.a
  AR      drivers/media/platform/nvidia/tegra-vde/built-in.a
  AR      drivers/media/platform/nvidia/built-in.a
  AR      drivers/media/platform/nxp/dw100/built-in.a
  AR      drivers/media/platform/qcom/camss/built-in.a
  AR      drivers/media/platform/qcom/iris/built-in.a
  AR      drivers/media/platform/nxp/imx-jpeg/built-in.a
  AR      drivers/media/platform/nxp/imx8-isi/built-in.a
  AR      drivers/media/platform/qcom/venus/built-in.a
  AR      drivers/media/platform/nxp/built-in.a
  AR      drivers/media/platform/qcom/built-in.a
  AR      drivers/media/usb/b2c2/built-in.a
  AR      drivers/media/platform/raspberrypi/pisp_be/built-in.a
  AR      drivers/media/usb/dvb-usb/built-in.a
  AR      drivers/media/platform/raspberrypi/rp1-cfe/built-in.a
  AR      drivers/media/platform/raspberrypi/built-in.a
  AR      drivers/media/usb/dvb-usb-v2/built-in.a
  AR      drivers/media/usb/s2255/built-in.a
  AR      drivers/media/platform/renesas/rcar-isp/built-in.a
  AR      drivers/media/usb/siano/built-in.a
  AR      drivers/media/platform/renesas/rcar-vin/built-in.a
  AR      drivers/media/usb/ttusb-budget/built-in.a
  AR      drivers/media/platform/renesas/rzg2l-cru/built-in.a
  AR      drivers/media/usb/ttusb-dec/built-in.a
  AR      drivers/media/usb/built-in.a
  AR      drivers/media/platform/renesas/vsp1/built-in.a
  AR      drivers/media/platform/renesas/built-in.a
  CC      net/8021q/vlan.o
  AR      drivers/media/platform/rockchip/rga/built-in.a
  AR      drivers/media/platform/rockchip/rkisp1/built-in.a
  AR      net/bridge/built-in.a
  AR      drivers/media/platform/rockchip/rkvdec/built-in.a
  CC      net/8021q/vlan_dev.o
  AR      drivers/media/platform/rockchip/built-in.a
  AR      drivers/media/platform/samsung/exynos-gsc/built-in.a
  AR      drivers/media/platform/samsung/exynos4-is/built-in.a
  AR      drivers/media/platform/samsung/s3c-camif/built-in.a
  AR      drivers/media/platform/samsung/s5p-g2d/built-in.a
  AR      drivers/media/platform/samsung/s5p-jpeg/built-in.a
  AR      drivers/media/platform/samsung/s5p-mfc/built-in.a
  AR      drivers/media/platform/samsung/built-in.a
  AR      drivers/media/platform/st/sti/bdisp/built-in.a
  AR      drivers/media/platform/st/sti/c8sectpfe/built-in.a
  AR      drivers/media/platform/st/sti/delta/built-in.a
  AR      drivers/media/platform/st/sti/hva/built-in.a
  AR      drivers/media/platform/st/stm32/built-in.a
  AR      drivers/media/platform/st/built-in.a
  AR      drivers/media/platform/sunxi/sun4i-csi/built-in.a
  AR      drivers/media/platform/sunxi/sun6i-csi/built-in.a
  AR      drivers/media/platform/sunxi/sun6i-mipi-csi2/built-in.a
  AR      drivers/media/platform/sunxi/sun8i-a83t-mipi-csi2/built-in.a
  AR      drivers/media/platform/sunxi/sun8i-di/built-in.a
  AR      drivers/media/platform/sunxi/sun8i-rotate/built-in.a
  AR      drivers/media/platform/sunxi/built-in.a
  AR      drivers/media/platform/synopsys/hdmirx/built-in.a
  AR      drivers/media/platform/synopsys/built-in.a
  AR      drivers/media/platform/ti/am437x/built-in.a
  AR      drivers/media/platform/ti/cal/built-in.a
  AR      drivers/media/platform/ti/vpe/built-in.a
  AR      drivers/media/platform/ti/davinci/built-in.a
  AR      drivers/media/platform/ti/j721e-csi2rx/built-in.a
  AR      drivers/media/platform/ti/omap/built-in.a
  AR      drivers/media/platform/ti/omap3isp/built-in.a
  AR      drivers/media/platform/ti/built-in.a
  AR      drivers/media/platform/verisilicon/built-in.a
  AR      drivers/media/platform/via/built-in.a
  AR      drivers/media/platform/xilinx/built-in.a
  AR      drivers/media/platform/built-in.a
  AR      drivers/media/mmc/siano/built-in.a
  AR      drivers/media/mmc/built-in.a
  AR      drivers/media/firewire/built-in.a
  AR      drivers/media/spi/built-in.a
  AR      drivers/media/test-drivers/built-in.a
  AR      drivers/media/built-in.a
  AR      drivers/ptp/built-in.a
  CC      drivers/power/reset/syscon-reboot.o
  CC      drivers/power/supply/power_supply_core.o
  CC      drivers/power/supply/power_supply_sysfs.o
  AR      drivers/power/reset/built-in.a
  CC      drivers/power/supply/power_supply_leds.o
  CC      net/8021q/vlan_netlink.o
  CC      net/8021q/vlanproc.o
  AR      drivers/power/supply/built-in.a
  AR      drivers/power/built-in.a
  AR      net/wireless/tests/built-in.a
  AR      net/wireless/built-in.a
  CC      drivers/thermal/thermal_core.o
  CC      net/sysctl_net.o
  CC      net/switchdev/switchdev.o
  AR      net/8021q/built-in.a
  CC      net/l3mdev/l3mdev.o
  CC      net/mptcp/protocol.o
  CC      drivers/thermal/thermal_sysfs.o
  AR      net/switchdev/built-in.a
  CC      drivers/thermal/thermal_trip.o
  AR      net/l3mdev/built-in.a
  CC      drivers/thermal/thermal_helpers.o
  CC      drivers/thermal/thermal_thresholds.o
  CC      drivers/thermal/thermal_of.o
  CC      drivers/thermal/gov_step_wise.o
  CC      net/mptcp/subflow.o
  AR      drivers/thermal/broadcom/built-in.a
  CC      drivers/thermal/airoha_thermal.o
  AR      drivers/thermal/renesas/built-in.a
  AR      drivers/thermal/samsung/built-in.a
  AR      drivers/thermal/intel/built-in.a
  AR      drivers/thermal/st/built-in.a
  AR      drivers/thermal/qcom/built-in.a
  AR      drivers/thermal/tegra/built-in.a
  AR      drivers/thermal/mediatek/built-in.a
  CC      net/mptcp/options.o
  AR      drivers/thermal/built-in.a
  CC      drivers/watchdog/watchdog_core.o
  CC      net/mptcp/token.o
  CC      drivers/watchdog/watchdog_dev.o
  CC      net/mptcp/crypto.o
  CC      net/mptcp/ctrl.o
  CC      drivers/watchdog/airoha_wdt.o
  CC      net/mptcp/pm.o
  CC      net/mptcp/diag.o
  AR      drivers/watchdog/built-in.a
  AR      drivers/isdn/hardware/built-in.a
  AR      drivers/isdn/built-in.a
  CC      drivers/opp/core.o
  CC      net/mptcp/mib.o
  CC      net/mptcp/pm_netlink.o
  CC      net/mptcp/sockopt.o
  CC      net/mptcp/pm_userspace.o
  CC      drivers/opp/cpu.o
  CC      net/mptcp/fastopen.o
  CC      drivers/opp/of.o
  CC      net/mptcp/sched.o
  CC      drivers/cpufreq/cpufreq.o
  CC      drivers/opp/debugfs.o
  CC      net/mptcp/mptcp_pm_gen.o
  CC      drivers/cpufreq/freq_table.o
  AR      drivers/opp/built-in.a
  CC      drivers/cpufreq/cpufreq_stats.o
  CC      net/mptcp/pm_kernel.o
  CC      drivers/cpufreq/cpufreq_performance.o
  CC      drivers/cpufreq/cpufreq_powersave.o
  CC      drivers/cpufreq/cpufreq_userspace.o
  CC      drivers/cpufreq/cpufreq_ondemand.o
  CC      drivers/cpufreq/cpufreq_conservative.o
  CC      drivers/cpufreq/cpufreq_governor.o
  CC      drivers/cpufreq/cpufreq_governor_attr_set.o
  CC      drivers/cpufreq/cpufreq-dt.o
  CC      net/mptcp/syncookies.o
  CC      drivers/cpufreq/cpufreq-dt-platdev.o
  CC      drivers/cpufreq/airoha-cpufreq.o
  CC      net/mptcp/bpf.o
  CC      drivers/mmc/core/core.o
  AR      drivers/cpufreq/built-in.a
  AR      drivers/ufs/built-in.a
  AR      drivers/firmware/arm_ffa/built-in.a
  AR      drivers/firmware/arm_scmi/built-in.a
  AR      drivers/firmware/broadcom/built-in.a
  AR      drivers/firmware/cirrus/test/built-in.a
  AR      drivers/firmware/cirrus/built-in.a
  AR      drivers/firmware/meson/built-in.a
  AR      drivers/firmware/microchip/built-in.a
  AR      drivers/firmware/efi/built-in.a
  AR      drivers/firmware/imx/built-in.a
  CC      drivers/firmware/psci/psci.o
  CC      drivers/mmc/core/bus.o
  AR      net/mptcp/built-in.a
  AR      net/built-in.a
  AR      drivers/firmware/qcom/built-in.a
  CC      drivers/mmc/core/host.o
  CC      drivers/mmc/core/mmc.o
  AR      drivers/firmware/psci/built-in.a
  AR      drivers/firmware/samsung/built-in.a
  CC      drivers/firmware/smccc/smccc.o
  AR      drivers/firmware/tegra/built-in.a
  CC      drivers/mmc/core/mmc_ops.o
  CC      drivers/firmware/smccc/kvm_guest.o
  CC      drivers/firmware/smccc/soc_id.o
  AR      drivers/firmware/xilinx/built-in.a
  CC      drivers/mmc/core/sd.o
  CC      drivers/mmc/core/sd_ops.o
  AR      drivers/firmware/smccc/built-in.a
  AR      drivers/firmware/built-in.a
  AR      drivers/crypto/stm32/built-in.a
  AR      drivers/crypto/inside-secure/eip93/built-in.a
  AR      drivers/crypto/inside-secure/built-in.a
  AR      drivers/crypto/xilinx/built-in.a
  CC      drivers/mmc/core/sdio.o
  AR      drivers/crypto/hisilicon/built-in.a
  AR      drivers/crypto/intel/keembay/built-in.a
  AR      drivers/crypto/intel/ixp4xx/built-in.a
  AR      drivers/crypto/intel/built-in.a
  AR      drivers/crypto/starfive/built-in.a
  AR      drivers/crypto/cavium/built-in.a
  AR      drivers/crypto/ti/built-in.a
  AR      drivers/crypto/built-in.a
  CC      drivers/clocksource/timer-of.o
  CC      drivers/clocksource/timer-probe.o
  CC      drivers/mmc/core/sdio_ops.o
  CC      drivers/clocksource/arm_arch_timer.o
  CC      drivers/clocksource/arm_arch_timer_mmio.o
  CC      drivers/mmc/core/sdio_bus.o
  CC      drivers/clocksource/dummy_timer.o
  CC      drivers/mmc/core/sdio_cis.o
  CC      drivers/mmc/core/sdio_io.o
  CC      drivers/mmc/core/sdio_irq.o
  AR      drivers/clocksource/built-in.a
  CC      drivers/of/base.o
  CC      drivers/of/cpu.o
  CC      drivers/mmc/core/sd_uhs2.o
  CC      drivers/of/device.o
  CC      drivers/of/module.o
  CC      drivers/mmc/core/slot-gpio.o
  CC      drivers/mmc/core/regulator.o
  CC      drivers/of/platform.o
  CC      drivers/of/property.o
  CC      drivers/of/kobj.o
  CC      drivers/mmc/core/pwrseq.o
  CC      drivers/of/fdt.o
  DTC     drivers/of/empty_root.dtb
  CC      drivers/of/fdt_address.o
  AR      drivers/staging/media/built-in.a
  AR      drivers/staging/built-in.a
  CC      drivers/mmc/core/debugfs.o
  CC      drivers/of/address.o
  CC      drivers/of/irq.o
  CC      drivers/mmc/host/mtk-sd.o
  CC      drivers/mmc/core/pwrseq_simple.o
  CC      drivers/mmc/core/pwrseq_emmc.o
  CC      drivers/of/of_reserved_mem.o
  CC      drivers/mmc/core/block.o
  CC      drivers/mmc/host/cqhci-core.o
  WRAP    drivers/of/empty_root.dtb.S
  AS      drivers/of/empty_root.dtb.o
  AR      drivers/of/built-in.a
  AR      drivers/platform/arm64/built-in.a
  AR      drivers/platform/built-in.a
  CC      drivers/ras/ras.o
  AR      drivers/hwtracing/intel_th/built-in.a
  CC      drivers/mmc/host/mmc_hsq.o
  CC      drivers/ras/debugfs.o
  AR      drivers/mmc/host/built-in.a
  AR      drivers/ras/amd/atl/built-in.a
  CC      drivers/mmc/core/queue.o
  AR      drivers/android/built-in.a
  CC      drivers/nvmem/core.o
  CC [M]  drivers/hwmon/hwmon.o
  AR      drivers/ras/built-in.a
  CC      drivers/nvmem/layouts.o
  AR      drivers/mmc/core/built-in.a
  AR      drivers/mmc/built-in.a
  CC      drivers/nvmem/layouts/ascii-env.o
  CC      drivers/nvmem/block.o
  CC [M]  drivers/hwmon/nct7802.o
  AR      drivers/nvmem/layouts/built-in.a
  AR      drivers/nvmem/built-in.a
  AR      drivers/built-in.a
  AR      built-in.a
  AR      vmlinux.a
  LD      vmlinux.o
  MODPOST Module.symvers
WARNING: modpost: missing MODULE_DESCRIPTION() in crypto/geniv.o
WARNING: modpost: missing MODULE_DESCRIPTION() in crypto/seqiv.o
WARNING: modpost: missing MODULE_DESCRIPTION() in crypto/cmac.o
WARNING: modpost: missing MODULE_DESCRIPTION() in crypto/hmac.o
WARNING: modpost: missing MODULE_DESCRIPTION() in crypto/sha512.o
WARNING: modpost: missing MODULE_DESCRIPTION() in crypto/sha3_generic.o
WARNING: modpost: missing MODULE_DESCRIPTION() in crypto/drbg.o
WARNING: modpost: missing MODULE_DESCRIPTION() in crypto/jitterentropy_rng.o
WARNING: modpost: missing MODULE_DESCRIPTION() in lib/crypto/libsha512.o
WARNING: modpost: missing MODULE_DESCRIPTION() in drivers/leds/leds-gpio.o
WARNING: modpost: missing MODULE_DESCRIPTION() in drivers/net/phy/realtek/realtek.o
WARNING: modpost: missing MODULE_DESCRIPTION() in drivers/net/ifb.o
WARNING: modpost: missing MODULE_DESCRIPTION() in drivers/net/tun.o
WARNING: modpost: missing MODULE_DESCRIPTION() in drivers/net/ppp/ppp_generic.o
WARNING: modpost: missing MODULE_DESCRIPTION() in drivers/net/ppp/ppp_async.o
WARNING: modpost: missing MODULE_DESCRIPTION() in drivers/net/ppp/pppox.o
WARNING: modpost: missing MODULE_DESCRIPTION() in drivers/net/ppp/pppoe.o
WARNING: modpost: missing MODULE_DESCRIPTION() in drivers/net/slip/slhc.o
WARNING: modpost: missing MODULE_DESCRIPTION() in drivers/hwmon/hwmon.o
WARNING: modpost: missing MODULE_DESCRIPTION() in drivers/hwmon/nct7802.o
WARNING: modpost: missing MODULE_DESCRIPTION() in net/sched/act_gact.o
WARNING: modpost: missing MODULE_DESCRIPTION() in net/sched/act_mirred.o
WARNING: modpost: missing MODULE_DESCRIPTION() in net/sched/act_skbedit.o
WARNING: modpost: missing MODULE_DESCRIPTION() in net/sched/sch_htb.o
WARNING: modpost: missing MODULE_DESCRIPTION() in net/sched/sch_hfsc.o
WARNING: modpost: missing MODULE_DESCRIPTION() in net/sched/sch_ingress.o
WARNING: modpost: missing MODULE_DESCRIPTION() in net/sched/sch_tbf.o
WARNING: modpost: missing MODULE_DESCRIPTION() in net/sched/sch_cake.o
WARNING: modpost: missing MODULE_DESCRIPTION() in net/sched/cls_u32.o
WARNING: modpost: missing MODULE_DESCRIPTION() in net/sched/cls_route.o
WARNING: modpost: missing MODULE_DESCRIPTION() in net/sched/cls_fw.o
WARNING: modpost: missing MODULE_DESCRIPTION() in net/sched/cls_basic.o
WARNING: modpost: missing MODULE_DESCRIPTION() in net/sched/cls_flow.o
WARNING: modpost: missing MODULE_DESCRIPTION() in net/sched/cls_matchall.o
WARNING: modpost: missing MODULE_DESCRIPTION() in net/sched/em_u32.o
WARNING: modpost: missing MODULE_DESCRIPTION() in net/netfilter/nfnetlink.o
WARNING: modpost: missing MODULE_DESCRIPTION() in net/netfilter/nf_conntrack.o
WARNING: modpost: missing MODULE_DESCRIPTION() in net/netfilter/nf_log_syslog.o
WARNING: modpost: missing MODULE_DESCRIPTION() in net/netfilter/nf_nat.o
WARNING: modpost: missing MODULE_DESCRIPTION() in net/netfilter/nf_tables.o
WARNING: modpost: missing MODULE_DESCRIPTION() in net/netfilter/nft_numgen.o
WARNING: modpost: missing MODULE_DESCRIPTION() in net/netfilter/nft_ct.o
WARNING: modpost: missing MODULE_DESCRIPTION() in net/netfilter/nft_flow_offload.o
WARNING: modpost: missing MODULE_DESCRIPTION() in net/netfilter/nft_limit.o
WARNING: modpost: missing MODULE_DESCRIPTION() in net/netfilter/nft_nat.o
WARNING: modpost: missing MODULE_DESCRIPTION() in net/netfilter/nft_quota.o
WARNING: modpost: missing MODULE_DESCRIPTION() in net/netfilter/nft_reject.o
WARNING: modpost: missing MODULE_DESCRIPTION() in net/netfilter/nft_reject_inet.o
WARNING: modpost: missing MODULE_DESCRIPTION() in net/netfilter/nft_log.o
WARNING: modpost: missing MODULE_DESCRIPTION() in net/netfilter/nft_masq.o
WARNING: modpost: missing MODULE_DESCRIPTION() in net/netfilter/nft_redir.o
WARNING: modpost: missing MODULE_DESCRIPTION() in net/netfilter/nft_hash.o
WARNING: modpost: missing MODULE_DESCRIPTION() in net/netfilter/nft_fib.o
WARNING: modpost: missing MODULE_DESCRIPTION() in net/netfilter/nft_fib_inet.o
WARNING: modpost: missing MODULE_DESCRIPTION() in net/netfilter/nft_chain_nat.o
WARNING: modpost: missing MODULE_DESCRIPTION() in net/netfilter/nf_flow_table.o
WARNING: modpost: missing MODULE_DESCRIPTION() in net/netfilter/nf_flow_table_inet.o
WARNING: modpost: missing MODULE_DESCRIPTION() in net/ipv4/netfilter/nf_defrag_ipv4.o
WARNING: modpost: missing MODULE_DESCRIPTION() in net/ipv4/netfilter/nf_reject_ipv4.o
WARNING: modpost: missing MODULE_DESCRIPTION() in net/ipv4/netfilter/nft_reject_ipv4.o
WARNING: modpost: missing MODULE_DESCRIPTION() in net/ipv4/netfilter/nft_fib_ipv4.o
WARNING: modpost: missing MODULE_DESCRIPTION() in net/ipv6/netfilter/nf_defrag_ipv6.o
WARNING: modpost: missing MODULE_DESCRIPTION() in net/ipv6/netfilter/nf_reject_ipv6.o
WARNING: modpost: missing MODULE_DESCRIPTION() in net/ipv6/netfilter/nft_reject_ipv6.o
WARNING: modpost: missing MODULE_DESCRIPTION() in net/ipv6/netfilter/nft_fib_ipv6.o
  CC      .vmlinux.export.o
  GEN     modules.builtin.modinfo
  CC [M]  crypto/geniv.mod.o
  CC [M]  .module-common.o
  CC [M]  crypto/seqiv.mod.o
  CC [M]  crypto/cmac.mod.o
  CC [M]  crypto/hmac.mod.o
  CC [M]  crypto/sha512.mod.o
  GEN     modules.builtin
  UPD     include/generated/utsversion.h
  CC      init/version-timestamp.o
  CC [M]  crypto/sha3_generic.mod.o
  CC [M]  crypto/drbg.mod.o
  CC [M]  crypto/jitterentropy_rng.mod.o
  CC [M]  lib/crypto/libsha512.mod.o
  CC [M]  drivers/leds/leds-gpio.mod.o
  CC [M]  drivers/net/phy/realtek/realtek.mod.o
  KSYMS   .tmp_vmlinux0.kallsyms.S
  AS      .tmp_vmlinux0.kallsyms.o
  LD      .tmp_vmlinux1
  CC [M]  drivers/net/ifb.mod.o
  CC [M]  drivers/net/tun.mod.o
  CC [M]  drivers/net/ppp/ppp_generic.mod.o
  CC [M]  drivers/net/ppp/ppp_async.mod.o
  NM      .tmp_vmlinux1.syms
  KSYMS   .tmp_vmlinux1.kallsyms.S
  CC [M]  drivers/net/ppp/pppox.mod.o
  CC [M]  drivers/net/ppp/pppoe.mod.o
  AS      .tmp_vmlinux1.kallsyms.o
  CC [M]  drivers/net/slip/slhc.mod.o
  LD      .tmp_vmlinux2
  CC [M]  drivers/hwmon/hwmon.mod.o
  CC [M]  drivers/hwmon/nct7802.mod.o
  CC [M]  net/sched/act_gact.mod.o
  CC [M]  net/sched/act_mirred.mod.o
  CC [M]  net/sched/act_skbedit.mod.o
  NM      .tmp_vmlinux2.syms
  CC [M]  net/sched/sch_htb.mod.o
  KSYMS   .tmp_vmlinux2.kallsyms.S
  CC [M]  net/sched/sch_hfsc.mod.o
  AS      .tmp_vmlinux2.kallsyms.o
  CC [M]  net/sched/sch_ingress.mod.o
  CC [M]  net/sched/sch_tbf.mod.o
  LD      vmlinux.unstripped
  CC [M]  net/sched/sch_cake.mod.o
  CC [M]  net/sched/cls_u32.mod.o
  CC [M]  net/sched/cls_route.mod.o
  CC [M]  net/sched/cls_fw.mod.o
  CC [M]  net/sched/cls_basic.mod.o
  CC [M]  net/sched/cls_flow.mod.o
  CC [M]  net/sched/cls_matchall.mod.o
  CC [M]  net/sched/em_u32.mod.o
  CC [M]  net/netfilter/nfnetlink.mod.o
  CC [M]  net/netfilter/nf_conntrack.mod.o
  NM      System.map
  CC [M]  net/netfilter/nf_log_syslog.mod.o
  SORTTAB vmlinux.unstripped
  OBJCOPY vmlinux
  CC [M]  net/netfilter/nf_nat.mod.o
  CC [M]  net/netfilter/nf_tables.mod.o
  CC [M]  net/netfilter/nft_numgen.mod.o
  CC [M]  net/netfilter/nft_ct.mod.o
  CC [M]  net/netfilter/nft_flow_offload.mod.o
  CC [M]  net/netfilter/nft_limit.mod.o
  CC [M]  net/netfilter/nft_nat.mod.o
  CC [M]  net/netfilter/nft_quota.mod.o
  CC [M]  net/netfilter/nft_reject.mod.o
  CC [M]  net/netfilter/nft_reject_inet.mod.o
  OBJCOPY arch/arm64/boot/Image
  CC [M]  net/netfilter/nft_log.mod.o
  CC [M]  net/netfilter/nft_masq.mod.o
  CC [M]  net/netfilter/nft_redir.mod.o
  CC [M]  net/netfilter/nft_hash.mod.o
  CC [M]  net/netfilter/nft_fib.mod.o
  CC [M]  net/netfilter/nft_fib_inet.mod.o
  CC [M]  net/netfilter/nft_chain_nat.mod.o
  CC [M]  net/netfilter/nf_flow_table.mod.o
  CC [M]  net/netfilter/nf_flow_table_inet.mod.o
  CC [M]  net/ipv4/netfilter/nf_defrag_ipv4.mod.o
  CC [M]  net/ipv4/netfilter/nf_reject_ipv4.mod.o
  CC [M]  net/ipv4/netfilter/nft_reject_ipv4.mod.o
  CC [M]  net/ipv4/netfilter/nft_fib_ipv4.mod.o
  CC [M]  net/ipv6/netfilter/nf_defrag_ipv6.mod.o
  CC [M]  net/ipv6/netfilter/nf_reject_ipv6.mod.o
  CC [M]  net/ipv6/netfilter/nft_reject_ipv6.mod.o
  CC [M]  net/ipv6/netfilter/nft_fib_ipv6.mod.o
  LD [M]  crypto/geniv.ko
  LD [M]  crypto/seqiv.ko
  LD [M]  crypto/cmac.ko
  LD [M]  crypto/hmac.ko
  LD [M]  crypto/sha512.ko
  LD [M]  crypto/sha3_generic.ko
  LD [M]  crypto/drbg.ko
  LD [M]  crypto/jitterentropy_rng.ko
  LD [M]  lib/crypto/libsha512.ko
  LD [M]  drivers/leds/leds-gpio.ko
  LD [M]  drivers/net/phy/realtek/realtek.ko
  LD [M]  drivers/net/ifb.ko
  LD [M]  drivers/net/tun.ko
  LD [M]  drivers/net/ppp/ppp_generic.ko
  LD [M]  drivers/net/ppp/ppp_async.ko
  LD [M]  drivers/net/ppp/pppox.ko
  LD [M]  drivers/net/ppp/pppoe.ko
  LD [M]  drivers/net/slip/slhc.ko
  LD [M]  drivers/hwmon/hwmon.ko
  LD [M]  drivers/hwmon/nct7802.ko
  LD [M]  net/sched/act_gact.ko
  LD [M]  net/sched/act_mirred.ko
  LD [M]  net/sched/act_skbedit.ko
  LD [M]  net/sched/sch_htb.ko
  LD [M]  net/sched/sch_hfsc.ko
  LD [M]  net/sched/sch_ingress.ko
  LD [M]  net/sched/sch_tbf.ko
  LD [M]  net/sched/sch_cake.ko
  LD [M]  net/sched/cls_u32.ko
  LD [M]  net/sched/cls_route.ko
  LD [M]  net/sched/cls_fw.ko
  LD [M]  net/sched/cls_basic.ko
  LD [M]  net/sched/cls_flow.ko
  LD [M]  net/sched/cls_matchall.ko
  LD [M]  net/sched/em_u32.ko
  LD [M]  net/netfilter/nfnetlink.ko
  LD [M]  net/netfilter/nf_conntrack.ko
  LD [M]  net/netfilter/nf_log_syslog.ko
  LD [M]  net/netfilter/nf_nat.ko
  LD [M]  net/netfilter/nf_tables.ko
  LD [M]  net/netfilter/nft_numgen.ko
  LD [M]  net/netfilter/nft_ct.ko
  LD [M]  net/netfilter/nft_flow_offload.ko
  LD [M]  net/netfilter/nft_limit.ko
  LD [M]  net/netfilter/nft_nat.ko
  LD [M]  net/netfilter/nft_quota.ko
  LD [M]  net/netfilter/nft_reject.ko
  LD [M]  net/netfilter/nft_reject_inet.ko
  LD [M]  net/netfilter/nft_log.ko
  LD [M]  net/netfilter/nft_masq.ko
  LD [M]  net/netfilter/nft_redir.ko
  LD [M]  net/netfilter/nft_hash.ko
  LD [M]  net/netfilter/nft_fib.ko
  LD [M]  net/netfilter/nft_fib_inet.ko
  LD [M]  net/netfilter/nft_chain_nat.ko
  LD [M]  net/netfilter/nf_flow_table.ko
  LD [M]  net/netfilter/nf_flow_table_inet.ko
  LD [M]  net/ipv4/netfilter/nf_defrag_ipv4.ko
  LD [M]  net/ipv4/netfilter/nf_reject_ipv4.ko
  LD [M]  net/ipv4/netfilter/nft_reject_ipv4.ko
  LD [M]  net/ipv4/netfilter/nft_fib_ipv4.ko
  LD [M]  net/ipv6/netfilter/nf_defrag_ipv6.ko
  LD [M]  net/ipv6/netfilter/nf_reject_ipv6.ko
  LD [M]  net/ipv6/netfilter/nft_reject_ipv6.ko
  LD [M]  net/ipv6/netfilter/nft_fib_ipv6.ko
make[4]: Leaving directory '/home/captain/W1700KNPU/.build/openwrt/build_dir/target-aarch64_cortex-a53_musl/linux-airoha_an7581/linux-6.18.44'
# If .config did not change, use the previous timestamp to avoid package rebuilds
cmp -s /home/captain/W1700KNPU/.build/openwrt/build_dir/target-aarch64_cortex-a53_musl/linux-airoha_an7581/linux-6.18.44/.config /home/captain/W1700KNPU/.build/openwrt/build_dir/target-aarch64_cortex-a53_musl/linux-airoha_an7581/linux-6.18.44/.config.modules.save && mv /home/captain/W1700KNPU/.build/openwrt/build_dir/target-aarch64_cortex-a53_musl/linux-airoha_an7581/linux-6.18.44/.config.modules.save /home/captain/W1700KNPU/.build/openwrt/build_dir/target-aarch64_cortex-a53_musl/linux-airoha_an7581/linux-6.18.44/.config; cp -fpR /home/captain/W1700KNPU/.build/openwrt/build_dir/target-aarch64_cortex-a53_musl/linux-airoha_an7581/linux-6.18.44/.config /home/captain/W1700KNPU/.build/openwrt/build_dir/target-aarch64_cortex-a53_musl/linux-airoha_an7581/linux-6.18.44/.config.modules.save
touch /home/captain/W1700KNPU/.build/openwrt/build_dir/target-aarch64_cortex-a53_musl/linux-airoha_an7581/linux-6.18.44/.modules
make -C image compile TARGET_BUILD=
make[4]: Entering directory '/home/captain/W1700KNPU/.build/openwrt/target/linux/airoha/image'
make[4]: Nothing to be done for 'compile'.
make[4]: Leaving directory '/home/captain/W1700KNPU/.build/openwrt/target/linux/airoha/image'
make[3]: Leaving directory '/home/captain/W1700KNPU/.build/openwrt/target/linux/airoha'
make[2]: Leaving directory '/home/captain/W1700KNPU/.build/openwrt/target/linux'
time: target/linux/compile#1630.66#182.32#473.35
make[1]: Leaving directory '/home/captain/W1700KNPU/.build/openwrt'
