file	sha256	table	index	name	type	bind	visibility	section	value	size	undefined	related_name
.local/legacy-firmware/work/extract/stock-rootfs/lib/modules/5.4.55/ae_wan.ko	71bae5819554ff845ce26fc5b80f7e99528cc54103bb742940361e0920181c81	.symtab	47	xsi_mac_itf_reset	STT_FUNC	STB_LOCAL	STV_DEFAULT	.text	0x1500	0x120	0	1
.local/legacy-firmware/work/extract/stock-rootfs/lib/modules/5.4.55/ae_wan.ko	71bae5819554ff845ce26fc5b80f7e99528cc54103bb742940361e0920181c81	.symtab	90	xsi_mac_api_reset	STT_FUNC	STB_LOCAL	STV_DEFAULT	.text	0x1fa0	0x10c	0	1
.local/legacy-firmware/work/extract/stock-rootfs/lib/modules/5.4.55/connac_if.ko	52f5c19cacf0febddc73a72247250a7c067039c80b8bbd744f5283a5492e0d28	.symtab	36	mtk_rx_ser_event	STT_NOTYPE	STB_GLOBAL	STV_DEFAULT	SHN_UNDEF	0x0	0x0	1	1
.local/legacy-firmware/work/extract/stock-rootfs/lib/modules/5.4.55/eth.ko	6dc3281e9cf784c38f8ea83b272ddc65ef4fdfe2bf3acf99391d5def1635451d	.symtab	242	phy_reset_esd	STT_FUNC	STB_LOCAL	STV_DEFAULT	.text	0x9a00	0x4	0	1
.local/legacy-firmware/work/extract/stock-rootfs/lib/modules/5.4.55/eth.ko	6dc3281e9cf784c38f8ea83b272ddc65ef4fdfe2bf3acf99391d5def1635451d	.symtab	254	esd_has_reset	STT_OBJECT	STB_LOCAL	STV_DEFAULT	.bss	0xd25	0x1	0	1
.local/legacy-firmware/work/extract/stock-rootfs/lib/modules/5.4.55/eth.ko	6dc3281e9cf784c38f8ea83b272ddc65ef4fdfe2bf3acf99391d5def1635451d	.symtab	424	XSI_MAC_LOGIC_RESET	STT_FUNC	STB_LOCAL	STV_DEFAULT	.text	0x14f0	0x3c	0	1
.local/legacy-firmware/work/extract/stock-rootfs/lib/modules/5.4.55/eth.ko	6dc3281e9cf784c38f8ea83b272ddc65ef4fdfe2bf3acf99391d5def1635451d	.symtab	500	macMT7530PortReset	STT_FUNC	STB_LOCAL	STV_DEFAULT	.text	0x18610	0x9c	0	1
.local/legacy-firmware/work/extract/stock-rootfs/lib/modules/5.4.55/eth.ko	6dc3281e9cf784c38f8ea83b272ddc65ef4fdfe2bf3acf99391d5def1635451d	.symtab	513	macReset	STT_FUNC	STB_LOCAL	STV_DEFAULT	.text	0x2bd0	0x98	0	1
.local/legacy-firmware/work/extract/stock-rootfs/lib/modules/5.4.55/eth.ko	6dc3281e9cf784c38f8ea83b272ddc65ef4fdfe2bf3acf99391d5def1635451d	.symtab	650	dsoffload_presetting	STT_OBJECT	STB_LOCAL	STV_DEFAULT	.bss	0x744	0x4	0	1
.local/legacy-firmware/work/extract/stock-rootfs/lib/modules/5.4.55/eth.ko	6dc3281e9cf784c38f8ea83b272ddc65ef4fdfe2bf3acf99391d5def1635451d	.symtab	696	port_all_reset_by_index	STT_FUNC	STB_LOCAL	STV_DEFAULT	.text	0x1cad4	0x40	0	1
.local/legacy-firmware/work/extract/stock-rootfs/lib/modules/5.4.55/eth.ko	6dc3281e9cf784c38f8ea83b272ddc65ef4fdfe2bf3acf99391d5def1635451d	.symtab	733	ra_sw_nat_restore_npu_pingpong_info	STT_NOTYPE	STB_GLOBAL	STV_DEFAULT	SHN_UNDEF	0x0	0x0	1	1
.local/legacy-firmware/work/extract/stock-rootfs/lib/modules/5.4.55/eth_ephy.ko	b10143d9f578a701e82e2bff954199db9ef0810d3e59d66f81b8de4dbd6fe500	.symtab	138	phyForceEEEAllOnOffRecover	STT_FUNC	STB_LOCAL	STV_DEFAULT	.text.unlikely	0x28c	0x1c	0	1
.local/legacy-firmware/work/extract/stock-rootfs/lib/modules/5.4.55/fe_core.ko	8571f3969246a8524edc66924600e82cb80f0cde365e80de2bd73d91b5ea60e7	.symtab	88	fe_pse_reset_action_read	STT_FUNC	STB_LOCAL	STV_DEFAULT	.text.unlikely	0xafc	0x28	0	1
.local/legacy-firmware/work/extract/stock-rootfs/lib/modules/5.4.55/fe_core.ko	8571f3969246a8524edc66924600e82cb80f0cde365e80de2bd73d91b5ea60e7	.symtab	92	fe_pse_reset_action_write	STT_FUNC	STB_LOCAL	STV_DEFAULT	.text	0xc890	0x88	0	1
.local/legacy-firmware/work/extract/stock-rootfs/lib/modules/5.4.55/fe_core.ko	8571f3969246a8524edc66924600e82cb80f0cde365e80de2bd73d91b5ea60e7	.symtab	107	fe_set_gdm_sptag_for_extswitch_recover	STT_FUNC	STB_LOCAL	STV_DEFAULT	.text.unlikely	0x9dc	0x44	0	1
.local/legacy-firmware/work/extract/stock-rootfs/lib/modules/5.4.55/fe_core.ko	8571f3969246a8524edc66924600e82cb80f0cde365e80de2bd73d91b5ea60e7	.symtab	110	fe_reset	STT_FUNC	STB_LOCAL	STV_DEFAULT	.text	0xbee0	0x58	0	1
.local/legacy-firmware/work/extract/stock-rootfs/lib/modules/5.4.55/fe_core.ko	8571f3969246a8524edc66924600e82cb80f0cde365e80de2bd73d91b5ea60e7	.symtab	164	fe_set_gdm2_sptag_for_loopback_recover	STT_FUNC	STB_LOCAL	STV_DEFAULT	.text.unlikely	0x920	0x3c	0	1
.local/legacy-firmware/work/extract/stock-rootfs/lib/modules/5.4.55/fe_core.ko	8571f3969246a8524edc66924600e82cb80f0cde365e80de2bd73d91b5ea60e7	.symtab	185	fe_do_scu_reset	STT_FUNC	STB_LOCAL	STV_DEFAULT	.text	0x14730	0x30c	0	1
.local/legacy-firmware/work/extract/stock-rootfs/lib/modules/5.4.55/fe_core.ko	8571f3969246a8524edc66924600e82cb80f0cde365e80de2bd73d91b5ea60e7	.symtab	189	fe_pse_reset_flag	STT_OBJECT	STB_LOCAL	STV_DEFAULT	.bss	0x708	0x4	0	1
.local/legacy-firmware/work/extract/stock-rootfs/lib/modules/5.4.55/fe_core.ko	8571f3969246a8524edc66924600e82cb80f0cde365e80de2bd73d91b5ea60e7	.symtab	193	fe_pse_reset_info_read	STT_FUNC	STB_LOCAL	STV_DEFAULT	.text.unlikely	0xa20	0xb4	0	1
.local/legacy-firmware/work/extract/stock-rootfs/lib/modules/5.4.55/fe_core.ko	8571f3969246a8524edc66924600e82cb80f0cde365e80de2bd73d91b5ea60e7	.symtab	212	fe_pse_reset_test_write	STT_FUNC	STB_LOCAL	STV_DEFAULT	.text	0xc920	0x88	0	1
.local/legacy-firmware/work/extract/stock-rootfs/lib/modules/5.4.55/fe_core.ko	8571f3969246a8524edc66924600e82cb80f0cde365e80de2bd73d91b5ea60e7	.symtab	223	g_fe_iq_reset_test_flag	STT_OBJECT	STB_LOCAL	STV_DEFAULT	.bss	0x594	0x4	0	1
.local/legacy-firmware/work/extract/stock-rootfs/lib/modules/5.4.55/fe_core.ko	8571f3969246a8524edc66924600e82cb80f0cde365e80de2bd73d91b5ea60e7	.symtab	231	XSI_MAC_LOGIC_RESET	STT_FUNC	STB_LOCAL	STV_DEFAULT	.text	0x131b0	0x3c	0	1
.local/legacy-firmware/work/extract/stock-rootfs/lib/modules/5.4.55/fe_core.ko	8571f3969246a8524edc66924600e82cb80f0cde365e80de2bd73d91b5ea60e7	.symtab	271	fe_pse_reset_lock	STT_OBJECT	STB_LOCAL	STV_DEFAULT	.bss	0x700	0x4	0	1
.local/legacy-firmware/work/extract/stock-rootfs/lib/modules/5.4.55/fe_core.ko	8571f3969246a8524edc66924600e82cb80f0cde365e80de2bd73d91b5ea60e7	.symtab	290	fe_do_core_reset	STT_FUNC	STB_LOCAL	STV_DEFAULT	.text	0x14a40	0x4b4	0	1
.local/legacy-firmware/work/extract/stock-rootfs/lib/modules/5.4.55/fe_core.ko	8571f3969246a8524edc66924600e82cb80f0cde365e80de2bd73d91b5ea60e7	.symtab	292	fe_pse_reset_threshold_write	STT_FUNC	STB_LOCAL	STV_DEFAULT	.text	0xc800	0x88	0	1
.local/legacy-firmware/work/extract/stock-rootfs/lib/modules/5.4.55/fe_core.ko	8571f3969246a8524edc66924600e82cb80f0cde365e80de2bd73d91b5ea60e7	.symtab	309	fe_do_core_reset_without_qdma	STT_FUNC	STB_LOCAL	STV_DEFAULT	.text	0x14f10	0x1c	0	1
.local/legacy-firmware/work/extract/stock-rootfs/lib/modules/5.4.55/fe_core.ko	8571f3969246a8524edc66924600e82cb80f0cde365e80de2bd73d91b5ea60e7	.symtab	310	fe_pse_reset_threshold_read	STT_FUNC	STB_LOCAL	STV_DEFAULT	.text.unlikely	0xad4	0x28	0	1
.local/legacy-firmware/work/extract/stock-rootfs/lib/modules/5.4.55/fe_core.ko	8571f3969246a8524edc66924600e82cb80f0cde365e80de2bd73d91b5ea60e7	.symtab	321	g_fe_all_reset_cnt	STT_OBJECT	STB_LOCAL	STV_DEFAULT	.bss	0x584	0x4	0	1
.local/legacy-firmware/work/extract/stock-rootfs/lib/modules/5.4.55/fe_core.ko	8571f3969246a8524edc66924600e82cb80f0cde365e80de2bd73d91b5ea60e7	.symtab	352	fe_api_do_fe_reset	STT_FUNC	STB_LOCAL	STV_DEFAULT	.text	0xe130	0x8	0	1
.local/legacy-firmware/work/extract/stock-rootfs/lib/modules/5.4.55/fe_core.ko	8571f3969246a8524edc66924600e82cb80f0cde365e80de2bd73d91b5ea60e7	.symtab	362	g_fe_pse_reset_test	STT_OBJECT	STB_LOCAL	STV_DEFAULT	.bss	0x598	0x4	0	1
.local/legacy-firmware/work/extract/stock-rootfs/lib/modules/5.4.55/fe_core.ko	8571f3969246a8524edc66924600e82cb80f0cde365e80de2bd73d91b5ea60e7	.symtab	379	g_fe_iq_reset_cnt	STT_OBJECT	STB_LOCAL	STV_DEFAULT	.bss	0x570	0x4	0	1
.local/legacy-firmware/work/extract/stock-rootfs/lib/modules/5.4.55/fe_core.ko	8571f3969246a8524edc66924600e82cb80f0cde365e80de2bd73d91b5ea60e7	.symtab	381	fe_do_core_reset_with_qdma	STT_FUNC	STB_LOCAL	STV_DEFAULT	.text	0x14ef4	0x1c	0	1
.local/legacy-firmware/work/extract/stock-rootfs/lib/modules/5.4.55/fe_core.ko	8571f3969246a8524edc66924600e82cb80f0cde365e80de2bd73d91b5ea60e7	.symtab	393	fe_pse_reset_task	STT_OBJECT	STB_LOCAL	STV_DEFAULT	.bss	0x710	0x28	0	1
.local/legacy-firmware/work/extract/stock-rootfs/lib/modules/5.4.55/fe_core.ko	8571f3969246a8524edc66924600e82cb80f0cde365e80de2bd73d91b5ea60e7	.symtab	402	fe_pse_reset_test_read	STT_FUNC	STB_LOCAL	STV_DEFAULT	.text.unlikely	0xb24	0x28	0	1
.local/legacy-firmware/work/extract/stock-rootfs/lib/modules/5.4.55/fe_core.ko	8571f3969246a8524edc66924600e82cb80f0cde365e80de2bd73d91b5ea60e7	.symtab	411	g_fe_qdma_reset_cnt	STT_OBJECT	STB_LOCAL	STV_DEFAULT	.bss	0x57c	0x4	0	1
.local/legacy-firmware/work/extract/stock-rootfs/lib/modules/5.4.55/fe_core.ko	8571f3969246a8524edc66924600e82cb80f0cde365e80de2bd73d91b5ea60e7	.symtab	414	g_fe_qdma_lan_reset_cnt	STT_OBJECT	STB_LOCAL	STV_DEFAULT	.bss	0x58c	0x4	0	1
.local/legacy-firmware/work/extract/stock-rootfs/lib/modules/5.4.55/hostadpt.ko	eef9e68ff3c7ef603ac36506dfdd0db832ad55cd3e17b709f46087ab9deba261	.symtab	23	hostadpt_tx_cpu_idx	STT_OBJECT	STB_LOCAL	STV_DEFAULT	.bss	0x40	0x8	0	1
.local/legacy-firmware/work/extract/stock-rootfs/lib/modules/5.4.55/hostadpt.ko	eef9e68ff3c7ef603ac36506dfdd0db832ad55cd3e17b709f46087ab9deba261	.symtab	24	hostadpt_regiter_interrupt	STT_FUNC	STB_LOCAL	STV_DEFAULT	.text	0x17a0	0x54	0	1
.local/legacy-firmware/work/extract/stock-rootfs/lib/modules/5.4.55/hostadpt.ko	eef9e68ff3c7ef603ac36506dfdd0db832ad55cd3e17b709f46087ab9deba261	.symtab	25	hostadpt_rx_cpu_idx	STT_OBJECT	STB_LOCAL	STV_DEFAULT	.bss	0x50	0x8	0	1
.local/legacy-firmware/work/extract/stock-rootfs/lib/modules/5.4.55/hostadpt.ko	eef9e68ff3c7ef603ac36506dfdd0db832ad55cd3e17b709f46087ab9deba261	.symtab	26	hostadpt_rx_dscp_max_num	STT_OBJECT	STB_LOCAL	STV_DEFAULT	.data	0x0	0x8	0	1
.local/legacy-firmware/work/extract/stock-rootfs/lib/modules/5.4.55/hostadpt.ko	eef9e68ff3c7ef603ac36506dfdd0db832ad55cd3e17b709f46087ab9deba261	.symtab	27	hostadpt_tx_dma_idx	STT_OBJECT	STB_LOCAL	STV_DEFAULT	.bss	0x38	0x8	0	1
.local/legacy-firmware/work/extract/stock-rootfs/lib/modules/5.4.55/hostadpt.ko	eef9e68ff3c7ef603ac36506dfdd0db832ad55cd3e17b709f46087ab9deba261	.symtab	32	hostadpt_tx_handler	STT_FUNC	STB_LOCAL	STV_DEFAULT	.text	0x1924	0x5f8	0	1
.local/legacy-firmware/work/extract/stock-rootfs/lib/modules/5.4.55/hostadpt.ko	eef9e68ff3c7ef603ac36506dfdd0db832ad55cd3e17b709f46087ab9deba261	.symtab	37	HOSTADPT_CNT_Base	STT_OBJECT	STB_LOCAL	STV_DEFAULT	.bss	0x10	0x8	0	1
.local/legacy-firmware/work/extract/stock-rootfs/lib/modules/5.4.55/hostadpt.ko	eef9e68ff3c7ef603ac36506dfdd0db832ad55cd3e17b709f46087ab9deba261	.symtab	38	HOSTADPT_CNT_2GBase	STT_OBJECT	STB_LOCAL	STV_DEFAULT	.bss	0x18	0x8	0	1
.local/legacy-firmware/work/extract/stock-rootfs/lib/modules/5.4.55/hostadpt.ko	eef9e68ff3c7ef603ac36506dfdd0db832ad55cd3e17b709f46087ab9deba261	.symtab	39	hostadpt_rx_dma_idx	STT_OBJECT	STB_LOCAL	STV_DEFAULT	.bss	0x48	0x8	0	1
.local/legacy-firmware/work/extract/stock-rootfs/lib/modules/5.4.55/hostadpt.ko	eef9e68ff3c7ef603ac36506dfdd0db832ad55cd3e17b709f46087ab9deba261	.symtab	40	hostadpt_free_interrupt	STT_FUNC	STB_LOCAL	STV_DEFAULT	.text	0x17f4	0x5c	0	1
.local/legacy-firmware/work/extract/stock-rootfs/lib/modules/5.4.55/hostadpt.ko	eef9e68ff3c7ef603ac36506dfdd0db832ad55cd3e17b709f46087ab9deba261	.symtab	43	pHostadptRX_BASE	STT_OBJECT	STB_LOCAL	STV_DEFAULT	.bss	0x70	0x10	0	1
.local/legacy-firmware/work/extract/stock-rootfs/lib/modules/5.4.55/hostadpt.ko	eef9e68ff3c7ef603ac36506dfdd0db832ad55cd3e17b709f46087ab9deba261	.symtab	44	pHostadptTX_BASE	STT_OBJECT	STB_LOCAL	STV_DEFAULT	.bss	0x60	0x10	0	1
.local/legacy-firmware/work/extract/stock-rootfs/lib/modules/5.4.55/hostadpt.ko	eef9e68ff3c7ef603ac36506dfdd0db832ad55cd3e17b709f46087ab9deba261	.symtab	46	hostadpt_rx_handler	STT_FUNC	STB_LOCAL	STV_DEFAULT	.text	0x980	0xde0	0	1
.local/legacy-firmware/work/extract/stock-rootfs/lib/modules/5.4.55/hostadpt.ko	eef9e68ff3c7ef603ac36506dfdd0db832ad55cd3e17b709f46087ab9deba261	.symtab	49	hostadpt_tx_skbfree_cnt	STT_OBJECT	STB_LOCAL	STV_DEFAULT	.bss	0x28	0x8	0	1
.local/legacy-firmware/work/extract/stock-rootfs/lib/modules/5.4.55/hostadpt.ko	eef9e68ff3c7ef603ac36506dfdd0db832ad55cd3e17b709f46087ab9deba261	.symtab	50	hostadpt_tx_skbin_cnt	STT_OBJECT	STB_LOCAL	STV_DEFAULT	.bss	0x30	0x8	0	1
.local/legacy-firmware/work/extract/stock-rootfs/lib/modules/5.4.55/hostadpt.ko	eef9e68ff3c7ef603ac36506dfdd0db832ad55cd3e17b709f46087ab9deba261	.symtab	60	toHostadptPktHandle_hook	STT_NOTYPE	STB_GLOBAL	STV_DEFAULT	SHN_UNDEF	0x0	0x0	1	1
.local/legacy-firmware/work/extract/stock-rootfs/lib/modules/5.4.55/hostadpt.ko	eef9e68ff3c7ef603ac36506dfdd0db832ad55cd3e17b709f46087ab9deba261	.symtab	65	get_npu_hostadpt_reg	STT_NOTYPE	STB_GLOBAL	STV_DEFAULT	SHN_UNDEF	0x0	0x0	1	1
.local/legacy-firmware/work/extract/stock-rootfs/lib/modules/5.4.55/hostadpt.ko	eef9e68ff3c7ef603ac36506dfdd0db832ad55cd3e17b709f46087ab9deba261	.symtab	75	get_npu_irq	STT_NOTYPE	STB_GLOBAL	STV_DEFAULT	SHN_UNDEF	0x0	0x0	1	1
.local/legacy-firmware/work/extract/stock-rootfs/lib/modules/5.4.55/hostadpt.ko	eef9e68ff3c7ef603ac36506dfdd0db832ad55cd3e17b709f46087ab9deba261	.symtab	82	set_npu_hostadpt_reg	STT_NOTYPE	STB_GLOBAL	STV_DEFAULT	SHN_UNDEF	0x0	0x0	1	1
.local/legacy-firmware/work/extract/stock-rootfs/lib/modules/5.4.55/hostadpt.ko	eef9e68ff3c7ef603ac36506dfdd0db832ad55cd3e17b709f46087ab9deba261	.symtab	89	get_ecnt_npu_dev	STT_NOTYPE	STB_GLOBAL	STV_DEFAULT	SHN_UNDEF	0x0	0x0	1	1
.local/legacy-firmware/work/extract/stock-rootfs/lib/modules/5.4.55/hostadpt.ko	eef9e68ff3c7ef603ac36506dfdd0db832ad55cd3e17b709f46087ab9deba261	.symtab	94	fromHostadptPktHandle_hook	STT_NOTYPE	STB_GLOBAL	STV_DEFAULT	SHN_UNDEF	0x0	0x0	1	1
.local/legacy-firmware/work/extract/stock-rootfs/lib/modules/5.4.55/hsgmii_lan.ko	60a711a1690d3e5f20f0385ab9fefb3ddc3cbaf8170df317ccd03068e8f38fd9	.symtab	53	xsi_mac_api_logic_reset	STT_FUNC	STB_LOCAL	STV_DEFAULT	.text	0x2e44	0x150	0	1
.local/legacy-firmware/work/extract/stock-rootfs/lib/modules/5.4.55/hsgmii_lan.ko	60a711a1690d3e5f20f0385ab9fefb3ddc3cbaf8170df317ccd03068e8f38fd9	.symtab	61	xsi_mac_itf_reset	STT_FUNC	STB_LOCAL	STV_DEFAULT	.text	0x2880	0x120	0	1
.local/legacy-firmware/work/extract/stock-rootfs/lib/modules/5.4.55/hsgmii_lan.ko	60a711a1690d3e5f20f0385ab9fefb3ddc3cbaf8170df317ccd03068e8f38fd9	.symtab	98	XSI_MAC_LOGIC_RESET	STT_FUNC	STB_LOCAL	STV_DEFAULT	.text	0x1840	0x3c	0	1
.local/legacy-firmware/work/extract/stock-rootfs/lib/modules/5.4.55/hsgmii_lan.ko	60a711a1690d3e5f20f0385ab9fefb3ddc3cbaf8170df317ccd03068e8f38fd9	.symtab	150	xsi_mac_api_reset	STT_FUNC	STB_LOCAL	STV_DEFAULT	.text	0x2cb0	0xe0	0	1
.local/legacy-firmware/work/extract/stock-rootfs/lib/modules/5.4.55/hw_nat.ko	894b91053435a85fa44abb62bfe218c50ffc316f2a2252a75c0d1847f527f200	.symtab	318	wifiqueue_start_idx	STT_OBJECT	STB_LOCAL	STV_DEFAULT	.data	0x5b0	0x4	0	1
.local/legacy-firmware/work/extract/stock-rootfs/lib/modules/5.4.55/hw_nat.ko	894b91053435a85fa44abb62bfe218c50ffc316f2a2252a75c0d1847f527f200	.symtab	387	ecnt_hwnat_npu_add_session_to_vxlan_hdr_list	STT_FUNC	STB_LOCAL	STV_DEFAULT	.text	0x38c64	0x194	0	1
.local/legacy-firmware/work/extract/stock-rootfs/lib/modules/5.4.55/hw_nat.ko	894b91053435a85fa44abb62bfe218c50ffc316f2a2252a75c0d1847f527f200	.symtab	402	hwnat_set_recover_info	STT_FUNC	STB_LOCAL	STV_DEFAULT	.text	0x3a310	0x88	0	1
.local/legacy-firmware/work/extract/stock-rootfs/lib/modules/5.4.55/hw_nat.ko	894b91053435a85fa44abb62bfe218c50ffc316f2a2252a75c0d1847f527f200	.symtab	513	ecnt_hwnat_npu_init	STT_FUNC	STB_LOCAL	STV_DEFAULT	.text	0x38e00	0x178	0	1
.local/legacy-firmware/work/extract/stock-rootfs/lib/modules/5.4.55/hw_nat.ko	894b91053435a85fa44abb62bfe218c50ffc316f2a2252a75c0d1847f527f200	.symtab	676	ecnt_hwnat_npu_check_vxlan_hdr_list	STT_FUNC	STB_LOCAL	STV_DEFAULT	.text	0x37844	0x21c	0	1
.local/legacy-firmware/work/extract/stock-rootfs/lib/modules/5.4.55/hw_nat.ko	894b91053435a85fa44abb62bfe218c50ffc316f2a2252a75c0d1847f527f200	.symtab	728	recover_info_flag	STT_OBJECT	STB_LOCAL	STV_DEFAULT	.bss	0x310a0	0x4	0	1
.local/legacy-firmware/work/extract/stock-rootfs/lib/modules/5.4.55/hw_nat.ko	894b91053435a85fa44abb62bfe218c50ffc316f2a2252a75c0d1847f527f200	.symtab	776	npu_tunnel_offload_proto	STT_OBJECT	STB_LOCAL	STV_DEFAULT	.bss	0x30bd0	0x4	0	1
.local/legacy-firmware/work/extract/stock-rootfs/lib/modules/5.4.55/hw_nat.ko	894b91053435a85fa44abb62bfe218c50ffc316f2a2252a75c0d1847f527f200	.symtab	783	npu_vxlan_hdr_valid	STT_OBJECT	STB_LOCAL	STV_DEFAULT	.bss	0x30bd8	0x460	0	1
.local/legacy-firmware/work/extract/stock-rootfs/lib/modules/5.4.55/hw_nat.ko	894b91053435a85fa44abb62bfe218c50ffc316f2a2252a75c0d1847f527f200	.symtab	796	ecnt_hwnat_npu_store_vxlan_hdr	STT_FUNC	STB_LOCAL	STV_DEFAULT	.text	0x375a0	0x19c	0	1
.local/legacy-firmware/work/extract/stock-rootfs/lib/modules/5.4.55/hw_nat.ko	894b91053435a85fa44abb62bfe218c50ffc316f2a2252a75c0d1847f527f200	.symtab	812	ecnt_hwnat_npu_deinit	STT_FUNC	STB_LOCAL	STV_DEFAULT	.text	0x38f80	0xa0	0	1
.local/legacy-firmware/work/extract/stock-rootfs/lib/modules/5.4.55/hw_nat.ko	894b91053435a85fa44abb62bfe218c50ffc316f2a2252a75c0d1847f527f200	.symtab	857	ecnt_hwnat_npu_srv6_hdr_structure	STT_FUNC	STB_LOCAL	STV_DEFAULT	.text	0x38590	0x158	0	1
.local/legacy-firmware/work/extract/stock-rootfs/lib/modules/5.4.55/hw_nat.ko	894b91053435a85fa44abb62bfe218c50ffc316f2a2252a75c0d1847f527f200	.symtab	948	ra_sw_nat_restore_npu_pingpong_info	STT_NOTYPE	STB_GLOBAL	STV_DEFAULT	SHN_UNDEF	0x0	0x0	1	1
.local/legacy-firmware/work/extract/stock-rootfs/lib/modules/5.4.55/hw_nat.ko	894b91053435a85fa44abb62bfe218c50ffc316f2a2252a75c0d1847f527f200	.symtab	1004	host_notify_npuMbox	STT_NOTYPE	STB_GLOBAL	STV_DEFAULT	SHN_UNDEF	0x0	0x0	1	1
.local/legacy-firmware/work/extract/stock-rootfs/lib/modules/5.4.55/hw_nat.ko	894b91053435a85fa44abb62bfe218c50ffc316f2a2252a75c0d1847f527f200	.symtab	1115	npu_stat	STT_NOTYPE	STB_GLOBAL	STV_DEFAULT	SHN_UNDEF	0x0	0x0	1	1
.local/legacy-firmware/work/extract/stock-rootfs/lib/modules/5.4.55/hw_nat.ko	894b91053435a85fa44abb62bfe218c50ffc316f2a2252a75c0d1847f527f200	.symtab	1137	ra_sw_nat_npu_offload_vxlan_enable	STT_NOTYPE	STB_GLOBAL	STV_DEFAULT	SHN_UNDEF	0x0	0x0	1	1
.local/legacy-firmware/work/extract/stock-rootfs/lib/modules/5.4.55/hw_nat.ko	894b91053435a85fa44abb62bfe218c50ffc316f2a2252a75c0d1847f527f200	.symtab	1164	get_ecnt_npu_dev	STT_NOTYPE	STB_GLOBAL	STV_DEFAULT	SHN_UNDEF	0x0	0x0	1	1
.local/legacy-firmware/work/extract/stock-rootfs/lib/modules/5.4.55/hw_nat.ko	894b91053435a85fa44abb62bfe218c50ffc316f2a2252a75c0d1847f527f200	.symtab	1169	npu_wifi_offload_set_force_to_cpu_flag	STT_NOTYPE	STB_GLOBAL	STV_DEFAULT	SHN_UNDEF	0x0	0x0	1	1
.local/legacy-firmware/work/extract/stock-rootfs/lib/modules/5.4.55/hw_nat.ko	894b91053435a85fa44abb62bfe218c50ffc316f2a2252a75c0d1847f527f200	.symtab	1175	ra_sw_nat_npu_check_vxlan_hdr_list_hook	STT_NOTYPE	STB_GLOBAL	STV_DEFAULT	SHN_UNDEF	0x0	0x0	1	1
.local/legacy-firmware/work/extract/stock-rootfs/lib/modules/5.4.55/hw_nat.ko	894b91053435a85fa44abb62bfe218c50ffc316f2a2252a75c0d1847f527f200	.symtab	1193	TCSUPPORT_NPU_MVAL	STT_NOTYPE	STB_GLOBAL	STV_DEFAULT	SHN_UNDEF	0x0	0x0	1	1
.local/legacy-firmware/work/extract/stock-rootfs/lib/modules/5.4.55/hw_nat.ko	894b91053435a85fa44abb62bfe218c50ffc316f2a2252a75c0d1847f527f200	.symtab	1213	dsoffload_presetting	STT_NOTYPE	STB_GLOBAL	STV_DEFAULT	SHN_UNDEF	0x0	0x0	1	1
.local/legacy-firmware/work/extract/stock-rootfs/lib/modules/5.4.55/hw_nat.ko	894b91053435a85fa44abb62bfe218c50ffc316f2a2252a75c0d1847f527f200	.symtab	1222	ra_sw_nat_npu_store_vxlan_hdr	STT_NOTYPE	STB_GLOBAL	STV_DEFAULT	SHN_UNDEF	0x0	0x0	1	1
.local/legacy-firmware/work/extract/stock-rootfs/lib/modules/5.4.55/hw_nat.ko	894b91053435a85fa44abb62bfe218c50ffc316f2a2252a75c0d1847f527f200	.symtab	1228	hwnat_set_recover_info_hook	STT_NOTYPE	STB_GLOBAL	STV_DEFAULT	SHN_UNDEF	0x0	0x0	1	1
.local/legacy-firmware/work/extract/stock-rootfs/lib/modules/5.4.55/ip6t_REJECT.ko	8d78462f86cafb9521ca701a7050d2598119cffe81574f1f43955dc78a86fe50	.symtab	27	nf_send_reset6	STT_NOTYPE	STB_GLOBAL	STV_DEFAULT	SHN_UNDEF	0x0	0x0	1	1
.local/legacy-firmware/work/extract/stock-rootfs/lib/modules/5.4.55/ipt_REJECT.ko	596ce475192d1e5989c81fbd152ae6bf40f8518d91a13c729029c72ec8e950b8	.symtab	29	nf_send_reset	STT_NOTYPE	STB_GLOBAL	STV_DEFAULT	SHN_UNDEF	0x0	0x0	1	1
.local/legacy-firmware/work/extract/stock-rootfs/lib/modules/5.4.55/mt_wifi.ko	40c8f974ad7317776f602c069c009d1f0d5d939d622ccdee275423fad1e35cb0	.symtab	1440	Reset_OBSS_AirTime	STT_FUNC	STB_LOCAL	STV_DEFAULT	.text	0x13ed34	0x58	0	1
.local/legacy-firmware/work/extract/stock-rootfs/lib/modules/5.4.55/mt_wifi.ko	40c8f974ad7317776f602c069c009d1f0d5d939d622ccdee275423fad1e35cb0	.symtab	1457	RtmpOsSkbResetMacHeader	STT_FUNC	STB_LOCAL	STV_DEFAULT	.text	0x39caa0	0x14	0	1
.local/legacy-firmware/work/extract/stock-rootfs/lib/modules/5.4.55/mt_wifi.ko	40c8f974ad7317776f602c069c009d1f0d5d939d622ccdee275423fad1e35cb0	.symtab	1478	ser_get_fe_pAd_by_mainpAd	STT_FUNC	STB_LOCAL	STV_DEFAULT	.text	0x398764	0x18	0	1
.local/legacy-firmware/work/extract/stock-rootfs/lib/modules/5.4.55/mt_wifi.ko	40c8f974ad7317776f602c069c009d1f0d5d939d622ccdee275423fad1e35cb0	.symtab	1499	vow_avg_pkt_len_reset	STT_FUNC	STB_LOCAL	STV_DEFAULT	.text	0x315200	0x20	0	1
.local/legacy-firmware/work/extract/stock-rootfs/lib/modules/5.4.55/mt_wifi.ko	40c8f974ad7317776f602c069c009d1f0d5d939d622ccdee275423fad1e35cb0	.symtab	1526	ErrRecoveryCurStage	STT_FUNC	STB_LOCAL	STV_DEFAULT	.text	0x37b1c0	0x14	0	1
.local/legacy-firmware/work/extract/stock-rootfs/lib/modules/5.4.55/mt_wifi.ko	40c8f974ad7317776f602c069c009d1f0d5d939d622ccdee275423fad1e35cb0	.symtab	1651	ChannelInfoResetNew	STT_FUNC	STB_LOCAL	STV_DEFAULT	.text	0x4a30	0x3c	0	1
.local/legacy-firmware/work/extract/stock-rootfs/lib/modules/5.4.55/mt_wifi.ko	40c8f974ad7317776f602c069c009d1f0d5d939d622ccdee275423fad1e35cb0	.symtab	1760	reset_txop_all_txrx_counter	STT_FUNC	STB_LOCAL	STV_DEFAULT	.text	0x2a1564	0x30	0	1
.local/legacy-firmware/work/extract/stock-rootfs/lib/modules/5.4.55/mt_wifi.ko	40c8f974ad7317776f602c069c009d1f0d5d939d622ccdee275423fad1e35cb0	.symtab	1774	hc_reset_radio	STT_FUNC	STB_LOCAL	STV_DEFAULT	.text	0x3523e0	0x158	0	1
.local/legacy-firmware/work/extract/stock-rootfs/lib/modules/5.4.55/mt_wifi.ko	40c8f974ad7317776f602c069c009d1f0d5d939d622ccdee275423fad1e35cb0	.symtab	1901	AsicRcpiReset	STT_FUNC	STB_LOCAL	STV_DEFAULT	.text	0x349780	0x90	0	1
.local/legacy-firmware/work/extract/stock-rootfs/lib/modules/5.4.55/mt_wifi.ko	40c8f974ad7317776f602c069c009d1f0d5d939d622ccdee275423fad1e35cb0	.symtab	1913	ser_get_time	STT_FUNC	STB_LOCAL	STV_DEFAULT	.text	0x3982a0	0x14	0	1
.local/legacy-firmware/work/extract/stock-rootfs/lib/modules/5.4.55/mt_wifi.ko	40c8f974ad7317776f602c069c009d1f0d5d939d622ccdee275423fad1e35cb0	.symtab	2018	reset_dev_l1profile	STT_FUNC	STB_LOCAL	STV_DEFAULT	.text	0x3a2a40	0x64	0	1
.local/legacy-firmware/work/extract/stock-rootfs/lib/modules/5.4.55/mt_wifi.ko	40c8f974ad7317776f602c069c009d1f0d5d939d622ccdee275423fad1e35cb0	.symtab	2093	vow_reset_watf	STT_FUNC	STB_LOCAL	STV_DEFAULT	.text	0x313650	0x70	0	1
.local/legacy-firmware/work/extract/stock-rootfs/lib/modules/5.4.55/mt_wifi.ko	40c8f974ad7317776f602c069c009d1f0d5d939d622ccdee275423fad1e35cb0	.symtab	2158	ser_sys_reset	STT_FUNC	STB_LOCAL	STV_DEFAULT	.text	0x388f20	0x4	0	1
.local/legacy-firmware/work/extract/stock-rootfs/lib/modules/5.4.55/mt_wifi.ko	40c8f974ad7317776f602c069c009d1f0d5d939d622ccdee275423fad1e35cb0	.symtab	2172	MlmeResetByWdev	STT_FUNC	STB_LOCAL	STV_DEFAULT	.text	0x1ab4c0	0x20	0	1
.local/legacy-firmware/work/extract/stock-rootfs/lib/modules/5.4.55/mt_wifi.ko	40c8f974ad7317776f602c069c009d1f0d5d939d622ccdee275423fad1e35cb0	.symtab	2212	SetSrMeshResetBhDLForbidSR	STT_FUNC	STB_LOCAL	STV_DEFAULT	.text	0x361d20	0x80	0	1
.local/legacy-firmware/work/extract/stock-rootfs/lib/modules/5.4.55/mt_wifi.ko	40c8f974ad7317776f602c069c009d1f0d5d939d622ccdee275423fad1e35cb0	.symtab	2235	TRTableResetEntry	STT_FUNC	STB_LOCAL	STV_DEFAULT	.text	0x24b970	0x78	0	1
.local/legacy-firmware/work/extract/stock-rootfs/lib/modules/5.4.55/mt_wifi.ko	40c8f974ad7317776f602c069c009d1f0d5d939d622ccdee275423fad1e35cb0	.symtab	2381	ser_init	STT_FUNC	STB_LOCAL	STV_DEFAULT	.text	0x347560	0x1e4	0	1
.local/legacy-firmware/work/extract/stock-rootfs/lib/modules/5.4.55/mt_wifi.ko	40c8f974ad7317776f602c069c009d1f0d5d939d622ccdee275423fad1e35cb0	.symtab	2384	DfsOutBandCacReset	STT_FUNC	STB_LOCAL	STV_DEFAULT	.text	0x1ee380	0x18	0	1
.local/legacy-firmware/work/extract/stock-rootfs/lib/modules/5.4.55/mt_wifi.ko	40c8f974ad7317776f602c069c009d1f0d5d939d622ccdee275423fad1e35cb0	.symtab	2391	mt7990_ser_10_0_v1	STT_FUNC	STB_LOCAL	STV_DEFAULT	.text	0x115f74	0x9c	0	1
.local/legacy-firmware/work/extract/stock-rootfs/lib/modules/5.4.55/mt_wifi.ko	40c8f974ad7317776f602c069c009d1f0d5d939d622ccdee275423fad1e35cb0	.symtab	2470	mtk_fe_reset_notifier_exit	STT_FUNC	STB_LOCAL	STV_DEFAULT	.text	0x3477e0	0x58	0	1
.local/legacy-firmware/work/extract/stock-rootfs/lib/modules/5.4.55/mt_wifi.ko	40c8f974ad7317776f602c069c009d1f0d5d939d622ccdee275423fad1e35cb0	.symtab	2565	WtblResetAndDWsSet	STT_FUNC	STB_LOCAL	STV_DEFAULT	.text	0xa3f50	0x1a8	0	1
.local/legacy-firmware/work/extract/stock-rootfs/lib/modules/5.4.55/mt_wifi.ko	40c8f974ad7317776f602c069c009d1f0d5d939d622ccdee275423fad1e35cb0	.symtab	2581	auth_fsm_reset	STT_FUNC	STB_LOCAL	STV_DEFAULT	.text	0x22e180	0xa4	0	1
.local/legacy-firmware/work/extract/stock-rootfs/lib/modules/5.4.55/mt_wifi.ko	40c8f974ad7317776f602c069c009d1f0d5d939d622ccdee275423fad1e35cb0	.symtab	2585	RtmpOsSkbResetNetworkHeader	STT_FUNC	STB_LOCAL	STV_DEFAULT	.text	0x39cab4	0x14	0	1
.local/legacy-firmware/work/extract/stock-rootfs/lib/modules/5.4.55/mt_wifi.ko	40c8f974ad7317776f602c069c009d1f0d5d939d622ccdee275423fad1e35cb0	.symtab	2604	sta_reset_owe_parameters	STT_FUNC	STB_LOCAL	STV_DEFAULT	.text	0x3e25b0	0xa0	0	1
.local/legacy-firmware/work/extract/stock-rootfs/lib/modules/5.4.55/mt_wifi.ko	40c8f974ad7317776f602c069c009d1f0d5d939d622ccdee275423fad1e35cb0	.symtab	2713	cntl_fsm_reset	STT_FUNC	STB_LOCAL	STV_DEFAULT	.text	0x22f9f0	0xa0	0	1
.local/legacy-firmware/work/extract/stock-rootfs/lib/modules/5.4.55/mt_wifi.ko	40c8f974ad7317776f602c069c009d1f0d5d939d622ccdee275423fad1e35cb0	.symtab	2823	ser_timediff	STT_FUNC	STB_LOCAL	STV_DEFAULT	.text	0x398290	0x8	0	1
.local/legacy-firmware/work/extract/stock-rootfs/lib/modules/5.4.55/mt_wifi.ko	40c8f974ad7317776f602c069c009d1f0d5d939d622ccdee275423fad1e35cb0	.symtab	3130	MacTableResetNonMapWdev	STT_FUNC	STB_LOCAL	STV_DEFAULT	.text	0x14c940	0x330	0	1
.local/legacy-firmware/work/extract/stock-rootfs/lib/modules/5.4.55/mt_wifi.ko	40c8f974ad7317776f602c069c009d1f0d5d939d622ccdee275423fad1e35cb0	.symtab	3199	ser_mngr_exit	STT_FUNC	STB_LOCAL	STV_DEFAULT	.text	0x398ba0	0x14c	0	1
.local/legacy-firmware/work/extract/stock-rootfs/lib/modules/5.4.55/mt_wifi.ko	40c8f974ad7317776f602c069c009d1f0d5d939d622ccdee275423fad1e35cb0	.symtab	3224	RtmpOsSkbResetMacLen	STT_FUNC	STB_LOCAL	STV_DEFAULT	.text	0x39cae4	0x14	0	1
.local/legacy-firmware/work/extract/stock-rootfs/lib/modules/5.4.55/mt_wifi.ko	40c8f974ad7317776f602c069c009d1f0d5d939d622ccdee275423fad1e35cb0	.symtab	3264	ser_get_hwid_by_pAd	STT_FUNC	STB_LOCAL	STV_DEFAULT	.text	0x3984f0	0x24	0	1
.local/legacy-firmware/work/extract/stock-rootfs/lib/modules/5.4.55/mt_wifi.ko	40c8f974ad7317776f602c069c009d1f0d5d939d622ccdee275423fad1e35cb0	.symtab	3347	_ser_dump_timelog	STT_FUNC	STB_LOCAL	STV_DEFAULT	.text	0x3982b4	0x23c	0	1
.local/legacy-firmware/work/extract/stock-rootfs/lib/modules/5.4.55/mt_wifi.ko	40c8f974ad7317776f602c069c009d1f0d5d939d622ccdee275423fad1e35cb0	.symtab	3518	ResetL1profile	STT_FUNC	STB_LOCAL	STV_DEFAULT	.text	0x3a1944	0x4c	0	1
.local/legacy-firmware/work/extract/stock-rootfs/lib/modules/5.4.55/mt_wifi.ko	40c8f974ad7317776f602c069c009d1f0d5d939d622ccdee275423fad1e35cb0	.symtab	3559	chip_reset_rxv_stat	STT_FUNC	STB_LOCAL	STV_DEFAULT	.text	0x37f400	0x48	0	1
.local/legacy-firmware/work/extract/stock-rootfs/lib/modules/5.4.55/mt_wifi.ko	40c8f974ad7317776f602c069c009d1f0d5d939d622ccdee275423fad1e35cb0	.symtab	3777	reset_mtk_map_vendor_ie	STT_FUNC	STB_LOCAL	STV_DEFAULT	.text	0x3a3d0	0x60	0	1
.local/legacy-firmware/work/extract/stock-rootfs/lib/modules/5.4.55/mt_wifi.ko	40c8f974ad7317776f602c069c009d1f0d5d939d622ccdee275423fad1e35cb0	.symtab	3801	ser_is_idle_state	STT_FUNC	STB_LOCAL	STV_DEFAULT	.text	0x398270	0x1c	0	1
.local/legacy-firmware/work/extract/stock-rootfs/lib/modules/5.4.55/mt_wifi.ko	40c8f974ad7317776f602c069c009d1f0d5d939d622ccdee275423fad1e35cb0	.symtab	3930	hqa_muru_reset_ul_tx_cnt	STT_FUNC	STB_LOCAL	STV_DEFAULT	.text	0x52040	0x238	0	1
.local/legacy-firmware/work/extract/stock-rootfs/lib/modules/5.4.55/mt_wifi.ko	40c8f974ad7317776f602c069c009d1f0d5d939d622ccdee275423fad1e35cb0	.symtab	3999	sync_fsm_reset	STT_FUNC	STB_LOCAL	STV_DEFAULT	.text	0x235440	0x8c	0	1
.local/legacy-firmware/work/extract/stock-rootfs/lib/modules/5.4.55/mt_wifi.ko	40c8f974ad7317776f602c069c009d1f0d5d939d622ccdee275423fad1e35cb0	.symtab	4138	hqa_mu_reset_murx_cnt	STT_FUNC	STB_LOCAL	STV_DEFAULT	.text	0x2fdc60	0xe8	0	1
.local/legacy-firmware/work/extract/stock-rootfs/lib/modules/5.4.55/mt_wifi.ko	40c8f974ad7317776f602c069c009d1f0d5d939d622ccdee275423fad1e35cb0	.symtab	4148	ser_get_all_pAd_by_chipid_hwid	STT_FUNC	STB_LOCAL	STV_DEFAULT	.text	0x398540	0xc4	0	1
.local/legacy-firmware/work/extract/stock-rootfs/lib/modules/5.4.55/mt_wifi.ko	40c8f974ad7317776f602c069c009d1f0d5d939d622ccdee275423fad1e35cb0	.symtab	4380	rtmp_timer_ser_l1_timeout	STT_FUNC	STB_LOCAL	STV_DEFAULT	.text	0x1c7bd0	0x50	0	1
.local/legacy-firmware/work/extract/stock-rootfs/lib/modules/5.4.55/mt_wifi.ko	40c8f974ad7317776f602c069c009d1f0d5d939d622ccdee275423fad1e35cb0	.symtab	4591	MulticastDLTableReset	STT_FUNC	STB_LOCAL	STV_DEFAULT	.text	0x2c7344	0x60	0	1
.local/legacy-firmware/work/extract/stock-rootfs/lib/modules/5.4.55/mt_wifi.ko	40c8f974ad7317776f602c069c009d1f0d5d939d622ccdee275423fad1e35cb0	.symtab	4621	ser_ctrl	STT_OBJECT	STB_LOCAL	STV_DEFAULT	.bss	0x1ce58	0x88	0	1
.local/legacy-firmware/work/extract/stock-rootfs/lib/modules/5.4.55/mt_wifi.ko	40c8f974ad7317776f602c069c009d1f0d5d939d622ccdee275423fad1e35cb0	.symtab	4636	UniCmdWifiSpectrumStart	STT_FUNC	STB_LOCAL	STV_DEFAULT	.text	0xbf270	0x260	0	1
.local/legacy-firmware/work/extract/stock-rootfs/lib/modules/5.4.55/mt_wifi.ko	40c8f974ad7317776f602c069c009d1f0d5d939d622ccdee275423fad1e35cb0	.symtab	5110	assoc_fsm_reset	STT_FUNC	STB_LOCAL	STV_DEFAULT	.text	0x22c4a4	0x9c	0	1
.local/legacy-firmware/work/extract/stock-rootfs/lib/modules/5.4.55/mt_wifi.ko	40c8f974ad7317776f602c069c009d1f0d5d939d622ccdee275423fad1e35cb0	.symtab	5252	wlanPushCSIData	STT_FUNC	STB_LOCAL	STV_DEFAULT	.text	0x1361d0	0x1ec	0	1
.local/legacy-firmware/work/extract/stock-rootfs/lib/modules/5.4.55/mt_wifi.ko	40c8f974ad7317776f602c069c009d1f0d5d939d622ccdee275423fad1e35cb0	.symtab	5319	RTMPResetSkuParam	STT_FUNC	STB_LOCAL	STV_DEFAULT	.text	0x188a80	0x18	0	1
.local/legacy-firmware/work/extract/stock-rootfs/lib/modules/5.4.55/mt_wifi.ko	40c8f974ad7317776f602c069c009d1f0d5d939d622ccdee275423fad1e35cb0	.symtab	5372	RTMP_MAC_RECOVERY	STT_FUNC	STB_LOCAL	STV_DEFAULT	.text	0x37b080	0x118	0	1
.local/legacy-firmware/work/extract/stock-rootfs/lib/modules/5.4.55/mt_wifi.ko	40c8f974ad7317776f602c069c009d1f0d5d939d622ccdee275423fad1e35cb0	.symtab	5465	asic_ser_handler	STT_FUNC	STB_LOCAL	STV_DEFAULT	.text	0x34d820	0x80	0	1
.local/legacy-firmware/work/extract/stock-rootfs/lib/modules/5.4.55/mt_wifi.ko	40c8f974ad7317776f602c069c009d1f0d5d939d622ccdee275423fad1e35cb0	.symtab	5520	Show_Sat_Reset_Proc	STT_FUNC	STB_LOCAL	STV_DEFAULT	.text	0x23084	0x338	0	1
.local/legacy-firmware/work/extract/stock-rootfs/lib/modules/5.4.55/mt_wifi.ko	40c8f974ad7317776f602c069c009d1f0d5d939d622ccdee275423fad1e35cb0	.symtab	5715	SetSrNRTResetAll	STT_FUNC	STB_LOCAL	STV_DEFAULT	.text	0x360d94	0x80	0	1
.local/legacy-firmware/work/extract/stock-rootfs/lib/modules/5.4.55/mt_wifi.ko	40c8f974ad7317776f602c069c009d1f0d5d939d622ccdee275423fad1e35cb0	.symtab	5717	ser_get_ser_state	STT_FUNC	STB_LOCAL	STV_DEFAULT	.text	0x3980e0	0x48	0	1
.local/legacy-firmware/work/extract/stock-rootfs/lib/modules/5.4.55/mt_wifi.ko	40c8f974ad7317776f602c069c009d1f0d5d939d622ccdee275423fad1e35cb0	.symtab	5742	Reset_Dscp2Up_TBL_Proc	STT_FUNC	STB_LOCAL	STV_DEFAULT	.text	0x1ba020	0x17c	0	1
.local/legacy-firmware/work/extract/stock-rootfs/lib/modules/5.4.55/mt_wifi.ko	40c8f974ad7317776f602c069c009d1f0d5d939d622ccdee275423fad1e35cb0	.symtab	5827	mt_op_reset_txrx_counter	STT_FUNC	STB_LOCAL	STV_DEFAULT	.text	0x85100	0x68	0	1
.local/legacy-firmware/work/extract/stock-rootfs/lib/modules/5.4.55/mt_wifi.ko	40c8f974ad7317776f602c069c009d1f0d5d939d622ccdee275423fad1e35cb0	.symtab	5913	ser_get_curr_state	STT_FUNC	STB_LOCAL	STV_DEFAULT	.text	0x398180	0xf0	0	1
.local/legacy-firmware/work/extract/stock-rootfs/lib/modules/5.4.55/mt_wifi.ko	40c8f974ad7317776f602c069c009d1f0d5d939d622ccdee275423fad1e35cb0	.symtab	6028	hqa_wifi_test_mu_set_enable	STT_FUNC	STB_LOCAL	STV_DEFAULT	.text	0x2fa2c0	0x1b4	0	1
.local/legacy-firmware/work/extract/stock-rootfs/lib/modules/5.4.55/mt_wifi.ko	40c8f974ad7317776f602c069c009d1f0d5d939d622ccdee275423fad1e35cb0	.symtab	6066	MacTableReset	STT_FUNC	STB_LOCAL	STV_DEFAULT	.text	0x2515a0	0x768	0	1
.local/legacy-firmware/work/extract/stock-rootfs/lib/modules/5.4.55/mt_wifi.ko	40c8f974ad7317776f602c069c009d1f0d5d939d622ccdee275423fad1e35cb0	.symtab	6547	vow_reset	STT_FUNC	STB_LOCAL	STV_DEFAULT	.text	0x313c04	0x84	0	1
.local/legacy-firmware/work/extract/stock-rootfs/lib/modules/5.4.55/mt_wifi.ko	40c8f974ad7317776f602c069c009d1f0d5d939d622ccdee275423fad1e35cb0	.symtab	6613	MultiCastFilterTableReset	STT_FUNC	STB_LOCAL	STV_DEFAULT	.text	0x2c2f80	0x138	0	1
.local/legacy-firmware/work/extract/stock-rootfs/lib/modules/5.4.55/mt_wifi.ko	40c8f974ad7317776f602c069c009d1f0d5d939d622ccdee275423fad1e35cb0	.symtab	6718	DfsRadarHitReportReset	STT_FUNC	STB_LOCAL	STV_DEFAULT	.text	0x1ee2c0	0x14	0	1
.local/legacy-firmware/work/extract/stock-rootfs/lib/modules/5.4.55/mt_wifi.ko	40c8f974ad7317776f602c069c009d1f0d5d939d622ccdee275423fad1e35cb0	.symtab	6864	rd_reset	STT_FUNC	STB_LOCAL	STV_DEFAULT	.text	0x18bf90	0x204	0	1
.local/legacy-firmware/work/extract/stock-rootfs/lib/modules/5.4.55/mt_wifi.ko	40c8f974ad7317776f602c069c009d1f0d5d939d622ccdee275423fad1e35cb0	.symtab	7023	ch_switch_monitor_cfg_reset	STT_FUNC	STB_LOCAL	STV_DEFAULT	.text.unlikely	0x1e20	0xa0	0	1
.local/legacy-firmware/work/extract/stock-rootfs/lib/modules/5.4.55/mt_wifi.ko	40c8f974ad7317776f602c069c009d1f0d5d939d622ccdee275423fad1e35cb0	.symtab	7030	ser_event_enq	STT_FUNC	STB_LOCAL	STV_DEFAULT	.text	0x397f80	0x158	0	1
.local/legacy-firmware/work/extract/stock-rootfs/lib/modules/5.4.55/mt_wifi.ko	40c8f974ad7317776f602c069c009d1f0d5d939d622ccdee275423fad1e35cb0	.symtab	7104	ser_get_t0	STT_FUNC	STB_LOCAL	STV_DEFAULT	.text	0x398ac4	0xd4	0	1
.local/legacy-firmware/work/extract/stock-rootfs/lib/modules/5.4.55/mt_wifi.ko	40c8f974ad7317776f602c069c009d1f0d5d939d622ccdee275423fad1e35cb0	.symtab	7213	CFG80211_reSetToDefault	STT_FUNC	STB_LOCAL	STV_DEFAULT	.text	0x3ce970	0x90	0	1
.local/legacy-firmware/work/extract/stock-rootfs/lib/modules/5.4.55/mt_wifi.ko	40c8f974ad7317776f602c069c009d1f0d5d939d622ccdee275423fad1e35cb0	.symtab	7274	rtmp_timer_OceResetScanIndication	STT_FUNC	STB_LOCAL	STV_DEFAULT	.text	0x2d6bb0	0x78	0	1
.local/legacy-firmware/work/extract/stock-rootfs/lib/modules/5.4.55/mt_wifi.ko	40c8f974ad7317776f602c069c009d1f0d5d939d622ccdee275423fad1e35cb0	.symtab	7329	mt7990_ser_0_5_v1	STT_FUNC	STB_LOCAL	STV_DEFAULT	.text	0x116010	0x7c	0	1
.local/legacy-firmware/work/extract/stock-rootfs/lib/modules/5.4.55/mt_wifi.ko	40c8f974ad7317776f602c069c009d1f0d5d939d622ccdee275423fad1e35cb0	.symtab	7333	ser_dump_timelog	STT_FUNC	STB_LOCAL	STV_DEFAULT	.text	0x398844	0x138	0	1
.local/legacy-firmware/work/extract/stock-rootfs/lib/modules/5.4.55/mt_wifi.ko	40c8f974ad7317776f602c069c009d1f0d5d939d622ccdee275423fad1e35cb0	.symtab	7345	Set_ResetStatCounter_Proc	STT_FUNC	STB_LOCAL	STV_DEFAULT	.text	0x151e10	0x1e4	0	1
.local/legacy-firmware/work/extract/stock-rootfs/lib/modules/5.4.55/mt_wifi.ko	40c8f974ad7317776f602c069c009d1f0d5d939d622ccdee275423fad1e35cb0	.symtab	7353	mt7990_ser_1_0_v1	STT_FUNC	STB_LOCAL	STV_DEFAULT	.text	0x115440	0xb34	0	1
.local/legacy-firmware/work/extract/stock-rootfs/lib/modules/5.4.55/mt_wifi.ko	40c8f974ad7317776f602c069c009d1f0d5d939d622ccdee275423fad1e35cb0	.symtab	7415	set_ser	STT_FUNC	STB_LOCAL	STV_DEFAULT	.text	0x128d10	0x46c	0	1
.local/legacy-firmware/work/extract/stock-rootfs/lib/modules/5.4.55/mt_wifi.ko	40c8f974ad7317776f602c069c009d1f0d5d939d622ccdee275423fad1e35cb0	.symtab	7420	mtk_fe_reset_notifier_init	STT_FUNC	STB_LOCAL	STV_DEFAULT	.text	0x347760	0x78	0	1
.local/legacy-firmware/work/extract/stock-rootfs/lib/modules/5.4.55/mt_wifi.ko	40c8f974ad7317776f602c069c009d1f0d5d939d622ccdee275423fad1e35cb0	.symtab	7464	auto_ch_select_reset_sm	STT_FUNC	STB_LOCAL	STV_DEFAULT	.text	0x5e34	0x24	0	1
.local/legacy-firmware/work/extract/stock-rootfs/lib/modules/5.4.55/mt_wifi.ko	40c8f974ad7317776f602c069c009d1f0d5d939d622ccdee275423fad1e35cb0	.symtab	7536	mt7990_fe_reset	STT_FUNC	STB_LOCAL	STV_DEFAULT	.text	0x1162e0	0x170	0	1
.local/legacy-firmware/work/extract/stock-rootfs/lib/modules/5.4.55/mt_wifi.ko	40c8f974ad7317776f602c069c009d1f0d5d939d622ccdee275423fad1e35cb0	.symtab	7788	pp_black_list_reset	STT_FUNC	STB_LOCAL	STV_DEFAULT	.text	0x35b870	0x68	0	1
.local/legacy-firmware/work/extract/stock-rootfs/lib/modules/5.4.55/mt_wifi.ko	40c8f974ad7317776f602c069c009d1f0d5d939d622ccdee275423fad1e35cb0	.symtab	7890	rx_page_frag_cache_drain	STT_FUNC	STB_LOCAL	STV_DEFAULT	.text	0x3a36a0	0x14	0	1
.local/legacy-firmware/work/extract/stock-rootfs/lib/modules/5.4.55/mt_wifi.ko	40c8f974ad7317776f602c069c009d1f0d5d939d622ccdee275423fad1e35cb0	.symtab	7966	glb_npu_en_rx	STT_OBJECT	STB_LOCAL	STV_DEFAULT	.data	0xa1e9	0x1	0	1
.local/legacy-firmware/work/extract/stock-rootfs/lib/modules/5.4.55/mt_wifi.ko	40c8f974ad7317776f602c069c009d1f0d5d939d622ccdee275423fad1e35cb0	.symtab	7987	mtk_cfg80211_mlo_preset_link_id	STT_FUNC	STB_LOCAL	STV_DEFAULT	.text	0x133fe0	0xc8	0	1
.local/legacy-firmware/work/extract/stock-rootfs/lib/modules/5.4.55/mt_wifi.ko	40c8f974ad7317776f602c069c009d1f0d5d939d622ccdee275423fad1e35cb0	.symtab	8084	mt7990_dump_ser_stat	STT_FUNC	STB_LOCAL	STV_DEFAULT	.text	0x116110	0x1c8	0	1
.local/legacy-firmware/work/extract/stock-rootfs/lib/modules/5.4.55/mt_wifi.ko	40c8f974ad7317776f602c069c009d1f0d5d939d622ccdee275423fad1e35cb0	.symtab	8109	ser_mngr_init	STT_FUNC	STB_LOCAL	STV_DEFAULT	.text.unlikely	0x19b24	0x160	0	1
.local/legacy-firmware/work/extract/stock-rootfs/lib/modules/5.4.55/mt_wifi.ko	40c8f974ad7317776f602c069c009d1f0d5d939d622ccdee275423fad1e35cb0	.symtab	8119	ser_l1_timeout	STT_FUNC	STB_LOCAL	STV_DEFAULT	.text	0x398980	0x144	0	1
.local/legacy-firmware/work/extract/stock-rootfs/lib/modules/5.4.55/mt_wifi.ko	40c8f974ad7317776f602c069c009d1f0d5d939d622ccdee275423fad1e35cb0	.symtab	8138	ser_dump_ser_stat	STT_FUNC	STB_LOCAL	STV_DEFAULT	.text	0x398780	0xc4	0	1
.local/legacy-firmware/work/extract/stock-rootfs/lib/modules/5.4.55/mt_wifi.ko	40c8f974ad7317776f602c069c009d1f0d5d939d622ccdee275423fad1e35cb0	.symtab	8161	MlmeResetRalinkCounters	STT_FUNC	STB_LOCAL	STV_DEFAULT	.text	0x1a70e0	0x68	0	1
.local/legacy-firmware/work/extract/stock-rootfs/lib/modules/5.4.55/mt_wifi.ko	40c8f974ad7317776f602c069c009d1f0d5d939d622ccdee275423fad1e35cb0	.symtab	8186	Set_BlockChReset_Proc	STT_FUNC	STB_LOCAL	STV_DEFAULT	.text	0x18b534	0xa0	0	1
.local/legacy-firmware/work/extract/stock-rootfs/lib/modules/5.4.55/mt_wifi.ko	40c8f974ad7317776f602c069c009d1f0d5d939d622ccdee275423fad1e35cb0	.symtab	8213	ser_exit	STT_FUNC	STB_LOCAL	STV_DEFAULT	.text	0x347744	0x1c	0	1
.local/legacy-firmware/work/extract/stock-rootfs/lib/modules/5.4.55/mt_wifi.ko	40c8f974ad7317776f602c069c009d1f0d5d939d622ccdee275423fad1e35cb0	.symtab	8436	mt7990_fe_wdma_reset	STT_FUNC	STB_LOCAL	STV_DEFAULT	.text	0x116450	0xb0	0	1
.local/legacy-firmware/work/extract/stock-rootfs/lib/modules/5.4.55/mt_wifi.ko	40c8f974ad7317776f602c069c009d1f0d5d939d622ccdee275423fad1e35cb0	.symtab	8520	BssEntryReset	STT_FUNC	STB_LOCAL	STV_DEFAULT	.text	0x406ec4	0x78	0	1
.local/legacy-firmware/work/extract/stock-rootfs/lib/modules/5.4.55/mt_wifi.ko	40c8f974ad7317776f602c069c009d1f0d5d939d622ccdee275423fad1e35cb0	.symtab	8530	mt_serv_reset_txrx_counter	STT_FUNC	STB_LOCAL	STV_DEFAULT	.text	0x7ee90	0xc0	0	1
.local/legacy-firmware/work/extract/stock-rootfs/lib/modules/5.4.55/mt_wifi.ko	40c8f974ad7317776f602c069c009d1f0d5d939d622ccdee275423fad1e35cb0	.symtab	8567	MacTableResetEntry	STT_FUNC	STB_LOCAL	STV_DEFAULT	.text	0x24ce80	0x178	0	1
.local/legacy-firmware/work/extract/stock-rootfs/lib/modules/5.4.55/mt_wifi.ko	40c8f974ad7317776f602c069c009d1f0d5d939d622ccdee275423fad1e35cb0	.symtab	8643	wifi_sys_reset	STT_FUNC	STB_LOCAL	STV_DEFAULT	.text	0x1d2e70	0x28	0	1
.local/legacy-firmware/work/extract/stock-rootfs/lib/modules/5.4.55/mt_wifi.ko	40c8f974ad7317776f602c069c009d1f0d5d939d622ccdee275423fad1e35cb0	.symtab	8663	ser_ack_event	STT_FUNC	STB_LOCAL	STV_DEFAULT	.text	0x398604	0x160	0	1
.local/legacy-firmware/work/extract/stock-rootfs/lib/modules/5.4.55/mt_wifi.ko	40c8f974ad7317776f602c069c009d1f0d5d939d622ccdee275423fad1e35cb0	.symtab	8788	hwifi_ser_handler	STT_FUNC	STB_LOCAL	STV_DEFAULT	.text	0x386870	0x24	0	1
.local/legacy-firmware/work/extract/stock-rootfs/lib/modules/5.4.55/mt_wifi.ko	40c8f974ad7317776f602c069c009d1f0d5d939d622ccdee275423fad1e35cb0	.symtab	8862	MtCmdWiFiRxDisable	STT_FUNC	STB_LOCAL	STV_DEFAULT	.text	0xe6b40	0x180	0	1
.local/legacy-firmware/work/extract/stock-rootfs/lib/modules/5.4.55/mt_wifi.ko	40c8f974ad7317776f602c069c009d1f0d5d939d622ccdee275423fad1e35cb0	.symtab	8927	hqa_mu_reset_mutx_cnt	STT_FUNC	STB_LOCAL	STV_DEFAULT	.text	0x2fdd50	0xe8	0	1
.local/legacy-firmware/work/extract/stock-rootfs/lib/modules/5.4.55/mt_wifi.ko	40c8f974ad7317776f602c069c009d1f0d5d939d622ccdee275423fad1e35cb0	.symtab	8979	chip_dump_ser_stat	STT_FUNC	STB_LOCAL	STV_DEFAULT	.text	0x37ffc0	0x48	0	1
.local/legacy-firmware/work/extract/stock-rootfs/lib/modules/5.4.55/mt_wifi.ko	40c8f974ad7317776f602c069c009d1f0d5d939d622ccdee275423fad1e35cb0	.symtab	8994	MultiCastWLTableReset	STT_FUNC	STB_LOCAL	STV_DEFAULT	.text	0x2c7690	0x70	0	1
.local/legacy-firmware/work/extract/stock-rootfs/lib/modules/5.4.55/mt_wifi.ko	40c8f974ad7317776f602c069c009d1f0d5d939d622ccdee275423fad1e35cb0	.symtab	9193	ser_get_chip_by_pAd	STT_FUNC	STB_LOCAL	STV_DEFAULT	.text	0x398514	0x24	0	1
.local/legacy-firmware/work/extract/stock-rootfs/lib/modules/5.4.55/mt_wifi.ko	40c8f974ad7317776f602c069c009d1f0d5d939d622ccdee275423fad1e35cb0	.symtab	9229	sta_ifdown_fsm_reset	STT_FUNC	STB_LOCAL	STV_DEFAULT	.text	0x3dd410	0x8c	0	1
.local/legacy-firmware/work/extract/stock-rootfs/lib/modules/5.4.55/mt_wifi.ko	40c8f974ad7317776f602c069c009d1f0d5d939d622ccdee275423fad1e35cb0	.symtab	9347	RTMPResetBackOffParam	STT_FUNC	STB_LOCAL	STV_DEFAULT	.text	0x188aa0	0x18	0	1
.local/legacy-firmware/work/extract/stock-rootfs/lib/modules/5.4.55/mt_wifi.ko	40c8f974ad7317776f602c069c009d1f0d5d939d622ccdee275423fad1e35cb0	.symtab	9483	mtk_rx_ser_event	STT_FUNC	STB_LOCAL	STV_DEFAULT	.text	0x384ea0	0x14	0	1
.local/legacy-firmware/work/extract/stock-rootfs/lib/modules/5.4.55/mt_wifi.ko	40c8f974ad7317776f602c069c009d1f0d5d939d622ccdee275423fad1e35cb0	.symtab	9516	QBSS_LoadAlarmReset	STT_FUNC	STB_LOCAL	STV_DEFAULT	.text	0x56290	0x6c	0	1
.local/legacy-firmware/work/extract/stock-rootfs/lib/modules/5.4.55/mt_wifi.ko	40c8f974ad7317776f602c069c009d1f0d5d939d622ccdee275423fad1e35cb0	.symtab	9576	MacTableResetWdev	STT_FUNC	STB_LOCAL	STV_DEFAULT	.text	0x251290	0x310	0	1
.local/legacy-firmware/work/extract/stock-rootfs/lib/modules/5.4.55/mt_wifi.ko	40c8f974ad7317776f602c069c009d1f0d5d939d622ccdee275423fad1e35cb0	.symtab	9660	vow_reset_dvt	STT_FUNC	STB_LOCAL	STV_DEFAULT	.text	0x313b30	0xd4	0	1
.local/legacy-firmware/work/extract/stock-rootfs/lib/modules/5.4.55/mt_wifi.ko	40c8f974ad7317776f602c069c009d1f0d5d939d622ccdee275423fad1e35cb0	.symtab	10024	mt7990_ser_0_0_v1	STT_FUNC	STB_LOCAL	STV_DEFAULT	.text	0x116090	0x7c	0	1
.local/legacy-firmware/work/extract/stock-rootfs/lib/modules/5.4.55/mt_wifi.ko	40c8f974ad7317776f602c069c009d1f0d5d939d622ccdee275423fad1e35cb0	.symtab	10041	RtmpOsSkbResetTransportHeader	STT_FUNC	STB_LOCAL	STV_DEFAULT	.text	0x39cad0	0x14	0	1
.local/legacy-firmware/work/extract/stock-rootfs/lib/modules/5.4.55/mt_wifi.ko	40c8f974ad7317776f602c069c009d1f0d5d939d622ccdee275423fad1e35cb0	.symtab	10146	set_ate_rx_stat_reset	STT_FUNC	STB_LOCAL	STV_DEFAULT	.text	0x62590	0x12c	0	1
.local/legacy-firmware/work/extract/stock-rootfs/lib/modules/5.4.55/mt_wifi.ko	40c8f974ad7317776f602c069c009d1f0d5d939d622ccdee275423fad1e35cb0	.symtab	10195	vow_variable_reset	STT_FUNC	STB_LOCAL	STV_DEFAULT	.text	0x30a490	0x40c	0	1
.local/legacy-firmware/work/extract/stock-rootfs/lib/modules/5.4.55/mt_wifi.ko	40c8f974ad7317776f602c069c009d1f0d5d939d622ccdee275423fad1e35cb0	.symtab	10234	cntl_reset_all_fsm_in_ifdown	STT_FUNC	STB_LOCAL	STV_DEFAULT	.text	0x22fa90	0xd8	0	1
.local/legacy-firmware/work/extract/stock-rootfs/lib/modules/5.4.55/mt_wifi.ko	40c8f974ad7317776f602c069c009d1f0d5d939d622ccdee275423fad1e35cb0	.symtab	10278	ser_tans_ser_state	STT_FUNC	STB_LOCAL	STV_DEFAULT	.text	0x398130	0x50	0	1
.local/legacy-firmware/work/extract/stock-rootfs/lib/modules/5.4.55/mt_wifi.ko	40c8f974ad7317776f602c069c009d1f0d5d939d622ccdee275423fad1e35cb0	.symtab	10347	SetRxvStatReset	STT_FUNC	STB_LOCAL	STV_DEFAULT	.text	0x12db04	0xc4	0	1
.local/legacy-firmware/work/extract/stock-rootfs/lib/modules/5.4.55/mt_wifi.ko	40c8f974ad7317776f602c069c009d1f0d5d939d622ccdee275423fad1e35cb0	.symtab	10478	DfsZeroHandOffRecovery	STT_FUNC	STB_LOCAL	STV_DEFAULT	.text	0x1f4c70	0x90	0	1
.local/legacy-firmware/work/extract/stock-rootfs/lib/modules/5.4.55/mt_wifi.ko	40c8f974ad7317776f602c069c009d1f0d5d939d622ccdee275423fad1e35cb0	.symtab	10482	glb_npu_en_tx	STT_OBJECT	STB_LOCAL	STV_DEFAULT	.data	0xa1e8	0x1	0	1
.local/legacy-firmware/work/extract/stock-rootfs/lib/modules/5.4.55/mt_wifi.ko	40c8f974ad7317776f602c069c009d1f0d5d939d622ccdee275423fad1e35cb0	.symtab	10497	MtCmdWifiSpectrumStart	STT_FUNC	STB_LOCAL	STV_DEFAULT	.text	0xe4514	0x14	0	1
.local/legacy-firmware/work/extract/stock-rootfs/lib/modules/5.4.55/mt_wifi.ko	40c8f974ad7317776f602c069c009d1f0d5d939d622ccdee275423fad1e35cb0	.symtab	10611	host_notify_npuMbox	STT_NOTYPE	STB_GLOBAL	STV_DEFAULT	SHN_UNDEF	0x0	0x0	1	1
.local/legacy-firmware/work/extract/stock-rootfs/lib/modules/5.4.55/mt_wifi.ko	40c8f974ad7317776f602c069c009d1f0d5d939d622ccdee275423fad1e35cb0	.symtab	10734	get_ecnt_npu_dev	STT_NOTYPE	STB_GLOBAL	STV_DEFAULT	SHN_UNDEF	0x0	0x0	1	1
.local/legacy-firmware/work/extract/stock-rootfs/lib/modules/5.4.55/mt_wifi.ko	40c8f974ad7317776f602c069c009d1f0d5d939d622ccdee275423fad1e35cb0	.symtab	10817	__page_frag_cache_drain	STT_NOTYPE	STB_GLOBAL	STV_DEFAULT	SHN_UNDEF	0x0	0x0	1	1
.local/legacy-firmware/work/extract/stock-rootfs/lib/modules/5.4.55/mtk_hwifi.ko	6d82ba02d96d638da9e80592a63e31c09d2f8603620066b604c1702d1171c8f7	.symtab	184	mtk_ge_start_npu	STT_FUNC	STB_LOCAL	STV_DEFAULT	.text	0xcec4	0x34	0	1
.local/legacy-firmware/work/extract/stock-rootfs/lib/modules/5.4.55/mtk_hwifi.ko	6d82ba02d96d638da9e80592a63e31c09d2f8603620066b604c1702d1171c8f7	.symtab	219	mtk_ge_stop_npu	STT_FUNC	STB_LOCAL	STV_DEFAULT	.text	0xce90	0x34	0	1
.local/legacy-firmware/work/extract/stock-rootfs/lib/modules/5.4.55/mtk_hwifi.ko	6d82ba02d96d638da9e80592a63e31c09d2f8603620066b604c1702d1171c8f7	.symtab	272	mtk_ge_hw_reset	STT_FUNC	STB_LOCAL	STV_DEFAULT	.text	0xd020	0x2c	0	1
.local/legacy-firmware/work/extract/stock-rootfs/lib/modules/5.4.55/mtk_hwifi.ko	6d82ba02d96d638da9e80592a63e31c09d2f8603620066b604c1702d1171c8f7	.symtab	312	mtk_bus_rx_ser_event	STT_FUNC	STB_LOCAL	STV_DEFAULT	.text	0x6f4	0xb0	0	1
.local/legacy-firmware/work/extract/stock-rootfs/lib/modules/5.4.55/mtk_pci.ko	c71b2073eeb2498c05c5e42bb5ceaf3df664cff42bf0b0740eb6152458e0857b	.symtab	50	pci_dma_rx_process_hostadpt	STT_FUNC	STB_LOCAL	STV_DEFAULT	.text	0x5230	0x1d8	0	1
.local/legacy-firmware/work/extract/stock-rootfs/lib/modules/5.4.55/mtk_pci.ko	c71b2073eeb2498c05c5e42bb5ceaf3df664cff42bf0b0740eb6152458e0857b	.symtab	51	npu_pci_dma_tx_data_queue	STT_FUNC	STB_LOCAL	STV_DEFAULT	.text	0x7104	0x248	0	1
.local/legacy-firmware/work/extract/stock-rootfs/lib/modules/5.4.55/mtk_pci.ko	c71b2073eeb2498c05c5e42bb5ceaf3df664cff42bf0b0740eb6152458e0857b	.symtab	52	send_rro_stop_msg_2_NPU	STT_FUNC	STB_LOCAL	STV_DEFAULT	.text	0x6370	0x268	0	1
.local/legacy-firmware/work/extract/stock-rootfs/lib/modules/5.4.55/mtk_pci.ko	c71b2073eeb2498c05c5e42bb5ceaf3df664cff42bf0b0740eb6152458e0857b	.symtab	53	glb_npu_trans2	STT_OBJECT	STB_LOCAL	STV_DEFAULT	.bss	0x20	0x8	0	1
.local/legacy-firmware/work/extract/stock-rootfs/lib/modules/5.4.55/mtk_pci.ko	c71b2073eeb2498c05c5e42bb5ceaf3df664cff42bf0b0740eb6152458e0857b	.symtab	57	npu_pci_dma_init_tx_data_queue	STT_FUNC	STB_LOCAL	STV_DEFAULT	.text	0x5810	0x23c	0	1
.local/legacy-firmware/work/extract/stock-rootfs/lib/modules/5.4.55/mtk_pci.ko	c71b2073eeb2498c05c5e42bb5ceaf3df664cff42bf0b0740eb6152458e0857b	.symtab	60	npu_band_trans_bit2num	STT_FUNC	STB_LOCAL	STV_DEFAULT	.text	0x5060	0x60	0	1
.local/legacy-firmware/work/extract/stock-rootfs/lib/modules/5.4.55/mtk_pci.ko	c71b2073eeb2498c05c5e42bb5ceaf3df664cff42bf0b0740eb6152458e0857b	.symtab	62	npu_is_tx_data_ring	STT_FUNC	STB_LOCAL	STV_DEFAULT	.text	0x6b70	0x64	0	1
.local/legacy-firmware/work/extract/stock-rootfs/lib/modules/5.4.55/mtk_pci.ko	c71b2073eeb2498c05c5e42bb5ceaf3df664cff42bf0b0740eb6152458e0857b	.symtab	69	npu_assign_trans	STT_FUNC	STB_LOCAL	STV_DEFAULT	.text	0x73d0	0xac	0	1
.local/legacy-firmware/work/extract/stock-rootfs/lib/modules/5.4.55/mtk_pci.ko	c71b2073eeb2498c05c5e42bb5ceaf3df664cff42bf0b0740eb6152458e0857b	.symtab	70	tasklet_schedule_rx_data_done_hostadpt_ring0	STT_FUNC	STB_LOCAL	STV_DEFAULT	.text	0x5500	0xc4	0	1
.local/legacy-firmware/work/extract/stock-rootfs/lib/modules/5.4.55/mtk_pci.ko	c71b2073eeb2498c05c5e42bb5ceaf3df664cff42bf0b0740eb6152458e0857b	.symtab	71	npu_rro_init_ind_cmd_queue	STT_FUNC	STB_LOCAL	STV_DEFAULT	.text	0x6bd4	0x390	0	1
.local/legacy-firmware/work/extract/stock-rootfs/lib/modules/5.4.55/mtk_pci.ko	c71b2073eeb2498c05c5e42bb5ceaf3df664cff42bf0b0740eb6152458e0857b	.symtab	72	npu_pci_dma_sw_init_device	STT_FUNC	STB_LOCAL	STV_DEFAULT	.text	0x67d4	0x39c	0	1
.local/legacy-firmware/work/extract/stock-rootfs/lib/modules/5.4.55/mtk_pci.ko	c71b2073eeb2498c05c5e42bb5ceaf3df664cff42bf0b0740eb6152458e0857b	.symtab	74	glb_npu_trans1	STT_OBJECT	STB_LOCAL	STV_DEFAULT	.bss	0x18	0x8	0	1
.local/legacy-firmware/work/extract/stock-rootfs/lib/modules/5.4.55/mtk_pci.ko	c71b2073eeb2498c05c5e42bb5ceaf3df664cff42bf0b0740eb6152458e0857b	.symtab	76	npu_unassign_trans	STT_FUNC	STB_LOCAL	STV_DEFAULT	.text.unlikely	0x414	0x5c	0	1
.local/legacy-firmware/work/extract/stock-rootfs/lib/modules/5.4.55/mtk_pci.ko	c71b2073eeb2498c05c5e42bb5ceaf3df664cff42bf0b0740eb6152458e0857b	.symtab	77	npu_pci_dma_init_rx_event_queue	STT_FUNC	STB_LOCAL	STV_DEFAULT	.text	0x5a50	0x334	0	1
.local/legacy-firmware/work/extract/stock-rootfs/lib/modules/5.4.55/mtk_pci.ko	c71b2073eeb2498c05c5e42bb5ceaf3df664cff42bf0b0740eb6152458e0857b	.symtab	79	npu_tx_tk_entry_release	STT_FUNC	STB_LOCAL	STV_DEFAULT	.text	0x50f0	0x3c	0	1
.local/legacy-firmware/work/extract/stock-rootfs/lib/modules/5.4.55/mtk_pci.ko	c71b2073eeb2498c05c5e42bb5ceaf3df664cff42bf0b0740eb6152458e0857b	.symtab	80	send_rro_done_msg_2_NPU	STT_FUNC	STB_LOCAL	STV_DEFAULT	.text	0x6250	0x118	0	1
.local/legacy-firmware/work/extract/stock-rootfs/lib/modules/5.4.55/mtk_pci.ko	c71b2073eeb2498c05c5e42bb5ceaf3df664cff42bf0b0740eb6152458e0857b	.symtab	81	npu_pci_dma_init_rx_data_queue	STT_FUNC	STB_LOCAL	STV_DEFAULT	.text	0x5d84	0x4cc	0	1
.local/legacy-firmware/work/extract/stock-rootfs/lib/modules/5.4.55/mtk_pci.ko	c71b2073eeb2498c05c5e42bb5ceaf3df664cff42bf0b0740eb6152458e0857b	.symtab	82	npu_pci_dma_sw_init_rx_queue	STT_FUNC	STB_LOCAL	STV_DEFAULT	.text	0x7350	0x7c	0	1
.local/legacy-firmware/work/extract/stock-rootfs/lib/modules/5.4.55/mtk_pci.ko	c71b2073eeb2498c05c5e42bb5ceaf3df664cff42bf0b0740eb6152458e0857b	.symtab	83	npu_tx_slow_path_test_code_pkt_clone	STT_FUNC	STB_LOCAL	STV_DEFAULT	.text	0x50c0	0x30	0	1
.local/legacy-firmware/work/extract/stock-rootfs/lib/modules/5.4.55/mtk_pci.ko	c71b2073eeb2498c05c5e42bb5ceaf3df664cff42bf0b0740eb6152458e0857b	.symtab	87	npu_alloc_for_txp_slow_path_fast_path	STT_FUNC	STB_LOCAL	STV_DEFAULT	.text	0x56f0	0x120	0	1
.local/legacy-firmware/work/extract/stock-rootfs/lib/modules/5.4.55/mtk_pci.ko	c71b2073eeb2498c05c5e42bb5ceaf3df664cff42bf0b0740eb6152458e0857b	.symtab	88	npu_allowed_ring	STT_FUNC	STB_LOCAL	STV_DEFAULT	.text	0x4e80	0xa8	0	1
.local/legacy-firmware/work/extract/stock-rootfs/lib/modules/5.4.55/mtk_pci.ko	c71b2073eeb2498c05c5e42bb5ceaf3df664cff42bf0b0740eb6152458e0857b	.symtab	89	g_npu_used_opt_type	STT_OBJECT	STB_LOCAL	STV_DEFAULT	.data	0x220	0x1	0	1
.local/legacy-firmware/work/extract/stock-rootfs/lib/modules/5.4.55/mtk_pci.ko	c71b2073eeb2498c05c5e42bb5ceaf3df664cff42bf0b0740eb6152458e0857b	.symtab	90	pci_dma_rx_poll_hostadpt_ring0	STT_FUNC	STB_LOCAL	STV_DEFAULT	.text	0x5410	0xf0	0	1
.local/legacy-firmware/work/extract/stock-rootfs/lib/modules/5.4.55/mtk_pci.ko	c71b2073eeb2498c05c5e42bb5ceaf3df664cff42bf0b0740eb6152458e0857b	.symtab	98	tasklet_schedule_rx_data_done_hostadpt_ring1	STT_FUNC	STB_LOCAL	STV_DEFAULT	.text	0x55c4	0x124	0	1
.local/legacy-firmware/work/extract/stock-rootfs/lib/modules/5.4.55/mtk_pci.ko	c71b2073eeb2498c05c5e42bb5ceaf3df664cff42bf0b0740eb6152458e0857b	.symtab	101	npu_get_pcie_index	STT_FUNC	STB_LOCAL	STV_DEFAULT	.text	0x4f30	0x130	0	1
.local/legacy-firmware/work/extract/stock-rootfs/lib/modules/5.4.55/mtk_pci.ko	c71b2073eeb2498c05c5e42bb5ceaf3df664cff42bf0b0740eb6152458e0857b	.symtab	102	npu_hw_init_queue_bus_write	STT_FUNC	STB_LOCAL	STV_DEFAULT	.text	0x65e0	0x1f4	0	1
.local/legacy-firmware/work/extract/stock-rootfs/lib/modules/5.4.55/mtk_pci.ko	c71b2073eeb2498c05c5e42bb5ceaf3df664cff42bf0b0740eb6152458e0857b	.symtab	106	npu_pci_irq_handler	STT_FUNC	STB_LOCAL	STV_DEFAULT	.text	0x6f64	0x1a0	0	1
.local/legacy-firmware/work/extract/stock-rootfs/lib/modules/5.4.55/mtk_pci.ko	c71b2073eeb2498c05c5e42bb5ceaf3df664cff42bf0b0740eb6152458e0857b	.symtab	123	toHostadptPktHandle_hook	STT_NOTYPE	STB_GLOBAL	STV_DEFAULT	SHN_UNDEF	0x0	0x0	1	1
.local/legacy-firmware/work/extract/stock-rootfs/lib/modules/5.4.55/mtk_pci.ko	c71b2073eeb2498c05c5e42bb5ceaf3df664cff42bf0b0740eb6152458e0857b	.symtab	131	npu_wifi_offload_get_ba_node_addr	STT_NOTYPE	STB_GLOBAL	STV_DEFAULT	SHN_UNDEF	0x0	0x0	1	1
.local/legacy-firmware/work/extract/stock-rootfs/lib/modules/5.4.55/mtk_pci.ko	c71b2073eeb2498c05c5e42bb5ceaf3df664cff42bf0b0740eb6152458e0857b	.symtab	137	glb_npu_en_rx	STT_NOTYPE	STB_GLOBAL	STV_DEFAULT	SHN_UNDEF	0x0	0x0	1	1
.local/legacy-firmware/work/extract/stock-rootfs/lib/modules/5.4.55/mtk_pci.ko	c71b2073eeb2498c05c5e42bb5ceaf3df664cff42bf0b0740eb6152458e0857b	.symtab	138	host_notify_npuMbox	STT_NOTYPE	STB_GLOBAL	STV_DEFAULT	SHN_UNDEF	0x0	0x0	1	1
.local/legacy-firmware/work/extract/stock-rootfs/lib/modules/5.4.55/mtk_pci.ko	c71b2073eeb2498c05c5e42bb5ceaf3df664cff42bf0b0740eb6152458e0857b	.symtab	161	glb_npu_en_tx	STT_NOTYPE	STB_GLOBAL	STV_DEFAULT	SHN_UNDEF	0x0	0x0	1	1
.local/legacy-firmware/work/extract/stock-rootfs/lib/modules/5.4.55/mtk_pci.ko	c71b2073eeb2498c05c5e42bb5ceaf3df664cff42bf0b0740eb6152458e0857b	.symtab	181	__page_frag_cache_drain	STT_NOTYPE	STB_GLOBAL	STV_DEFAULT	SHN_UNDEF	0x0	0x0	1	1
.local/legacy-firmware/work/extract/stock-rootfs/lib/modules/5.4.55/mtk_pci.ko	c71b2073eeb2498c05c5e42bb5ceaf3df664cff42bf0b0740eb6152458e0857b	.symtab	182	get_ecnt_npu_dev	STT_NOTYPE	STB_GLOBAL	STV_DEFAULT	SHN_UNDEF	0x0	0x0	1	1
.local/legacy-firmware/work/extract/stock-rootfs/lib/modules/5.4.55/mtk_pci.ko	c71b2073eeb2498c05c5e42bb5ceaf3df664cff42bf0b0740eb6152458e0857b	.symtab	189	fromHostadptPktHandle_hook	STT_NOTYPE	STB_GLOBAL	STV_DEFAULT	SHN_UNDEF	0x0	0x0	1	1
.local/legacy-firmware/work/extract/stock-rootfs/lib/modules/5.4.55/mtk_pci.ko	c71b2073eeb2498c05c5e42bb5ceaf3df664cff42bf0b0740eb6152458e0857b	.symtab	209	mtk_bus_rx_ser_event	STT_NOTYPE	STB_GLOBAL	STV_DEFAULT	SHN_UNDEF	0x0	0x0	1	1
.local/legacy-firmware/work/extract/stock-rootfs/lib/modules/5.4.55/npu.ko	fecef1a24531765da1243de773ee7e9bb5b20ff47f1ad3b3736e1f09e9db088e	.symtab	18	boot_all_npu_cores	STT_FUNC	STB_LOCAL	STV_DEFAULT	.text	0xa50	0x14	0	1
.local/legacy-firmware/work/extract/stock-rootfs/lib/modules/5.4.55/npu.ko	fecef1a24531765da1243de773ee7e9bb5b20ff47f1ad3b3736e1f09e9db088e	.symtab	19	npu_init_code_unc_addr	STT_OBJECT	STB_LOCAL	STV_DEFAULT	.bss	0x20	0x4	0	1
.local/legacy-firmware/work/extract/stock-rootfs/lib/modules/5.4.55/npu.ko	fecef1a24531765da1243de773ee7e9bb5b20ff47f1ad3b3736e1f09e9db088e	.symtab	23	set_npu_wifi_offload_eagle_rro_debug	STT_FUNC	STB_LOCAL	STV_DEFAULT	.text.unlikely	0x1c0	0x14	0	1
.local/legacy-firmware/work/extract/stock-rootfs/lib/modules/5.4.55/npu.ko	fecef1a24531765da1243de773ee7e9bb5b20ff47f1ad3b3736e1f09e9db088e	.symtab	25	npu_init_code_phy_addr	STT_OBJECT	STB_LOCAL	STV_DEFAULT	.bss	0x50	0x4	0	1
.local/legacy-firmware/work/extract/stock-rootfs/lib/modules/5.4.55/npu.ko	fecef1a24531765da1243de773ee7e9bb5b20ff47f1ad3b3736e1f09e9db088e	.symtab	27	print_npu_wifi_offload_dbg_counter	STT_FUNC	STB_LOCAL	STV_DEFAULT	.text	0xd90	0x48	0	1
.local/legacy-firmware/work/extract/stock-rootfs/lib/modules/5.4.55/npu.ko	fecef1a24531765da1243de773ee7e9bb5b20ff47f1ad3b3736e1f09e9db088e	.symtab	29	host_dump_npu_csr	STT_FUNC	STB_LOCAL	STV_DEFAULT	.text.unlikely	0x10c	0xb4	0	1
.local/legacy-firmware/work/extract/stock-rootfs/lib/modules/5.4.55/npu.ko	fecef1a24531765da1243de773ee7e9bb5b20ff47f1ad3b3736e1f09e9db088e	.symtab	31	print_npu_wifi_offload_tx_dbg_counter	STT_FUNC	STB_LOCAL	STV_DEFAULT	.text	0xec0	0x164	0	1
.local/legacy-firmware/work/extract/stock-rootfs/lib/modules/5.4.55/npu.ko	fecef1a24531765da1243de773ee7e9bb5b20ff47f1ad3b3736e1f09e9db088e	.symtab	35	npu_wifi_offload_get_dbg_counter_address	STT_FUNC	STB_LOCAL	STV_DEFAULT	.text	0xb30	0x258	0	1
.local/legacy-firmware/work/extract/stock-rootfs/lib/modules/5.4.55/npu.ko	fecef1a24531765da1243de773ee7e9bb5b20ff47f1ad3b3736e1f09e9db088e	.symtab	43	npu_wifi_offload_get_tx_pkt_buf_addr	STT_NOTYPE	STB_GLOBAL	STV_DEFAULT	SHN_UNDEF	0x0	0x0	1	1
.local/legacy-firmware/work/extract/stock-rootfs/lib/modules/5.4.55/npu.ko	fecef1a24531765da1243de773ee7e9bb5b20ff47f1ad3b3736e1f09e9db088e	.symtab	48	set_npu_needed_info	STT_NOTYPE	STB_GLOBAL	STV_DEFAULT	SHN_UNDEF	0x0	0x0	1	1
.local/legacy-firmware/work/extract/stock-rootfs/lib/modules/5.4.55/npu.ko	fecef1a24531765da1243de773ee7e9bb5b20ff47f1ad3b3736e1f09e9db088e	.symtab	49	host_notify_npuMbox	STT_NOTYPE	STB_GLOBAL	STV_DEFAULT	SHN_UNDEF	0x0	0x0	1	1
.local/legacy-firmware/work/extract/stock-rootfs/lib/modules/5.4.55/npu.ko	fecef1a24531765da1243de773ee7e9bb5b20ff47f1ad3b3736e1f09e9db088e	.symtab	56	npu_stat	STT_NOTYPE	STB_GLOBAL	STV_DEFAULT	SHN_UNDEF	0x0	0x0	1	1
.local/legacy-firmware/work/extract/stock-rootfs/lib/modules/5.4.55/npu.ko	fecef1a24531765da1243de773ee7e9bb5b20ff47f1ad3b3736e1f09e9db088e	.symtab	59	get_npu_dbg_csr	STT_NOTYPE	STB_GLOBAL	STV_DEFAULT	SHN_UNDEF	0x0	0x0	1	1
.local/legacy-firmware/work/extract/stock-rootfs/lib/modules/5.4.55/npu.ko	fecef1a24531765da1243de773ee7e9bb5b20ff47f1ad3b3736e1f09e9db088e	.symtab	60	boot_npu_all_cores	STT_NOTYPE	STB_GLOBAL	STV_DEFAULT	SHN_UNDEF	0x0	0x0	1	1
.local/legacy-firmware/work/extract/stock-rootfs/lib/modules/5.4.55/npu.ko	fecef1a24531765da1243de773ee7e9bb5b20ff47f1ad3b3736e1f09e9db088e	.symtab	61	test_ram_b4_npu_load	STT_NOTYPE	STB_GLOBAL	STV_DEFAULT	SHN_UNDEF	0x0	0x0	1	1
.local/legacy-firmware/work/extract/stock-rootfs/lib/modules/5.4.55/npu.ko	fecef1a24531765da1243de773ee7e9bb5b20ff47f1ad3b3736e1f09e9db088e	.symtab	64	npu_wifi_offload_get_force_to_cpu_flag	STT_NOTYPE	STB_GLOBAL	STV_DEFAULT	SHN_UNDEF	0x0	0x0	1	1
.local/legacy-firmware/work/extract/stock-rootfs/lib/modules/5.4.55/npu.ko	fecef1a24531765da1243de773ee7e9bb5b20ff47f1ad3b3736e1f09e9db088e	.symtab	65	npu_wifi_offload_get_pkt_buf_addr	STT_NOTYPE	STB_GLOBAL	STV_DEFAULT	SHN_UNDEF	0x0	0x0	1	1
.local/legacy-firmware/work/extract/stock-rootfs/lib/modules/5.4.55/npu.ko	fecef1a24531765da1243de773ee7e9bb5b20ff47f1ad3b3736e1f09e9db088e	.symtab	66	get_ecnt_npu_dev	STT_NOTYPE	STB_GLOBAL	STV_DEFAULT	SHN_UNDEF	0x0	0x0	1	1
.local/legacy-firmware/work/extract/stock-rootfs/lib/modules/5.4.55/phy_10g.ko	142639c5e92e176bd35ba9894ba740ff5a5403b3cec39a229e88726a6513ed78	.symtab	72	pma_reg_reset	STT_FUNC	STB_LOCAL	STV_DEFAULT	.text	0x22e50	0x2a4	0	1
.local/legacy-firmware/work/extract/stock-rootfs/lib/modules/5.4.55/phy_10g.ko	142639c5e92e176bd35ba9894ba740ff5a5403b3cec39a229e88726a6513ed78	.symtab	88	phy_pcs_reset	STT_FUNC	STB_LOCAL	STV_DEFAULT	.text	0xc11c	0x1c	0	1
.local/legacy-firmware/work/extract/stock-rootfs/lib/modules/5.4.55/phy_10g.ko	142639c5e92e176bd35ba9894ba740ff5a5403b3cec39a229e88726a6513ed78	.symtab	104	xPON_Phy_Reset	STT_FUNC	STB_LOCAL	STV_DEFAULT	.text	0xbec4	0x34	0	1
.local/legacy-firmware/work/extract/stock-rootfs/lib/modules/5.4.55/phy_10g.ko	142639c5e92e176bd35ba9894ba740ff5a5403b3cec39a229e88726a6513ed78	.symtab	143	en7581_xepon_phy_pma_reset	STT_FUNC	STB_LOCAL	STV_DEFAULT	.text	0x20a28	0x140	0	1
.local/legacy-firmware/work/extract/stock-rootfs/lib/modules/5.4.55/phy_10g.ko	142639c5e92e176bd35ba9894ba740ff5a5403b3cec39a229e88726a6513ed78	.symtab	158	en7581_gepon_pon_phy_reset	STT_FUNC	STB_LOCAL	STV_DEFAULT	.text	0x1028c	0x8c	0	1
.local/legacy-firmware/work/extract/stock-rootfs/lib/modules/5.4.55/phy_10g.ko	142639c5e92e176bd35ba9894ba740ff5a5403b3cec39a229e88726a6513ed78	.symtab	167	XPON_RX_preset	STT_FUNC	STB_LOCAL	STV_DEFAULT	.text	0x262fc	0x20c	0	1
.local/legacy-firmware/work/extract/stock-rootfs/lib/modules/5.4.55/phy_10g.ko	142639c5e92e176bd35ba9894ba740ff5a5403b3cec39a229e88726a6513ed78	.symtab	175	phy_pma_reset	STT_FUNC	STB_LOCAL	STV_DEFAULT	.text	0xc028	0xd8	0	1
.local/legacy-firmware/work/extract/stock-rootfs/lib/modules/5.4.55/phy_10g.ko	142639c5e92e176bd35ba9894ba740ff5a5403b3cec39a229e88726a6513ed78	.symtab	183	en7581_xepon_pon_phy_reset	STT_FUNC	STB_LOCAL	STV_DEFAULT	.text	0x1aa08	0x98	0	1
.local/legacy-firmware/work/extract/stock-rootfs/lib/modules/5.4.55/phy_10g.ko	142639c5e92e176bd35ba9894ba740ff5a5403b3cec39a229e88726a6513ed78	.symtab	217	en7581_xgpon_pon_phy_reset	STT_FUNC	STB_LOCAL	STV_DEFAULT	.text	0x13d98	0xb4	0	1
.local/legacy-firmware/work/extract/stock-rootfs/lib/modules/5.4.55/phy_10g.ko	142639c5e92e176bd35ba9894ba740ff5a5403b3cec39a229e88726a6513ed78	.symtab	244	en7581_xgpon_phy_pma_reset	STT_FUNC	STB_LOCAL	STV_DEFAULT	.text	0x1a86c	0x19c	0	1
.local/legacy-firmware/work/extract/stock-rootfs/lib/modules/5.4.55/phy_10g.ko	142639c5e92e176bd35ba9894ba740ff5a5403b3cec39a229e88726a6513ed78	.symtab	250	fiber_plug_reset	STT_FUNC	STB_LOCAL	STV_DEFAULT	.text	0x23410	0xe0	0	1
.local/legacy-firmware/work/extract/stock-rootfs/lib/modules/5.4.55/phy_10g.ko	142639c5e92e176bd35ba9894ba740ff5a5403b3cec39a229e88726a6513ed78	.symtab	252	phy_reset_counter	STT_FUNC	STB_LOCAL	STV_DEFAULT	.text	0x1634	0x20	0	1
.local/legacy-firmware/work/extract/stock-rootfs/lib/modules/5.4.55/phy_10g.ko	142639c5e92e176bd35ba9894ba740ff5a5403b3cec39a229e88726a6513ed78	.symtab	268	phy_pcs_fpgaif_reset	STT_FUNC	STB_LOCAL	STV_DEFAULT	.text	0xc100	0x1c	0	1
.local/legacy-firmware/work/extract/stock-rootfs/lib/modules/5.4.55/phy_10g.ko	142639c5e92e176bd35ba9894ba740ff5a5403b3cec39a229e88726a6513ed78	.symtab	269	en7581_phy_reset_counter	STT_FUNC	STB_LOCAL	STV_DEFAULT	.text	0xf9e0	0x118	0	1
.local/legacy-firmware/work/extract/stock-rootfs/lib/modules/5.4.55/phy_10g.ko	142639c5e92e176bd35ba9894ba740ff5a5403b3cec39a229e88726a6513ed78	.symtab	273	XPON_DIG_reset	STT_FUNC	STB_LOCAL	STV_DEFAULT	.text	0x275f8	0x2c0	0	1
.local/legacy-firmware/work/extract/stock-rootfs/lib/modules/5.4.55/phy_10g.ko	142639c5e92e176bd35ba9894ba740ff5a5403b3cec39a229e88726a6513ed78	.symtab	274	en7581_gepon_phy_pma_reset	STT_FUNC	STB_LOCAL	STV_DEFAULT	.text	0x13c98	0x100	0	1
.local/legacy-firmware/work/extract/stock-rootfs/lib/modules/5.4.55/qdma_lan.ko	cad7c2494eaeb9883bc0596839f17d650ab4ce93179c8271b91ae0f9953c02c2	.symtab	514	qdma_reset	STT_FUNC	STB_LOCAL	STV_DEFAULT	.text	0x10984	0x87c	0	1
.local/legacy-firmware/work/extract/stock-rootfs/lib/modules/5.4.55/qdma_wan.ko	711cb5e8a1c7971b0eaee361382d9002e742696567d19131f03688259b933f11	.symtab	355	qdma_reset	STT_FUNC	STB_LOCAL	STV_DEFAULT	.text	0x9370	0x588	0	1
.local/legacy-firmware/work/extract/stock-rootfs/lib/modules/5.4.55/sch_hfsc.ko	602d5bfa7a315fcdc8fe67e6949a4a81f614e016131cf30350289b30f3d0fa66	.symtab	90	qdisc_reset	STT_NOTYPE	STB_GLOBAL	STV_DEFAULT	SHN_UNDEF	0x0	0x0	1	1
.local/legacy-firmware/work/extract/stock-rootfs/lib/modules/5.4.55/sch_htb.ko	c1832569e49445f5a5066e641b6296147a1c0301a3786dbfe13b5c61fea8fd45	.symtab	116	qdisc_reset	STT_NOTYPE	STB_GLOBAL	STV_DEFAULT	SHN_UNDEF	0x0	0x0	1	1
.local/legacy-firmware/work/extract/stock-rootfs/lib/modules/5.4.55/sch_tbf.ko	a777ade843ccb75749892f723827bc3e01b581346a141c2db8aea6b2aca63b5a	.symtab	68	qdisc_reset	STT_NOTYPE	STB_GLOBAL	STV_DEFAULT	SHN_UNDEF	0x0	0x0	1	1
.local/legacy-firmware/work/extract/stock-rootfs/lib/modules/5.4.55/scsi_mod.ko	21f970dc56250baa08f1a293c48eb8628526d4637769091fb3815198a1ea8341	.symtab	251	scsi_report_device_reset	STT_FUNC	STB_LOCAL	STV_DEFAULT	.text	0x2894	0x5c	0	1
.local/legacy-firmware/work/extract/stock-rootfs/lib/modules/5.4.55/scsi_mod.ko	21f970dc56250baa08f1a293c48eb8628526d4637769091fb3815198a1ea8341	.symtab	271	scsi_report_bus_reset	STT_FUNC	STB_LOCAL	STV_DEFAULT	.text	0x2854	0x40	0	1
.local/legacy-firmware/work/extract/stock-rootfs/lib/modules/5.4.55/scsi_mod.ko	21f970dc56250baa08f1a293c48eb8628526d4637769091fb3815198a1ea8341	.symtab	279	scsi_target_quiesce	STT_FUNC	STB_LOCAL	STV_DEFAULT	.text	0x66d4	0x20	0	1
.local/legacy-firmware/work/extract/stock-rootfs/lib/modules/5.4.55/scsi_mod.ko	21f970dc56250baa08f1a293c48eb8628526d4637769091fb3815198a1ea8341	.symtab	309	scsi_ioctl_reset	STT_FUNC	STB_LOCAL	STV_DEFAULT	.text	0x5540	0x444	0	1
.local/legacy-firmware/work/extract/stock-rootfs/lib/modules/5.4.55/scsi_mod.ko	21f970dc56250baa08f1a293c48eb8628526d4637769091fb3815198a1ea8341	.symtab	372	scsi_device_quiesce	STT_FUNC	STB_LOCAL	STV_DEFAULT	.text	0x6590	0xb8	0	1
.local/legacy-firmware/work/extract/stock-rootfs/lib/modules/5.4.55/scsi_mod.ko	21f970dc56250baa08f1a293c48eb8628526d4637769091fb3815198a1ea8341	.symtab	464	blk_mq_unquiesce_queue	STT_NOTYPE	STB_GLOBAL	STV_DEFAULT	SHN_UNDEF	0x0	0x0	1	1
.local/legacy-firmware/work/extract/stock-rootfs/lib/modules/5.4.55/scsi_mod.ko	21f970dc56250baa08f1a293c48eb8628526d4637769091fb3815198a1ea8341	.symtab	467	blk_mq_quiesce_queue	STT_NOTYPE	STB_GLOBAL	STV_DEFAULT	SHN_UNDEF	0x0	0x0	1	1
.local/legacy-firmware/work/extract/stock-rootfs/lib/modules/5.4.55/scsi_mod.ko	21f970dc56250baa08f1a293c48eb8628526d4637769091fb3815198a1ea8341	.symtab	611	blk_mq_quiesce_queue_nowait	STT_NOTYPE	STB_GLOBAL	STV_DEFAULT	SHN_UNDEF	0x0	0x0	1	1
.local/legacy-firmware/work/extract/stock-rootfs/lib/modules/5.4.55/speedtest.ko	2654ada906e418dc8320f4885996fda8ba4d4a6e06435220e5596cf7b8c94196	.symtab	49	total_before_npu_cnt_total	STT_OBJECT	STB_LOCAL	STV_DEFAULT	.bss	0x64f0	0x8	0	1
.local/legacy-firmware/work/extract/stock-rootfs/lib/modules/5.4.55/speedtest.ko	2654ada906e418dc8320f4885996fda8ba4d4a6e06435220e5596cf7b8c94196	.symtab	92	ratelimit_reset_flag	STT_OBJECT	STB_LOCAL	STV_DEFAULT	.bss	0x7df8	0x4	0	1
.local/legacy-firmware/work/extract/stock-rootfs/lib/modules/5.4.55/speedtest.ko	2654ada906e418dc8320f4885996fda8ba4d4a6e06435220e5596cf7b8c94196	.symtab	110	g_average_npu_rate_fin	STT_OBJECT	STB_LOCAL	STV_DEFAULT	.bss	0x69a8	0x8	0	1
.local/legacy-firmware/work/extract/stock-rootfs/lib/modules/5.4.55/speedtest.ko	2654ada906e418dc8320f4885996fda8ba4d4a6e06435220e5596cf7b8c94196	.symtab	178	total_curr_npu_total	STT_OBJECT	STB_LOCAL	STV_DEFAULT	.bss	0x6510	0x8	0	1
.local/legacy-firmware/work/extract/stock-rootfs/lib/modules/5.4.55/speedtest.ko	2654ada906e418dc8320f4885996fda8ba4d4a6e06435220e5596cf7b8c94196	.symtab	188	curr_npu_speed	STT_OBJECT	STB_LOCAL	STV_DEFAULT	.bss	0x447b8	0x1d4c0	0	1
.local/legacy-firmware/work/extract/stock-rootfs/lib/modules/5.4.55/speedtest.ko	2654ada906e418dc8320f4885996fda8ba4d4a6e06435220e5596cf7b8c94196	.symtab	194	speed_test_set_reset_para	STT_FUNC	STB_LOCAL	STV_DEFAULT	.text	0x12d54	0x8	0	1
.local/legacy-firmware/work/extract/stock-rootfs/lib/modules/5.4.55/speedtest.ko	2654ada906e418dc8320f4885996fda8ba4d4a6e06435220e5596cf7b8c94196	.symtab	246	total_before_npu_total	STT_OBJECT	STB_LOCAL	STV_DEFAULT	.bss	0x6508	0x8	0	1
.local/legacy-firmware/work/extract/stock-rootfs/lib/modules/5.4.55/speedtest.ko	2654ada906e418dc8320f4885996fda8ba4d4a6e06435220e5596cf7b8c94196	.symtab	299	speed_test_reset	STT_FUNC	STB_LOCAL	STV_DEFAULT	.text	0x5c40	0xa14	0	1
.local/legacy-firmware/work/extract/stock-rootfs/lib/modules/5.4.55/speedtest.ko	2654ada906e418dc8320f4885996fda8ba4d4a6e06435220e5596cf7b8c94196	.symtab	326	total_curr_npu_cnt_total	STT_OBJECT	STB_LOCAL	STV_DEFAULT	.bss	0x64f8	0x8	0	1
.local/legacy-firmware/work/extract/stock-rootfs/lib/modules/5.4.55/speedtest.ko	2654ada906e418dc8320f4885996fda8ba4d4a6e06435220e5596cf7b8c94196	.symtab	367	npu_wifi_offload_get_dbg_counter_address	STT_FUNC	STB_LOCAL	STV_DEFAULT	.text	0x10770	0x268	0	1
.local/legacy-firmware/work/extract/stock-rootfs/lib/modules/5.4.55/speedtest.ko	2654ada906e418dc8320f4885996fda8ba4d4a6e06435220e5596cf7b8c94196	.symtab	396	host_notify_npuMbox	STT_NOTYPE	STB_GLOBAL	STV_DEFAULT	SHN_UNDEF	0x0	0x0	1	1
.local/legacy-firmware/work/extract/stock-rootfs/lib/modules/5.4.55/speedtest.ko	2654ada906e418dc8320f4885996fda8ba4d4a6e06435220e5596cf7b8c94196	.symtab	443	get_ecnt_npu_dev	STT_NOTYPE	STB_GLOBAL	STV_DEFAULT	SHN_UNDEF	0x0	0x0	1	1
.local/legacy-firmware/work/extract/stock-rootfs/lib/modules/5.4.55/tccicmd.ko	9a0e081553d6d92ad198e8b346c28f97b63855dde181bde14f57575a2964ed45	.symtab	90	npu_wifi_fast_flag	STT_OBJECT	STB_LOCAL	STV_DEFAULT	.bss	0x200	0x1	0	1
.local/legacy-firmware/work/extract/stock-rootfs/lib/modules/5.4.55/tccicmd.ko	9a0e081553d6d92ad198e8b346c28f97b63855dde181bde14f57575a2964ed45	.symtab	109	host_notify_npuMbox	STT_NOTYPE	STB_GLOBAL	STV_DEFAULT	SHN_UNDEF	0x0	0x0	1	1
.local/legacy-firmware/work/extract/stock-rootfs/lib/modules/5.4.55/tccicmd.ko	9a0e081553d6d92ad198e8b346c28f97b63855dde181bde14f57575a2964ed45	.symtab	129	get_ecnt_npu_dev	STT_NOTYPE	STB_GLOBAL	STV_DEFAULT	SHN_UNDEF	0x0	0x0	1	1
.local/legacy-firmware/work/extract/stock-rootfs/lib/modules/5.4.55/usb-storage.ko	47129d122443ed47088e328081d55d0229b2d7f93fa55ef6362b7edd1311843b	.symtab	80	usb_stor_Bulk_reset	STT_FUNC	STB_LOCAL	STV_DEFAULT	.text	0x1bd4	0x24	0	1
.local/legacy-firmware/work/extract/stock-rootfs/lib/modules/5.4.55/usb-storage.ko	47129d122443ed47088e328081d55d0229b2d7f93fa55ef6362b7edd1311843b	.symtab	82	usb_stor_port_reset	STT_FUNC	STB_LOCAL	STV_DEFAULT	.text	0x22a0	0x70	0	1
.local/legacy-firmware/work/extract/stock-rootfs/lib/modules/5.4.55/usb-storage.ko	47129d122443ed47088e328081d55d0229b2d7f93fa55ef6362b7edd1311843b	.symtab	89	usb_stor_CB_reset	STT_FUNC	STB_LOCAL	STV_DEFAULT	.text	0x1c00	0x4c	0	1
.local/legacy-firmware/work/extract/stock-rootfs/lib/modules/5.4.55/usb-storage.ko	47129d122443ed47088e328081d55d0229b2d7f93fa55ef6362b7edd1311843b	.symtab	93	usb_stor_reset_resume	STT_FUNC	STB_LOCAL	STV_DEFAULT	.text	0x2980	0x1c	0	1
.local/legacy-firmware/work/extract/stock-rootfs/lib/modules/5.4.55/usb-storage.ko	47129d122443ed47088e328081d55d0229b2d7f93fa55ef6362b7edd1311843b	.symtab	94	usb_stor_pre_reset	STT_FUNC	STB_LOCAL	STV_DEFAULT	.text	0x28d0	0x1c	0	1
.local/legacy-firmware/work/extract/stock-rootfs/lib/modules/5.4.55/usb-storage.ko	47129d122443ed47088e328081d55d0229b2d7f93fa55ef6362b7edd1311843b	.symtab	102	usb_stor_report_bus_reset	STT_FUNC	STB_LOCAL	STV_DEFAULT	.text	0xdd0	0x78	0	1
.local/legacy-firmware/work/extract/stock-rootfs/lib/modules/5.4.55/usb-storage.ko	47129d122443ed47088e328081d55d0229b2d7f93fa55ef6362b7edd1311843b	.symtab	114	usb_stor_post_reset	STT_FUNC	STB_LOCAL	STV_DEFAULT	.text	0x29a0	0x30	0	1
.local/legacy-firmware/work/extract/stock-rootfs/lib/modules/5.4.55/usb-storage.ko	47129d122443ed47088e328081d55d0229b2d7f93fa55ef6362b7edd1311843b	.symtab	115	usb_stor_report_device_reset	STT_FUNC	STB_LOCAL	STV_DEFAULT	.text	0xd60	0x6c	0	1
.local/legacy-firmware/work/extract/stock-rootfs/lib/modules/5.4.55/usb-storage.ko	47129d122443ed47088e328081d55d0229b2d7f93fa55ef6362b7edd1311843b	.symtab	128	scsi_report_device_reset	STT_NOTYPE	STB_GLOBAL	STV_DEFAULT	SHN_UNDEF	0x0	0x0	1	1
.local/legacy-firmware/work/extract/stock-rootfs/lib/modules/5.4.55/usb-storage.ko	47129d122443ed47088e328081d55d0229b2d7f93fa55ef6362b7edd1311843b	.symtab	140	scsi_report_bus_reset	STT_NOTYPE	STB_GLOBAL	STV_DEFAULT	SHN_UNDEF	0x0	0x0	1	1
.local/legacy-firmware/work/extract/stock-rootfs/lib/modules/5.4.55/usb-storage.ko	47129d122443ed47088e328081d55d0229b2d7f93fa55ef6362b7edd1311843b	.symtab	157	usb_reset_device	STT_NOTYPE	STB_GLOBAL	STV_DEFAULT	SHN_UNDEF	0x0	0x0	1	1
.local/legacy-firmware/work/extract/stock-rootfs/lib/modules/5.4.55/usb-storage.ko	47129d122443ed47088e328081d55d0229b2d7f93fa55ef6362b7edd1311843b	.symtab	186	usb_lock_device_for_reset	STT_NOTYPE	STB_GLOBAL	STV_DEFAULT	SHN_UNDEF	0x0	0x0	1	1
.local/legacy-firmware/work/extract/stock-rootfs/lib/modules/5.4.55/usb-storage.ko	47129d122443ed47088e328081d55d0229b2d7f93fa55ef6362b7edd1311843b	.symtab	206	usb_reset_endpoint	STT_NOTYPE	STB_GLOBAL	STV_DEFAULT	SHN_UNDEF	0x0	0x0	1	1
.local/legacy-firmware/work/extract/stock-rootfs/lib/modules/5.4.55/xpon.ko	2ab6770ce75db1323c7c717bd1d3454a8b18f80864efc6b5fe9b68edfb43e75c	.symtab	400	gponDevResetCtrl	STT_FUNC	STB_LOCAL	STV_DEFAULT	.text	0x24f6c	0x2ec	0	1
.local/legacy-firmware/work/extract/stock-rootfs/lib/modules/5.4.55/xpon.ko	2ab6770ce75db1323c7c717bd1d3454a8b18f80864efc6b5fe9b68edfb43e75c	.symtab	417	schedule_gpon_dev_reset	STT_FUNC	STB_LOCAL	STV_DEFAULT	.text	0x1a040	0xb8	0	1
.local/legacy-firmware/work/extract/stock-rootfs/lib/modules/5.4.55/xpon.ko	2ab6770ce75db1323c7c717bd1d3454a8b18f80864efc6b5fe9b68edfb43e75c	.symtab	422	eponMacSwReset	STT_FUNC	STB_LOCAL	STV_DEFAULT	.text	0x317a0	0x28c	0	1
.local/legacy-firmware/work/extract/stock-rootfs/lib/modules/5.4.55/xpon.ko	2ab6770ce75db1323c7c717bd1d3454a8b18f80864efc6b5fe9b68edfb43e75c	.symtab	463	xpon_reset_qdma_tx_buf	STT_FUNC	STB_LOCAL	STV_DEFAULT	.text	0x62120	0x194	0	1
.local/legacy-firmware/work/extract/stock-rootfs/lib/modules/5.4.55/xpon.ko	2ab6770ce75db1323c7c717bd1d3454a8b18f80864efc6b5fe9b68edfb43e75c	.symtab	482	gpon_recover_get_real_channel	STT_FUNC	STB_LOCAL	STV_DEFAULT	.text	0x29cb0	0x7c	0	1
.local/legacy-firmware/work/extract/stock-rootfs/lib/modules/5.4.55/xpon.ko	2ab6770ce75db1323c7c717bd1d3454a8b18f80864efc6b5fe9b68edfb43e75c	.symtab	487	gpon_recover_backup_gemport	STT_FUNC	STB_LOCAL	STV_DEFAULT	.text	0x298ec	0x300	0	1
.local/legacy-firmware/work/extract/stock-rootfs/lib/modules/5.4.55/xpon.ko	2ab6770ce75db1323c7c717bd1d3454a8b18f80864efc6b5fe9b68edfb43e75c	.symtab	488	handle_xpon_daemon_job_gpon_dev_reset	STT_FUNC	STB_LOCAL	STV_DEFAULT	.text	0xf754	0x244	0	1
.local/legacy-firmware/work/extract/stock-rootfs/lib/modules/5.4.55/xpon.ko	2ab6770ce75db1323c7c717bd1d3454a8b18f80864efc6b5fe9b68edfb43e75c	.symtab	500	gponDevResetGemInfo	STT_FUNC	STB_LOCAL	STV_DEFAULT	.text	0x1e934	0x100	0	1
.local/legacy-firmware/work/extract/stock-rootfs/lib/modules/5.4.55/xpon.ko	2ab6770ce75db1323c7c717bd1d3454a8b18f80864efc6b5fe9b68edfb43e75c	.symtab	501	eponFirmwareSetMode	STT_FUNC	STB_LOCAL	STV_DEFAULT	.text	0x3229c	0x14	0	1
.local/legacy-firmware/work/extract/stock-rootfs/lib/modules/5.4.55/xpon.ko	2ab6770ce75db1323c7c717bd1d3454a8b18f80864efc6b5fe9b68edfb43e75c	.symtab	508	gpon_dev_and_phy_reset	STT_FUNC	STB_LOCAL	STV_DEFAULT	.text	0x16cb8	0x2c	0	1
.local/legacy-firmware/work/extract/stock-rootfs/lib/modules/5.4.55/xpon.ko	2ab6770ce75db1323c7c717bd1d3454a8b18f80864efc6b5fe9b68edfb43e75c	.symtab	516	gpon_recovery_init	STT_FUNC	STB_LOCAL	STV_DEFAULT	.text	0x29580	0x68	0	1
.local/legacy-firmware/work/extract/stock-rootfs/lib/modules/5.4.55/xpon.ko	2ab6770ce75db1323c7c717bd1d3454a8b18f80864efc6b5fe9b68edfb43e75c	.symtab	525	gpon_dev_reset_with_o7_flag	STT_OBJECT	STB_LOCAL	STV_DEFAULT	.bss	0x2144	0x4	0	1
.local/legacy-firmware/work/extract/stock-rootfs/lib/modules/5.4.55/xpon.ko	2ab6770ce75db1323c7c717bd1d3454a8b18f80864efc6b5fe9b68edfb43e75c	.symtab	547	gpon_recover_delete_gemport	STT_FUNC	STB_LOCAL	STV_DEFAULT	.text	0x2a33c	0x15c	0	1
.local/legacy-firmware/work/extract/stock-rootfs/lib/modules/5.4.55/xpon.ko	2ab6770ce75db1323c7c717bd1d3454a8b18f80864efc6b5fe9b68edfb43e75c	.symtab	568	gpon_recover_delete_allocId	STT_FUNC	STB_LOCAL	STV_DEFAULT	.text	0x29768	0x184	0	1
.local/legacy-firmware/work/extract/stock-rootfs/lib/modules/5.4.55/xpon.ko	2ab6770ce75db1323c7c717bd1d3454a8b18f80864efc6b5fe9b68edfb43e75c	.symtab	576	gpon_recover_create_allocId	STT_FUNC	STB_LOCAL	STV_DEFAULT	.text	0x296a4	0xc4	0	1
.local/legacy-firmware/work/extract/stock-rootfs/lib/modules/5.4.55/xpon.ko	2ab6770ce75db1323c7c717bd1d3454a8b18f80864efc6b5fe9b68edfb43e75c	.symtab	579	xpon_exec_gem_recover	STT_FUNC	STB_LOCAL	STV_DEFAULT	.text	0xcf04	0x80	0	1
.local/legacy-firmware/work/extract/stock-rootfs/lib/modules/5.4.55/xpon.ko	2ab6770ce75db1323c7c717bd1d3454a8b18f80864efc6b5fe9b68edfb43e75c	.symtab	597	gponRecovery	STT_OBJECT	STB_LOCAL	STV_DEFAULT	.bss	0x2168	0xcb4	0	1
.local/legacy-firmware/work/extract/stock-rootfs/lib/modules/5.4.55/xpon.ko	2ab6770ce75db1323c7c717bd1d3454a8b18f80864efc6b5fe9b68edfb43e75c	.symtab	614	gFeResetRetryCnt	STT_OBJECT	STB_LOCAL	STV_DEFAULT	.bss	0xbc24	0x4	0	1
.local/legacy-firmware/work/extract/stock-rootfs/lib/modules/5.4.55/xpon.ko	2ab6770ce75db1323c7c717bd1d3454a8b18f80864efc6b5fe9b68edfb43e75c	.symtab	631	gpon_typeb_dev_reset_for_typeB	STT_FUNC	STB_LOCAL	STV_DEFAULT	.text	0x25b98	0x498	0	1
.local/legacy-firmware/work/extract/stock-rootfs/lib/modules/5.4.55/xpon.ko	2ab6770ce75db1323c7c717bd1d3454a8b18f80864efc6b5fe9b68edfb43e75c	.symtab	668	gpon_recovery_set_channel	STT_FUNC	STB_LOCAL	STV_DEFAULT	.text	0x29e64	0xc8	0	1
.local/legacy-firmware/work/extract/stock-rootfs/lib/modules/5.4.55/xpon.ko	2ab6770ce75db1323c7c717bd1d3454a8b18f80864efc6b5fe9b68edfb43e75c	.symtab	691	eponWanResetWithChannelRetire	STT_FUNC	STB_LOCAL	STV_DEFAULT	.text	0x31de0	0x114	0	1
.local/legacy-firmware/work/extract/stock-rootfs/lib/modules/5.4.55/xpon.ko	2ab6770ce75db1323c7c717bd1d3454a8b18f80864efc6b5fe9b68edfb43e75c	.symtab	736	gpon_dvt_sw_reset	STT_FUNC	STB_LOCAL	STV_DEFAULT	.text	0x28c38	0xfc	0	1
.local/legacy-firmware/work/extract/stock-rootfs/lib/modules/5.4.55/xpon.ko	2ab6770ce75db1323c7c717bd1d3454a8b18f80864efc6b5fe9b68edfb43e75c	.symtab	813	schedule_fe_reset	STT_FUNC	STB_LOCAL	STV_DEFAULT	.text	0x913c	0x8	0	1
.local/legacy-firmware/work/extract/stock-rootfs/lib/modules/5.4.55/xpon.ko	2ab6770ce75db1323c7c717bd1d3454a8b18f80864efc6b5fe9b68edfb43e75c	.symtab	853	gponDevSwReset	STT_FUNC	STB_LOCAL	STV_DEFAULT	.text	0x20344	0xec	0	1
.local/legacy-firmware/work/extract/stock-rootfs/lib/modules/5.4.55/xpon.ko	2ab6770ce75db1323c7c717bd1d3454a8b18f80864efc6b5fe9b68edfb43e75c	.symtab	866	no_epon_mac_reset	STT_OBJECT	STB_LOCAL	STV_DEFAULT	.bss	0x31b8	0x4	0	1
.local/legacy-firmware/work/extract/stock-rootfs/lib/modules/5.4.55/xpon.ko	2ab6770ce75db1323c7c717bd1d3454a8b18f80864efc6b5fe9b68edfb43e75c	.symtab	869	gponDevResetAllocId	STT_FUNC	STB_LOCAL	STV_DEFAULT	.text	0x1f43c	0x178	0	1
.local/legacy-firmware/work/extract/stock-rootfs/lib/modules/5.4.55/xpon.ko	2ab6770ce75db1323c7c717bd1d3454a8b18f80864efc6b5fe9b68edfb43e75c	.symtab	922	gpon_recovery_set_ani	STT_FUNC	STB_LOCAL	STV_DEFAULT	.text	0x29bec	0xc4	0	1
.local/legacy-firmware/work/extract/stock-rootfs/lib/modules/5.4.55/xpon.ko	2ab6770ce75db1323c7c717bd1d3454a8b18f80864efc6b5fe9b68edfb43e75c	.symtab	925	gpon_recover_create_gemport	STT_FUNC	STB_LOCAL	STV_DEFAULT	.text	0x29f2c	0x410	0	1
.local/legacy-firmware/work/extract/stock-rootfs/lib/modules/5.4.55/xpon.ko	2ab6770ce75db1323c7c717bd1d3454a8b18f80864efc6b5fe9b68edfb43e75c	.symtab	927	gpon_recover_backup_allocId	STT_FUNC	STB_LOCAL	STV_DEFAULT	.text	0x295e8	0xbc	0	1
.local/legacy-firmware/work/extract/stock-rootfs/lib/modules/5.4.55/xpon.ko	2ab6770ce75db1323c7c717bd1d3454a8b18f80864efc6b5fe9b68edfb43e75c	.symtab	943	gpon_typeb_dev_reset	STT_FUNC	STB_LOCAL	STV_DEFAULT	.text	0x1a824	0x14c	0	1
.local/legacy-firmware/work/extract/stock-rootfs/lib/modules/5.4.55/xpon_10g.ko	4c59bdfaedbb2c704c33ec66dbb438bdd3866af48fdd47fb73042369834d55ac	.symtab	401	gponDevResetCtrl	STT_FUNC	STB_LOCAL	STV_DEFAULT	.text	0x172ac	0x144	0	1
.local/legacy-firmware/work/extract/stock-rootfs/lib/modules/5.4.55/xpon_10g.ko	4c59bdfaedbb2c704c33ec66dbb438bdd3866af48fdd47fb73042369834d55ac	.symtab	419	epon_reset	STT_FUNC	STB_LOCAL	STV_DEFAULT	.text	0x3747c	0x78	0	1
.local/legacy-firmware/work/extract/stock-rootfs/lib/modules/5.4.55/xpon_10g.ko	4c59bdfaedbb2c704c33ec66dbb438bdd3866af48fdd47fb73042369834d55ac	.symtab	421	an7581_pon_mac_scu_reset	STT_FUNC	STB_LOCAL	STV_DEFAULT	.text	0x60108	0x60	0	1
.local/legacy-firmware/work/extract/stock-rootfs/lib/modules/5.4.55/xpon_10g.ko	4c59bdfaedbb2c704c33ec66dbb438bdd3866af48fdd47fb73042369834d55ac	.symtab	474	gpon_exec_gem_recover	STT_FUNC	STB_LOCAL	STV_DEFAULT	.text	0x2efd8	0x80	0	1
.local/legacy-firmware/work/extract/stock-rootfs/lib/modules/5.4.55/xpon_10g.ko	4c59bdfaedbb2c704c33ec66dbb438bdd3866af48fdd47fb73042369834d55ac	.symtab	487	xpon_reset_qdma_tx_buf	STT_FUNC	STB_LOCAL	STV_DEFAULT	.text	0x53420	0x10c	0	1
.local/legacy-firmware/work/extract/stock-rootfs/lib/modules/5.4.55/xpon_10g.ko	4c59bdfaedbb2c704c33ec66dbb438bdd3866af48fdd47fb73042369834d55ac	.symtab	514	gpon_recover_backup_gemport	STT_FUNC	STB_LOCAL	STV_DEFAULT	.text	0x2e514	0x300	0	1
.local/legacy-firmware/work/extract/stock-rootfs/lib/modules/5.4.55/xpon_10g.ko	4c59bdfaedbb2c704c33ec66dbb438bdd3866af48fdd47fb73042369834d55ac	.symtab	517	epon_recover_last_llid_info	STT_FUNC	STB_LOCAL	STV_DEFAULT	.text	0x36930	0x7c	0	1
.local/legacy-firmware/work/extract/stock-rootfs/lib/modules/5.4.55/xpon_10g.ko	4c59bdfaedbb2c704c33ec66dbb438bdd3866af48fdd47fb73042369834d55ac	.symtab	526	gponDevResetGemInfo	STT_FUNC	STB_LOCAL	STV_DEFAULT	.text	0x11d20	0x14c	0	1
.local/legacy-firmware/work/extract/stock-rootfs/lib/modules/5.4.55/xpon_10g.ko	4c59bdfaedbb2c704c33ec66dbb438bdd3866af48fdd47fb73042369834d55ac	.symtab	541	gpon_recovery_init	STT_FUNC	STB_LOCAL	STV_DEFAULT	.text	0x2e4ac	0x68	0	1
.local/legacy-firmware/work/extract/stock-rootfs/lib/modules/5.4.55/xpon_10g.ko	4c59bdfaedbb2c704c33ec66dbb438bdd3866af48fdd47fb73042369834d55ac	.symtab	574	gpon_recover_delete_gemport	STT_FUNC	STB_LOCAL	STV_DEFAULT	.text	0x2ee68	0x170	0	1
.local/legacy-firmware/work/extract/stock-rootfs/lib/modules/5.4.55/xpon_10g.ko	4c59bdfaedbb2c704c33ec66dbb438bdd3866af48fdd47fb73042369834d55ac	.symtab	651	gponRecovery	STT_OBJECT	STB_LOCAL	STV_DEFAULT	.bss	0x12f0	0xc90	0	1
.local/legacy-firmware/work/extract/stock-rootfs/lib/modules/5.4.55/xpon_10g.ko	4c59bdfaedbb2c704c33ec66dbb438bdd3866af48fdd47fb73042369834d55ac	.symtab	662	gponDevResetAesRxKey	STT_FUNC	STB_LOCAL	STV_DEFAULT	.text	0x16374	0x88	0	1
.local/legacy-firmware/work/extract/stock-rootfs/lib/modules/5.4.55/xpon_10g.ko	4c59bdfaedbb2c704c33ec66dbb438bdd3866af48fdd47fb73042369834d55ac	.symtab	732	gpon_recovery_set_channel	STT_FUNC	STB_LOCAL	STV_DEFAULT	.text	0x2e8d8	0xc8	0	1
.local/legacy-firmware/work/extract/stock-rootfs/lib/modules/5.4.55/xpon_10g.ko	4c59bdfaedbb2c704c33ec66dbb438bdd3866af48fdd47fb73042369834d55ac	.symtab	736	an7581_epon_mac_logic_reset	STT_FUNC	STB_LOCAL	STV_DEFAULT	.text	0x60168	0xc8	0	1
.local/legacy-firmware/work/extract/stock-rootfs/lib/modules/5.4.55/xpon_10g.ko	4c59bdfaedbb2c704c33ec66dbb438bdd3866af48fdd47fb73042369834d55ac	.symtab	819	gpon_dvt_sw_reset	STT_FUNC	STB_LOCAL	STV_DEFAULT	.text	0x2566c	0x114	0	1
.local/legacy-firmware/work/extract/stock-rootfs/lib/modules/5.4.55/xpon_10g.ko	4c59bdfaedbb2c704c33ec66dbb438bdd3866af48fdd47fb73042369834d55ac	.symtab	832	gponDevMacReset	STT_FUNC	STB_LOCAL	STV_DEFAULT	.text	0x17220	0x8c	0	1
.local/legacy-firmware/work/extract/stock-rootfs/lib/modules/5.4.55/xpon_10g.ko	4c59bdfaedbb2c704c33ec66dbb438bdd3866af48fdd47fb73042369834d55ac	.symtab	977	ng2_system_config_reset	STT_FUNC	STB_LOCAL	STV_DEFAULT	.text	0xf390	0x11c	0	1
.local/legacy-firmware/work/extract/stock-rootfs/lib/modules/5.4.55/xpon_10g.ko	4c59bdfaedbb2c704c33ec66dbb438bdd3866af48fdd47fb73042369834d55ac	.symtab	991	epon_mac_reset	STT_FUNC	STB_LOCAL	STV_DEFAULT	.text	0x373e4	0x98	0	1
.local/legacy-firmware/work/extract/stock-rootfs/lib/modules/5.4.55/xpon_10g.ko	4c59bdfaedbb2c704c33ec66dbb438bdd3866af48fdd47fb73042369834d55ac	.symtab	1012	gpon_recovery_set_ani	STT_FUNC	STB_LOCAL	STV_DEFAULT	.text	0x2e814	0xc4	0	1
.local/legacy-firmware/work/extract/stock-rootfs/lib/modules/5.4.55/xpon_10g.ko	4c59bdfaedbb2c704c33ec66dbb438bdd3866af48fdd47fb73042369834d55ac	.symtab	1016	gpon_recover_create_gemport	STT_FUNC	STB_LOCAL	STV_DEFAULT	.text	0x2ea44	0x424	0	1
.local/legacy-firmware/work/extract/stock-rootfs/lib/modules/5.4.55/xpon_igmp.ko	e2095b0823d17c407549ad0763846975fff47a16436b7358023b31a3a0729a0b	.symtab	148	xpon_upstream_vlan_recovery_by_dynlist	STT_FUNC	STB_LOCAL	STV_DEFAULT	.text	0xd80	0x2a4	0	1
.local/legacy-firmware/work/extract/stock-rootfs/lib/modules/5.4.55/xpon_igmp.ko	e2095b0823d17c407549ad0763846975fff47a16436b7358023b31a3a0729a0b	.symtab	258	xpon_upstream_vlan_recovery_by_dynlist_hook	STT_NOTYPE	STB_GLOBAL	STV_DEFAULT	SHN_UNDEF	0x0	0x0	1	1
.local/legacy-firmware/work/extract/stock-rootfs/lib/modules/5.4.55/xponmap.ko	fd8ddc9c6aee9fbf5c16053d26a7b4b3b7cb3292a794c12dd33912931ee09403	.symtab	31	resetEponMapping	STT_FUNC	STB_LOCAL	STV_DEFAULT	.text	0x4910	0xac	0	1
research/stock/elf/stock-kernel.vmlinux.elf	a51e6d0a6deee620a5f715c9469f193906cdf3fcea28b97ce01cf88383aa704e	.symtab	440	watchdog_reset_read_proc	STT_FUNC	STB_LOCAL	STV_DEFAULT	.kernel	0xffffffc0100ca294	0x0	0	1
research/stock/elf/stock-kernel.vmlinux.elf	a51e6d0a6deee620a5f715c9469f193906cdf3fcea28b97ce01cf88383aa704e	.symtab	444	watchdog_reset_write_proc	STT_FUNC	STB_LOCAL	STV_DEFAULT	.kernel	0xffffffc0100ca4e0	0x0	0	1
research/stock/elf/stock-kernel.vmlinux.elf	a51e6d0a6deee620a5f715c9469f193906cdf3fcea28b97ce01cf88383aa704e	.symtab	473	gpio_global_reset	STT_FUNC	STB_LOCAL	STV_DEFAULT	.kernel	0xffffffc0100cf040	0x0	0	1
research/stock/elf/stock-kernel.vmlinux.elf	a51e6d0a6deee620a5f715c9469f193906cdf3fcea28b97ce01cf88383aa704e	.symtab	485	ecnt_npu_drv_remove	STT_FUNC	STB_LOCAL	STV_DEFAULT	.kernel	0xffffffc0100d1304	0x0	0	1
research/stock/elf/stock-kernel.vmlinux.elf	a51e6d0a6deee620a5f715c9469f193906cdf3fcea28b97ce01cf88383aa704e	.symtab	486	ecnt_npu_drv_probe	STT_FUNC	STB_LOCAL	STV_DEFAULT	.kernel	0xffffffc0100d1330	0x0	0	1
research/stock/elf/stock-kernel.vmlinux.elf	a51e6d0a6deee620a5f715c9469f193906cdf3fcea28b97ce01cf88383aa704e	.symtab	487	npuMbox2host_isr	STT_FUNC	STB_LOCAL	STV_DEFAULT	.kernel	0xffffffc0100d1700	0x0	0	1
research/stock/elf/stock-kernel.vmlinux.elf	a51e6d0a6deee620a5f715c9469f193906cdf3fcea28b97ce01cf88383aa704e	.symtab	488	get_npu_reg_data	STT_FUNC	STB_LOCAL	STV_DEFAULT	.kernel	0xffffffc0100d1790	0x0	0	1
research/stock/elf/stock-kernel.vmlinux.elf	a51e6d0a6deee620a5f715c9469f193906cdf3fcea28b97ce01cf88383aa704e	.symtab	489	mbox_tasklet_handler	STT_FUNC	STB_LOCAL	STV_DEFAULT	.kernel	0xffffffc0100d1810	0x0	0	1
research/stock/elf/stock-kernel.vmlinux.elf	a51e6d0a6deee620a5f715c9469f193906cdf3fcea28b97ce01cf88383aa704e	.symtab	490	npu_wdog_isr	STT_FUNC	STB_LOCAL	STV_DEFAULT	.kernel	0xffffffc0100d1b50	0x0	0	1
research/stock/elf/stock-kernel.vmlinux.elf	a51e6d0a6deee620a5f715c9469f193906cdf3fcea28b97ce01cf88383aa704e	.symtab	1949	lru_add_drain_per_cpu	STT_FUNC	STB_LOCAL	STV_DEFAULT	.kernel	0xffffffc0101988f0	0x0	0	1
research/stock/elf/stock-kernel.vmlinux.elf	a51e6d0a6deee620a5f715c9469f193906cdf3fcea28b97ce01cf88383aa704e	.symtab	2125	__reset_isolation_pfn	STT_FUNC	STB_LOCAL	STV_DEFAULT	.kernel	0xffffffc0101b0d70	0x0	0	1
research/stock/elf/stock-kernel.vmlinux.elf	a51e6d0a6deee620a5f715c9469f193906cdf3fcea28b97ce01cf88383aa704e	.symtab	2126	__reset_isolation_suitable	STT_FUNC	STB_LOCAL	STV_DEFAULT	.kernel	0xffffffc0101b0fc0	0x0	0	1
research/stock/elf/stock-kernel.vmlinux.elf	a51e6d0a6deee620a5f715c9469f193906cdf3fcea28b97ce01cf88383aa704e	.symtab	2270	drain_pages	STT_FUNC	STB_LOCAL	STV_DEFAULT	.kernel	0xffffffc0101d0550	0x0	0	1
research/stock/elf/stock-kernel.vmlinux.elf	a51e6d0a6deee620a5f715c9469f193906cdf3fcea28b97ce01cf88383aa704e	.symtab	2272	drain_local_pages_wq	STT_FUNC	STB_LOCAL	STV_DEFAULT	.kernel	0xffffffc0101d0620	0x0	0	1
research/stock/elf/stock-kernel.vmlinux.elf	a51e6d0a6deee620a5f715c9469f193906cdf3fcea28b97ce01cf88383aa704e	.symtab	2331	drain_slots_cache_cpu.constprop.0	STT_FUNC	STB_LOCAL	STV_DEFAULT	.kernel	0xffffffc0101dfff4	0x0	0	1
research/stock/elf/stock-kernel.vmlinux.elf	a51e6d0a6deee620a5f715c9469f193906cdf3fcea28b97ce01cf88383aa704e	.symtab	2445	mem_cgroup_reset	STT_FUNC	STB_LOCAL	STV_DEFAULT	.kernel	0xffffffc0101eb260	0x0	0	1
research/stock/elf/stock-kernel.vmlinux.elf	a51e6d0a6deee620a5f715c9469f193906cdf3fcea28b97ce01cf88383aa704e	.symtab	2486	mem_cgroup_css_reset	STT_FUNC	STB_LOCAL	STV_DEFAULT	.kernel	0xffffffc0101ed544	0x0	0	1
research/stock/elf/stock-kernel.vmlinux.elf	a51e6d0a6deee620a5f715c9469f193906cdf3fcea28b97ce01cf88383aa704e	.symtab	2496	drain_stock	STT_FUNC	STB_LOCAL	STV_DEFAULT	.kernel	0xffffffc0101ee170	0x0	0	1
research/stock/elf/stock-kernel.vmlinux.elf	a51e6d0a6deee620a5f715c9469f193906cdf3fcea28b97ce01cf88383aa704e	.symtab	2497	drain_local_stock	STT_FUNC	STB_LOCAL	STV_DEFAULT	.kernel	0xffffffc0101ee260	0x0	0	1
research/stock/elf/stock-kernel.vmlinux.elf	a51e6d0a6deee620a5f715c9469f193906cdf3fcea28b97ce01cf88383aa704e	.symtab	2498	drain_all_stock.part.0	STT_FUNC	STB_LOCAL	STV_DEFAULT	.kernel	0xffffffc0101ee2d0	0x0	0	1
research/stock/elf/stock-kernel.vmlinux.elf	a51e6d0a6deee620a5f715c9469f193906cdf3fcea28b97ce01cf88383aa704e	.symtab	3716	reset_inode_seed	STT_FUNC	STB_LOCAL	STV_DEFAULT	.kernel	0xffffffc0102a7980	0x0	0	1
research/stock/elf/stock-kernel.vmlinux.elf	a51e6d0a6deee620a5f715c9469f193906cdf3fcea28b97ce01cf88383aa704e	.symtab	3856	ext4_mark_recovery_complete.constprop.0	STT_FUNC	STB_LOCAL	STV_DEFAULT	.kernel	0xffffffc0102c25d4	0x0	0	1
research/stock/elf/stock-kernel.vmlinux.elf	a51e6d0a6deee620a5f715c9469f193906cdf3fcea28b97ce01cf88383aa704e	.symtab	4370	recover_head	STT_FUNC	STB_LOCAL	STV_DEFAULT	.kernel	0xffffffc01032c374	0x0	0	1
research/stock/elf/stock-kernel.vmlinux.elf	a51e6d0a6deee620a5f715c9469f193906cdf3fcea28b97ce01cf88383aa704e	.symtab	4498	ovl_dir_reset.isra.0	STT_FUNC	STB_LOCAL	STV_DEFAULT	.kernel	0xffffffc0103432b0	0x0	0	1
research/stock/elf/stock-kernel.vmlinux.elf	a51e6d0a6deee620a5f715c9469f193906cdf3fcea28b97ce01cf88383aa704e	.symtab	5082	jent_kcapi_reset	STT_FUNC	STB_LOCAL	STV_DEFAULT	.kernel	0xffffffc01036fad0	0x0	0	1
research/stock/elf/stock-kernel.vmlinux.elf	a51e6d0a6deee620a5f715c9469f193906cdf3fcea28b97ce01cf88383aa704e	.symtab	5331	blkcg_reset_stats	STT_FUNC	STB_LOCAL	STV_DEFAULT	.kernel	0xffffffc010393660	0x0	0	1
research/stock/elf/stock-kernel.vmlinux.elf	a51e6d0a6deee620a5f715c9469f193906cdf3fcea28b97ce01cf88383aa704e	.symtab	5361	tg_drain_bios	STT_FUNC	STB_LOCAL	STV_DEFAULT	.kernel	0xffffffc010396830	0x0	0	1
research/stock/elf/stock-kernel.vmlinux.elf	a51e6d0a6deee620a5f715c9469f193906cdf3fcea28b97ce01cf88383aa704e	.symtab	5650	its_force_quiescent	STT_FUNC	STB_LOCAL	STV_DEFAULT	.kernel	0xffffffc0103c50b0	0x0	0	1
research/stock/elf/stock-kernel.vmlinux.elf	a51e6d0a6deee620a5f715c9469f193906cdf3fcea28b97ce01cf88383aa704e	.symtab	5714	gpio_set_open_drain_value_commit	STT_FUNC	STB_LOCAL	STV_DEFAULT	.kernel	0xffffffc0103c9790	0x0	0	1
research/stock/elf/stock-kernel.vmlinux.elf	a51e6d0a6deee620a5f715c9469f193906cdf3fcea28b97ce01cf88383aa704e	.symtab	5847	pci_bus_resetable	STT_FUNC	STB_LOCAL	STV_DEFAULT	.kernel	0xffffffc0103d9be0	0x0	0	1
research/stock/elf/stock-kernel.vmlinux.elf	a51e6d0a6deee620a5f715c9469f193906cdf3fcea28b97ce01cf88383aa704e	.symtab	5855	pci_reset_hotplug_slot	STT_FUNC	STB_LOCAL	STV_DEFAULT	.kernel	0xffffffc0103da980	0x0	0	1
research/stock/elf/stock-kernel.vmlinux.elf	a51e6d0a6deee620a5f715c9469f193906cdf3fcea28b97ce01cf88383aa704e	.symtab	5856	pci_dev_reset_slot_function	STT_FUNC	STB_LOCAL	STV_DEFAULT	.kernel	0xffffffc0103da9f4	0x0	0	1
research/stock/elf/stock-kernel.vmlinux.elf	a51e6d0a6deee620a5f715c9469f193906cdf3fcea28b97ce01cf88383aa704e	.symtab	5876	pci_slot_reset	STT_FUNC	STB_LOCAL	STV_DEFAULT	.kernel	0xffffffc0103dd6c0	0x0	0	1
research/stock/elf/stock-kernel.vmlinux.elf	a51e6d0a6deee620a5f715c9469f193906cdf3fcea28b97ce01cf88383aa704e	.symtab	5889	pci_parent_bus_reset	STT_FUNC	STB_LOCAL	STV_DEFAULT	.kernel	0xffffffc0103e0b94	0x0	0	1
research/stock/elf/stock-kernel.vmlinux.elf	a51e6d0a6deee620a5f715c9469f193906cdf3fcea28b97ce01cf88383aa704e	.symtab	5947	reset_store	STT_FUNC	STB_LOCAL	STV_DEFAULT	.kernel	0xffffffc0103e4c04	0x0	0	1
research/stock/elf/stock-kernel.vmlinux.elf	a51e6d0a6deee620a5f715c9469f193906cdf3fcea28b97ce01cf88383aa704e	.symtab	6041	quirk_no_bus_reset	STT_FUNC	STB_LOCAL	STV_DEFAULT	.kernel	0xffffffc0103eda80	0x0	0	1
research/stock/elf/stock-kernel.vmlinux.elf	a51e6d0a6deee620a5f715c9469f193906cdf3fcea28b97ce01cf88383aa704e	.symtab	6042	quirk_no_pm_reset	STT_FUNC	STB_LOCAL	STV_DEFAULT	.kernel	0xffffffc0103eda90	0x0	0	1
research/stock/elf/stock-kernel.vmlinux.elf	a51e6d0a6deee620a5f715c9469f193906cdf3fcea28b97ce01cf88383aa704e	.symtab	6092	reset_intel_82599_sfp_virtfn	STT_FUNC	STB_LOCAL	STV_DEFAULT	.kernel	0xffffffc0103ef404	0x0	0	1
research/stock/elf/stock-kernel.vmlinux.elf	a51e6d0a6deee620a5f715c9469f193906cdf3fcea28b97ce01cf88383aa704e	.symtab	6130	reset_chelsio_generic_dev	STT_FUNC	STB_LOCAL	STV_DEFAULT	.kernel	0xffffffc0103f0440	0x0	0	1
research/stock/elf/stock-kernel.vmlinux.elf	a51e6d0a6deee620a5f715c9469f193906cdf3fcea28b97ce01cf88383aa704e	.symtab	6156	quirk_reset_lenovo_thinkpad_p50_nvgpu	STT_FUNC	STB_LOCAL	STV_DEFAULT	.kernel	0xffffffc0103f1550	0x0	0	1
research/stock/elf/stock-kernel.vmlinux.elf	a51e6d0a6deee620a5f715c9469f193906cdf3fcea28b97ce01cf88383aa704e	.symtab	6157	reset_ivb_igd	STT_FUNC	STB_LOCAL	STV_DEFAULT	.kernel	0xffffffc0103f1640	0x0	0	1
research/stock/elf/stock-kernel.vmlinux.elf	a51e6d0a6deee620a5f715c9469f193906cdf3fcea28b97ce01cf88383aa704e	.symtab	6633	sysrq_reset_seq_param_set	STT_FUNC	STB_LOCAL	STV_DEFAULT	.kernel	0xffffffc010429ca4	0x0	0	1
research/stock/elf/stock-kernel.vmlinux.elf	a51e6d0a6deee620a5f715c9469f193906cdf3fcea28b97ce01cf88383aa704e	.symtab	6635	sysrq_do_reset	STT_FUNC	STB_LOCAL	STV_DEFAULT	.kernel	0xffffffc010429d44	0x0	0	1
research/stock/elf/stock-kernel.vmlinux.elf	a51e6d0a6deee620a5f715c9469f193906cdf3fcea28b97ce01cf88383aa704e	.symtab	6641	sysrq_of_get_keyreset_config	STT_FUNC	STB_LOCAL	STV_DEFAULT	.kernel	0xffffffc01042a020	0x0	0	1
research/stock/elf/stock-kernel.vmlinux.elf	a51e6d0a6deee620a5f715c9469f193906cdf3fcea28b97ce01cf88383aa704e	.symtab	7251	_mmc_hw_reset	STT_FUNC	STB_LOCAL	STV_DEFAULT	.kernel	0xffffffc0104663a0	0x0	0	1
research/stock/elf/stock-kernel.vmlinux.elf	a51e6d0a6deee620a5f715c9469f193906cdf3fcea28b97ce01cf88383aa704e	.symtab	7284	mmc_sd_hw_reset	STT_FUNC	STB_LOCAL	STV_DEFAULT	.kernel	0xffffffc010469640	0x0	0	1
research/stock/elf/stock-kernel.vmlinux.elf	a51e6d0a6deee620a5f715c9469f193906cdf3fcea28b97ce01cf88383aa704e	.symtab	7299	mmc_sdio_sw_reset	STT_FUNC	STB_LOCAL	STV_DEFAULT	.kernel	0xffffffc01046b000	0x0	0	1
research/stock/elf/stock-kernel.vmlinux.elf	a51e6d0a6deee620a5f715c9469f193906cdf3fcea28b97ce01cf88383aa704e	.symtab	7300	mmc_sdio_hw_reset	STT_FUNC	STB_LOCAL	STV_DEFAULT	.kernel	0xffffffc01046b050	0x0	0	1
research/stock/elf/stock-kernel.vmlinux.elf	a51e6d0a6deee620a5f715c9469f193906cdf3fcea28b97ce01cf88383aa704e	.symtab	7338	mmc_pwrseq_emmc_reset	STT_FUNC	STB_LOCAL	STV_DEFAULT	.kernel	0xffffffc01046f170	0x0	0	1
research/stock/elf/stock-kernel.vmlinux.elf	a51e6d0a6deee620a5f715c9469f193906cdf3fcea28b97ce01cf88383aa704e	.symtab	7339	mmc_pwrseq_emmc_reset_nb	STT_FUNC	STB_LOCAL	STV_DEFAULT	.kernel	0xffffffc01046f1c0	0x0	0	1
research/stock/elf/stock-kernel.vmlinux.elf	a51e6d0a6deee620a5f715c9469f193906cdf3fcea28b97ce01cf88383aa704e	.symtab	7358	msdc_hw_reset	STT_FUNC	STB_LOCAL	STV_DEFAULT	.kernel	0xffffffc010470594	0x0	0	1
research/stock/elf/stock-kernel.vmlinux.elf	a51e6d0a6deee620a5f715c9469f193906cdf3fcea28b97ce01cf88383aa704e	.symtab	7364	msdc_reset_hw	STT_FUNC	STB_LOCAL	STV_DEFAULT	.kernel	0xffffffc0104708a0	0x0	0	1
research/stock/elf/stock-kernel.vmlinux.elf	a51e6d0a6deee620a5f715c9469f193906cdf3fcea28b97ce01cf88383aa704e	.symtab	7517	jedec_reset	STT_FUNC	STB_LOCAL	STV_DEFAULT	.kernel	0xffffffc01047fb10	0x0	0	1
research/stock/elf/stock-kernel.vmlinux.elf	a51e6d0a6deee620a5f715c9469f193906cdf3fcea28b97ce01cf88383aa704e	.symtab	7557	spi_nand_protocol_reset	STT_FUNC	STB_LOCAL	STV_DEFAULT	.kernel	0xffffffc010483420	0x0	0	1
research/stock/elf/stock-kernel.vmlinux.elf	a51e6d0a6deee620a5f715c9469f193906cdf3fcea28b97ce01cf88383aa704e	.symtab	7619	nand_reset_op.part.0	STT_FUNC	STB_LOCAL	STV_DEFAULT	.kernel	0xffffffc010493230	0x0	0	1
research/stock/elf/stock-kernel.vmlinux.elf	a51e6d0a6deee620a5f715c9469f193906cdf3fcea28b97ce01cf88383aa704e	.symtab	7803	genphy_no_soft_reset	STT_FUNC	STB_LOCAL	STV_DEFAULT	.kernel	0xffffffc0104b5190	0x0	0	1
research/stock/elf/stock-kernel.vmlinux.elf	a51e6d0a6deee620a5f715c9469f193906cdf3fcea28b97ce01cf88383aa704e	.symtab	7804	genphy_no_soft_reset	STT_FUNC	STB_LOCAL	STV_DEFAULT	.kernel	0xffffffc0104b6b90	0x0	0	1
research/stock/elf/stock-kernel.vmlinux.elf	a51e6d0a6deee620a5f715c9469f193906cdf3fcea28b97ce01cf88383aa704e	.symtab	7958	bsd_reset	STT_FUNC	STB_LOCAL	STV_DEFAULT	.kernel	0xffffffc0104c95b4	0x0	0	1
research/stock/elf/stock-kernel.vmlinux.elf	a51e6d0a6deee620a5f715c9469f193906cdf3fcea28b97ce01cf88383aa704e	.symtab	7972	z_decomp_reset	STT_FUNC	STB_LOCAL	STV_DEFAULT	.kernel	0xffffffc0104ca5c0	0x0	0	1
research/stock/elf/stock-kernel.vmlinux.elf	a51e6d0a6deee620a5f715c9469f193906cdf3fcea28b97ce01cf88383aa704e	.symtab	7975	z_comp_reset	STT_FUNC	STB_LOCAL	STV_DEFAULT	.kernel	0xffffffc0104ca800	0x0	0	1
research/stock/elf/stock-kernel.vmlinux.elf	a51e6d0a6deee620a5f715c9469f193906cdf3fcea28b97ce01cf88383aa704e	.symtab	8173	hub_post_reset	STT_FUNC	STB_LOCAL	STV_DEFAULT	.kernel	0xffffffc0104e40b0	0x0	0	1
research/stock/elf/stock-kernel.vmlinux.elf	a51e6d0a6deee620a5f715c9469f193906cdf3fcea28b97ce01cf88383aa704e	.symtab	8176	hub_reset_resume	STT_FUNC	STB_LOCAL	STV_DEFAULT	.kernel	0xffffffc0104e4160	0x0	0	1
research/stock/elf/stock-kernel.vmlinux.elf	a51e6d0a6deee620a5f715c9469f193906cdf3fcea28b97ce01cf88383aa704e	.symtab	8178	hub_port_reset	STT_FUNC	STB_LOCAL	STV_DEFAULT	.kernel	0xffffffc0104e4254	0x0	0	1
research/stock/elf/stock-kernel.vmlinux.elf	a51e6d0a6deee620a5f715c9469f193906cdf3fcea28b97ce01cf88383aa704e	.symtab	8180	usb_reset_and_verify_device	STT_FUNC	STB_LOCAL	STV_DEFAULT	.kernel	0xffffffc0104e5550	0x0	0	1
research/stock/elf/stock-kernel.vmlinux.elf	a51e6d0a6deee620a5f715c9469f193906cdf3fcea28b97ce01cf88383aa704e	.symtab	8181	hub_quiesce	STT_FUNC	STB_LOCAL	STV_DEFAULT	.kernel	0xffffffc0104e6340	0x0	0	1
research/stock/elf/stock-kernel.vmlinux.elf	a51e6d0a6deee620a5f715c9469f193906cdf3fcea28b97ce01cf88383aa704e	.symtab	8182	hub_pre_reset	STT_FUNC	STB_LOCAL	STV_DEFAULT	.kernel	0xffffffc0104e6410	0x0	0	1
research/stock/elf/stock-kernel.vmlinux.elf	a51e6d0a6deee620a5f715c9469f193906cdf3fcea28b97ce01cf88383aa704e	.symtab	8210	__usb_queue_reset_device	STT_FUNC	STB_LOCAL	STV_DEFAULT	.kernel	0xffffffc0104ef340	0x0	0	1
research/stock/elf/stock-kernel.vmlinux.elf	a51e6d0a6deee620a5f715c9469f193906cdf3fcea28b97ce01cf88383aa704e	.symtab	8241	avoid_reset_quirk_show	STT_FUNC	STB_LOCAL	STV_DEFAULT	.kernel	0xffffffc0104f5c70	0x0	0	1
research/stock/elf/stock-kernel.vmlinux.elf	a51e6d0a6deee620a5f715c9469f193906cdf3fcea28b97ce01cf88383aa704e	.symtab	8292	avoid_reset_quirk_store	STT_FUNC	STB_LOCAL	STV_DEFAULT	.kernel	0xffffffc0104f69e0	0x0	0	1
research/stock/elf/stock-kernel.vmlinux.elf	a51e6d0a6deee620a5f715c9469f193906cdf3fcea28b97ce01cf88383aa704e	.symtab	8466	trace_xhci_dbg_reset_ep	STT_FUNC	STB_LOCAL	STV_DEFAULT	.kernel	0xffffffc010503bdc	0x0	0	1
research/stock/elf/stock-kernel.vmlinux.elf	a51e6d0a6deee620a5f715c9469f193906cdf3fcea28b97ce01cf88383aa704e	.symtab	8478	compliance_mode_recovery	STT_FUNC	STB_LOCAL	STV_DEFAULT	.kernel	0xffffffc0105048f4	0x0	0	1
research/stock/elf/stock-kernel.vmlinux.elf	a51e6d0a6deee620a5f715c9469f193906cdf3fcea28b97ce01cf88383aa704e	.symtab	8479	compliance_mode_recovery_timer_init	STT_FUNC	STB_LOCAL	STV_DEFAULT	.kernel	0xffffffc010504a68	0x0	0	1
research/stock/elf/stock-kernel.vmlinux.elf	a51e6d0a6deee620a5f715c9469f193906cdf3fcea28b97ce01cf88383aa704e	.symtab	8480	xhci_compliance_mode_recovery_timer_quirk_check	STT_FUNC	STB_LOCAL	STV_DEFAULT	.kernel	0xffffffc010504afc	0x0	0	1
research/stock/elf/stock-kernel.vmlinux.elf	a51e6d0a6deee620a5f715c9469f193906cdf3fcea28b97ce01cf88383aa704e	.symtab	8688	trace_xhci_dbg_reset_ep	STT_FUNC	STB_LOCAL	STV_DEFAULT	.kernel	0xffffffc010516a28	0x0	0	1
research/stock/elf/stock-kernel.vmlinux.elf	a51e6d0a6deee620a5f715c9469f193906cdf3fcea28b97ce01cf88383aa704e	.symtab	8711	xhci_handle_cmd_reset_ep	STT_FUNC	STB_LOCAL	STV_DEFAULT	.kernel	0xffffffc010518a08	0x0	0	1
research/stock/elf/stock-kernel.vmlinux.elf	a51e6d0a6deee620a5f715c9469f193906cdf3fcea28b97ce01cf88383aa704e	.symtab	8715	xhci_handle_cmd_reset_dev	STT_FUNC	STB_LOCAL	STV_DEFAULT	.kernel	0xffffffc010518e24	0x0	0	1
research/stock/elf/stock-kernel.vmlinux.elf	a51e6d0a6deee620a5f715c9469f193906cdf3fcea28b97ce01cf88383aa704e	.symtab	8815	acm_pre_reset	STT_FUNC	STB_LOCAL	STV_DEFAULT	.kernel	0xffffffc0105248a0	0x0	0	1
research/stock/elf/stock-kernel.vmlinux.elf	a51e6d0a6deee620a5f715c9469f193906cdf3fcea28b97ce01cf88383aa704e	.symtab	8844	acm_reset_resume	STT_FUNC	STB_LOCAL	STV_DEFAULT	.kernel	0xffffffc010526aa4	0x0	0	1
research/stock/elf/stock-kernel.vmlinux.elf	a51e6d0a6deee620a5f715c9469f193906cdf3fcea28b97ce01cf88383aa704e	.symtab	8871	usb_serial_reset_resume	STT_FUNC	STB_LOCAL	STV_DEFAULT	.kernel	0xffffffc010527a14	0x0	0	1
research/stock/elf/stock-kernel.vmlinux.elf	a51e6d0a6deee620a5f715c9469f193906cdf3fcea28b97ce01cf88383aa704e	.symtab	9385	psci_sys_reset	STT_FUNC	STB_LOCAL	STV_DEFAULT	.kernel	0xffffffc010550d40	0x0	0	1
research/stock/elf/stock-kernel.vmlinux.elf	a51e6d0a6deee620a5f715c9469f193906cdf3fcea28b97ce01cf88383aa704e	.symtab	9480	hid_pre_reset	STT_FUNC	STB_LOCAL	STV_DEFAULT	.kernel	0xffffffc01055ed04	0x0	0	1
research/stock/elf/stock-kernel.vmlinux.elf	a51e6d0a6deee620a5f715c9469f193906cdf3fcea28b97ce01cf88383aa704e	.symtab	9490	hid_reset	STT_FUNC	STB_LOCAL	STV_DEFAULT	.kernel	0xffffffc01055fb90	0x0	0	1
research/stock/elf/stock-kernel.vmlinux.elf	a51e6d0a6deee620a5f715c9469f193906cdf3fcea28b97ce01cf88383aa704e	.symtab	9496	hid_post_reset	STT_FUNC	STB_LOCAL	STV_DEFAULT	.kernel	0xffffffc010560790	0x0	0	1
research/stock/elf/stock-kernel.vmlinux.elf	a51e6d0a6deee620a5f715c9469f193906cdf3fcea28b97ce01cf88383aa704e	.symtab	9497	hid_reset_resume	STT_FUNC	STB_LOCAL	STV_DEFAULT	.kernel	0xffffffc010560990	0x0	0	1
research/stock/elf/stock-kernel.vmlinux.elf	a51e6d0a6deee620a5f715c9469f193906cdf3fcea28b97ce01cf88383aa704e	.symtab	9724	skb_gro_reset_offset	STT_FUNC	STB_LOCAL	STV_DEFAULT	.kernel	0xffffffc01058da50	0x0	0	1
research/stock/elf/stock-kernel.vmlinux.elf	a51e6d0a6deee620a5f715c9469f193906cdf3fcea28b97ce01cf88383aa704e	.symtab	9738	netif_reset_xps_queues.part.0	STT_FUNC	STB_LOCAL	STV_DEFAULT	.kernel	0xffffffc010591000	0x0	0	1
research/stock/elf/stock-kernel.vmlinux.elf	a51e6d0a6deee620a5f715c9469f193906cdf3fcea28b97ce01cf88383aa704e	.symtab	10183	pfifo_fast_reset	STT_FUNC	STB_LOCAL	STV_DEFAULT	.kernel	0xffffffc0105d2810	0x0	0	1
research/stock/elf/stock-kernel.vmlinux.elf	a51e6d0a6deee620a5f715c9469f193906cdf3fcea28b97ce01cf88383aa704e	.symtab	10298	qdisc_reset_queue	STT_FUNC	STB_LOCAL	STV_DEFAULT	.kernel	0xffffffc0105e2334	0x0	0	1
research/stock/elf/stock-kernel.vmlinux.elf	a51e6d0a6deee620a5f715c9469f193906cdf3fcea28b97ce01cf88383aa704e	.symtab	10309	fq_codel_reset	STT_FUNC	STB_LOCAL	STV_DEFAULT	.kernel	0xffffffc0105e27c4	0x0	0	1
research/stock/elf/stock-kernel.vmlinux.elf	a51e6d0a6deee620a5f715c9469f193906cdf3fcea28b97ce01cf88383aa704e	.symtab	11254	tcp_xmit_recovery	STT_FUNC	STB_LOCAL	STV_DEFAULT	.kernel	0xffffffc010652814	0x0	0	1
research/stock/elf/stock-kernel.vmlinux.elf	a51e6d0a6deee620a5f715c9469f193906cdf3fcea28b97ce01cf88383aa704e	.symtab	11279	tcp_try_undo_recovery	STT_FUNC	STB_LOCAL	STV_DEFAULT	.kernel	0xffffffc010654944	0x0	0	1
research/stock/elf/stock-kernel.vmlinux.elf	a51e6d0a6deee620a5f715c9469f193906cdf3fcea28b97ce01cf88383aa704e	.symtab	11354	tcp_v4_send_reset	STT_FUNC	STB_LOCAL	STV_DEFAULT	.kernel	0xffffffc010665da4	0x0	0	1
research/stock/elf/stock-kernel.vmlinux.elf	a51e6d0a6deee620a5f715c9469f193906cdf3fcea28b97ce01cf88383aa704e	.symtab	12488	tcp_v6_send_reset	STT_FUNC	STB_LOCAL	STV_DEFAULT	.kernel	0xffffffc010707490	0x0	0	1
research/stock/elf/stock-kernel.vmlinux.elf	a51e6d0a6deee620a5f715c9469f193906cdf3fcea28b97ce01cf88383aa704e	.symtab	13632	set_reset_devices	STT_FUNC	STB_LOCAL	STV_DEFAULT	.kernel	0xffffffc010a00320	0x0	0	1
research/stock/elf/stock-kernel.vmlinux.elf	a51e6d0a6deee620a5f715c9469f193906cdf3fcea28b97ce01cf88383aa704e	.symtab	13666	do_reset	STT_FUNC	STB_LOCAL	STV_DEFAULT	.kernel	0xffffffc010a023ac	0x0	0	1
research/stock/elf/stock-kernel.vmlinux.elf	a51e6d0a6deee620a5f715c9469f193906cdf3fcea28b97ce01cf88383aa704e	.symtab	13727	ecnt_npu_driver_init	STT_FUNC	STB_LOCAL	STV_DEFAULT	.kernel	0xffffffc010a06a1c	0x0	0	1
research/stock/elf/stock-kernel.vmlinux.elf	a51e6d0a6deee620a5f715c9469f193906cdf3fcea28b97ce01cf88383aa704e	.symtab	14351	user_regs_reset_single_step	STT_FUNC	STB_GLOBAL	STV_DEFAULT	.kernel	0xffffffc01008cec4	0x0	0	1
research/stock/elf/stock-kernel.vmlinux.elf	a51e6d0a6deee620a5f715c9469f193906cdf3fcea28b97ce01cf88383aa704e	.symtab	14575	ptrauth_prctl_reset_keys	STT_FUNC	STB_GLOBAL	STV_DEFAULT	.kernel	0xffffffc01009d7a4	0x0	0	1
research/stock/elf/stock-kernel.vmlinux.elf	a51e6d0a6deee620a5f715c9469f193906cdf3fcea28b97ce01cf88383aa704e	.symtab	14655	XSI_MAC_LOGIC_RESET	STT_FUNC	STB_GLOBAL	STV_DEFAULT	.kernel	0xffffffc0100c6c10	0x0	0	1
research/stock/elf/stock-kernel.vmlinux.elf	a51e6d0a6deee620a5f715c9469f193906cdf3fcea28b97ce01cf88383aa704e	.symtab	14725	SET_SCU_RGS_CLK_NPU	STT_FUNC	STB_GLOBAL	STV_DEFAULT	.kernel	0xffffffc0100c8c80	0x0	0	1
research/stock/elf/stock-kernel.vmlinux.elf	a51e6d0a6deee620a5f715c9469f193906cdf3fcea28b97ce01cf88383aa704e	.symtab	14739	GET_SCU_RGS_CLK_NPU	STT_FUNC	STB_GLOBAL	STV_DEFAULT	.kernel	0xffffffc0100c8ea0	0x0	0	1
research/stock/elf/stock-kernel.vmlinux.elf	a51e6d0a6deee620a5f715c9469f193906cdf3fcea28b97ce01cf88383aa704e	.symtab	14747	GET_SCU_RGS_OPEN_DRAIN	STT_FUNC	STB_GLOBAL	STV_DEFAULT	.kernel	0xffffffc0100c9020	0x0	0	1
research/stock/elf/stock-kernel.vmlinux.elf	a51e6d0a6deee620a5f715c9469f193906cdf3fcea28b97ce01cf88383aa704e	.symtab	14802	SET_SCU_RGS_OPEN_DRAIN	STT_FUNC	STB_GLOBAL	STV_DEFAULT	.kernel	0xffffffc0100c9ed0	0x0	0	1
research/stock/elf/stock-kernel.vmlinux.elf	a51e6d0a6deee620a5f715c9469f193906cdf3fcea28b97ce01cf88383aa704e	.symtab	14818	watchDogReset	STT_FUNC	STB_GLOBAL	STV_DEFAULT	.kernel	0xffffffc0100cb250	0x0	0	1
research/stock/elf/stock-kernel.vmlinux.elf	a51e6d0a6deee620a5f715c9469f193906cdf3fcea28b97ce01cf88383aa704e	.symtab	14928	set_npu_uart_tx_disable	STT_FUNC	STB_GLOBAL	STV_DEFAULT	.kernel	0xffffffc0100d0d40	0x0	0	1
research/stock/elf/stock-kernel.vmlinux.elf	a51e6d0a6deee620a5f715c9469f193906cdf3fcea28b97ce01cf88383aa704e	.symtab	14929	set_npu_hostadpt_reg	STT_FUNC	STB_GLOBAL	STV_DEFAULT	.kernel	0xffffffc0100d0d60	0x0	0	1
research/stock/elf/stock-kernel.vmlinux.elf	a51e6d0a6deee620a5f715c9469f193906cdf3fcea28b97ce01cf88383aa704e	.symtab	14930	npu_wifi_offload_get_ba_node_addr	STT_FUNC	STB_GLOBAL	STV_DEFAULT	.kernel	0xffffffc0100d0d84	0x0	0	1
research/stock/elf/stock-kernel.vmlinux.elf	a51e6d0a6deee620a5f715c9469f193906cdf3fcea28b97ce01cf88383aa704e	.symtab	14931	npu_wifi_offload_get_force_to_cpu_flag	STT_FUNC	STB_GLOBAL	STV_DEFAULT	.kernel	0xffffffc0100d0d90	0x0	0	1
research/stock/elf/stock-kernel.vmlinux.elf	a51e6d0a6deee620a5f715c9469f193906cdf3fcea28b97ce01cf88383aa704e	.symtab	14932	set_npu_test_case	STT_FUNC	STB_GLOBAL	STV_DEFAULT	.kernel	0xffffffc0100d0da0	0x0	0	1
research/stock/elf/stock-kernel.vmlinux.elf	a51e6d0a6deee620a5f715c9469f193906cdf3fcea28b97ce01cf88383aa704e	.symtab	14933	clear_mbox2host_flag	STT_FUNC	STB_GLOBAL	STV_DEFAULT	.kernel	0xffffffc0100d0dc0	0x0	0	1
research/stock/elf/stock-kernel.vmlinux.elf	a51e6d0a6deee620a5f715c9469f193906cdf3fcea28b97ce01cf88383aa704e	.symtab	14934	clear_mbox_intr_status	STT_FUNC	STB_GLOBAL	STV_DEFAULT	.kernel	0xffffffc0100d0de0	0x0	0	1
research/stock/elf/stock-kernel.vmlinux.elf	a51e6d0a6deee620a5f715c9469f193906cdf3fcea28b97ce01cf88383aa704e	.symtab	14935	get_npu_irq_mailbox	STT_FUNC	STB_GLOBAL	STV_DEFAULT	.kernel	0xffffffc0100d0e00	0x0	0	1
research/stock/elf/stock-kernel.vmlinux.elf	a51e6d0a6deee620a5f715c9469f193906cdf3fcea28b97ce01cf88383aa704e	.symtab	14936	request_mbox2host_cb	STT_FUNC	STB_GLOBAL	STV_DEFAULT	.kernel	0xffffffc0100d0e10	0x0	0	1
research/stock/elf/stock-kernel.vmlinux.elf	a51e6d0a6deee620a5f715c9469f193906cdf3fcea28b97ce01cf88383aa704e	.symtab	14937	free_mbox2host_cb	STT_FUNC	STB_GLOBAL	STV_DEFAULT	.kernel	0xffffffc0100d0e20	0x0	0	1
research/stock/elf/stock-kernel.vmlinux.elf	a51e6d0a6deee620a5f715c9469f193906cdf3fcea28b97ce01cf88383aa704e	.symtab	14938	start_npu_cores_reading_addr	STT_FUNC	STB_GLOBAL	STV_DEFAULT	.kernel	0xffffffc0100d0e30	0x0	0	1
research/stock/elf/stock-kernel.vmlinux.elf	a51e6d0a6deee620a5f715c9469f193906cdf3fcea28b97ce01cf88383aa704e	.symtab	14939	set_npu_core_test_cnt	STT_FUNC	STB_GLOBAL	STV_DEFAULT	.kernel	0xffffffc0100d0e70	0x0	0	1
research/stock/elf/stock-kernel.vmlinux.elf	a51e6d0a6deee620a5f715c9469f193906cdf3fcea28b97ce01cf88383aa704e	.symtab	14941	set_npu_dma_config	STT_FUNC	STB_GLOBAL	STV_DEFAULT	.kernel	0xffffffc0100d0eb4	0x0	0	1
research/stock/elf/stock-kernel.vmlinux.elf	a51e6d0a6deee620a5f715c9469f193906cdf3fcea28b97ce01cf88383aa704e	.symtab	14942	enable_npu_dma	STT_FUNC	STB_GLOBAL	STV_DEFAULT	.kernel	0xffffffc0100d0f50	0x0	0	1
research/stock/elf/stock-kernel.vmlinux.elf	a51e6d0a6deee620a5f715c9469f193906cdf3fcea28b97ce01cf88383aa704e	.symtab	14943	get_npu_384k_sram_base	STT_FUNC	STB_GLOBAL	STV_DEFAULT	.kernel	0xffffffc0100d0f74	0x0	0	1
research/stock/elf/stock-kernel.vmlinux.elf	a51e6d0a6deee620a5f715c9469f193906cdf3fcea28b97ce01cf88383aa704e	.symtab	14944	get_ecnt_npu_dev	STT_FUNC	STB_GLOBAL	STV_DEFAULT	.kernel	0xffffffc0100d0f84	0x0	0	1
research/stock/elf/stock-kernel.vmlinux.elf	a51e6d0a6deee620a5f715c9469f193906cdf3fcea28b97ce01cf88383aa704e	.symtab	14945	set_npu_384k_sram_data	STT_FUNC	STB_GLOBAL	STV_DEFAULT	.kernel	0xffffffc0100d0fa0	0x0	0	1
research/stock/elf/stock-kernel.vmlinux.elf	a51e6d0a6deee620a5f715c9469f193906cdf3fcea28b97ce01cf88383aa704e	.symtab	14946	set_npu_mib_index	STT_FUNC	STB_GLOBAL	STV_DEFAULT	.kernel	0xffffffc0100d0ff0	0x0	0	1
research/stock/elf/stock-kernel.vmlinux.elf	a51e6d0a6deee620a5f715c9469f193906cdf3fcea28b97ce01cf88383aa704e	.symtab	14947	get_npu_mib_index	STT_FUNC	STB_GLOBAL	STV_DEFAULT	.kernel	0xffffffc0100d1040	0x0	0	1
research/stock/elf/stock-kernel.vmlinux.elf	a51e6d0a6deee620a5f715c9469f193906cdf3fcea28b97ce01cf88383aa704e	.symtab	14948	get_npu_irq	STT_FUNC	STB_GLOBAL	STV_DEFAULT	.kernel	0xffffffc0100d10a0	0x0	0	1
research/stock/elf/stock-kernel.vmlinux.elf	a51e6d0a6deee620a5f715c9469f193906cdf3fcea28b97ce01cf88383aa704e	.symtab	14949	boot_npu_all_cores	STT_FUNC	STB_GLOBAL	STV_DEFAULT	.kernel	0xffffffc0100d10e0	0x0	0	1
research/stock/elf/stock-kernel.vmlinux.elf	a51e6d0a6deee620a5f715c9469f193906cdf3fcea28b97ce01cf88383aa704e	.symtab	14950	test_ram_b4_npu_load	STT_FUNC	STB_GLOBAL	STV_DEFAULT	.kernel	0xffffffc0100d11b0	0x0	0	1
research/stock/elf/stock-kernel.vmlinux.elf	a51e6d0a6deee620a5f715c9469f193906cdf3fcea28b97ce01cf88383aa704e	.symtab	14951	test_npu_384k_sram	STT_FUNC	STB_GLOBAL	STV_DEFAULT	.kernel	0xffffffc0100d1250	0x0	0	1
research/stock/elf/stock-kernel.vmlinux.elf	a51e6d0a6deee620a5f715c9469f193906cdf3fcea28b97ce01cf88383aa704e	.symtab	14952	set_npu_needed_info	STT_FUNC	STB_GLOBAL	STV_DEFAULT	.kernel	0xffffffc0100d1274	0x0	0	1
research/stock/elf/stock-kernel.vmlinux.elf	a51e6d0a6deee620a5f715c9469f193906cdf3fcea28b97ce01cf88383aa704e	.symtab	14953	set_npu_mbox_mib	STT_FUNC	STB_GLOBAL	STV_DEFAULT	.kernel	0xffffffc0100d16a0	0x0	0	1
research/stock/elf/stock-kernel.vmlinux.elf	a51e6d0a6deee620a5f715c9469f193906cdf3fcea28b97ce01cf88383aa704e	.symtab	14954	get_npu_dev	STT_FUNC	STB_GLOBAL	STV_DEFAULT	.kernel	0xffffffc0100d1774	0x0	0	1
research/stock/elf/stock-kernel.vmlinux.elf	a51e6d0a6deee620a5f715c9469f193906cdf3fcea28b97ce01cf88383aa704e	.symtab	14956	host_rd_chk_mbox_regs	STT_FUNC	STB_GLOBAL	STV_DEFAULT	.kernel	0xffffffc0100d1940	0x0	0	1
research/stock/elf/stock-kernel.vmlinux.elf	a51e6d0a6deee620a5f715c9469f193906cdf3fcea28b97ce01cf88383aa704e	.symtab	14957	test_npu_mib_regs	STT_FUNC	STB_GLOBAL	STV_DEFAULT	.kernel	0xffffffc0100d1a50	0x0	0	1
research/stock/elf/stock-kernel.vmlinux.elf	a51e6d0a6deee620a5f715c9469f193906cdf3fcea28b97ce01cf88383aa704e	.symtab	14958	host_set_npu_core_on_off	STT_FUNC	STB_GLOBAL	STV_DEFAULT	.kernel	0xffffffc0100d1c10	0x0	0	1
research/stock/elf/stock-kernel.vmlinux.elf	a51e6d0a6deee620a5f715c9469f193906cdf3fcea28b97ce01cf88383aa704e	.symtab	14959	host_notify_npuMbox	STT_FUNC	STB_GLOBAL	STV_DEFAULT	.kernel	0xffffffc0100d1cc4	0x0	0	1
research/stock/elf/stock-kernel.vmlinux.elf	a51e6d0a6deee620a5f715c9469f193906cdf3fcea28b97ce01cf88383aa704e	.symtab	14960	create_mbox_notify	STT_FUNC	STB_GLOBAL	STV_DEFAULT	.kernel	0xffffffc0100d2004	0x0	0	1
research/stock/elf/stock-kernel.vmlinux.elf	a51e6d0a6deee620a5f715c9469f193906cdf3fcea28b97ce01cf88383aa704e	.symtab	14961	delete_mbox_notify	STT_FUNC	STB_GLOBAL	STV_DEFAULT	.kernel	0xffffffc0100d2130	0x0	0	1
research/stock/elf/stock-kernel.vmlinux.elf	a51e6d0a6deee620a5f715c9469f193906cdf3fcea28b97ce01cf88383aa704e	.symtab	14962	enable_npu_rbus_decoder	STT_FUNC	STB_GLOBAL	STV_DEFAULT	.kernel	0xffffffc0100d2220	0x0	0	1
research/stock/elf/stock-kernel.vmlinux.elf	a51e6d0a6deee620a5f715c9469f193906cdf3fcea28b97ce01cf88383aa704e	.symtab	14963	get_npu_384k_sram_data	STT_FUNC	STB_GLOBAL	STV_DEFAULT	.kernel	0xffffffc0100d2294	0x0	0	1
research/stock/elf/stock-kernel.vmlinux.elf	a51e6d0a6deee620a5f715c9469f193906cdf3fcea28b97ce01cf88383aa704e	.symtab	14964	read_mbox2host_flag	STT_FUNC	STB_GLOBAL	STV_DEFAULT	.kernel	0xffffffc0100d22f0	0x0	0	1
research/stock/elf/stock-kernel.vmlinux.elf	a51e6d0a6deee620a5f715c9469f193906cdf3fcea28b97ce01cf88383aa704e	.symtab	14965	get_npu_core_reply	STT_FUNC	STB_GLOBAL	STV_DEFAULT	.kernel	0xffffffc0100d2320	0x0	0	1
research/stock/elf/stock-kernel.vmlinux.elf	a51e6d0a6deee620a5f715c9469f193906cdf3fcea28b97ce01cf88383aa704e	.symtab	14966	get_npu_test_case	STT_FUNC	STB_GLOBAL	STV_DEFAULT	.kernel	0xffffffc0100d2350	0x0	0	1
research/stock/elf/stock-kernel.vmlinux.elf	a51e6d0a6deee620a5f715c9469f193906cdf3fcea28b97ce01cf88383aa704e	.symtab	14967	get_hanged_npu_cores	STT_FUNC	STB_GLOBAL	STV_DEFAULT	.kernel	0xffffffc0100d2380	0x0	0	1
research/stock/elf/stock-kernel.vmlinux.elf	a51e6d0a6deee620a5f715c9469f193906cdf3fcea28b97ce01cf88383aa704e	.symtab	14968	npu_hw_kern_reset_testing	STT_FUNC	STB_GLOBAL	STV_DEFAULT	.kernel	0xffffffc0100d23b0	0x0	0	1
research/stock/elf/stock-kernel.vmlinux.elf	a51e6d0a6deee620a5f715c9469f193906cdf3fcea28b97ce01cf88383aa704e	.symtab	14969	npu_wdog_testing	STT_FUNC	STB_GLOBAL	STV_DEFAULT	.kernel	0xffffffc0100d23e0	0x0	0	1
research/stock/elf/stock-kernel.vmlinux.elf	a51e6d0a6deee620a5f715c9469f193906cdf3fcea28b97ce01cf88383aa704e	.symtab	14970	get_npu_hostadpt_reg	STT_FUNC	STB_GLOBAL	STV_DEFAULT	.kernel	0xffffffc0100d2410	0x0	0	1
research/stock/elf/stock-kernel.vmlinux.elf	a51e6d0a6deee620a5f715c9469f193906cdf3fcea28b97ce01cf88383aa704e	.symtab	14971	is_npu_dma_done	STT_FUNC	STB_GLOBAL	STV_DEFAULT	.kernel	0xffffffc0100d2440	0x0	0	1
research/stock/elf/stock-kernel.vmlinux.elf	a51e6d0a6deee620a5f715c9469f193906cdf3fcea28b97ce01cf88383aa704e	.symtab	14972	is_npu_idle	STT_FUNC	STB_GLOBAL	STV_DEFAULT	.kernel	0xffffffc0100d2474	0x0	0	1
research/stock/elf/stock-kernel.vmlinux.elf	a51e6d0a6deee620a5f715c9469f193906cdf3fcea28b97ce01cf88383aa704e	.symtab	14973	npu_test_get_count	STT_FUNC	STB_GLOBAL	STV_DEFAULT	.kernel	0xffffffc0100d24b0	0x0	0	1
research/stock/elf/stock-kernel.vmlinux.elf	a51e6d0a6deee620a5f715c9469f193906cdf3fcea28b97ce01cf88383aa704e	.symtab	14974	get_npu_dbg_csr	STT_FUNC	STB_GLOBAL	STV_DEFAULT	.kernel	0xffffffc0100d24e4	0x0	0	1
research/stock/elf/stock-kernel.vmlinux.elf	a51e6d0a6deee620a5f715c9469f193906cdf3fcea28b97ce01cf88383aa704e	.symtab	14975	get_npu_mbox_mib	STT_FUNC	STB_GLOBAL	STV_DEFAULT	.kernel	0xffffffc0100d2514	0x0	0	1
research/stock/elf/stock-kernel.vmlinux.elf	a51e6d0a6deee620a5f715c9469f193906cdf3fcea28b97ce01cf88383aa704e	.symtab	14976	npu_wifi_offload_set_ba_node_addr	STT_FUNC	STB_GLOBAL	STV_DEFAULT	.kernel	0xffffffc0100d2584	0x0	0	1
research/stock/elf/stock-kernel.vmlinux.elf	a51e6d0a6deee620a5f715c9469f193906cdf3fcea28b97ce01cf88383aa704e	.symtab	14977	npu_wifi_offload_get_pkt_buf_addr	STT_FUNC	STB_GLOBAL	STV_DEFAULT	.kernel	0xffffffc0100d25d0	0x0	0	1
research/stock/elf/stock-kernel.vmlinux.elf	a51e6d0a6deee620a5f715c9469f193906cdf3fcea28b97ce01cf88383aa704e	.symtab	14978	npu_wifi_offload_get_tx_pkt_buf_addr	STT_FUNC	STB_GLOBAL	STV_DEFAULT	.kernel	0xffffffc0100d260c	0x0	0	1
research/stock/elf/stock-kernel.vmlinux.elf	a51e6d0a6deee620a5f715c9469f193906cdf3fcea28b97ce01cf88383aa704e	.symtab	14979	npu_wifi_offload_set_force_to_cpu_flag	STT_FUNC	STB_GLOBAL	STV_DEFAULT	.kernel	0xffffffc0100d264c	0x0	0	1
research/stock/elf/stock-kernel.vmlinux.elf	a51e6d0a6deee620a5f715c9469f193906cdf3fcea28b97ce01cf88383aa704e	.symtab	14981	host_dump_npu_csr	STT_FUNC	STB_GLOBAL	STV_DEFAULT	.kernel	0xffffffc0100d2718	0x0	0	1
research/stock/elf/stock-kernel.vmlinux.elf	a51e6d0a6deee620a5f715c9469f193906cdf3fcea28b97ce01cf88383aa704e	.symtab	14982	npu_wifi_offload_set_pkt_buf_addr	STT_FUNC	STB_GLOBAL	STV_DEFAULT	.kernel	0xffffffc0100d27cc	0x0	0	1
research/stock/elf/stock-kernel.vmlinux.elf	a51e6d0a6deee620a5f715c9469f193906cdf3fcea28b97ce01cf88383aa704e	.symtab	14983	npu_wifi_offload_set_tx_pkt_buf_addr	STT_FUNC	STB_GLOBAL	STV_DEFAULT	.kernel	0xffffffc0100d2804	0x0	0	1
research/stock/elf/stock-kernel.vmlinux.elf	a51e6d0a6deee620a5f715c9469f193906cdf3fcea28b97ce01cf88383aa704e	.symtab	15106	i2s_global_reset	STT_FUNC	STB_GLOBAL	STV_DEFAULT	.kernel	0xffffffc0100d6690	0x0	0	1
research/stock/elf/stock-kernel.vmlinux.elf	a51e6d0a6deee620a5f715c9469f193906cdf3fcea28b97ce01cf88383aa704e	.symtab	15541	drain_workqueue	STT_FUNC	STB_GLOBAL	STV_DEFAULT	.kernel	0xffffffc0100f7cd4	0x0	0	1
research/stock/elf/stock-kernel.vmlinux.elf	a51e6d0a6deee620a5f715c9469f193906cdf3fcea28b97ce01cf88383aa704e	.symtab	16451	irq_domain_reset_irq_data	STT_FUNC	STB_GLOBAL	STV_DEFAULT	.kernel	0xffffffc01013bef0	0x0	0	1
research/stock/elf/stock-kernel.vmlinux.elf	a51e6d0a6deee620a5f715c9469f193906cdf3fcea28b97ce01cf88383aa704e	.symtab	16554	rcu_force_quiescent_state	STT_FUNC	STB_GLOBAL	STV_DEFAULT	.kernel	0xffffffc010144be0	0x0	0	1
research/stock/elf/stock-kernel.vmlinux.elf	a51e6d0a6deee620a5f715c9469f193906cdf3fcea28b97ce01cf88383aa704e	.symtab	16588	rcu_cpu_stall_reset	STT_FUNC	STB_GLOBAL	STV_DEFAULT	.kernel	0xffffffc0101483b0	0x0	0	1
research/stock/elf/stock-kernel.vmlinux.elf	a51e6d0a6deee620a5f715c9469f193906cdf3fcea28b97ce01cf88383aa704e	.symtab	17112	cgroup_lock_and_drain_offline	STT_FUNC	STB_GLOBAL	STV_DEFAULT	.kernel	0xffffffc010174ec0	0x0	0	1
research/stock/elf/stock-kernel.vmlinux.elf	a51e6d0a6deee620a5f715c9469f193906cdf3fcea28b97ce01cf88383aa704e	.symtab	17450	lru_add_drain_cpu	STT_FUNC	STB_GLOBAL	STV_DEFAULT	.kernel	0xffffffc010198750	0x0	0	1
research/stock/elf/stock-kernel.vmlinux.elf	a51e6d0a6deee620a5f715c9469f193906cdf3fcea28b97ce01cf88383aa704e	.symtab	17455	lru_add_drain	STT_FUNC	STB_GLOBAL	STV_DEFAULT	.kernel	0xffffffc010198c70	0x0	0	1
research/stock/elf/stock-kernel.vmlinux.elf	a51e6d0a6deee620a5f715c9469f193906cdf3fcea28b97ce01cf88383aa704e	.symtab	17456	lru_add_drain_all	STT_FUNC	STB_GLOBAL	STV_DEFAULT	.kernel	0xffffffc010198c94	0x0	0	1
research/stock/elf/stock-kernel.vmlinux.elf	a51e6d0a6deee620a5f715c9469f193906cdf3fcea28b97ce01cf88383aa704e	.symtab	17581	drain_zonestat	STT_FUNC	STB_GLOBAL	STV_DEFAULT	.kernel	0xffffffc0101a9704	0x0	0	1
research/stock/elf/stock-kernel.vmlinux.elf	a51e6d0a6deee620a5f715c9469f193906cdf3fcea28b97ce01cf88383aa704e	.symtab	17651	compaction_defer_reset	STT_FUNC	STB_GLOBAL	STV_DEFAULT	.kernel	0xffffffc0101b2b20	0x0	0	1
research/stock/elf/stock-kernel.vmlinux.elf	a51e6d0a6deee620a5f715c9469f193906cdf3fcea28b97ce01cf88383aa704e	.symtab	17653	reset_isolation_suitable	STT_FUNC	STB_GLOBAL	STV_DEFAULT	.kernel	0xffffffc0101b2b80	0x0	0	1
research/stock/elf/stock-kernel.vmlinux.elf	a51e6d0a6deee620a5f715c9469f193906cdf3fcea28b97ce01cf88383aa704e	.symtab	17686	memcg_drain_all_list_lrus	STT_FUNC	STB_GLOBAL	STV_DEFAULT	.kernel	0xffffffc0101b5b90	0x0	0	1
research/stock/elf/stock-kernel.vmlinux.elf	a51e6d0a6deee620a5f715c9469f193906cdf3fcea28b97ce01cf88383aa704e	.symtab	17906	drain_local_pages	STT_FUNC	STB_GLOBAL	STV_DEFAULT	.kernel	0xffffffc0101d1560	0x0	0	1
research/stock/elf/stock-kernel.vmlinux.elf	a51e6d0a6deee620a5f715c9469f193906cdf3fcea28b97ce01cf88383aa704e	.symtab	17907	drain_all_pages	STT_FUNC	STB_GLOBAL	STV_DEFAULT	.kernel	0xffffffc0101d15e0	0x0	0	1
research/stock/elf/stock-kernel.vmlinux.elf	a51e6d0a6deee620a5f715c9469f193906cdf3fcea28b97ce01cf88383aa704e	.symtab	17910	__page_frag_cache_drain	STT_FUNC	STB_GLOBAL	STV_DEFAULT	.kernel	0xffffffc0101d1970	0x0	0	1
research/stock/elf/stock-kernel.vmlinux.elf	a51e6d0a6deee620a5f715c9469f193906cdf3fcea28b97ce01cf88383aa704e	.symtab	17938	zone_pcp_reset	STT_FUNC	STB_GLOBAL	STV_DEFAULT	.kernel	0xffffffc0101d51f4	0x0	0	1
research/stock/elf/stock-kernel.vmlinux.elf	a51e6d0a6deee620a5f715c9469f193906cdf3fcea28b97ce01cf88383aa704e	.symtab	17968	reset_node_managed_pages	STT_FUNC	STB_GLOBAL	STV_DEFAULT	.kernel	0xffffffc0101d6ff0	0x0	0	1
research/stock/elf/stock-kernel.vmlinux.elf	a51e6d0a6deee620a5f715c9469f193906cdf3fcea28b97ce01cf88383aa704e	.symtab	18625	reset_files_struct	STT_FUNC	STB_GLOBAL	STV_DEFAULT	.kernel	0xffffffc01021e0c0	0x0	0	1
research/stock/elf/stock-kernel.vmlinux.elf	a51e6d0a6deee620a5f715c9469f193906cdf3fcea28b97ce01cf88383aa704e	.symtab	19368	kernfs_drain_open_files	STT_FUNC	STB_GLOBAL	STV_DEFAULT	.kernel	0xffffffc0102814c0	0x0	0	1
research/stock/elf/stock-kernel.vmlinux.elf	a51e6d0a6deee620a5f715c9469f193906cdf3fcea28b97ce01cf88383aa704e	.symtab	19772	jbd2_journal_recover	STT_FUNC	STB_GLOBAL	STV_DEFAULT	.kernel	0xffffffc0102dff54	0x0	0	1
research/stock/elf/stock-kernel.vmlinux.elf	a51e6d0a6deee620a5f715c9469f193906cdf3fcea28b97ce01cf88383aa704e	.symtab	19773	jbd2_journal_skip_recovery	STT_FUNC	STB_GLOBAL	STV_DEFAULT	.kernel	0xffffffc0102e00a0	0x0	0	1
research/stock/elf/stock-kernel.vmlinux.elf	a51e6d0a6deee620a5f715c9469f193906cdf3fcea28b97ce01cf88383aa704e	.symtab	20191	ubifs_recover_master_node	STT_FUNC	STB_GLOBAL	STV_DEFAULT	.kernel	0xffffffc01032c5e4	0x0	0	1
research/stock/elf/stock-kernel.vmlinux.elf	a51e6d0a6deee620a5f715c9469f193906cdf3fcea28b97ce01cf88383aa704e	.symtab	20193	ubifs_recover_leb	STT_FUNC	STB_GLOBAL	STV_DEFAULT	.kernel	0xffffffc01032c884	0x0	0	1
research/stock/elf/stock-kernel.vmlinux.elf	a51e6d0a6deee620a5f715c9469f193906cdf3fcea28b97ce01cf88383aa704e	.symtab	20194	ubifs_recover_log_leb	STT_FUNC	STB_GLOBAL	STV_DEFAULT	.kernel	0xffffffc01032cf00	0x0	0	1
research/stock/elf/stock-kernel.vmlinux.elf	a51e6d0a6deee620a5f715c9469f193906cdf3fcea28b97ce01cf88383aa704e	.symtab	20195	ubifs_recover_inl_heads	STT_FUNC	STB_GLOBAL	STV_DEFAULT	.kernel	0xffffffc01032d130	0x0	0	1
research/stock/elf/stock-kernel.vmlinux.elf	a51e6d0a6deee620a5f715c9469f193906cdf3fcea28b97ce01cf88383aa704e	.symtab	20199	ubifs_recover_size_accum	STT_FUNC	STB_GLOBAL	STV_DEFAULT	.kernel	0xffffffc01032d640	0x0	0	1
research/stock/elf/stock-kernel.vmlinux.elf	a51e6d0a6deee620a5f715c9469f193906cdf3fcea28b97ce01cf88383aa704e	.symtab	20200	ubifs_recover_size	STT_FUNC	STB_GLOBAL	STV_DEFAULT	.kernel	0xffffffc01032d7e0	0x0	0	1
research/stock/elf/stock-kernel.vmlinux.elf	a51e6d0a6deee620a5f715c9469f193906cdf3fcea28b97ce01cf88383aa704e	.symtab	20697	crypto_rng_reset	STT_FUNC	STB_GLOBAL	STV_DEFAULT	.kernel	0xffffffc01036de94	0x0	0	1
research/stock/elf/stock-kernel.vmlinux.elf	a51e6d0a6deee620a5f715c9469f193906cdf3fcea28b97ce01cf88383aa704e	.symtab	20731	bio_reset	STT_FUNC	STB_GLOBAL	STV_DEFAULT	.kernel	0xffffffc010371620	0x0	0	1
research/stock/elf/stock-kernel.vmlinux.elf	a51e6d0a6deee620a5f715c9469f193906cdf3fcea28b97ce01cf88383aa704e	.symtab	20866	blk_queue_dma_drain	STT_FUNC	STB_GLOBAL	STV_DEFAULT	.kernel	0xffffffc010379f50	0x0	0	1
research/stock/elf/stock-kernel.vmlinux.elf	a51e6d0a6deee620a5f715c9469f193906cdf3fcea28b97ce01cf88383aa704e	.symtab	20916	blk_mq_quiesce_queue_nowait	STT_FUNC	STB_GLOBAL	STV_DEFAULT	.kernel	0xffffffc01037e270	0x0	0	1
research/stock/elf/stock-kernel.vmlinux.elf	a51e6d0a6deee620a5f715c9469f193906cdf3fcea28b97ce01cf88383aa704e	.symtab	20917	blk_mq_quiesce_queue	STT_FUNC	STB_GLOBAL	STV_DEFAULT	.kernel	0xffffffc01037e290	0x0	0	1
research/stock/elf/stock-kernel.vmlinux.elf	a51e6d0a6deee620a5f715c9469f193906cdf3fcea28b97ce01cf88383aa704e	.symtab	20936	blk_mq_unquiesce_queue	STT_FUNC	STB_GLOBAL	STV_DEFAULT	.kernel	0xffffffc01037f7d0	0x0	0	1
research/stock/elf/stock-kernel.vmlinux.elf	a51e6d0a6deee620a5f715c9469f193906cdf3fcea28b97ce01cf88383aa704e	.symtab	21136	blkcg_drain_queue	STT_FUNC	STB_GLOBAL	STV_DEFAULT	.kernel	0xffffffc010394ac0	0x0	0	1
research/stock/elf/stock-kernel.vmlinux.elf	a51e6d0a6deee620a5f715c9469f193906cdf3fcea28b97ce01cf88383aa704e	.symtab	21143	blk_throtl_drain	STT_FUNC	STB_GLOBAL	STV_DEFAULT	.kernel	0xffffffc010397e00	0x0	0	1
research/stock/elf/stock-kernel.vmlinux.elf	a51e6d0a6deee620a5f715c9469f193906cdf3fcea28b97ce01cf88383aa704e	.symtab	21495	zlib_inflateReset	STT_FUNC	STB_GLOBAL	STV_DEFAULT	.kernel	0xffffffc0103b2390	0x0	0	1
research/stock/elf/stock-kernel.vmlinux.elf	a51e6d0a6deee620a5f715c9469f193906cdf3fcea28b97ce01cf88383aa704e	.symtab	21502	zlib_deflateReset	STT_FUNC	STB_GLOBAL	STV_DEFAULT	.kernel	0xffffffc0103b4ec0	0x0	0	1
research/stock/elf/stock-kernel.vmlinux.elf	a51e6d0a6deee620a5f715c9469f193906cdf3fcea28b97ce01cf88383aa704e	.symtab	21519	xz_dec_reset	STT_FUNC	STB_GLOBAL	STV_DEFAULT	.kernel	0xffffffc0103b8ff4	0x0	0	1
research/stock/elf/stock-kernel.vmlinux.elf	a51e6d0a6deee620a5f715c9469f193906cdf3fcea28b97ce01cf88383aa704e	.symtab	21523	xz_dec_lzma2_reset	STT_FUNC	STB_GLOBAL	STV_DEFAULT	.kernel	0xffffffc0103ba404	0x0	0	1
research/stock/elf/stock-kernel.vmlinux.elf	a51e6d0a6deee620a5f715c9469f193906cdf3fcea28b97ce01cf88383aa704e	.symtab	21527	xz_dec_bcj_reset	STT_FUNC	STB_GLOBAL	STV_DEFAULT	.kernel	0xffffffc0103bae64	0x0	0	1
research/stock/elf/stock-kernel.vmlinux.elf	a51e6d0a6deee620a5f715c9469f193906cdf3fcea28b97ce01cf88383aa704e	.symtab	21579	dql_reset	STT_FUNC	STB_GLOBAL	STV_DEFAULT	.kernel	0xffffffc0103be3a0	0x0	0	1
research/stock/elf/stock-kernel.vmlinux.elf	a51e6d0a6deee620a5f715c9469f193906cdf3fcea28b97ce01cf88383aa704e	.symtab	21668	gpiochip_line_is_open_drain	STT_FUNC	STB_GLOBAL	STV_DEFAULT	.kernel	0xffffffc0103cac10	0x0	0	1
research/stock/elf/stock-kernel.vmlinux.elf	a51e6d0a6deee620a5f715c9469f193906cdf3fcea28b97ce01cf88383aa704e	.symtab	21885	pci_probe_reset_bus	STT_FUNC	STB_GLOBAL	STV_DEFAULT	.kernel	0xffffffc0103db100	0x0	0	1
research/stock/elf/stock-kernel.vmlinux.elf	a51e6d0a6deee620a5f715c9469f193906cdf3fcea28b97ce01cf88383aa704e	.symtab	21922	pci_probe_reset_slot	STT_FUNC	STB_GLOBAL	STV_DEFAULT	.kernel	0xffffffc0103dd830	0x0	0	1
research/stock/elf/stock-kernel.vmlinux.elf	a51e6d0a6deee620a5f715c9469f193906cdf3fcea28b97ce01cf88383aa704e	.symtab	21946	pcibios_set_pcie_reset_state	STT_FUNC	STB_WEAK	STV_DEFAULT	.kernel	0xffffffc0103de8e0	0x0	0	1
research/stock/elf/stock-kernel.vmlinux.elf	a51e6d0a6deee620a5f715c9469f193906cdf3fcea28b97ce01cf88383aa704e	.symtab	21947	pci_set_pcie_reset_state	STT_FUNC	STB_GLOBAL	STV_DEFAULT	.kernel	0xffffffc0103de8f0	0x0	0	1
research/stock/elf/stock-kernel.vmlinux.elf	a51e6d0a6deee620a5f715c9469f193906cdf3fcea28b97ce01cf88383aa704e	.symtab	21990	pci_reset_secondary_bus	STT_FUNC	STB_GLOBAL	STV_DEFAULT	.kernel	0xffffffc0103e0ae0	0x0	0	1
research/stock/elf/stock-kernel.vmlinux.elf	a51e6d0a6deee620a5f715c9469f193906cdf3fcea28b97ce01cf88383aa704e	.symtab	21991	pcibios_reset_secondary_bus	STT_FUNC	STB_WEAK	STV_DEFAULT	.kernel	0xffffffc0103e0b50	0x0	0	1
research/stock/elf/stock-kernel.vmlinux.elf	a51e6d0a6deee620a5f715c9469f193906cdf3fcea28b97ce01cf88383aa704e	.symtab	21992	pci_bridge_secondary_bus_reset	STT_FUNC	STB_GLOBAL	STV_DEFAULT	.kernel	0xffffffc0103e0b64	0x0	0	1
research/stock/elf/stock-kernel.vmlinux.elf	a51e6d0a6deee620a5f715c9469f193906cdf3fcea28b97ce01cf88383aa704e	.symtab	21993	__pci_reset_function_locked	STT_FUNC	STB_GLOBAL	STV_DEFAULT	.kernel	0xffffffc0103e0c40	0x0	0	1
research/stock/elf/stock-kernel.vmlinux.elf	a51e6d0a6deee620a5f715c9469f193906cdf3fcea28b97ce01cf88383aa704e	.symtab	21994	pci_reset_function	STT_FUNC	STB_GLOBAL	STV_DEFAULT	.kernel	0xffffffc0103e0da4	0x0	0	1
research/stock/elf/stock-kernel.vmlinux.elf	a51e6d0a6deee620a5f715c9469f193906cdf3fcea28b97ce01cf88383aa704e	.symtab	21995	pci_reset_function_locked	STT_FUNC	STB_GLOBAL	STV_DEFAULT	.kernel	0xffffffc0103e0e20	0x0	0	1
research/stock/elf/stock-kernel.vmlinux.elf	a51e6d0a6deee620a5f715c9469f193906cdf3fcea28b97ce01cf88383aa704e	.symtab	21996	pci_try_reset_function	STT_FUNC	STB_GLOBAL	STV_DEFAULT	.kernel	0xffffffc0103e0e70	0x0	0	1
research/stock/elf/stock-kernel.vmlinux.elf	a51e6d0a6deee620a5f715c9469f193906cdf3fcea28b97ce01cf88383aa704e	.symtab	21997	pci_reset_bus	STT_FUNC	STB_GLOBAL	STV_DEFAULT	.kernel	0xffffffc0103e0f20	0x0	0	1
research/stock/elf/stock-kernel.vmlinux.elf	a51e6d0a6deee620a5f715c9469f193906cdf3fcea28b97ce01cf88383aa704e	.symtab	21998	pci_probe_reset_function	STT_FUNC	STB_GLOBAL	STV_DEFAULT	.kernel	0xffffffc0103e1240	0x0	0	1
research/stock/elf/stock-kernel.vmlinux.elf	a51e6d0a6deee620a5f715c9469f193906cdf3fcea28b97ce01cf88383aa704e	.symtab	21999	pci_bus_error_reset	STT_FUNC	STB_GLOBAL	STV_DEFAULT	.kernel	0xffffffc0103e1304	0x0	0	1
research/stock/elf/stock-kernel.vmlinux.elf	a51e6d0a6deee620a5f715c9469f193906cdf3fcea28b97ce01cf88383aa704e	.symtab	22102	pci_dev_specific_reset	STT_FUNC	STB_GLOBAL	STV_DEFAULT	.kernel	0xffffffc0103f1d80	0x0	0	1
research/stock/elf/stock-kernel.vmlinux.elf	a51e6d0a6deee620a5f715c9469f193906cdf3fcea28b97ce01cf88383aa704e	.symtab	22184	mt7512_pcie_reset	STT_FUNC	STB_GLOBAL	STV_DEFAULT	.kernel	0xffffffc0103fa470	0x0	0	1
research/stock/elf/stock-kernel.vmlinux.elf	a51e6d0a6deee620a5f715c9469f193906cdf3fcea28b97ce01cf88383aa704e	.symtab	22185	mt7512_pcie_reset01	STT_FUNC	STB_GLOBAL	STV_DEFAULT	.kernel	0xffffffc0103faf00	0x0	0	1
research/stock/elf/stock-kernel.vmlinux.elf	a51e6d0a6deee620a5f715c9469f193906cdf3fcea28b97ce01cf88383aa704e	.symtab	22186	mt7512_pcie_reset2	STT_FUNC	STB_GLOBAL	STV_DEFAULT	.kernel	0xffffffc0103fb944	0x0	0	1
research/stock/elf/stock-kernel.vmlinux.elf	a51e6d0a6deee620a5f715c9469f193906cdf3fcea28b97ce01cf88383aa704e	.symtab	22409	ecnt_hsdma_reset	STT_FUNC	STB_GLOBAL	STV_DEFAULT	.kernel	0xffffffc01040c720	0x0	0	1
research/stock/elf/stock-kernel.vmlinux.elf	a51e6d0a6deee620a5f715c9469f193906cdf3fcea28b97ce01cf88383aa704e	.symtab	23408	mmc_hw_reset	STT_FUNC	STB_GLOBAL	STV_DEFAULT	.kernel	0xffffffc010460840	0x0	0	1
research/stock/elf/stock-kernel.vmlinux.elf	a51e6d0a6deee620a5f715c9469f193906cdf3fcea28b97ce01cf88383aa704e	.symtab	23413	mmc_sw_reset	STT_FUNC	STB_GLOBAL	STV_DEFAULT	.kernel	0xffffffc010460cd0	0x0	0	1
research/stock/elf/stock-kernel.vmlinux.elf	a51e6d0a6deee620a5f715c9469f193906cdf3fcea28b97ce01cf88383aa704e	.symtab	23444	mmc_cqe_recovery	STT_FUNC	STB_GLOBAL	STV_DEFAULT	.kernel	0xffffffc0104625bc	0x0	0	1
research/stock/elf/stock-kernel.vmlinux.elf	a51e6d0a6deee620a5f715c9469f193906cdf3fcea28b97ce01cf88383aa704e	.symtab	23516	sdio_reset	STT_FUNC	STB_GLOBAL	STV_DEFAULT	.kernel	0xffffffc01046bbf4	0x0	0	1
research/stock/elf/stock-kernel.vmlinux.elf	a51e6d0a6deee620a5f715c9469f193906cdf3fcea28b97ce01cf88383aa704e	.symtab	23576	mmc_pwrseq_reset	STT_FUNC	STB_GLOBAL	STV_DEFAULT	.kernel	0xffffffc01046e830	0x0	0	1
research/stock/elf/stock-kernel.vmlinux.elf	a51e6d0a6deee620a5f715c9469f193906cdf3fcea28b97ce01cf88383aa704e	.symtab	23810	SPI_NFI_Reset	STT_FUNC	STB_GLOBAL	STV_DEFAULT	.kernel	0xffffffc01048db40	0x0	0	1
research/stock/elf/stock-kernel.vmlinux.elf	a51e6d0a6deee620a5f715c9469f193906cdf3fcea28b97ce01cf88383aa704e	.symtab	23828	PARALLEL_NFI_RESET	STT_FUNC	STB_GLOBAL	STV_DEFAULT	.kernel	0xffffffc01048eb70	0x0	0	1
research/stock/elf/stock-kernel.vmlinux.elf	a51e6d0a6deee620a5f715c9469f193906cdf3fcea28b97ce01cf88383aa704e	.symtab	23854	parallel_nand_protocol_reset	STT_FUNC	STB_GLOBAL	STV_DEFAULT	.kernel	0xffffffc01048fe80	0x0	0	1
research/stock/elf/stock-kernel.vmlinux.elf	a51e6d0a6deee620a5f715c9469f193906cdf3fcea28b97ce01cf88383aa704e	.symtab	23893	nand_reset_op	STT_FUNC	STB_GLOBAL	STV_DEFAULT	.kernel	0xffffffc010493324	0x0	0	1
research/stock/elf/stock-kernel.vmlinux.elf	a51e6d0a6deee620a5f715c9469f193906cdf3fcea28b97ce01cf88383aa704e	.symtab	23916	nand_reset	STT_FUNC	STB_GLOBAL	STV_DEFAULT	.kernel	0xffffffc0104982f0	0x0	0	1
research/stock/elf/stock-kernel.vmlinux.elf	a51e6d0a6deee620a5f715c9469f193906cdf3fcea28b97ce01cf88383aa704e	.symtab	24080	phy_ethtool_nway_reset	STT_FUNC	STB_GLOBAL	STV_DEFAULT	.kernel	0xffffffc0104b4790	0x0	0	1
research/stock/elf/stock-kernel.vmlinux.elf	a51e6d0a6deee620a5f715c9469f193906cdf3fcea28b97ce01cf88383aa704e	.symtab	24160	phy_reset_after_clk_enable	STT_FUNC	STB_GLOBAL	STV_DEFAULT	.kernel	0xffffffc0104b7a20	0x0	0	1
research/stock/elf/stock-kernel.vmlinux.elf	a51e6d0a6deee620a5f715c9469f193906cdf3fcea28b97ce01cf88383aa704e	.symtab	24180	genphy_soft_reset	STT_FUNC	STB_GLOBAL	STV_DEFAULT	.kernel	0xffffffc0104b8bb0	0x0	0	1
research/stock/elf/stock-kernel.vmlinux.elf	a51e6d0a6deee620a5f715c9469f193906cdf3fcea28b97ce01cf88383aa704e	.symtab	24207	mdio_device_reset	STT_FUNC	STB_GLOBAL	STV_DEFAULT	.kernel	0xffffffc0104ba050	0x0	0	1
research/stock/elf/stock-kernel.vmlinux.elf	a51e6d0a6deee620a5f715c9469f193906cdf3fcea28b97ce01cf88383aa704e	.symtab	24331	usb_lock_device_for_reset	STT_FUNC	STB_GLOBAL	STV_DEFAULT	.kernel	0xffffffc0104e1330	0x0	0	1
research/stock/elf/stock-kernel.vmlinux.elf	a51e6d0a6deee620a5f715c9469f193906cdf3fcea28b97ce01cf88383aa704e	.symtab	24343	usb_queue_reset_device	STT_FUNC	STB_GLOBAL	STV_DEFAULT	.kernel	0xffffffc0104e2200	0x0	0	1
research/stock/elf/stock-kernel.vmlinux.elf	a51e6d0a6deee620a5f715c9469f193906cdf3fcea28b97ce01cf88383aa704e	.symtab	24356	usb_reset_device	STT_FUNC	STB_GLOBAL	STV_DEFAULT	.kernel	0xffffffc0104e5ab4	0x0	0	1
research/stock/elf/stock-kernel.vmlinux.elf	a51e6d0a6deee620a5f715c9469f193906cdf3fcea28b97ce01cf88383aa704e	.symtab	24405	usb_hcd_reset_endpoint	STT_FUNC	STB_GLOBAL	STV_DEFAULT	.kernel	0xffffffc0104ec990	0x0	0	1
research/stock/elf/stock-kernel.vmlinux.elf	a51e6d0a6deee620a5f715c9469f193906cdf3fcea28b97ce01cf88383aa704e	.symtab	24443	usb_reset_endpoint	STT_FUNC	STB_GLOBAL	STV_DEFAULT	.kernel	0xffffffc0104ef250	0x0	0	1
research/stock/elf/stock-kernel.vmlinux.elf	a51e6d0a6deee620a5f715c9469f193906cdf3fcea28b97ce01cf88383aa704e	.symtab	24458	usb_reset_configuration	STT_FUNC	STB_GLOBAL	STV_DEFAULT	.kernel	0xffffffc0104f0a70	0x0	0	1
research/stock/elf/stock-kernel.vmlinux.elf	a51e6d0a6deee620a5f715c9469f193906cdf3fcea28b97ce01cf88383aa704e	.symtab	24561	xhci_quiesce	STT_FUNC	STB_GLOBAL	STV_DEFAULT	.kernel	0xffffffc010503ce8	0x0	0	1
research/stock/elf/stock-kernel.vmlinux.elf	a51e6d0a6deee620a5f715c9469f193906cdf3fcea28b97ce01cf88383aa704e	.symtab	24563	xhci_reset	STT_FUNC	STB_GLOBAL	STV_DEFAULT	.kernel	0xffffffc010503f68	0x0	0	1
research/stock/elf/stock-kernel.vmlinux.elf	a51e6d0a6deee620a5f715c9469f193906cdf3fcea28b97ce01cf88383aa704e	.symtab	24582	xhci_reset_bandwidth	STT_FUNC	STB_GLOBAL	STV_DEFAULT	.kernel	0xffffffc010509ed8	0x0	0	1
research/stock/elf/stock-kernel.vmlinux.elf	a51e6d0a6deee620a5f715c9469f193906cdf3fcea28b97ce01cf88383aa704e	.symtab	24584	xhci_endpoint_reset	STT_FUNC	STB_GLOBAL	STV_DEFAULT	.kernel	0xffffffc01050a3e4	0x0	0	1
research/stock/elf/stock-kernel.vmlinux.elf	a51e6d0a6deee620a5f715c9469f193906cdf3fcea28b97ce01cf88383aa704e	.symtab	24588	xhci_discover_or_reset_device	STT_FUNC	STB_GLOBAL	STV_DEFAULT	.kernel	0xffffffc01050b6b8	0x0	0	1
research/stock/elf/stock-kernel.vmlinux.elf	a51e6d0a6deee620a5f715c9469f193906cdf3fcea28b97ce01cf88383aa704e	.symtab	24649	xhci_queue_reset_device	STT_FUNC	STB_GLOBAL	STV_DEFAULT	.kernel	0xffffffc01051e638	0x0	0	1
research/stock/elf/stock-kernel.vmlinux.elf	a51e6d0a6deee620a5f715c9469f193906cdf3fcea28b97ce01cf88383aa704e	.symtab	24654	xhci_queue_reset_ep	STT_FUNC	STB_GLOBAL	STV_DEFAULT	.kernel	0xffffffc01051ead0	0x0	0	1
research/stock/elf/stock-kernel.vmlinux.elf	a51e6d0a6deee620a5f715c9469f193906cdf3fcea28b97ce01cf88383aa704e	.symtab	24766	usb_gadget_udc_reset	STT_FUNC	STB_GLOBAL	STV_DEFAULT	.kernel	0xffffffc01052fab0	0x0	0	1
research/stock/elf/stock-kernel.vmlinux.elf	a51e6d0a6deee620a5f715c9469f193906cdf3fcea28b97ce01cf88383aa704e	.symtab	24809	input_reset_device	STT_FUNC	STB_GLOBAL	STV_DEFAULT	.kernel	0xffffffc010539a80	0x0	0	1
research/stock/elf/stock-kernel.vmlinux.elf	a51e6d0a6deee620a5f715c9469f193906cdf3fcea28b97ce01cf88383aa704e	.symtab	25333	sk_reset_timer	STT_FUNC	STB_GLOBAL	STV_DEFAULT	.kernel	0xffffffc010571d00	0x0	0	1
research/stock/elf/stock-kernel.vmlinux.elf	a51e6d0a6deee620a5f715c9469f193906cdf3fcea28b97ce01cf88383aa704e	.symtab	25715	netdev_reset_tc	STT_FUNC	STB_GLOBAL	STV_DEFAULT	.kernel	0xffffffc010591530	0x0	0	1
research/stock/elf/stock-kernel.vmlinux.elf	a51e6d0a6deee620a5f715c9469f193906cdf3fcea28b97ce01cf88383aa704e	.symtab	26288	qdisc_reset	STT_FUNC	STB_GLOBAL	STV_DEFAULT	.kernel	0xffffffc0105d2410	0x0	0	1
research/stock/elf/stock-kernel.vmlinux.elf	a51e6d0a6deee620a5f715c9469f193906cdf3fcea28b97ce01cf88383aa704e	.symtab	26884	inet_csk_reset_keepalive_timer	STT_FUNC	STB_GLOBAL	STV_DEFAULT	.kernel	0xffffffc010648a30	0x0	0	1
research/stock/elf/stock-kernel.vmlinux.elf	a51e6d0a6deee620a5f715c9469f193906cdf3fcea28b97ce01cf88383aa704e	.symtab	26953	tcp_enter_recovery	STT_FUNC	STB_GLOBAL	STV_DEFAULT	.kernel	0xffffffc010657530	0x0	0	1
research/stock/elf/stock-kernel.vmlinux.elf	a51e6d0a6deee620a5f715c9469f193906cdf3fcea28b97ce01cf88383aa704e	.symtab	26957	tcp_reset	STT_FUNC	STB_GLOBAL	STV_DEFAULT	.kernel	0xffffffc0106590a4	0x0	0	1
research/stock/elf/stock-kernel.vmlinux.elf	a51e6d0a6deee620a5f715c9469f193906cdf3fcea28b97ce01cf88383aa704e	.symtab	26996	tcp_send_active_reset	STT_FUNC	STB_GLOBAL	STV_DEFAULT	.kernel	0xffffffc010661600	0x0	0	1
research/stock/elf/stock-kernel.vmlinux.elf	a51e6d0a6deee620a5f715c9469f193906cdf3fcea28b97ce01cf88383aa704e	.symtab	27069	tcp_fastopen_reset_cipher	STT_FUNC	STB_GLOBAL	STV_DEFAULT	.kernel	0xffffffc01066bdf4	0x0	0	1
research/stock/elf/stock-kernel.vmlinux.elf	a51e6d0a6deee620a5f715c9469f193906cdf3fcea28b97ce01cf88383aa704e	.symtab	27410	nf_send_reset	STT_FUNC	STB_GLOBAL	STV_DEFAULT	.kernel	0xffffffc0106a83f4	0x0	0	1
research/stock/elf/stock-kernel.vmlinux.elf	a51e6d0a6deee620a5f715c9469f193906cdf3fcea28b97ce01cf88383aa704e	.symtab	27881	nf_send_reset6	STT_FUNC	STB_GLOBAL	STV_DEFAULT	.kernel	0xffffffc01071e164	0x0	0	1
research/stock/elf/stock-kernel.vmlinux.elf	a51e6d0a6deee620a5f715c9469f193906cdf3fcea28b97ce01cf88383aa704e	.symtab	28152	atm_reset_addr	STT_FUNC	STB_GLOBAL	STV_DEFAULT	.kernel	0xffffffc010754850	0x0	0	1
research/stock/elf/stock-kernel.vmlinux.elf	a51e6d0a6deee620a5f715c9469f193906cdf3fcea28b97ce01cf88383aa704e	.symtab	28713	__hyp_reset_vectors	STT_FUNC	STB_GLOBAL	STV_DEFAULT	.kernel	0xffffffc01078c874	0x0	0	1
research/stock/elf/stock-kernel.vmlinux.elf	a51e6d0a6deee620a5f715c9469f193906cdf3fcea28b97ce01cf88383aa704e	.symtab	28898	reset_all_zones_managed_pages	STT_FUNC	STB_GLOBAL	STV_DEFAULT	.kernel	0xffffffc010a107a4	0x0	0	1
research/stock/elf/stock-kernel.vmlinux.elf	a51e6d0a6deee620a5f715c9469f193906cdf3fcea28b97ce01cf88383aa704e	.symtab	28904	early_ioremap_reset	STT_FUNC	STB_GLOBAL	STV_DEFAULT	.kernel	0xffffffc010a11500	0x0	0	1
research/stock/elf/stock-kernel.vmlinux.elf	a51e6d0a6deee620a5f715c9469f193906cdf3fcea28b97ce01cf88383aa704e	.symtab	28994	reset_cpu_topology	STT_FUNC	STB_GLOBAL	STV_DEFAULT	.kernel	0xffffffc010a1b744	0x0	0	1
