file	sha256	relocation_section	relocation_index	target_section	offset	elf_address	file_offset	type	symbol	symbol_index	symbol_undefined	symbol_type	symbol_section	symbol_value	addend	resolved_target_functions	resolved_target_address	owners	owner_start	owner_offset	owner_extent	owner_end	owner_fde	evidence	instruction_word
.local/legacy-firmware/work/extract/stock-rootfs/lib/modules/5.4.55/ae_wan.ko	71bae5819554ff845ce26fc5b80f7e99528cc54103bb742940361e0920181c81	.rela.text.unlikely	58	.text.unlikely	0x6c8	0x6c8	0x3cf8	R_AARCH64_CALL26	xsi_mac_itf_reset	47	0	STT_FUNC	.text	0x1500	0x0	xsi_mac_itf_reset	0x1500	ae_wan_mac_init	0x650	0x78	symbol_size	0x8a0		direct_call_BL	0x94000000
.local/legacy-firmware/work/extract/stock-rootfs/lib/modules/5.4.55/ae_wan.ko	71bae5819554ff845ce26fc5b80f7e99528cc54103bb742940361e0920181c81	.rela.text.unlikely	64	.text.unlikely	0x798	0x798	0x3dc8	R_AARCH64_CALL26	xsi_mac_api_reset	90	0	STT_FUNC	.text	0x1fa0	0x0	xsi_mac_api_reset	0x1fa0	ae_wan_mac_init	0x650	0x148	symbol_size	0x8a0		direct_call_BL	0x94000000
.local/legacy-firmware/work/extract/stock-rootfs/lib/modules/5.4.55/ae_wan.ko	71bae5819554ff845ce26fc5b80f7e99528cc54103bb742940361e0920181c81	.rela.eh_frame	54	.eh_frame	0x850	0x850	0x62b8	R_AARCH64_PREL32		1	0	STT_SECTION	.text	0x0	0x1500	xsi_mac_itf_reset	0x1500							data_reference	
.local/legacy-firmware/work/extract/stock-rootfs/lib/modules/5.4.55/ae_wan.ko	71bae5819554ff845ce26fc5b80f7e99528cc54103bb742940361e0920181c81	.rela.eh_frame	73	.eh_frame	0xb44	0xb44	0x65ac	R_AARCH64_PREL32		1	0	STT_SECTION	.text	0x0	0x1fa0	xsi_mac_api_reset	0x1fa0							data_reference	
.local/legacy-firmware/work/extract/stock-rootfs/lib/modules/5.4.55/connac_if.ko	52f5c19cacf0febddc73a72247250a7c067039c80b8bbd744f5283a5492e0d28	.rela.text	44	.text	0xef8	0xef8	0xf58	R_AARCH64_CALL26	mtk_rx_ser_event	36	1	STT_NOTYPE	SHN_UNDEF	0x0	0x0			unnamed@.text+0xef0	0xef0	0x8	eh_frame_FDE	0xf04	0x5d4	direct_call_BL	0x94000000
.local/legacy-firmware/work/extract/stock-rootfs/lib/modules/5.4.55/eth.ko	6dc3281e9cf784c38f8ea83b272ddc65ef4fdfe2bf3acf99391d5def1635451d	.rela.text	329	.text	0x27fc	0x27fc	0x285c	R_AARCH64_ADR_PREL_PG_HI21	ra_sw_nat_restore_npu_pingpong_info	733	1	STT_NOTYPE	SHN_UNDEF	0x0	0x0			eth_rx	0x2400	0x3fc	symbol_size	0x2a70		executable_reference	0x90000000
.local/legacy-firmware/work/extract/stock-rootfs/lib/modules/5.4.55/eth.ko	6dc3281e9cf784c38f8ea83b272ddc65ef4fdfe2bf3acf99391d5def1635451d	.rela.text	330	.text	0x2800	0x2800	0x2860	R_AARCH64_LDST64_ABS_LO12_NC	ra_sw_nat_restore_npu_pingpong_info	733	1	STT_NOTYPE	SHN_UNDEF	0x0	0x0			eth_rx	0x2400	0x400	symbol_size	0x2a70		executable_reference	0xf9400002
.local/legacy-firmware/work/extract/stock-rootfs/lib/modules/5.4.55/eth.ko	6dc3281e9cf784c38f8ea83b272ddc65ef4fdfe2bf3acf99391d5def1635451d	.rela.text	401	.text	0x2dec	0x2dec	0x2e4c	R_AARCH64_CALL26	macReset	513	0	STT_FUNC	.text	0x2bd0	0x0	macReset	0x2bd0	unnamed@.text+0x2dc0	0x2dc0	0x2c	eh_frame_FDE	0x2e6c	0xa7c	direct_call_BL	0x94000000
.local/legacy-firmware/work/extract/stock-rootfs/lib/modules/5.4.55/eth.ko	6dc3281e9cf784c38f8ea83b272ddc65ef4fdfe2bf3acf99391d5def1635451d	.rela.text	786	.text	0x56b4	0x56b4	0x5714	R_AARCH64_ADR_PREL_PG_HI21	dsoffload_presetting	650	0	STT_OBJECT	.bss	0x744	0x0		0x744	unnamed@.text+0x5640	0x5640	0x74	eh_frame_FDE	0x5744	0x13e4	executable_reference	0x90000000
.local/legacy-firmware/work/extract/stock-rootfs/lib/modules/5.4.55/eth.ko	6dc3281e9cf784c38f8ea83b272ddc65ef4fdfe2bf3acf99391d5def1635451d	.rela.text	787	.text	0x56b8	0x56b8	0x5718	R_AARCH64_LDST32_ABS_LO12_NC	dsoffload_presetting	650	0	STT_OBJECT	.bss	0x744	0x0		0x744	unnamed@.text+0x5640	0x5640	0x78	eh_frame_FDE	0x5744	0x13e4	executable_reference	0xb9400002
.local/legacy-firmware/work/extract/stock-rootfs/lib/modules/5.4.55/eth.ko	6dc3281e9cf784c38f8ea83b272ddc65ef4fdfe2bf3acf99391d5def1635451d	.rela.text	789	.text	0x56c8	0x56c8	0x5728	R_AARCH64_LDST32_ABS_LO12_NC	dsoffload_presetting	650	0	STT_OBJECT	.bss	0x744	0x0		0x744	unnamed@.text+0x5640	0x5640	0x88	eh_frame_FDE	0x5744	0x13e4	executable_reference	0xb9000001
.local/legacy-firmware/work/extract/stock-rootfs/lib/modules/5.4.55/eth.ko	6dc3281e9cf784c38f8ea83b272ddc65ef4fdfe2bf3acf99391d5def1635451d	.rela.text	979	.text	0x6268	0x6268	0x62c8	R_AARCH64_ADR_PREL_PG_HI21	dsoffload_presetting	650	0	STT_OBJECT	.bss	0x744	0x0		0x744	unnamed@.text+0x6140	0x6140	0x128	eh_frame_FDE	0x66c4	0x15d0	executable_reference	0x90000002
.local/legacy-firmware/work/extract/stock-rootfs/lib/modules/5.4.55/eth.ko	6dc3281e9cf784c38f8ea83b272ddc65ef4fdfe2bf3acf99391d5def1635451d	.rela.text	982	.text	0x6278	0x6278	0x62d8	R_AARCH64_LDST32_ABS_LO12_NC	dsoffload_presetting	650	0	STT_OBJECT	.bss	0x744	0x0		0x744	unnamed@.text+0x6140	0x6140	0x138	eh_frame_FDE	0x66c4	0x15d0	executable_reference	0xb9400041
.local/legacy-firmware/work/extract/stock-rootfs/lib/modules/5.4.55/eth.ko	6dc3281e9cf784c38f8ea83b272ddc65ef4fdfe2bf3acf99391d5def1635451d	.rela.text	983	.text	0x6294	0x6294	0x62f4	R_AARCH64_LDST32_ABS_LO12_NC	dsoffload_presetting	650	0	STT_OBJECT	.bss	0x744	0x0		0x744	unnamed@.text+0x6140	0x6140	0x154	eh_frame_FDE	0x66c4	0x15d0	executable_reference	0xb9000041
.local/legacy-firmware/work/extract/stock-rootfs/lib/modules/5.4.55/eth.ko	6dc3281e9cf784c38f8ea83b272ddc65ef4fdfe2bf3acf99391d5def1635451d	.rela.text	4284	.text	0x18a10	0x18a10	0x18a70	R_AARCH64_CALL26	macMT7530PortReset	500	0	STT_FUNC	.text	0x18610	0x0	macMT7530PortReset	0x18610	macMT7530SetPortDuplexMode	0x18940	0xd0	symbol_size	0x18a78		direct_call_BL	0x94000000
.local/legacy-firmware/work/extract/stock-rootfs/lib/modules/5.4.55/eth.ko	6dc3281e9cf784c38f8ea83b272ddc65ef4fdfe2bf3acf99391d5def1635451d	.rela.text	4515	.text	0x19dbc	0x19dbc	0x19e1c	R_AARCH64_CALL26	macMT7530PortReset	500	0	STT_FUNC	.text	0x18610	0x0	macMT7530PortReset	0x18610	macMT7530SetPortMode	0x19d20	0x9c	symbol_size	0x19ed8		direct_call_BL	0x94000000
.local/legacy-firmware/work/extract/stock-rootfs/lib/modules/5.4.55/eth.ko	6dc3281e9cf784c38f8ea83b272ddc65ef4fdfe2bf3acf99391d5def1635451d	.rela.text	5836	.text	0x218ec	0x218ec	0x2194c	R_AARCH64_CALL26	macMT7530PortReset	500	0	STT_FUNC	.text	0x18610	0x0	macMT7530PortReset	0x18610	macMT7530gswAPIDispatch	0x208b0	0x103c	symbol_size	0x22fe4		direct_call_BL	0x94000000
.local/legacy-firmware/work/extract/stock-rootfs/lib/modules/5.4.55/eth.ko	6dc3281e9cf784c38f8ea83b272ddc65ef4fdfe2bf3acf99391d5def1635451d	.rela.text.unlikely	96	.text.unlikely	0x540	0x540	0x25770	R_AARCH64_ADR_PREL_PG_HI21	dsoffload_presetting	650	0	STT_OBJECT	.bss	0x744	0x0		0x744	unnamed@.text.unlikely+0x538	0x538	0x8	eh_frame_FDE	0x5d4	0xf30	executable_reference	0x90000001
.local/legacy-firmware/work/extract/stock-rootfs/lib/modules/5.4.55/eth.ko	6dc3281e9cf784c38f8ea83b272ddc65ef4fdfe2bf3acf99391d5def1635451d	.rela.text.unlikely	99	.text.unlikely	0x550	0x550	0x25780	R_AARCH64_LDST32_ABS_LO12_NC	dsoffload_presetting	650	0	STT_OBJECT	.bss	0x744	0x0		0x744	unnamed@.text.unlikely+0x538	0x538	0x18	eh_frame_FDE	0x5d4	0xf30	executable_reference	0xb9400021
.local/legacy-firmware/work/extract/stock-rootfs/lib/modules/5.4.55/eth.ko	6dc3281e9cf784c38f8ea83b272ddc65ef4fdfe2bf3acf99391d5def1635451d	.rela.exit.text	6	.exit.text	0x4c	0x4c	0x26198	R_AARCH64_CALL26	macReset	513	0	STT_FUNC	.text	0x2bd0	0x0	macReset	0x2bd0	cleanup_module	0x0	0x4c	symbol_size	0xa8		direct_call_BL	0x94000000
.local/legacy-firmware/work/extract/stock-rootfs/lib/modules/5.4.55/eth.ko	6dc3281e9cf784c38f8ea83b272ddc65ef4fdfe2bf3acf99391d5def1635451d	.rela__ksymtab	3	__ksymtab	0x18	0x18	0x2620c	R_AARCH64_PREL32	dsoffload_presetting	650	0	STT_OBJECT	.bss	0x744	0x0		0x744							data_reference	
.local/legacy-firmware/work/extract/stock-rootfs/lib/modules/5.4.55/eth.ko	6dc3281e9cf784c38f8ea83b272ddc65ef4fdfe2bf3acf99391d5def1635451d	.rela.eh_frame	48	.eh_frame	0x744	0x744	0x2c6d4	R_AARCH64_PREL32		1	0	STT_SECTION	.text	0x0	0x14f0	XSI_MAC_LOGIC_RESET	0x14f0							data_reference	
.local/legacy-firmware/work/extract/stock-rootfs/lib/modules/5.4.55/eth.ko	6dc3281e9cf784c38f8ea83b272ddc65ef4fdfe2bf3acf99391d5def1635451d	.rela.eh_frame	67	.eh_frame	0x9d4	0x9d4	0x2c964	R_AARCH64_PREL32		1	0	STT_SECTION	.text	0x0	0x2bd0	macReset	0x2bd0							data_reference	
.local/legacy-firmware/work/extract/stock-rootfs/lib/modules/5.4.55/eth.ko	6dc3281e9cf784c38f8ea83b272ddc65ef4fdfe2bf3acf99391d5def1635451d	.rela.eh_frame	226	.eh_frame	0x22c4	0x22c4	0x2e254	R_AARCH64_PREL32		1	0	STT_SECTION	.text	0x0	0x9a00	phy_reset_esd	0x9a00							data_reference	
.local/legacy-firmware/work/extract/stock-rootfs/lib/modules/5.4.55/eth.ko	6dc3281e9cf784c38f8ea83b272ddc65ef4fdfe2bf3acf99391d5def1635451d	.rela.eh_frame	451	.eh_frame	0x4cac	0x4cac	0x30c3c	R_AARCH64_PREL32		1	0	STT_SECTION	.text	0x0	0x18610	macMT7530PortReset	0x18610							data_reference	
.local/legacy-firmware/work/extract/stock-rootfs/lib/modules/5.4.55/eth.ko	6dc3281e9cf784c38f8ea83b272ddc65ef4fdfe2bf3acf99391d5def1635451d	.rela.eh_frame	509	.eh_frame	0x5878	0x5878	0x31808	R_AARCH64_PREL32		1	0	STT_SECTION	.text	0x0	0x1cad4	port_all_reset_by_index	0x1cad4							data_reference	
.local/legacy-firmware/work/extract/stock-rootfs/lib/modules/5.4.55/eth_ephy.ko	b10143d9f578a701e82e2bff954199db9ef0810d3e59d66f81b8de4dbd6fe500	.rela.eh_frame	109	.eh_frame	0x1b84	0x1b84	0x1b224	R_AARCH64_PREL32		2	0	STT_SECTION	.text.unlikely	0x0	0x28c	phyForceEEEAllOnOffRecover	0x28c							data_reference	
.local/legacy-firmware/work/extract/stock-rootfs/lib/modules/5.4.55/fe_core.ko	8571f3969246a8524edc66924600e82cb80f0cde365e80de2bd73d91b5ea60e7	.rela.text	2388	.text	0xc32c	0xc32c	0xc38c	R_AARCH64_CALL26	fe_do_core_reset_without_qdma	309	0	STT_FUNC	.text	0x14f10	0x0	fe_do_core_reset_without_qdma	0x14f10	fe_use_gdmp_sram	0xc2f0	0x3c	symbol_size	0xc34c		direct_call_BL	0x94000000
.local/legacy-firmware/work/extract/stock-rootfs/lib/modules/5.4.55/fe_core.ko	8571f3969246a8524edc66924600e82cb80f0cde365e80de2bd73d91b5ea60e7	.rela.text	3042	.text	0x11ac4	0x11ac4	0x11b24	R_AARCH64_CALL26	fe_set_gdm2_sptag_for_loopback_recover	164	0	STT_FUNC	.text.unlikely	0x920	0x0	fe_set_gdm2_sptag_for_loopback_recover	0x920	fe_api_set_gdm2_sptag_for_loopback	0x11ab0	0x14	symbol_size	0x11ae4		direct_call_BL	0x94000000
.local/legacy-firmware/work/extract/stock-rootfs/lib/modules/5.4.55/fe_core.ko	8571f3969246a8524edc66924600e82cb80f0cde365e80de2bd73d91b5ea60e7	.rela.text	3045	.text	0x11b44	0x11b44	0x11ba4	R_AARCH64_CALL26	fe_set_gdm_sptag_for_extswitch_recover	107	0	STT_FUNC	.text.unlikely	0x9dc	0x0	fe_set_gdm_sptag_for_extswitch_recover	0x9dc	fe_api_set_gdm_sptag_for_extswitch	0x11b10	0x34	symbol_size	0x11b64		direct_call_BL	0x94000000
.local/legacy-firmware/work/extract/stock-rootfs/lib/modules/5.4.55/fe_core.ko	8571f3969246a8524edc66924600e82cb80f0cde365e80de2bd73d91b5ea60e7	.rela.text	3496	.text	0x14c40	0x14c40	0x14ca0	R_AARCH64_ADR_PREL_PG_HI21	g_fe_iq_reset_cnt	379	0	STT_OBJECT	.bss	0x570	0x0		0x570	fe_do_core_reset	0x14a40	0x200	symbol_size	0x14ef4		executable_reference	0x90000002
.local/legacy-firmware/work/extract/stock-rootfs/lib/modules/5.4.55/fe_core.ko	8571f3969246a8524edc66924600e82cb80f0cde365e80de2bd73d91b5ea60e7	.rela.text	3497	.text	0x14c4c	0x14c4c	0x14cac	R_AARCH64_LDST32_ABS_LO12_NC	g_fe_iq_reset_cnt	379	0	STT_OBJECT	.bss	0x570	0x0		0x570	fe_do_core_reset	0x14a40	0x20c	symbol_size	0x14ef4		executable_reference	0xb9400041
.local/legacy-firmware/work/extract/stock-rootfs/lib/modules/5.4.55/fe_core.ko	8571f3969246a8524edc66924600e82cb80f0cde365e80de2bd73d91b5ea60e7	.rela.text	3498	.text	0x14c54	0x14c54	0x14cb4	R_AARCH64_LDST32_ABS_LO12_NC	g_fe_iq_reset_cnt	379	0	STT_OBJECT	.bss	0x570	0x0		0x570	fe_do_core_reset	0x14a40	0x214	symbol_size	0x14ef4		executable_reference	0xb9000041
.local/legacy-firmware/work/extract/stock-rootfs/lib/modules/5.4.55/fe_core.ko	8571f3969246a8524edc66924600e82cb80f0cde365e80de2bd73d91b5ea60e7	.rela.text	3501	.text	0x14c70	0x14c70	0x14cd0	R_AARCH64_ADR_PREL_PG_HI21	g_fe_all_reset_cnt	321	0	STT_OBJECT	.bss	0x584	0x0		0x584	fe_do_core_reset	0x14a40	0x230	symbol_size	0x14ef4		executable_reference	0x90000002
.local/legacy-firmware/work/extract/stock-rootfs/lib/modules/5.4.55/fe_core.ko	8571f3969246a8524edc66924600e82cb80f0cde365e80de2bd73d91b5ea60e7	.rela.text	3502	.text	0x14c7c	0x14c7c	0x14cdc	R_AARCH64_LDST32_ABS_LO12_NC	g_fe_all_reset_cnt	321	0	STT_OBJECT	.bss	0x584	0x0		0x584	fe_do_core_reset	0x14a40	0x23c	symbol_size	0x14ef4		executable_reference	0xb9400041
.local/legacy-firmware/work/extract/stock-rootfs/lib/modules/5.4.55/fe_core.ko	8571f3969246a8524edc66924600e82cb80f0cde365e80de2bd73d91b5ea60e7	.rela.text	3503	.text	0x14c84	0x14c84	0x14ce4	R_AARCH64_LDST32_ABS_LO12_NC	g_fe_all_reset_cnt	321	0	STT_OBJECT	.bss	0x584	0x0		0x584	fe_do_core_reset	0x14a40	0x244	symbol_size	0x14ef4		executable_reference	0xb9000041
.local/legacy-firmware/work/extract/stock-rootfs/lib/modules/5.4.55/fe_core.ko	8571f3969246a8524edc66924600e82cb80f0cde365e80de2bd73d91b5ea60e7	.rela.text	3526	.text	0x14e64	0x14e64	0x14ec4	R_AARCH64_ADR_PREL_PG_HI21	g_fe_qdma_reset_cnt	411	0	STT_OBJECT	.bss	0x57c	0x0		0x57c	fe_do_core_reset	0x14a40	0x424	symbol_size	0x14ef4		executable_reference	0x90000002
.local/legacy-firmware/work/extract/stock-rootfs/lib/modules/5.4.55/fe_core.ko	8571f3969246a8524edc66924600e82cb80f0cde365e80de2bd73d91b5ea60e7	.rela.text	3528	.text	0x14e74	0x14e74	0x14ed4	R_AARCH64_LDST32_ABS_LO12_NC	g_fe_qdma_reset_cnt	411	0	STT_OBJECT	.bss	0x57c	0x0		0x57c	fe_do_core_reset	0x14a40	0x434	symbol_size	0x14ef4		executable_reference	0xb9400041
.local/legacy-firmware/work/extract/stock-rootfs/lib/modules/5.4.55/fe_core.ko	8571f3969246a8524edc66924600e82cb80f0cde365e80de2bd73d91b5ea60e7	.rela.text	3530	.text	0x14e84	0x14e84	0x14ee4	R_AARCH64_LDST32_ABS_LO12_NC	g_fe_qdma_reset_cnt	411	0	STT_OBJECT	.bss	0x57c	0x0		0x57c	fe_do_core_reset	0x14a40	0x444	symbol_size	0x14ef4		executable_reference	0xb9000041
.local/legacy-firmware/work/extract/stock-rootfs/lib/modules/5.4.55/fe_core.ko	8571f3969246a8524edc66924600e82cb80f0cde365e80de2bd73d91b5ea60e7	.rela.text	3533	.text	0x14ea8	0x14ea8	0x14f08	R_AARCH64_ADR_PREL_PG_HI21	g_fe_qdma_lan_reset_cnt	414	0	STT_OBJECT	.bss	0x58c	0x0		0x58c	fe_do_core_reset	0x14a40	0x468	symbol_size	0x14ef4		executable_reference	0x90000002
.local/legacy-firmware/work/extract/stock-rootfs/lib/modules/5.4.55/fe_core.ko	8571f3969246a8524edc66924600e82cb80f0cde365e80de2bd73d91b5ea60e7	.rela.text	3535	.text	0x14eb4	0x14eb4	0x14f14	R_AARCH64_LDST32_ABS_LO12_NC	g_fe_qdma_lan_reset_cnt	414	0	STT_OBJECT	.bss	0x58c	0x0		0x58c	fe_do_core_reset	0x14a40	0x474	symbol_size	0x14ef4		executable_reference	0xb9400041
.local/legacy-firmware/work/extract/stock-rootfs/lib/modules/5.4.55/fe_core.ko	8571f3969246a8524edc66924600e82cb80f0cde365e80de2bd73d91b5ea60e7	.rela.text	3537	.text	0x14ec4	0x14ec4	0x14f24	R_AARCH64_LDST32_ABS_LO12_NC	g_fe_qdma_lan_reset_cnt	414	0	STT_OBJECT	.bss	0x58c	0x0		0x58c	fe_do_core_reset	0x14a40	0x484	symbol_size	0x14ef4		executable_reference	0xb9000041
.local/legacy-firmware/work/extract/stock-rootfs/lib/modules/5.4.55/fe_core.ko	8571f3969246a8524edc66924600e82cb80f0cde365e80de2bd73d91b5ea60e7	.rela.text	3545	.text	0x14f00	0x14f00	0x14f60	R_AARCH64_CALL26	fe_do_core_reset	290	0	STT_FUNC	.text	0x14a40	0x0	fe_do_core_reset	0x14a40	fe_do_core_reset_with_qdma	0x14ef4	0xc	symbol_size	0x14f10		direct_call_BL	0x94000000
.local/legacy-firmware/work/extract/stock-rootfs/lib/modules/5.4.55/fe_core.ko	8571f3969246a8524edc66924600e82cb80f0cde365e80de2bd73d91b5ea60e7	.rela.text	3546	.text	0x14f1c	0x14f1c	0x14f7c	R_AARCH64_CALL26	fe_do_core_reset	290	0	STT_FUNC	.text	0x14a40	0x0	fe_do_core_reset	0x14a40	fe_do_core_reset_without_qdma	0x14f10	0xc	symbol_size	0x14f2c		direct_call_BL	0x94000000
.local/legacy-firmware/work/extract/stock-rootfs/lib/modules/5.4.55/fe_core.ko	8571f3969246a8524edc66924600e82cb80f0cde365e80de2bd73d91b5ea60e7	.rela.init.text	8	.init.text	0x68	0x68	0x1f5a0	R_AARCH64_CALL26	fe_reset	110	0	STT_FUNC	.text	0xbee0	0x0	fe_reset	0xbee0	init_module	0x0	0x68	symbol_size	0xcb0		direct_call_BL	0x94000000
.local/legacy-firmware/work/extract/stock-rootfs/lib/modules/5.4.55/fe_core.ko	8571f3969246a8524edc66924600e82cb80f0cde365e80de2bd73d91b5ea60e7	.rela__ksymtab	12	__ksymtab	0x78	0x78	0x20508	R_AARCH64_PREL32	g_fe_pse_reset_test	362	0	STT_OBJECT	.bss	0x598	0x0		0x598							data_reference	
.local/legacy-firmware/work/extract/stock-rootfs/lib/modules/5.4.55/fe_core.ko	8571f3969246a8524edc66924600e82cb80f0cde365e80de2bd73d91b5ea60e7	.rela__ksymtab	14	__ksymtab	0x48	0x48	0x204d8	R_AARCH64_PREL32	fe_pse_reset_flag	189	0	STT_OBJECT	.bss	0x708	0x0		0x708							data_reference	
.local/legacy-firmware/work/extract/stock-rootfs/lib/modules/5.4.55/fe_core.ko	8571f3969246a8524edc66924600e82cb80f0cde365e80de2bd73d91b5ea60e7	.rela.eh_frame	59	.eh_frame	0xaf8	0xaf8	0x285f8	R_AARCH64_PREL32		2	0	STT_SECTION	.text.unlikely	0x0	0x920	fe_set_gdm2_sptag_for_loopback_recover	0x920							data_reference	
.local/legacy-firmware/work/extract/stock-rootfs/lib/modules/5.4.55/fe_core.ko	8571f3969246a8524edc66924600e82cb80f0cde365e80de2bd73d91b5ea60e7	.rela.eh_frame	61	.eh_frame	0xb40	0xb40	0x28640	R_AARCH64_PREL32		2	0	STT_SECTION	.text.unlikely	0x0	0x9dc	fe_set_gdm_sptag_for_extswitch_recover	0x9dc							data_reference	
.local/legacy-firmware/work/extract/stock-rootfs/lib/modules/5.4.55/fe_core.ko	8571f3969246a8524edc66924600e82cb80f0cde365e80de2bd73d91b5ea60e7	.rela.eh_frame	76	.eh_frame	0xe5c	0xe5c	0x2895c	R_AARCH64_PREL32		1	0	STT_SECTION	.text	0x0	0xbee0	fe_reset	0xbee0							data_reference	
.local/legacy-firmware/work/extract/stock-rootfs/lib/modules/5.4.55/fe_core.ko	8571f3969246a8524edc66924600e82cb80f0cde365e80de2bd73d91b5ea60e7	.rela.eh_frame	86	.eh_frame	0xff8	0xff8	0x28af8	R_AARCH64_PREL32		2	0	STT_SECTION	.text.unlikely	0x0	0xa20	fe_pse_reset_info_read	0xa20							data_reference	
.local/legacy-firmware/work/extract/stock-rootfs/lib/modules/5.4.55/fe_core.ko	8571f3969246a8524edc66924600e82cb80f0cde365e80de2bd73d91b5ea60e7	.rela.eh_frame	87	.eh_frame	0x101c	0x101c	0x28b1c	R_AARCH64_PREL32		2	0	STT_SECTION	.text.unlikely	0x0	0xad4	fe_pse_reset_threshold_read	0xad4							data_reference	
.local/legacy-firmware/work/extract/stock-rootfs/lib/modules/5.4.55/fe_core.ko	8571f3969246a8524edc66924600e82cb80f0cde365e80de2bd73d91b5ea60e7	.rela.eh_frame	88	.eh_frame	0x103c	0x103c	0x28b3c	R_AARCH64_PREL32		1	0	STT_SECTION	.text	0x0	0xc800	fe_pse_reset_threshold_write	0xc800							data_reference	
.local/legacy-firmware/work/extract/stock-rootfs/lib/modules/5.4.55/fe_core.ko	8571f3969246a8524edc66924600e82cb80f0cde365e80de2bd73d91b5ea60e7	.rela.eh_frame	89	.eh_frame	0x1064	0x1064	0x28b64	R_AARCH64_PREL32		2	0	STT_SECTION	.text.unlikely	0x0	0xafc	fe_pse_reset_action_read	0xafc							data_reference	
.local/legacy-firmware/work/extract/stock-rootfs/lib/modules/5.4.55/fe_core.ko	8571f3969246a8524edc66924600e82cb80f0cde365e80de2bd73d91b5ea60e7	.rela.eh_frame	90	.eh_frame	0x1084	0x1084	0x28b84	R_AARCH64_PREL32		1	0	STT_SECTION	.text	0x0	0xc890	fe_pse_reset_action_write	0xc890							data_reference	
.local/legacy-firmware/work/extract/stock-rootfs/lib/modules/5.4.55/fe_core.ko	8571f3969246a8524edc66924600e82cb80f0cde365e80de2bd73d91b5ea60e7	.rela.eh_frame	91	.eh_frame	0x10ac	0x10ac	0x28bac	R_AARCH64_PREL32		2	0	STT_SECTION	.text.unlikely	0x0	0xb24	fe_pse_reset_test_read	0xb24							data_reference	
.local/legacy-firmware/work/extract/stock-rootfs/lib/modules/5.4.55/fe_core.ko	8571f3969246a8524edc66924600e82cb80f0cde365e80de2bd73d91b5ea60e7	.rela.eh_frame	92	.eh_frame	0x10cc	0x10cc	0x28bcc	R_AARCH64_PREL32		1	0	STT_SECTION	.text	0x0	0xc920	fe_pse_reset_test_write	0xc920							data_reference	
.local/legacy-firmware/work/extract/stock-rootfs/lib/modules/5.4.55/fe_core.ko	8571f3969246a8524edc66924600e82cb80f0cde365e80de2bd73d91b5ea60e7	.rela.eh_frame	116	.eh_frame	0x155c	0x155c	0x2905c	R_AARCH64_PREL32		1	0	STT_SECTION	.text	0x0	0xe130	fe_api_do_fe_reset	0xe130							data_reference	
.local/legacy-firmware/work/extract/stock-rootfs/lib/modules/5.4.55/fe_core.ko	8571f3969246a8524edc66924600e82cb80f0cde365e80de2bd73d91b5ea60e7	.rela.eh_frame	237	.eh_frame	0x2848	0x2848	0x2a348	R_AARCH64_PREL32		1	0	STT_SECTION	.text	0x0	0x131b0	XSI_MAC_LOGIC_RESET	0x131b0							data_reference	
.local/legacy-firmware/work/extract/stock-rootfs/lib/modules/5.4.55/fe_core.ko	8571f3969246a8524edc66924600e82cb80f0cde365e80de2bd73d91b5ea60e7	.rela.eh_frame	265	.eh_frame	0x2d04	0x2d04	0x2a804	R_AARCH64_PREL32		1	0	STT_SECTION	.text	0x0	0x14730	fe_do_scu_reset	0x14730							data_reference	
.local/legacy-firmware/work/extract/stock-rootfs/lib/modules/5.4.55/fe_core.ko	8571f3969246a8524edc66924600e82cb80f0cde365e80de2bd73d91b5ea60e7	.rela.eh_frame	266	.eh_frame	0x2d44	0x2d44	0x2a844	R_AARCH64_PREL32		1	0	STT_SECTION	.text	0x0	0x14a40	fe_do_core_reset	0x14a40							data_reference	
.local/legacy-firmware/work/extract/stock-rootfs/lib/modules/5.4.55/fe_core.ko	8571f3969246a8524edc66924600e82cb80f0cde365e80de2bd73d91b5ea60e7	.rela.eh_frame	267	.eh_frame	0x2d88	0x2d88	0x2a888	R_AARCH64_PREL32		1	0	STT_SECTION	.text	0x0	0x14ef4	fe_do_core_reset_with_qdma	0x14ef4							data_reference	
.local/legacy-firmware/work/extract/stock-rootfs/lib/modules/5.4.55/fe_core.ko	8571f3969246a8524edc66924600e82cb80f0cde365e80de2bd73d91b5ea60e7	.rela.eh_frame	268	.eh_frame	0x2da8	0x2da8	0x2a8a8	R_AARCH64_PREL32		1	0	STT_SECTION	.text	0x0	0x14f10	fe_do_core_reset_without_qdma	0x14f10							data_reference	
.local/legacy-firmware/work/extract/stock-rootfs/lib/modules/5.4.55/fe_core.ko	8571f3969246a8524edc66924600e82cb80f0cde365e80de2bd73d91b5ea60e7	.rela.data	83	.data	0x408	0x408	0x2c1d8	R_AARCH64_ABS64	fe_api_do_fe_reset	352	0	STT_FUNC	.text	0xe130	0x0	fe_api_do_fe_reset	0xe130							data_reference	
.local/legacy-firmware/work/extract/stock-rootfs/lib/modules/5.4.55/hostadpt.ko	eef9e68ff3c7ef603ac36506dfdd0db832ad55cd3e17b709f46087ab9deba261	.rela.text	0	.text	0x30	0x30	0x90	R_AARCH64_CALL26	set_npu_hostadpt_reg	82	1	STT_NOTYPE	SHN_UNDEF	0x0	0x0			unnamed@.text+0x20	0x20	0x10	eh_frame_FDE	0x68	0x90	direct_call_BL	0x94000000
.local/legacy-firmware/work/extract/stock-rootfs/lib/modules/5.4.55/hostadpt.ko	eef9e68ff3c7ef603ac36506dfdd0db832ad55cd3e17b709f46087ab9deba261	.rela.text	3	.text	0x48	0x48	0xa8	R_AARCH64_CALL26	get_npu_hostadpt_reg	65	1	STT_NOTYPE	SHN_UNDEF	0x0	0x0			unnamed@.text+0x20	0x20	0x28	eh_frame_FDE	0x68	0x90	direct_call_BL	0x94000000
.local/legacy-firmware/work/extract/stock-rootfs/lib/modules/5.4.55/hostadpt.ko	eef9e68ff3c7ef603ac36506dfdd0db832ad55cd3e17b709f46087ab9deba261	.rela.text	4	.text	0x58	0x58	0xb8	R_AARCH64_CALL26	set_npu_hostadpt_reg	82	1	STT_NOTYPE	SHN_UNDEF	0x0	0x0			unnamed@.text+0x20	0x20	0x38	eh_frame_FDE	0x68	0x90	direct_call_BL	0x94000000
.local/legacy-firmware/work/extract/stock-rootfs/lib/modules/5.4.55/hostadpt.ko	eef9e68ff3c7ef603ac36506dfdd0db832ad55cd3e17b709f46087ab9deba261	.rela.text	5	.text	0x7c	0x7c	0xdc	R_AARCH64_CALL26	get_npu_hostadpt_reg	65	1	STT_NOTYPE	SHN_UNDEF	0x0	0x0			unnamed@.text+0x70	0x70	0xc	eh_frame_FDE	0xc0	0xb0	direct_call_BL	0x94000000
.local/legacy-firmware/work/extract/stock-rootfs/lib/modules/5.4.55/hostadpt.ko	eef9e68ff3c7ef603ac36506dfdd0db832ad55cd3e17b709f46087ab9deba261	.rela.text	6	.text	0x88	0x88	0xe8	R_AARCH64_CALL26	set_npu_hostadpt_reg	82	1	STT_NOTYPE	SHN_UNDEF	0x0	0x0			unnamed@.text+0x70	0x70	0x18	eh_frame_FDE	0xc0	0xb0	direct_call_BL	0x94000000
.local/legacy-firmware/work/extract/stock-rootfs/lib/modules/5.4.55/hostadpt.ko	eef9e68ff3c7ef603ac36506dfdd0db832ad55cd3e17b709f46087ab9deba261	.rela.text	9	.text	0xa0	0xa0	0x100	R_AARCH64_CALL26	get_npu_hostadpt_reg	65	1	STT_NOTYPE	SHN_UNDEF	0x0	0x0			unnamed@.text+0x70	0x70	0x30	eh_frame_FDE	0xc0	0xb0	direct_call_BL	0x94000000
.local/legacy-firmware/work/extract/stock-rootfs/lib/modules/5.4.55/hostadpt.ko	eef9e68ff3c7ef603ac36506dfdd0db832ad55cd3e17b709f46087ab9deba261	.rela.text	10	.text	0xb0	0xb0	0x110	R_AARCH64_CALL26	set_npu_hostadpt_reg	82	1	STT_NOTYPE	SHN_UNDEF	0x0	0x0			unnamed@.text+0x70	0x70	0x40	eh_frame_FDE	0xc0	0xb0	direct_call_BL	0x94000000
.local/legacy-firmware/work/extract/stock-rootfs/lib/modules/5.4.55/hostadpt.ko	eef9e68ff3c7ef603ac36506dfdd0db832ad55cd3e17b709f46087ab9deba261	.rela.text	29	.text	0x170	0x170	0x1d0	R_AARCH64_CALL26	get_npu_hostadpt_reg	65	1	STT_NOTYPE	SHN_UNDEF	0x0	0x0			unnamed@.text+0x110	0x110	0x60	eh_frame_FDE	0x240	0x110	direct_call_BL	0x94000000
.local/legacy-firmware/work/extract/stock-rootfs/lib/modules/5.4.55/hostadpt.ko	eef9e68ff3c7ef603ac36506dfdd0db832ad55cd3e17b709f46087ab9deba261	.rela.text	33	.text	0x1a4	0x1a4	0x204	R_AARCH64_CALL26	get_npu_hostadpt_reg	65	1	STT_NOTYPE	SHN_UNDEF	0x0	0x0			unnamed@.text+0x110	0x110	0x94	eh_frame_FDE	0x240	0x110	direct_call_BL	0x94000000
.local/legacy-firmware/work/extract/stock-rootfs/lib/modules/5.4.55/hostadpt.ko	eef9e68ff3c7ef603ac36506dfdd0db832ad55cd3e17b709f46087ab9deba261	.rela.text	37	.text	0x1d4	0x1d4	0x234	R_AARCH64_CALL26	get_npu_hostadpt_reg	65	1	STT_NOTYPE	SHN_UNDEF	0x0	0x0			unnamed@.text+0x110	0x110	0xc4	eh_frame_FDE	0x240	0x110	direct_call_BL	0x94000000
.local/legacy-firmware/work/extract/stock-rootfs/lib/modules/5.4.55/hostadpt.ko	eef9e68ff3c7ef603ac36506dfdd0db832ad55cd3e17b709f46087ab9deba261	.rela.text	41	.text	0x208	0x208	0x268	R_AARCH64_CALL26	get_npu_hostadpt_reg	65	1	STT_NOTYPE	SHN_UNDEF	0x0	0x0			unnamed@.text+0x110	0x110	0xf8	eh_frame_FDE	0x240	0x110	direct_call_BL	0x94000000
.local/legacy-firmware/work/extract/stock-rootfs/lib/modules/5.4.55/hostadpt.ko	eef9e68ff3c7ef603ac36506dfdd0db832ad55cd3e17b709f46087ab9deba261	.rela.text	45	.text	0x250	0x250	0x2b0	R_AARCH64_CALL26	get_npu_hostadpt_reg	65	1	STT_NOTYPE	SHN_UNDEF	0x0	0x0			hostdapt_enable_interrupt	0x240	0x10	symbol_size	0x294		direct_call_BL	0x94000000
.local/legacy-firmware/work/extract/stock-rootfs/lib/modules/5.4.55/hostadpt.ko	eef9e68ff3c7ef603ac36506dfdd0db832ad55cd3e17b709f46087ab9deba261	.rela.text	46	.text	0x264	0x264	0x2c4	R_AARCH64_CALL26	set_npu_hostadpt_reg	82	1	STT_NOTYPE	SHN_UNDEF	0x0	0x0			hostdapt_enable_interrupt	0x240	0x24	symbol_size	0x294		direct_call_BL	0x94000000
.local/legacy-firmware/work/extract/stock-rootfs/lib/modules/5.4.55/hostadpt.ko	eef9e68ff3c7ef603ac36506dfdd0db832ad55cd3e17b709f46087ab9deba261	.rela.text	47	.text	0x274	0x274	0x2d4	R_AARCH64_CALL26	get_npu_hostadpt_reg	65	1	STT_NOTYPE	SHN_UNDEF	0x0	0x0			hostdapt_enable_interrupt	0x240	0x34	symbol_size	0x294		direct_call_BL	0x94000000
.local/legacy-firmware/work/extract/stock-rootfs/lib/modules/5.4.55/hostadpt.ko	eef9e68ff3c7ef603ac36506dfdd0db832ad55cd3e17b709f46087ab9deba261	.rela.text	48	.text	0x288	0x288	0x2e8	R_AARCH64_CALL26	set_npu_hostadpt_reg	82	1	STT_NOTYPE	SHN_UNDEF	0x0	0x0			hostdapt_enable_interrupt	0x240	0x48	symbol_size	0x294		direct_call_BL	0x94000000
.local/legacy-firmware/work/extract/stock-rootfs/lib/modules/5.4.55/hostadpt.ko	eef9e68ff3c7ef603ac36506dfdd0db832ad55cd3e17b709f46087ab9deba261	.rela.text	49	.text	0x2a4	0x2a4	0x304	R_AARCH64_CALL26	get_npu_hostadpt_reg	65	1	STT_NOTYPE	SHN_UNDEF	0x0	0x0			hostdapt_disable_interrupt	0x294	0x10	symbol_size	0x2e0		direct_call_BL	0x94000000
.local/legacy-firmware/work/extract/stock-rootfs/lib/modules/5.4.55/hostadpt.ko	eef9e68ff3c7ef603ac36506dfdd0db832ad55cd3e17b709f46087ab9deba261	.rela.text	50	.text	0x2b4	0x2b4	0x314	R_AARCH64_CALL26	set_npu_hostadpt_reg	82	1	STT_NOTYPE	SHN_UNDEF	0x0	0x0			hostdapt_disable_interrupt	0x294	0x20	symbol_size	0x2e0		direct_call_BL	0x94000000
.local/legacy-firmware/work/extract/stock-rootfs/lib/modules/5.4.55/hostadpt.ko	eef9e68ff3c7ef603ac36506dfdd0db832ad55cd3e17b709f46087ab9deba261	.rela.text	51	.text	0x2c4	0x2c4	0x324	R_AARCH64_CALL26	get_npu_hostadpt_reg	65	1	STT_NOTYPE	SHN_UNDEF	0x0	0x0			hostdapt_disable_interrupt	0x294	0x30	symbol_size	0x2e0		direct_call_BL	0x94000000
.local/legacy-firmware/work/extract/stock-rootfs/lib/modules/5.4.55/hostadpt.ko	eef9e68ff3c7ef603ac36506dfdd0db832ad55cd3e17b709f46087ab9deba261	.rela.text	52	.text	0x2d4	0x2d4	0x334	R_AARCH64_CALL26	set_npu_hostadpt_reg	82	1	STT_NOTYPE	SHN_UNDEF	0x0	0x0			hostdapt_disable_interrupt	0x294	0x40	symbol_size	0x2e0		direct_call_BL	0x94000000
.local/legacy-firmware/work/extract/stock-rootfs/lib/modules/5.4.55/hostadpt.ko	eef9e68ff3c7ef603ac36506dfdd0db832ad55cd3e17b709f46087ab9deba261	.rela.text	53	.text	0x2f4	0x2f4	0x354	R_AARCH64_CALL26	get_npu_irq	75	1	STT_NOTYPE	SHN_UNDEF	0x0	0x0			unnamed@.text+0x2e0	0x2e0	0x14	eh_frame_FDE	0x364	0x194	direct_call_BL	0x94000000
.local/legacy-firmware/work/extract/stock-rootfs/lib/modules/5.4.55/hostadpt.ko	eef9e68ff3c7ef603ac36506dfdd0db832ad55cd3e17b709f46087ab9deba261	.rela.text	154	.text	0xb88	0xb88	0xbe8	R_AARCH64_CALL26	get_ecnt_npu_dev	89	1	STT_NOTYPE	SHN_UNDEF	0x0	0x0			hostadpt_rx_handler	0x980	0x208	symbol_size	0x1760		direct_call_BL	0x94000000
.local/legacy-firmware/work/extract/stock-rootfs/lib/modules/5.4.55/hostadpt.ko	eef9e68ff3c7ef603ac36506dfdd0db832ad55cd3e17b709f46087ab9deba261	.rela.text	157	.text	0xc28	0xc28	0xc88	R_AARCH64_CALL26	set_npu_hostadpt_reg	82	1	STT_NOTYPE	SHN_UNDEF	0x0	0x0			hostadpt_rx_handler	0x980	0x2a8	symbol_size	0x1760		direct_call_BL	0x94000000
.local/legacy-firmware/work/extract/stock-rootfs/lib/modules/5.4.55/hostadpt.ko	eef9e68ff3c7ef603ac36506dfdd0db832ad55cd3e17b709f46087ab9deba261	.rela.text	164	.text	0xe44	0xe44	0xea4	R_AARCH64_CALL26	set_npu_hostadpt_reg	82	1	STT_NOTYPE	SHN_UNDEF	0x0	0x0			hostadpt_rx_handler	0x980	0x4c4	symbol_size	0x1760		direct_call_BL	0x94000000
.local/legacy-firmware/work/extract/stock-rootfs/lib/modules/5.4.55/hostadpt.ko	eef9e68ff3c7ef603ac36506dfdd0db832ad55cd3e17b709f46087ab9deba261	.rela.text	352	.text	0x1818	0x1818	0x1878	R_AARCH64_CALL26	get_npu_irq	75	1	STT_NOTYPE	SHN_UNDEF	0x0	0x0			hostadpt_free_interrupt	0x17f4	0x24	symbol_size	0x1850		direct_call_BL	0x94000000
.local/legacy-firmware/work/extract/stock-rootfs/lib/modules/5.4.55/hostadpt.ko	eef9e68ff3c7ef603ac36506dfdd0db832ad55cd3e17b709f46087ab9deba261	.rela.text	372	.text	0x196c	0x196c	0x19cc	R_AARCH64_CALL26	get_ecnt_npu_dev	89	1	STT_NOTYPE	SHN_UNDEF	0x0	0x0			hostadpt_tx_handler	0x1924	0x48	symbol_size	0x1f1c		direct_call_BL	0x94000000
.local/legacy-firmware/work/extract/stock-rootfs/lib/modules/5.4.55/hostadpt.ko	eef9e68ff3c7ef603ac36506dfdd0db832ad55cd3e17b709f46087ab9deba261	.rela.text	373	.text	0x19c0	0x19c0	0x1a20	R_AARCH64_CALL26	get_npu_hostadpt_reg	65	1	STT_NOTYPE	SHN_UNDEF	0x0	0x0			hostadpt_tx_handler	0x1924	0x9c	symbol_size	0x1f1c		direct_call_BL	0x94000000
.local/legacy-firmware/work/extract/stock-rootfs/lib/modules/5.4.55/hostadpt.ko	eef9e68ff3c7ef603ac36506dfdd0db832ad55cd3e17b709f46087ab9deba261	.rela.text	375	.text	0x1a70	0x1a70	0x1ad0	R_AARCH64_CALL26	set_npu_hostadpt_reg	82	1	STT_NOTYPE	SHN_UNDEF	0x0	0x0			hostadpt_tx_handler	0x1924	0x14c	symbol_size	0x1f1c		direct_call_BL	0x94000000
.local/legacy-firmware/work/extract/stock-rootfs/lib/modules/5.4.55/hostadpt.ko	eef9e68ff3c7ef603ac36506dfdd0db832ad55cd3e17b709f46087ab9deba261	.rela.text	379	.text	0x1bec	0x1bec	0x1c4c	R_AARCH64_CALL26	get_npu_hostadpt_reg	65	1	STT_NOTYPE	SHN_UNDEF	0x0	0x0			hostadpt_tx_handler	0x1924	0x2c8	symbol_size	0x1f1c		direct_call_BL	0x94000000
.local/legacy-firmware/work/extract/stock-rootfs/lib/modules/5.4.55/hostadpt.ko	eef9e68ff3c7ef603ac36506dfdd0db832ad55cd3e17b709f46087ab9deba261	.rela.text	384	.text	0x1dc0	0x1dc0	0x1e20	R_AARCH64_CALL26	set_npu_hostadpt_reg	82	1	STT_NOTYPE	SHN_UNDEF	0x0	0x0			hostadpt_tx_handler	0x1924	0x49c	symbol_size	0x1f1c		direct_call_BL	0x94000000
.local/legacy-firmware/work/extract/stock-rootfs/lib/modules/5.4.55/hostadpt.ko	eef9e68ff3c7ef603ac36506dfdd0db832ad55cd3e17b709f46087ab9deba261	.rela.text	438	.text	0x1f48	0x1f48	0x1fa8	R_AARCH64_CALL26	get_ecnt_npu_dev	89	1	STT_NOTYPE	SHN_UNDEF	0x0	0x0			init_module	0x1f20	0x28	symbol_size	0x24ec		direct_call_BL	0x94000000
.local/legacy-firmware/work/extract/stock-rootfs/lib/modules/5.4.55/hostadpt.ko	eef9e68ff3c7ef603ac36506dfdd0db832ad55cd3e17b709f46087ab9deba261	.rela.text	443	.text	0x2084	0x2084	0x20e4	R_AARCH64_CALL26	set_npu_hostadpt_reg	82	1	STT_NOTYPE	SHN_UNDEF	0x0	0x0			init_module	0x1f20	0x164	symbol_size	0x24ec		direct_call_BL	0x94000000
.local/legacy-firmware/work/extract/stock-rootfs/lib/modules/5.4.55/hostadpt.ko	eef9e68ff3c7ef603ac36506dfdd0db832ad55cd3e17b709f46087ab9deba261	.rela.text	444	.text	0x2090	0x2090	0x20f0	R_AARCH64_CALL26	set_npu_hostadpt_reg	82	1	STT_NOTYPE	SHN_UNDEF	0x0	0x0			init_module	0x1f20	0x170	symbol_size	0x24ec		direct_call_BL	0x94000000
.local/legacy-firmware/work/extract/stock-rootfs/lib/modules/5.4.55/hostadpt.ko	eef9e68ff3c7ef603ac36506dfdd0db832ad55cd3e17b709f46087ab9deba261	.rela.text	445	.text	0x209c	0x209c	0x20fc	R_AARCH64_CALL26	set_npu_hostadpt_reg	82	1	STT_NOTYPE	SHN_UNDEF	0x0	0x0			init_module	0x1f20	0x17c	symbol_size	0x24ec		direct_call_BL	0x94000000
.local/legacy-firmware/work/extract/stock-rootfs/lib/modules/5.4.55/hostadpt.ko	eef9e68ff3c7ef603ac36506dfdd0db832ad55cd3e17b709f46087ab9deba261	.rela.text	446	.text	0x20a8	0x20a8	0x2108	R_AARCH64_CALL26	set_npu_hostadpt_reg	82	1	STT_NOTYPE	SHN_UNDEF	0x0	0x0			init_module	0x1f20	0x188	symbol_size	0x24ec		direct_call_BL	0x94000000
.local/legacy-firmware/work/extract/stock-rootfs/lib/modules/5.4.55/hostadpt.ko	eef9e68ff3c7ef603ac36506dfdd0db832ad55cd3e17b709f46087ab9deba261	.rela.text	447	.text	0x20b4	0x20b4	0x2114	R_AARCH64_CALL26	set_npu_hostadpt_reg	82	1	STT_NOTYPE	SHN_UNDEF	0x0	0x0			init_module	0x1f20	0x194	symbol_size	0x24ec		direct_call_BL	0x94000000
.local/legacy-firmware/work/extract/stock-rootfs/lib/modules/5.4.55/hostadpt.ko	eef9e68ff3c7ef603ac36506dfdd0db832ad55cd3e17b709f46087ab9deba261	.rela.text	448	.text	0x20c0	0x20c0	0x2120	R_AARCH64_CALL26	set_npu_hostadpt_reg	82	1	STT_NOTYPE	SHN_UNDEF	0x0	0x0			init_module	0x1f20	0x1a0	symbol_size	0x24ec		direct_call_BL	0x94000000
.local/legacy-firmware/work/extract/stock-rootfs/lib/modules/5.4.55/hostadpt.ko	eef9e68ff3c7ef603ac36506dfdd0db832ad55cd3e17b709f46087ab9deba261	.rela.text	449	.text	0x20cc	0x20cc	0x212c	R_AARCH64_CALL26	set_npu_hostadpt_reg	82	1	STT_NOTYPE	SHN_UNDEF	0x0	0x0			init_module	0x1f20	0x1ac	symbol_size	0x24ec		direct_call_BL	0x94000000
.local/legacy-firmware/work/extract/stock-rootfs/lib/modules/5.4.55/hostadpt.ko	eef9e68ff3c7ef603ac36506dfdd0db832ad55cd3e17b709f46087ab9deba261	.rela.text	450	.text	0x20dc	0x20dc	0x213c	R_AARCH64_CALL26	set_npu_hostadpt_reg	82	1	STT_NOTYPE	SHN_UNDEF	0x0	0x0			init_module	0x1f20	0x1bc	symbol_size	0x24ec		direct_call_BL	0x94000000
.local/legacy-firmware/work/extract/stock-rootfs/lib/modules/5.4.55/hostadpt.ko	eef9e68ff3c7ef603ac36506dfdd0db832ad55cd3e17b709f46087ab9deba261	.rela.text	474	.text	0x2184	0x2184	0x21e4	R_AARCH64_CALL26	set_npu_hostadpt_reg	82	1	STT_NOTYPE	SHN_UNDEF	0x0	0x0			init_module	0x1f20	0x264	symbol_size	0x24ec		direct_call_BL	0x94000000
.local/legacy-firmware/work/extract/stock-rootfs/lib/modules/5.4.55/hostadpt.ko	eef9e68ff3c7ef603ac36506dfdd0db832ad55cd3e17b709f46087ab9deba261	.rela.text	479	.text	0x21a8	0x21a8	0x2208	R_AARCH64_CALL26	set_npu_hostadpt_reg	82	1	STT_NOTYPE	SHN_UNDEF	0x0	0x0			init_module	0x1f20	0x288	symbol_size	0x24ec		direct_call_BL	0x94000000
.local/legacy-firmware/work/extract/stock-rootfs/lib/modules/5.4.55/hostadpt.ko	eef9e68ff3c7ef603ac36506dfdd0db832ad55cd3e17b709f46087ab9deba261	.rela.text	480	.text	0x21ac	0x21ac	0x220c	R_AARCH64_ADR_PREL_PG_HI21	hostadpt_rx_handler	46	0	STT_FUNC	.text	0x980	0x0	hostadpt_rx_handler	0x980	init_module	0x1f20	0x28c	symbol_size	0x24ec		executable_reference	0x90000000
.local/legacy-firmware/work/extract/stock-rootfs/lib/modules/5.4.55/hostadpt.ko	eef9e68ff3c7ef603ac36506dfdd0db832ad55cd3e17b709f46087ab9deba261	.rela.text	481	.text	0x21b0	0x21b0	0x2210	R_AARCH64_ADR_PREL_PG_HI21	fromHostadptPktHandle_hook	94	1	STT_NOTYPE	SHN_UNDEF	0x0	0x0			init_module	0x1f20	0x290	symbol_size	0x24ec		executable_reference	0x90000001
.local/legacy-firmware/work/extract/stock-rootfs/lib/modules/5.4.55/hostadpt.ko	eef9e68ff3c7ef603ac36506dfdd0db832ad55cd3e17b709f46087ab9deba261	.rela.text	482	.text	0x21b4	0x21b4	0x2214	R_AARCH64_ADD_ABS_LO12_NC	hostadpt_rx_handler	46	0	STT_FUNC	.text	0x980	0x0	hostadpt_rx_handler	0x980	init_module	0x1f20	0x294	symbol_size	0x24ec		executable_reference	0x91000000
.local/legacy-firmware/work/extract/stock-rootfs/lib/modules/5.4.55/hostadpt.ko	eef9e68ff3c7ef603ac36506dfdd0db832ad55cd3e17b709f46087ab9deba261	.rela.text	483	.text	0x21b8	0x21b8	0x2218	R_AARCH64_ADD_ABS_LO12_NC	fromHostadptPktHandle_hook	94	1	STT_NOTYPE	SHN_UNDEF	0x0	0x0			init_module	0x1f20	0x298	symbol_size	0x24ec		executable_reference	0x91000021
.local/legacy-firmware/work/extract/stock-rootfs/lib/modules/5.4.55/hostadpt.ko	eef9e68ff3c7ef603ac36506dfdd0db832ad55cd3e17b709f46087ab9deba261	.rela.text	506	.text	0x223c	0x223c	0x229c	R_AARCH64_CALL26	get_ecnt_npu_dev	89	1	STT_NOTYPE	SHN_UNDEF	0x0	0x0			init_module	0x1f20	0x31c	symbol_size	0x24ec		direct_call_BL	0x94000000
.local/legacy-firmware/work/extract/stock-rootfs/lib/modules/5.4.55/hostadpt.ko	eef9e68ff3c7ef603ac36506dfdd0db832ad55cd3e17b709f46087ab9deba261	.rela.text	553	.text	0x23c4	0x23c4	0x2424	R_AARCH64_CALL26	set_npu_hostadpt_reg	82	1	STT_NOTYPE	SHN_UNDEF	0x0	0x0			init_module	0x1f20	0x4a4	symbol_size	0x24ec		direct_call_BL	0x94000000
.local/legacy-firmware/work/extract/stock-rootfs/lib/modules/5.4.55/hostadpt.ko	eef9e68ff3c7ef603ac36506dfdd0db832ad55cd3e17b709f46087ab9deba261	.rela.text	554	.text	0x23d0	0x23d0	0x2430	R_AARCH64_CALL26	set_npu_hostadpt_reg	82	1	STT_NOTYPE	SHN_UNDEF	0x0	0x0			init_module	0x1f20	0x4b0	symbol_size	0x24ec		direct_call_BL	0x94000000
.local/legacy-firmware/work/extract/stock-rootfs/lib/modules/5.4.55/hostadpt.ko	eef9e68ff3c7ef603ac36506dfdd0db832ad55cd3e17b709f46087ab9deba261	.rela.text	555	.text	0x23dc	0x23dc	0x243c	R_AARCH64_CALL26	set_npu_hostadpt_reg	82	1	STT_NOTYPE	SHN_UNDEF	0x0	0x0			init_module	0x1f20	0x4bc	symbol_size	0x24ec		direct_call_BL	0x94000000
.local/legacy-firmware/work/extract/stock-rootfs/lib/modules/5.4.55/hostadpt.ko	eef9e68ff3c7ef603ac36506dfdd0db832ad55cd3e17b709f46087ab9deba261	.rela.text	556	.text	0x23e8	0x23e8	0x2448	R_AARCH64_CALL26	set_npu_hostadpt_reg	82	1	STT_NOTYPE	SHN_UNDEF	0x0	0x0			init_module	0x1f20	0x4c8	symbol_size	0x24ec		direct_call_BL	0x94000000
.local/legacy-firmware/work/extract/stock-rootfs/lib/modules/5.4.55/hostadpt.ko	eef9e68ff3c7ef603ac36506dfdd0db832ad55cd3e17b709f46087ab9deba261	.rela.text	557	.text	0x23f4	0x23f4	0x2454	R_AARCH64_CALL26	set_npu_hostadpt_reg	82	1	STT_NOTYPE	SHN_UNDEF	0x0	0x0			init_module	0x1f20	0x4d4	symbol_size	0x24ec		direct_call_BL	0x94000000
.local/legacy-firmware/work/extract/stock-rootfs/lib/modules/5.4.55/hostadpt.ko	eef9e68ff3c7ef603ac36506dfdd0db832ad55cd3e17b709f46087ab9deba261	.rela.text	558	.text	0x2400	0x2400	0x2460	R_AARCH64_CALL26	set_npu_hostadpt_reg	82	1	STT_NOTYPE	SHN_UNDEF	0x0	0x0			init_module	0x1f20	0x4e0	symbol_size	0x24ec		direct_call_BL	0x94000000
.local/legacy-firmware/work/extract/stock-rootfs/lib/modules/5.4.55/hostadpt.ko	eef9e68ff3c7ef603ac36506dfdd0db832ad55cd3e17b709f46087ab9deba261	.rela.text	559	.text	0x240c	0x240c	0x246c	R_AARCH64_CALL26	set_npu_hostadpt_reg	82	1	STT_NOTYPE	SHN_UNDEF	0x0	0x0			init_module	0x1f20	0x4ec	symbol_size	0x24ec		direct_call_BL	0x94000000
.local/legacy-firmware/work/extract/stock-rootfs/lib/modules/5.4.55/hostadpt.ko	eef9e68ff3c7ef603ac36506dfdd0db832ad55cd3e17b709f46087ab9deba261	.rela.text	560	.text	0x241c	0x241c	0x247c	R_AARCH64_CALL26	set_npu_hostadpt_reg	82	1	STT_NOTYPE	SHN_UNDEF	0x0	0x0			init_module	0x1f20	0x4fc	symbol_size	0x24ec		direct_call_BL	0x94000000
.local/legacy-firmware/work/extract/stock-rootfs/lib/modules/5.4.55/hostadpt.ko	eef9e68ff3c7ef603ac36506dfdd0db832ad55cd3e17b709f46087ab9deba261	.rela.text	561	.text	0x2420	0x2420	0x2480	R_AARCH64_ADR_PREL_PG_HI21	hostadpt_tx_handler	32	0	STT_FUNC	.text	0x1924	0x0	hostadpt_tx_handler	0x1924	init_module	0x1f20	0x500	symbol_size	0x24ec		executable_reference	0x90000000
.local/legacy-firmware/work/extract/stock-rootfs/lib/modules/5.4.55/hostadpt.ko	eef9e68ff3c7ef603ac36506dfdd0db832ad55cd3e17b709f46087ab9deba261	.rela.text	562	.text	0x2424	0x2424	0x2484	R_AARCH64_ADR_PREL_PG_HI21	toHostadptPktHandle_hook	60	1	STT_NOTYPE	SHN_UNDEF	0x0	0x0			init_module	0x1f20	0x504	symbol_size	0x24ec		executable_reference	0x90000001
.local/legacy-firmware/work/extract/stock-rootfs/lib/modules/5.4.55/hostadpt.ko	eef9e68ff3c7ef603ac36506dfdd0db832ad55cd3e17b709f46087ab9deba261	.rela.text	563	.text	0x2428	0x2428	0x2488	R_AARCH64_ADD_ABS_LO12_NC	hostadpt_tx_handler	32	0	STT_FUNC	.text	0x1924	0x0	hostadpt_tx_handler	0x1924	init_module	0x1f20	0x508	symbol_size	0x24ec		executable_reference	0x91000000
.local/legacy-firmware/work/extract/stock-rootfs/lib/modules/5.4.55/hostadpt.ko	eef9e68ff3c7ef603ac36506dfdd0db832ad55cd3e17b709f46087ab9deba261	.rela.text	564	.text	0x242c	0x242c	0x248c	R_AARCH64_ADD_ABS_LO12_NC	toHostadptPktHandle_hook	60	1	STT_NOTYPE	SHN_UNDEF	0x0	0x0			init_module	0x1f20	0x50c	symbol_size	0x24ec		executable_reference	0x91000021
.local/legacy-firmware/work/extract/stock-rootfs/lib/modules/5.4.55/hostadpt.ko	eef9e68ff3c7ef603ac36506dfdd0db832ad55cd3e17b709f46087ab9deba261	.rela.exit.text	0	.exit.text	0xc	0xc	0x28f8	R_AARCH64_CALL26	get_npu_irq	75	1	STT_NOTYPE	SHN_UNDEF	0x0	0x0			cleanup_module	0x0	0xc	symbol_size	0x98		direct_call_BL	0x94000000
.local/legacy-firmware/work/extract/stock-rootfs/lib/modules/5.4.55/hostadpt.ko	eef9e68ff3c7ef603ac36506dfdd0db832ad55cd3e17b709f46087ab9deba261	.rela.exit.text	2	.exit.text	0x1c	0x1c	0x2908	R_AARCH64_CALL26	get_npu_irq	75	1	STT_NOTYPE	SHN_UNDEF	0x0	0x0			cleanup_module	0x0	0x1c	symbol_size	0x98		direct_call_BL	0x94000000
.local/legacy-firmware/work/extract/stock-rootfs/lib/modules/5.4.55/hostadpt.ko	eef9e68ff3c7ef603ac36506dfdd0db832ad55cd3e17b709f46087ab9deba261	.rela.exit.text	7	.exit.text	0x38	0x38	0x2924	R_AARCH64_ADR_PREL_PG_HI21	toHostadptPktHandle_hook	60	1	STT_NOTYPE	SHN_UNDEF	0x0	0x0			cleanup_module	0x0	0x38	symbol_size	0x98		executable_reference	0x90000000
.local/legacy-firmware/work/extract/stock-rootfs/lib/modules/5.4.55/hostadpt.ko	eef9e68ff3c7ef603ac36506dfdd0db832ad55cd3e17b709f46087ab9deba261	.rela.exit.text	8	.exit.text	0x3c	0x3c	0x2928	R_AARCH64_ADR_PREL_PG_HI21	fromHostadptPktHandle_hook	94	1	STT_NOTYPE	SHN_UNDEF	0x0	0x0			cleanup_module	0x0	0x3c	symbol_size	0x98		executable_reference	0x90000001
.local/legacy-firmware/work/extract/stock-rootfs/lib/modules/5.4.55/hostadpt.ko	eef9e68ff3c7ef603ac36506dfdd0db832ad55cd3e17b709f46087ab9deba261	.rela.exit.text	11	.exit.text	0x48	0x48	0x2934	R_AARCH64_LDST64_ABS_LO12_NC	toHostadptPktHandle_hook	60	1	STT_NOTYPE	SHN_UNDEF	0x0	0x0			cleanup_module	0x0	0x48	symbol_size	0x98		executable_reference	0xf900001f
.local/legacy-firmware/work/extract/stock-rootfs/lib/modules/5.4.55/hostadpt.ko	eef9e68ff3c7ef603ac36506dfdd0db832ad55cd3e17b709f46087ab9deba261	.rela.exit.text	13	.exit.text	0x50	0x50	0x293c	R_AARCH64_LDST64_ABS_LO12_NC	fromHostadptPktHandle_hook	94	1	STT_NOTYPE	SHN_UNDEF	0x0	0x0			cleanup_module	0x0	0x50	symbol_size	0x98		executable_reference	0xf900003f
.local/legacy-firmware/work/extract/stock-rootfs/lib/modules/5.4.55/hostadpt.ko	eef9e68ff3c7ef603ac36506dfdd0db832ad55cd3e17b709f46087ab9deba261	.rela.altinstructions	10	.altinstructions	0x3c	0x3c	0x29c0	R_AARCH64_PREL32		1	0	STT_SECTION	.text	0x0	0x1a94	hostadpt_tx_handler	0x1a94							data_reference	
.local/legacy-firmware/work/extract/stock-rootfs/lib/modules/5.4.55/hostadpt.ko	eef9e68ff3c7ef603ac36506dfdd0db832ad55cd3e17b709f46087ab9deba261	.rela.altinstructions	12	.altinstructions	0x48	0x48	0x29cc	R_AARCH64_PREL32		1	0	STT_SECTION	.text	0x0	0x1d00	hostadpt_tx_handler	0x1d00							data_reference	
.local/legacy-firmware/work/extract/stock-rootfs/lib/modules/5.4.55/hostadpt.ko	eef9e68ff3c7ef603ac36506dfdd0db832ad55cd3e17b709f46087ab9deba261	.rela.eh_frame	16	.eh_frame	0x2e4	0x2e4	0x3bd4	R_AARCH64_PREL32		1	0	STT_SECTION	.text	0x0	0x980	hostadpt_rx_handler	0x980							data_reference	
.local/legacy-firmware/work/extract/stock-rootfs/lib/modules/5.4.55/hostadpt.ko	eef9e68ff3c7ef603ac36506dfdd0db832ad55cd3e17b709f46087ab9deba261	.rela.eh_frame	19	.eh_frame	0x3ec	0x3ec	0x3cdc	R_AARCH64_PREL32		1	0	STT_SECTION	.text	0x0	0x17a0	hostadpt_regiter_interrupt	0x17a0							data_reference	
.local/legacy-firmware/work/extract/stock-rootfs/lib/modules/5.4.55/hostadpt.ko	eef9e68ff3c7ef603ac36506dfdd0db832ad55cd3e17b709f46087ab9deba261	.rela.eh_frame	20	.eh_frame	0x414	0x414	0x3d04	R_AARCH64_PREL32		1	0	STT_SECTION	.text	0x0	0x17f4	hostadpt_free_interrupt	0x17f4							data_reference	
.local/legacy-firmware/work/extract/stock-rootfs/lib/modules/5.4.55/hostadpt.ko	eef9e68ff3c7ef603ac36506dfdd0db832ad55cd3e17b709f46087ab9deba261	.rela.eh_frame	22	.eh_frame	0x480	0x480	0x3d70	R_AARCH64_PREL32		1	0	STT_SECTION	.text	0x0	0x1924	hostadpt_tx_handler	0x1924							data_reference	
.local/legacy-firmware/work/extract/stock-rootfs/lib/modules/5.4.55/hsgmii_lan.ko	60a711a1690d3e5f20f0385ab9fefb3ddc3cbaf8170df317ccd03068e8f38fd9	.rela.text.unlikely	40	.text.unlikely	0x370	0x370	0x6900	R_AARCH64_CALL26	xsi_mac_itf_reset	61	0	STT_FUNC	.text	0x2880	0x0	xsi_mac_itf_reset	0x2880	xsi_mac_init	0x2d0	0xa0	symbol_size	0x9dc		direct_call_BL	0x94000000
.local/legacy-firmware/work/extract/stock-rootfs/lib/modules/5.4.55/hsgmii_lan.ko	60a711a1690d3e5f20f0385ab9fefb3ddc3cbaf8170df317ccd03068e8f38fd9	.rela.text.unlikely	46	.text.unlikely	0x39c	0x39c	0x692c	R_AARCH64_CALL26	xsi_mac_api_logic_reset	53	0	STT_FUNC	.text	0x2e44	0x0	xsi_mac_api_logic_reset	0x2e44	xsi_mac_init	0x2d0	0xcc	symbol_size	0x9dc		direct_call_BL	0x94000000
.local/legacy-firmware/work/extract/stock-rootfs/lib/modules/5.4.55/hsgmii_lan.ko	60a711a1690d3e5f20f0385ab9fefb3ddc3cbaf8170df317ccd03068e8f38fd9	.rela.text.unlikely	72	.text.unlikely	0x508	0x508	0x6a98	R_AARCH64_CALL26	xsi_mac_itf_reset	61	0	STT_FUNC	.text	0x2880	0x0	xsi_mac_itf_reset	0x2880	xsi_mac_init	0x2d0	0x238	symbol_size	0x9dc		direct_call_BL	0x94000000
.local/legacy-firmware/work/extract/stock-rootfs/lib/modules/5.4.55/hsgmii_lan.ko	60a711a1690d3e5f20f0385ab9fefb3ddc3cbaf8170df317ccd03068e8f38fd9	.rela.text.unlikely	75	.text.unlikely	0x52c	0x52c	0x6abc	R_AARCH64_CALL26	xsi_mac_api_logic_reset	53	0	STT_FUNC	.text	0x2e44	0x0	xsi_mac_api_logic_reset	0x2e44	xsi_mac_init	0x2d0	0x25c	symbol_size	0x9dc		direct_call_BL	0x94000000
.local/legacy-firmware/work/extract/stock-rootfs/lib/modules/5.4.55/hsgmii_lan.ko	60a711a1690d3e5f20f0385ab9fefb3ddc3cbaf8170df317ccd03068e8f38fd9	.rela.text.unlikely	103	.text.unlikely	0x6ac	0x6ac	0x6c3c	R_AARCH64_CALL26	xsi_mac_itf_reset	61	0	STT_FUNC	.text	0x2880	0x0	xsi_mac_itf_reset	0x2880	xsi_mac_init	0x2d0	0x3dc	symbol_size	0x9dc		direct_call_BL	0x94000000
.local/legacy-firmware/work/extract/stock-rootfs/lib/modules/5.4.55/hsgmii_lan.ko	60a711a1690d3e5f20f0385ab9fefb3ddc3cbaf8170df317ccd03068e8f38fd9	.rela.text.unlikely	111	.text.unlikely	0x6fc	0x6fc	0x6c8c	R_AARCH64_CALL26	xsi_mac_api_logic_reset	53	0	STT_FUNC	.text	0x2e44	0x0	xsi_mac_api_logic_reset	0x2e44	xsi_mac_init	0x2d0	0x42c	symbol_size	0x9dc		direct_call_BL	0x94000000
.local/legacy-firmware/work/extract/stock-rootfs/lib/modules/5.4.55/hsgmii_lan.ko	60a711a1690d3e5f20f0385ab9fefb3ddc3cbaf8170df317ccd03068e8f38fd9	.rela.text.unlikely	135	.text.unlikely	0x854	0x854	0x6de4	R_AARCH64_CALL26	xsi_mac_itf_reset	61	0	STT_FUNC	.text	0x2880	0x0	xsi_mac_itf_reset	0x2880	xsi_mac_init	0x2d0	0x584	symbol_size	0x9dc		direct_call_BL	0x94000000
.local/legacy-firmware/work/extract/stock-rootfs/lib/modules/5.4.55/hsgmii_lan.ko	60a711a1690d3e5f20f0385ab9fefb3ddc3cbaf8170df317ccd03068e8f38fd9	.rela.text.unlikely	140	.text.unlikely	0x880	0x880	0x6e10	R_AARCH64_CALL26	xsi_mac_api_logic_reset	53	0	STT_FUNC	.text	0x2e44	0x0	xsi_mac_api_logic_reset	0x2e44	xsi_mac_init	0x2d0	0x5b0	symbol_size	0x9dc		direct_call_BL	0x94000000
.local/legacy-firmware/work/extract/stock-rootfs/lib/modules/5.4.55/hsgmii_lan.ko	60a711a1690d3e5f20f0385ab9fefb3ddc3cbaf8170df317ccd03068e8f38fd9	.rela.eh_frame	49	.eh_frame	0x664	0x664	0xa434	R_AARCH64_PREL32		1	0	STT_SECTION	.text	0x0	0x1840	XSI_MAC_LOGIC_RESET	0x1840							data_reference	
.local/legacy-firmware/work/extract/stock-rootfs/lib/modules/5.4.55/hsgmii_lan.ko	60a711a1690d3e5f20f0385ab9fefb3ddc3cbaf8170df317ccd03068e8f38fd9	.rela.eh_frame	72	.eh_frame	0xa64	0xa64	0xa834	R_AARCH64_PREL32		1	0	STT_SECTION	.text	0x0	0x2880	xsi_mac_itf_reset	0x2880							data_reference	
.local/legacy-firmware/work/extract/stock-rootfs/lib/modules/5.4.55/hsgmii_lan.ko	60a711a1690d3e5f20f0385ab9fefb3ddc3cbaf8170df317ccd03068e8f38fd9	.rela.eh_frame	81	.eh_frame	0xbc4	0xbc4	0xa994	R_AARCH64_PREL32		1	0	STT_SECTION	.text	0x0	0x2cb0	xsi_mac_api_reset	0x2cb0							data_reference	
.local/legacy-firmware/work/extract/stock-rootfs/lib/modules/5.4.55/hsgmii_lan.ko	60a711a1690d3e5f20f0385ab9fefb3ddc3cbaf8170df317ccd03068e8f38fd9	.rela.eh_frame	84	.eh_frame	0xc84	0xc84	0xaa54	R_AARCH64_PREL32		1	0	STT_SECTION	.text	0x0	0x2e44	xsi_mac_api_logic_reset	0x2e44							data_reference	
.local/legacy-firmware/work/extract/stock-rootfs/lib/modules/5.4.55/hsgmii_lan.ko	60a711a1690d3e5f20f0385ab9fefb3ddc3cbaf8170df317ccd03068e8f38fd9	.rela.data	4	.data	0x20	0x20	0xb2b8	R_AARCH64_ABS64	xsi_mac_api_logic_reset	53	0	STT_FUNC	.text	0x2e44	0x0	xsi_mac_api_logic_reset	0x2e44							data_reference	
.local/legacy-firmware/work/extract/stock-rootfs/lib/modules/5.4.55/hw_nat.ko	894b91053435a85fa44abb62bfe218c50ffc316f2a2252a75c0d1847f527f200	.rela.text	3820	.text	0x15d38	0x15d38	0x15d98	R_AARCH64_ADR_PREL_PG_HI21	dsoffload_presetting	1213	1	STT_NOTYPE	SHN_UNDEF	0x0	0x0			ecnt_multicast_hwnat_state_handler_lan_xsi	0x15b60	0x1d8	symbol_size	0x15e64		executable_reference	0x90000000
.local/legacy-firmware/work/extract/stock-rootfs/lib/modules/5.4.55/hw_nat.ko	894b91053435a85fa44abb62bfe218c50ffc316f2a2252a75c0d1847f527f200	.rela.text	3821	.text	0x15d3c	0x15d3c	0x15d9c	R_AARCH64_LDST32_ABS_LO12_NC	dsoffload_presetting	1213	1	STT_NOTYPE	SHN_UNDEF	0x0	0x0			ecnt_multicast_hwnat_state_handler_lan_xsi	0x15b60	0x1dc	symbol_size	0x15e64		executable_reference	0xb9400016
.local/legacy-firmware/work/extract/stock-rootfs/lib/modules/5.4.55/hw_nat.ko	894b91053435a85fa44abb62bfe218c50ffc316f2a2252a75c0d1847f527f200	.rela.text	3852	.text	0x160dc	0x160dc	0x1613c	R_AARCH64_ADR_PREL_PG_HI21	dsoffload_presetting	1213	1	STT_NOTYPE	SHN_UNDEF	0x0	0x0			ecnt_multicast_hwnat_state_handler_lan_only	0x15e64	0x278	symbol_size	0x161c0		executable_reference	0x90000000
.local/legacy-firmware/work/extract/stock-rootfs/lib/modules/5.4.55/hw_nat.ko	894b91053435a85fa44abb62bfe218c50ffc316f2a2252a75c0d1847f527f200	.rela.text	3853	.text	0x160e0	0x160e0	0x16140	R_AARCH64_LDST32_ABS_LO12_NC	dsoffload_presetting	1213	1	STT_NOTYPE	SHN_UNDEF	0x0	0x0			ecnt_multicast_hwnat_state_handler_lan_only	0x15e64	0x27c	symbol_size	0x161c0		executable_reference	0xb9400017
.local/legacy-firmware/work/extract/stock-rootfs/lib/modules/5.4.55/hw_nat.ko	894b91053435a85fa44abb62bfe218c50ffc316f2a2252a75c0d1847f527f200	.rela.text	3873	.text	0x163a8	0x163a8	0x16408	R_AARCH64_ADR_PREL_PG_HI21	dsoffload_presetting	1213	1	STT_NOTYPE	SHN_UNDEF	0x0	0x0			ecnt_multicast_hwnat_state_handler_lan_wlan	0x161c0	0x1e8	symbol_size	0x164f0		executable_reference	0x90000000
.local/legacy-firmware/work/extract/stock-rootfs/lib/modules/5.4.55/hw_nat.ko	894b91053435a85fa44abb62bfe218c50ffc316f2a2252a75c0d1847f527f200	.rela.text	3874	.text	0x163ac	0x163ac	0x1640c	R_AARCH64_LDST32_ABS_LO12_NC	dsoffload_presetting	1213	1	STT_NOTYPE	SHN_UNDEF	0x0	0x0			ecnt_multicast_hwnat_state_handler_lan_wlan	0x161c0	0x1ec	symbol_size	0x164f0		executable_reference	0xb9400017
.local/legacy-firmware/work/extract/stock-rootfs/lib/modules/5.4.55/hw_nat.ko	894b91053435a85fa44abb62bfe218c50ffc316f2a2252a75c0d1847f527f200	.rela.text	4010	.text	0x178b8	0x178b8	0x17918	R_AARCH64_ADR_PREL_PG_HI21	dsoffload_presetting	1213	1	STT_NOTYPE	SHN_UNDEF	0x0	0x0			ecnt_multicast_hwnat_force_to_cpu_handler	0x177b0	0x108	symbol_size	0x17b24		executable_reference	0x90000001
.local/legacy-firmware/work/extract/stock-rootfs/lib/modules/5.4.55/hw_nat.ko	894b91053435a85fa44abb62bfe218c50ffc316f2a2252a75c0d1847f527f200	.rela.text	4011	.text	0x178c0	0x178c0	0x17920	R_AARCH64_LDST32_ABS_LO12_NC	dsoffload_presetting	1213	1	STT_NOTYPE	SHN_UNDEF	0x0	0x0			ecnt_multicast_hwnat_force_to_cpu_handler	0x177b0	0x110	symbol_size	0x17b24		executable_reference	0xb9400021
.local/legacy-firmware/work/extract/stock-rootfs/lib/modules/5.4.55/hw_nat.ko	894b91053435a85fa44abb62bfe218c50ffc316f2a2252a75c0d1847f527f200	.rela.text	4818	.text	0x1b5d0	0x1b5d0	0x1b630	R_AARCH64_ADR_PREL_PG_HI21	dsoffload_presetting	1213	1	STT_NOTYPE	SHN_UNDEF	0x0	0x0			ecnt_offload_ds_offload	0x1b5b4	0x1c	symbol_size	0x1b650		executable_reference	0x90000000
.local/legacy-firmware/work/extract/stock-rootfs/lib/modules/5.4.55/hw_nat.ko	894b91053435a85fa44abb62bfe218c50ffc316f2a2252a75c0d1847f527f200	.rela.text	4819	.text	0x1b5d4	0x1b5d4	0x1b634	R_AARCH64_LDST32_ABS_LO12_NC	dsoffload_presetting	1213	1	STT_NOTYPE	SHN_UNDEF	0x0	0x0			ecnt_offload_ds_offload	0x1b5b4	0x20	symbol_size	0x1b650		executable_reference	0xb9400000
.local/legacy-firmware/work/extract/stock-rootfs/lib/modules/5.4.55/hw_nat.ko	894b91053435a85fa44abb62bfe218c50ffc316f2a2252a75c0d1847f527f200	.rela.text	4848	.text	0x1b7e4	0x1b7e4	0x1b844	R_AARCH64_ADR_PREL_PG_HI21	wifiqueue_start_idx	318	0	STT_OBJECT	.data	0x5b0	0x0		0x5b0	ecnt_wlan_force_to_cpu_handler	0x1b760	0x84	symbol_size	0x1b930		executable_reference	0x90000000
.local/legacy-firmware/work/extract/stock-rootfs/lib/modules/5.4.55/hw_nat.ko	894b91053435a85fa44abb62bfe218c50ffc316f2a2252a75c0d1847f527f200	.rela.text	4849	.text	0x1b7e8	0x1b7e8	0x1b848	R_AARCH64_LDST32_ABS_LO12_NC	wifiqueue_start_idx	318	0	STT_OBJECT	.data	0x5b0	0x0		0x5b0	ecnt_wlan_force_to_cpu_handler	0x1b760	0x88	symbol_size	0x1b930		executable_reference	0xb9400000
.local/legacy-firmware/work/extract/stock-rootfs/lib/modules/5.4.55/hw_nat.ko	894b91053435a85fa44abb62bfe218c50ffc316f2a2252a75c0d1847f527f200	.rela.text	4928	.text	0x1be2c	0x1be2c	0x1be8c	R_AARCH64_ADR_PREL_PG_HI21	wifiqueue_start_idx	318	0	STT_OBJECT	.data	0x5b0	0x0		0x5b0	PpeWifiFastTxHandler	0x1bd10	0x11c	symbol_size	0x1bfc4		executable_reference	0x90000000
.local/legacy-firmware/work/extract/stock-rootfs/lib/modules/5.4.55/hw_nat.ko	894b91053435a85fa44abb62bfe218c50ffc316f2a2252a75c0d1847f527f200	.rela.text	4929	.text	0x1be30	0x1be30	0x1be90	R_AARCH64_LDST32_ABS_LO12_NC	wifiqueue_start_idx	318	0	STT_OBJECT	.data	0x5b0	0x0		0x5b0	PpeWifiFastTxHandler	0x1bd10	0x120	symbol_size	0x1bfc4		executable_reference	0xb9400000
.local/legacy-firmware/work/extract/stock-rootfs/lib/modules/5.4.55/hw_nat.ko	894b91053435a85fa44abb62bfe218c50ffc316f2a2252a75c0d1847f527f200	.rela.text	5434	.text	0x1fc1c	0x1fc1c	0x1fc7c	R_AARCH64_ADR_PREL_PG_HI21	dsoffload_presetting	1213	1	STT_NOTYPE	SHN_UNDEF	0x0	0x0			softQdmaSetForcePort	0x1fc10	0xc	symbol_size	0x1fc88		executable_reference	0x90000004
.local/legacy-firmware/work/extract/stock-rootfs/lib/modules/5.4.55/hw_nat.ko	894b91053435a85fa44abb62bfe218c50ffc316f2a2252a75c0d1847f527f200	.rela.text	5435	.text	0x1fc28	0x1fc28	0x1fc88	R_AARCH64_LDST32_ABS_LO12_NC	dsoffload_presetting	1213	1	STT_NOTYPE	SHN_UNDEF	0x0	0x0			softQdmaSetForcePort	0x1fc10	0x18	symbol_size	0x1fc88		executable_reference	0xb9400087
.local/legacy-firmware/work/extract/stock-rootfs/lib/modules/5.4.55/hw_nat.ko	894b91053435a85fa44abb62bfe218c50ffc316f2a2252a75c0d1847f527f200	.rela.text	6340	.text	0x249bc	0x249bc	0x24a1c	R_AARCH64_ADR_PREL_PG_HI21	wifiqueue_start_idx	318	0	STT_OBJECT	.data	0x5b0	0x0		0x5b0	PpeExtIfRxFastHandler	0x247e0	0x1dc	symbol_size	0x24adc		executable_reference	0x90000000
.local/legacy-firmware/work/extract/stock-rootfs/lib/modules/5.4.55/hw_nat.ko	894b91053435a85fa44abb62bfe218c50ffc316f2a2252a75c0d1847f527f200	.rela.text	6341	.text	0x249c0	0x249c0	0x24a20	R_AARCH64_LDST32_ABS_LO12_NC	wifiqueue_start_idx	318	0	STT_OBJECT	.data	0x5b0	0x0		0x5b0	PpeExtIfRxFastHandler	0x247e0	0x1e0	symbol_size	0x24adc		executable_reference	0xb9400000
.local/legacy-firmware/work/extract/stock-rootfs/lib/modules/5.4.55/hw_nat.ko	894b91053435a85fa44abb62bfe218c50ffc316f2a2252a75c0d1847f527f200	.rela.text	7497	.text	0x29e00	0x29e00	0x29e60	R_AARCH64_ADR_PREL_PG_HI21	dsoffload_presetting	1213	1	STT_NOTYPE	SHN_UNDEF	0x0	0x0			hwnat_multicast_set_info	0x29d44	0xbc	symbol_size	0x2a630		executable_reference	0x90000000
.local/legacy-firmware/work/extract/stock-rootfs/lib/modules/5.4.55/hw_nat.ko	894b91053435a85fa44abb62bfe218c50ffc316f2a2252a75c0d1847f527f200	.rela.text	7498	.text	0x29e04	0x29e04	0x29e64	R_AARCH64_LDST32_ABS_LO12_NC	dsoffload_presetting	1213	1	STT_NOTYPE	SHN_UNDEF	0x0	0x0			hwnat_multicast_set_info	0x29d44	0xc0	symbol_size	0x2a630		executable_reference	0xb9400017
.local/legacy-firmware/work/extract/stock-rootfs/lib/modules/5.4.55/hw_nat.ko	894b91053435a85fa44abb62bfe218c50ffc316f2a2252a75c0d1847f527f200	.rela.text	7511	.text	0x2a004	0x2a004	0x2a064	R_AARCH64_ADR_PREL_PG_HI21	dsoffload_presetting	1213	1	STT_NOTYPE	SHN_UNDEF	0x0	0x0			hwnat_multicast_set_info	0x29d44	0x2c0	symbol_size	0x2a630		executable_reference	0x90000000
.local/legacy-firmware/work/extract/stock-rootfs/lib/modules/5.4.55/hw_nat.ko	894b91053435a85fa44abb62bfe218c50ffc316f2a2252a75c0d1847f527f200	.rela.text	7512	.text	0x2a008	0x2a008	0x2a068	R_AARCH64_LDST32_ABS_LO12_NC	dsoffload_presetting	1213	1	STT_NOTYPE	SHN_UNDEF	0x0	0x0			hwnat_multicast_set_info	0x29d44	0x2c4	symbol_size	0x2a630		executable_reference	0xb9400000
.local/legacy-firmware/work/extract/stock-rootfs/lib/modules/5.4.55/hw_nat.ko	894b91053435a85fa44abb62bfe218c50ffc316f2a2252a75c0d1847f527f200	.rela.text	7526	.text	0x2a168	0x2a168	0x2a1c8	R_AARCH64_ADR_PREL_PG_HI21	dsoffload_presetting	1213	1	STT_NOTYPE	SHN_UNDEF	0x0	0x0			hwnat_multicast_set_info	0x29d44	0x424	symbol_size	0x2a630		executable_reference	0x90000000
.local/legacy-firmware/work/extract/stock-rootfs/lib/modules/5.4.55/hw_nat.ko	894b91053435a85fa44abb62bfe218c50ffc316f2a2252a75c0d1847f527f200	.rela.text	7527	.text	0x2a16c	0x2a16c	0x2a1cc	R_AARCH64_LDST32_ABS_LO12_NC	dsoffload_presetting	1213	1	STT_NOTYPE	SHN_UNDEF	0x0	0x0			hwnat_multicast_set_info	0x29d44	0x428	symbol_size	0x2a630		executable_reference	0xb9400000
.local/legacy-firmware/work/extract/stock-rootfs/lib/modules/5.4.55/hw_nat.ko	894b91053435a85fa44abb62bfe218c50ffc316f2a2252a75c0d1847f527f200	.rela.text	7997	.text	0x2e93c	0x2e93c	0x2e99c	R_AARCH64_ADR_PREL_PG_HI21	dsoffload_presetting	1213	1	STT_NOTYPE	SHN_UNDEF	0x0	0x0			hwnat_set_rule_according_to_state	0x2e840	0xfc	symbol_size	0x2f320		executable_reference	0x90000000
.local/legacy-firmware/work/extract/stock-rootfs/lib/modules/5.4.55/hw_nat.ko	894b91053435a85fa44abb62bfe218c50ffc316f2a2252a75c0d1847f527f200	.rela.text	7998	.text	0x2e940	0x2e940	0x2e9a0	R_AARCH64_LDST32_ABS_LO12_NC	dsoffload_presetting	1213	1	STT_NOTYPE	SHN_UNDEF	0x0	0x0			hwnat_set_rule_according_to_state	0x2e840	0x100	symbol_size	0x2f320		executable_reference	0xb940001c
.local/legacy-firmware/work/extract/stock-rootfs/lib/modules/5.4.55/hw_nat.ko	894b91053435a85fa44abb62bfe218c50ffc316f2a2252a75c0d1847f527f200	.rela.text	8010	.text	0x2eab4	0x2eab4	0x2eb14	R_AARCH64_ADR_PREL_PG_HI21	dsoffload_presetting	1213	1	STT_NOTYPE	SHN_UNDEF	0x0	0x0			hwnat_set_rule_according_to_state	0x2e840	0x274	symbol_size	0x2f320		executable_reference	0x90000000
.local/legacy-firmware/work/extract/stock-rootfs/lib/modules/5.4.55/hw_nat.ko	894b91053435a85fa44abb62bfe218c50ffc316f2a2252a75c0d1847f527f200	.rela.text	8011	.text	0x2eab8	0x2eab8	0x2eb18	R_AARCH64_LDST32_ABS_LO12_NC	dsoffload_presetting	1213	1	STT_NOTYPE	SHN_UNDEF	0x0	0x0			hwnat_set_rule_according_to_state	0x2e840	0x278	symbol_size	0x2f320		executable_reference	0xb9400000
.local/legacy-firmware/work/extract/stock-rootfs/lib/modules/5.4.55/hw_nat.ko	894b91053435a85fa44abb62bfe218c50ffc316f2a2252a75c0d1847f527f200	.rela.text	8032	.text	0x2eca0	0x2eca0	0x2ed00	R_AARCH64_ADR_PREL_PG_HI21	dsoffload_presetting	1213	1	STT_NOTYPE	SHN_UNDEF	0x0	0x0			hwnat_set_rule_according_to_state	0x2e840	0x460	symbol_size	0x2f320		executable_reference	0x90000000
.local/legacy-firmware/work/extract/stock-rootfs/lib/modules/5.4.55/hw_nat.ko	894b91053435a85fa44abb62bfe218c50ffc316f2a2252a75c0d1847f527f200	.rela.text	8033	.text	0x2eca4	0x2eca4	0x2ed04	R_AARCH64_LDST32_ABS_LO12_NC	dsoffload_presetting	1213	1	STT_NOTYPE	SHN_UNDEF	0x0	0x0			hwnat_set_rule_according_to_state	0x2e840	0x464	symbol_size	0x2f320		executable_reference	0xb9400000
.local/legacy-firmware/work/extract/stock-rootfs/lib/modules/5.4.55/hw_nat.ko	894b91053435a85fa44abb62bfe218c50ffc316f2a2252a75c0d1847f527f200	.rela.text	8047	.text	0x2ee1c	0x2ee1c	0x2ee7c	R_AARCH64_ADR_PREL_PG_HI21	dsoffload_presetting	1213	1	STT_NOTYPE	SHN_UNDEF	0x0	0x0			hwnat_set_rule_according_to_state	0x2e840	0x5dc	symbol_size	0x2f320		executable_reference	0x90000000
.local/legacy-firmware/work/extract/stock-rootfs/lib/modules/5.4.55/hw_nat.ko	894b91053435a85fa44abb62bfe218c50ffc316f2a2252a75c0d1847f527f200	.rela.text	8048	.text	0x2ee20	0x2ee20	0x2ee80	R_AARCH64_LDST32_ABS_LO12_NC	dsoffload_presetting	1213	1	STT_NOTYPE	SHN_UNDEF	0x0	0x0			hwnat_set_rule_according_to_state	0x2e840	0x5e0	symbol_size	0x2f320		executable_reference	0xb9400000
.local/legacy-firmware/work/extract/stock-rootfs/lib/modules/5.4.55/hw_nat.ko	894b91053435a85fa44abb62bfe218c50ffc316f2a2252a75c0d1847f527f200	.rela.text	8076	.text	0x2f174	0x2f174	0x2f1d4	R_AARCH64_ADR_PREL_PG_HI21	dsoffload_presetting	1213	1	STT_NOTYPE	SHN_UNDEF	0x0	0x0			hwnat_set_rule_according_to_state	0x2e840	0x934	symbol_size	0x2f320		executable_reference	0x90000000
.local/legacy-firmware/work/extract/stock-rootfs/lib/modules/5.4.55/hw_nat.ko	894b91053435a85fa44abb62bfe218c50ffc316f2a2252a75c0d1847f527f200	.rela.text	8077	.text	0x2f178	0x2f178	0x2f1d8	R_AARCH64_LDST32_ABS_LO12_NC	dsoffload_presetting	1213	1	STT_NOTYPE	SHN_UNDEF	0x0	0x0			hwnat_set_rule_according_to_state	0x2e840	0x938	symbol_size	0x2f320		executable_reference	0xb9400000
.local/legacy-firmware/work/extract/stock-rootfs/lib/modules/5.4.55/hw_nat.ko	894b91053435a85fa44abb62bfe218c50ffc316f2a2252a75c0d1847f527f200	.rela.text	9424	.text	0x36424	0x36424	0x36484	R_AARCH64_ADR_PREL_PG_HI21	dsoffload_presetting	1213	1	STT_NOTYPE	SHN_UNDEF	0x0	0x0			ecnt_ppe_tx_hanlder_start_hook	0x363e0	0x44	symbol_size	0x36648		executable_reference	0x90000000
.local/legacy-firmware/work/extract/stock-rootfs/lib/modules/5.4.55/hw_nat.ko	894b91053435a85fa44abb62bfe218c50ffc316f2a2252a75c0d1847f527f200	.rela.text	9425	.text	0x36428	0x36428	0x36488	R_AARCH64_LDST32_ABS_LO12_NC	dsoffload_presetting	1213	1	STT_NOTYPE	SHN_UNDEF	0x0	0x0			ecnt_ppe_tx_hanlder_start_hook	0x363e0	0x48	symbol_size	0x36648		executable_reference	0xb9400000
.local/legacy-firmware/work/extract/stock-rootfs/lib/modules/5.4.55/hw_nat.ko	894b91053435a85fa44abb62bfe218c50ffc316f2a2252a75c0d1847f527f200	.rela.text	9564	.text	0x37274	0x37274	0x372d4	R_AARCH64_CALL26	ecnt_hwnat_npu_init	513	0	STT_FUNC	.text	0x38e00	0x0	ecnt_hwnat_npu_init	0x38e00	ecnt_hwnat_adp_init	0x37250	0x24	symbol_size	0x372a0		direct_call_BL	0x94000000
.local/legacy-firmware/work/extract/stock-rootfs/lib/modules/5.4.55/hw_nat.ko	894b91053435a85fa44abb62bfe218c50ffc316f2a2252a75c0d1847f527f200	.rela.text	9583	.text	0x372d0	0x372d0	0x37330	R_AARCH64_CALL26	ecnt_hwnat_npu_deinit	812	0	STT_FUNC	.text	0x38f80	0x0	ecnt_hwnat_npu_deinit	0x38f80	ecnt_hwnat_adp_deinit	0x372a0	0x30	symbol_size	0x372e0		direct_call_BL	0x94000000
.local/legacy-firmware/work/extract/stock-rootfs/lib/modules/5.4.55/hw_nat.ko	894b91053435a85fa44abb62bfe218c50ffc316f2a2252a75c0d1847f527f200	.rela.text	9611	.text	0x37548	0x37548	0x375a8	R_AARCH64_CALL26	host_notify_npuMbox	1004	1	STT_NOTYPE	SHN_UNDEF	0x0	0x0			unnamed@.text+0x37490	0x37490	0xb8	eh_frame_FDE	0x3759c	0x99c8	direct_call_BL	0x94000000
.local/legacy-firmware/work/extract/stock-rootfs/lib/modules/5.4.55/hw_nat.ko	894b91053435a85fa44abb62bfe218c50ffc316f2a2252a75c0d1847f527f200	.rela.text	9633	.text	0x377f0	0x377f0	0x37850	R_AARCH64_CALL26	host_notify_npuMbox	1004	1	STT_NOTYPE	SHN_UNDEF	0x0	0x0			unnamed@.text+0x37740	0x37740	0xb0	eh_frame_FDE	0x37844	0x9a60	direct_call_BL	0x94000000
.local/legacy-firmware/work/extract/stock-rootfs/lib/modules/5.4.55/hw_nat.ko	894b91053435a85fa44abb62bfe218c50ffc316f2a2252a75c0d1847f527f200	.rela.text	9647	.text	0x379f8	0x379f8	0x37a58	R_AARCH64_CALL26	host_notify_npuMbox	1004	1	STT_NOTYPE	SHN_UNDEF	0x0	0x0			ecnt_hwnat_npu_check_vxlan_hdr_list	0x37844	0x1b4	symbol_size	0x37a60		direct_call_BL	0x94000000
.local/legacy-firmware/work/extract/stock-rootfs/lib/modules/5.4.55/hw_nat.ko	894b91053435a85fa44abb62bfe218c50ffc316f2a2252a75c0d1847f527f200	.rela.text	9674	.text	0x37d18	0x37d18	0x37d78	R_AARCH64_CALL26	host_notify_npuMbox	1004	1	STT_NOTYPE	SHN_UNDEF	0x0	0x0			unnamed@.text+0x37c14	0x37c14	0x104	eh_frame_FDE	0x37da8	0x9b0c	direct_call_BL	0x94000000
.local/legacy-firmware/work/extract/stock-rootfs/lib/modules/5.4.55/hw_nat.ko	894b91053435a85fa44abb62bfe218c50ffc316f2a2252a75c0d1847f527f200	.rela.text	9802	.text	0x38518	0x38518	0x38578	R_AARCH64_CALL26	host_notify_npuMbox	1004	1	STT_NOTYPE	SHN_UNDEF	0x0	0x0			unnamed@.text+0x382d4	0x382d4	0x244	eh_frame_FDE	0x3858c	0x9bac	direct_call_BL	0x94000000
.local/legacy-firmware/work/extract/stock-rootfs/lib/modules/5.4.55/hw_nat.ko	894b91053435a85fa44abb62bfe218c50ffc316f2a2252a75c0d1847f527f200	.rela.text	9830	.text	0x387f0	0x387f0	0x38850	R_AARCH64_CALL26	ecnt_hwnat_npu_srv6_hdr_structure	857	0	STT_FUNC	.text	0x38590	0x0	ecnt_hwnat_npu_srv6_hdr_structure	0x38590	unnamed@.text+0x386f0	0x386f0	0x100	eh_frame_FDE	0x38c64	0x9c50	direct_call_BL	0x94000000
.local/legacy-firmware/work/extract/stock-rootfs/lib/modules/5.4.55/hw_nat.ko	894b91053435a85fa44abb62bfe218c50ffc316f2a2252a75c0d1847f527f200	.rela.text	9851	.text	0x38990	0x38990	0x389f0	R_AARCH64_CALL26	host_notify_npuMbox	1004	1	STT_NOTYPE	SHN_UNDEF	0x0	0x0			unnamed@.text+0x386f0	0x386f0	0x2a0	eh_frame_FDE	0x38c64	0x9c50	direct_call_BL	0x94000000
.local/legacy-firmware/work/extract/stock-rootfs/lib/modules/5.4.55/hw_nat.ko	894b91053435a85fa44abb62bfe218c50ffc316f2a2252a75c0d1847f527f200	.rela.text	9886	.text	0x38bac	0x38bac	0x38c0c	R_AARCH64_CALL26	host_notify_npuMbox	1004	1	STT_NOTYPE	SHN_UNDEF	0x0	0x0			unnamed@.text+0x386f0	0x386f0	0x4bc	eh_frame_FDE	0x38c64	0x9c50	direct_call_BL	0x94000000
.local/legacy-firmware/work/extract/stock-rootfs/lib/modules/5.4.55/hw_nat.ko	894b91053435a85fa44abb62bfe218c50ffc316f2a2252a75c0d1847f527f200	.rela.text	9909	.text	0x38e00	0x38e00	0x38e60	R_AARCH64_ADR_PREL_PG_HI21	TCSUPPORT_NPU_MVAL	1193	1	STT_NOTYPE	SHN_UNDEF	0x0	0x0			ecnt_hwnat_npu_init	0x38e00	0x0	symbol_size	0x38f78		executable_reference	0x90000000
.local/legacy-firmware/work/extract/stock-rootfs/lib/modules/5.4.55/hw_nat.ko	894b91053435a85fa44abb62bfe218c50ffc316f2a2252a75c0d1847f527f200	.rela.text	9910	.text	0x38e04	0x38e04	0x38e64	R_AARCH64_LDST32_ABS_LO12_NC	TCSUPPORT_NPU_MVAL	1193	1	STT_NOTYPE	SHN_UNDEF	0x0	0x0			ecnt_hwnat_npu_init	0x38e00	0x4	symbol_size	0x38f78		executable_reference	0xb9400000
.local/legacy-firmware/work/extract/stock-rootfs/lib/modules/5.4.55/hw_nat.ko	894b91053435a85fa44abb62bfe218c50ffc316f2a2252a75c0d1847f527f200	.rela.text	9948	.text	0x38f2c	0x38f2c	0x38f8c	R_AARCH64_ADR_PREL_PG_HI21	ra_sw_nat_npu_offload_vxlan_enable	1137	1	STT_NOTYPE	SHN_UNDEF	0x0	0x0			ecnt_hwnat_npu_init	0x38e00	0x12c	symbol_size	0x38f78		executable_reference	0x90000005
.local/legacy-firmware/work/extract/stock-rootfs/lib/modules/5.4.55/hw_nat.ko	894b91053435a85fa44abb62bfe218c50ffc316f2a2252a75c0d1847f527f200	.rela.text	9949	.text	0x38f30	0x38f30	0x38f90	R_AARCH64_ADR_PREL_PG_HI21	ra_sw_nat_npu_store_vxlan_hdr	1222	1	STT_NOTYPE	SHN_UNDEF	0x0	0x0			ecnt_hwnat_npu_init	0x38e00	0x130	symbol_size	0x38f78		executable_reference	0x90000004
.local/legacy-firmware/work/extract/stock-rootfs/lib/modules/5.4.55/hw_nat.ko	894b91053435a85fa44abb62bfe218c50ffc316f2a2252a75c0d1847f527f200	.rela.text	9950	.text	0x38f34	0x38f34	0x38f94	R_AARCH64_ADR_PREL_PG_HI21	ra_sw_nat_restore_npu_pingpong_info	948	1	STT_NOTYPE	SHN_UNDEF	0x0	0x0			ecnt_hwnat_npu_init	0x38e00	0x134	symbol_size	0x38f78		executable_reference	0x90000003
.local/legacy-firmware/work/extract/stock-rootfs/lib/modules/5.4.55/hw_nat.ko	894b91053435a85fa44abb62bfe218c50ffc316f2a2252a75c0d1847f527f200	.rela.text	9951	.text	0x38f38	0x38f38	0x38f98	R_AARCH64_ADR_PREL_PG_HI21	ra_sw_nat_npu_check_vxlan_hdr_list_hook	1175	1	STT_NOTYPE	SHN_UNDEF	0x0	0x0			ecnt_hwnat_npu_init	0x38e00	0x138	symbol_size	0x38f78		executable_reference	0x90000002
.local/legacy-firmware/work/extract/stock-rootfs/lib/modules/5.4.55/hw_nat.ko	894b91053435a85fa44abb62bfe218c50ffc316f2a2252a75c0d1847f527f200	.rela.text	9953	.text	0x38f40	0x38f40	0x38fa0	R_AARCH64_ADR_PREL_PG_HI21	ecnt_hwnat_npu_store_vxlan_hdr	796	0	STT_FUNC	.text	0x375a0	0x0	ecnt_hwnat_npu_store_vxlan_hdr	0x375a0	ecnt_hwnat_npu_init	0x38e00	0x140	symbol_size	0x38f78		executable_reference	0x90000000
.local/legacy-firmware/work/extract/stock-rootfs/lib/modules/5.4.55/hw_nat.ko	894b91053435a85fa44abb62bfe218c50ffc316f2a2252a75c0d1847f527f200	.rela.text	9955	.text	0x38f48	0x38f48	0x38fa8	R_AARCH64_ADD_ABS_LO12_NC	ecnt_hwnat_npu_store_vxlan_hdr	796	0	STT_FUNC	.text	0x375a0	0x0	ecnt_hwnat_npu_store_vxlan_hdr	0x375a0	ecnt_hwnat_npu_init	0x38e00	0x148	symbol_size	0x38f78		executable_reference	0x91000000
.local/legacy-firmware/work/extract/stock-rootfs/lib/modules/5.4.55/hw_nat.ko	894b91053435a85fa44abb62bfe218c50ffc316f2a2252a75c0d1847f527f200	.rela.text	9956	.text	0x38f4c	0x38f4c	0x38fac	R_AARCH64_LDST64_ABS_LO12_NC	ra_sw_nat_npu_offload_vxlan_enable	1137	1	STT_NOTYPE	SHN_UNDEF	0x0	0x0			ecnt_hwnat_npu_init	0x38e00	0x14c	symbol_size	0x38f78		executable_reference	0xf90000a1
.local/legacy-firmware/work/extract/stock-rootfs/lib/modules/5.4.55/hw_nat.ko	894b91053435a85fa44abb62bfe218c50ffc316f2a2252a75c0d1847f527f200	.rela.text	9958	.text	0x38f54	0x38f54	0x38fb4	R_AARCH64_LDST64_ABS_LO12_NC	ra_sw_nat_npu_store_vxlan_hdr	1222	1	STT_NOTYPE	SHN_UNDEF	0x0	0x0			ecnt_hwnat_npu_init	0x38e00	0x154	symbol_size	0x38f78		executable_reference	0xf9000080
.local/legacy-firmware/work/extract/stock-rootfs/lib/modules/5.4.55/hw_nat.ko	894b91053435a85fa44abb62bfe218c50ffc316f2a2252a75c0d1847f527f200	.rela.text	9960	.text	0x38f5c	0x38f5c	0x38fbc	R_AARCH64_ADR_PREL_PG_HI21	ecnt_hwnat_npu_check_vxlan_hdr_list	676	0	STT_FUNC	.text	0x37844	0x0	ecnt_hwnat_npu_check_vxlan_hdr_list	0x37844	ecnt_hwnat_npu_init	0x38e00	0x15c	symbol_size	0x38f78		executable_reference	0x90000000
.local/legacy-firmware/work/extract/stock-rootfs/lib/modules/5.4.55/hw_nat.ko	894b91053435a85fa44abb62bfe218c50ffc316f2a2252a75c0d1847f527f200	.rela.text	9961	.text	0x38f60	0x38f60	0x38fc0	R_AARCH64_LDST64_ABS_LO12_NC	ra_sw_nat_restore_npu_pingpong_info	948	1	STT_NOTYPE	SHN_UNDEF	0x0	0x0			ecnt_hwnat_npu_init	0x38e00	0x160	symbol_size	0x38f78		executable_reference	0xf9000061
.local/legacy-firmware/work/extract/stock-rootfs/lib/modules/5.4.55/hw_nat.ko	894b91053435a85fa44abb62bfe218c50ffc316f2a2252a75c0d1847f527f200	.rela.text	9962	.text	0x38f64	0x38f64	0x38fc4	R_AARCH64_ADD_ABS_LO12_NC	ecnt_hwnat_npu_check_vxlan_hdr_list	676	0	STT_FUNC	.text	0x37844	0x0	ecnt_hwnat_npu_check_vxlan_hdr_list	0x37844	ecnt_hwnat_npu_init	0x38e00	0x164	symbol_size	0x38f78		executable_reference	0x91000000
.local/legacy-firmware/work/extract/stock-rootfs/lib/modules/5.4.55/hw_nat.ko	894b91053435a85fa44abb62bfe218c50ffc316f2a2252a75c0d1847f527f200	.rela.text	9963	.text	0x38f68	0x38f68	0x38fc8	R_AARCH64_LDST64_ABS_LO12_NC	ra_sw_nat_npu_check_vxlan_hdr_list_hook	1175	1	STT_NOTYPE	SHN_UNDEF	0x0	0x0			ecnt_hwnat_npu_init	0x38e00	0x168	symbol_size	0x38f78		executable_reference	0xf9000040
.local/legacy-firmware/work/extract/stock-rootfs/lib/modules/5.4.55/hw_nat.ko	894b91053435a85fa44abb62bfe218c50ffc316f2a2252a75c0d1847f527f200	.rela.text	9964	.text	0x38f80	0x38f80	0x38fe0	R_AARCH64_ADR_PREL_PG_HI21	TCSUPPORT_NPU_MVAL	1193	1	STT_NOTYPE	SHN_UNDEF	0x0	0x0			ecnt_hwnat_npu_deinit	0x38f80	0x0	symbol_size	0x39020		executable_reference	0x90000000
.local/legacy-firmware/work/extract/stock-rootfs/lib/modules/5.4.55/hw_nat.ko	894b91053435a85fa44abb62bfe218c50ffc316f2a2252a75c0d1847f527f200	.rela.text	9965	.text	0x38f84	0x38f84	0x38fe4	R_AARCH64_LDST32_ABS_LO12_NC	TCSUPPORT_NPU_MVAL	1193	1	STT_NOTYPE	SHN_UNDEF	0x0	0x0			ecnt_hwnat_npu_deinit	0x38f80	0x4	symbol_size	0x39020		executable_reference	0xb9400000
.local/legacy-firmware/work/extract/stock-rootfs/lib/modules/5.4.55/hw_nat.ko	894b91053435a85fa44abb62bfe218c50ffc316f2a2252a75c0d1847f527f200	.rela.text	9984	.text	0x38ff8	0x38ff8	0x39058	R_AARCH64_ADR_PREL_PG_HI21	ra_sw_nat_npu_offload_vxlan_enable	1137	1	STT_NOTYPE	SHN_UNDEF	0x0	0x0			ecnt_hwnat_npu_deinit	0x38f80	0x78	symbol_size	0x39020		executable_reference	0x90000003
.local/legacy-firmware/work/extract/stock-rootfs/lib/modules/5.4.55/hw_nat.ko	894b91053435a85fa44abb62bfe218c50ffc316f2a2252a75c0d1847f527f200	.rela.text	9985	.text	0x38ffc	0x38ffc	0x3905c	R_AARCH64_ADR_PREL_PG_HI21	ra_sw_nat_npu_store_vxlan_hdr	1222	1	STT_NOTYPE	SHN_UNDEF	0x0	0x0			ecnt_hwnat_npu_deinit	0x38f80	0x7c	symbol_size	0x39020		executable_reference	0x90000002
.local/legacy-firmware/work/extract/stock-rootfs/lib/modules/5.4.55/hw_nat.ko	894b91053435a85fa44abb62bfe218c50ffc316f2a2252a75c0d1847f527f200	.rela.text	9986	.text	0x39000	0x39000	0x39060	R_AARCH64_ADR_PREL_PG_HI21	ra_sw_nat_restore_npu_pingpong_info	948	1	STT_NOTYPE	SHN_UNDEF	0x0	0x0			ecnt_hwnat_npu_deinit	0x38f80	0x80	symbol_size	0x39020		executable_reference	0x90000001
.local/legacy-firmware/work/extract/stock-rootfs/lib/modules/5.4.55/hw_nat.ko	894b91053435a85fa44abb62bfe218c50ffc316f2a2252a75c0d1847f527f200	.rela.text	9987	.text	0x39004	0x39004	0x39064	R_AARCH64_ADR_PREL_PG_HI21	ra_sw_nat_npu_check_vxlan_hdr_list_hook	1175	1	STT_NOTYPE	SHN_UNDEF	0x0	0x0			ecnt_hwnat_npu_deinit	0x38f80	0x84	symbol_size	0x39020		executable_reference	0x90000000
.local/legacy-firmware/work/extract/stock-rootfs/lib/modules/5.4.55/hw_nat.ko	894b91053435a85fa44abb62bfe218c50ffc316f2a2252a75c0d1847f527f200	.rela.text	9988	.text	0x3900c	0x3900c	0x3906c	R_AARCH64_LDST64_ABS_LO12_NC	ra_sw_nat_npu_offload_vxlan_enable	1137	1	STT_NOTYPE	SHN_UNDEF	0x0	0x0			ecnt_hwnat_npu_deinit	0x38f80	0x8c	symbol_size	0x39020		executable_reference	0xf900007f
.local/legacy-firmware/work/extract/stock-rootfs/lib/modules/5.4.55/hw_nat.ko	894b91053435a85fa44abb62bfe218c50ffc316f2a2252a75c0d1847f527f200	.rela.text	9989	.text	0x39010	0x39010	0x39070	R_AARCH64_LDST64_ABS_LO12_NC	ra_sw_nat_npu_store_vxlan_hdr	1222	1	STT_NOTYPE	SHN_UNDEF	0x0	0x0			ecnt_hwnat_npu_deinit	0x38f80	0x90	symbol_size	0x39020		executable_reference	0xf900005f
.local/legacy-firmware/work/extract/stock-rootfs/lib/modules/5.4.55/hw_nat.ko	894b91053435a85fa44abb62bfe218c50ffc316f2a2252a75c0d1847f527f200	.rela.text	9990	.text	0x39014	0x39014	0x39074	R_AARCH64_LDST64_ABS_LO12_NC	ra_sw_nat_restore_npu_pingpong_info	948	1	STT_NOTYPE	SHN_UNDEF	0x0	0x0			ecnt_hwnat_npu_deinit	0x38f80	0x94	symbol_size	0x39020		executable_reference	0xf900003f
.local/legacy-firmware/work/extract/stock-rootfs/lib/modules/5.4.55/hw_nat.ko	894b91053435a85fa44abb62bfe218c50ffc316f2a2252a75c0d1847f527f200	.rela.text	9991	.text	0x39018	0x39018	0x39078	R_AARCH64_LDST64_ABS_LO12_NC	ra_sw_nat_npu_check_vxlan_hdr_list_hook	1175	1	STT_NOTYPE	SHN_UNDEF	0x0	0x0			ecnt_hwnat_npu_deinit	0x38f80	0x98	symbol_size	0x39020		executable_reference	0xf900001f
.local/legacy-firmware/work/extract/stock-rootfs/lib/modules/5.4.55/hw_nat.ko	894b91053435a85fa44abb62bfe218c50ffc316f2a2252a75c0d1847f527f200	.rela.text	10530	.text	0x3ce3c	0x3ce3c	0x3ce9c	R_AARCH64_ADR_PREL_PG_HI21	dsoffload_presetting	1213	1	STT_NOTYPE	SHN_UNDEF	0x0	0x0			PpeParseL2Info	0x3cca0	0x19c	symbol_size	0x3d198		executable_reference	0x90000001
.local/legacy-firmware/work/extract/stock-rootfs/lib/modules/5.4.55/hw_nat.ko	894b91053435a85fa44abb62bfe218c50ffc316f2a2252a75c0d1847f527f200	.rela.text	10531	.text	0x3ce40	0x3ce40	0x3cea0	R_AARCH64_LDST32_ABS_LO12_NC	dsoffload_presetting	1213	1	STT_NOTYPE	SHN_UNDEF	0x0	0x0			PpeParseL2Info	0x3cca0	0x1a0	symbol_size	0x3d198		executable_reference	0xb9400021
.local/legacy-firmware/work/extract/stock-rootfs/lib/modules/5.4.55/hw_nat.ko	894b91053435a85fa44abb62bfe218c50ffc316f2a2252a75c0d1847f527f200	.rela.text	10535	.text	0x3ce74	0x3ce74	0x3ced4	R_AARCH64_ADR_PREL_PG_HI21	dsoffload_presetting	1213	1	STT_NOTYPE	SHN_UNDEF	0x0	0x0			PpeParseL2Info	0x3cca0	0x1d4	symbol_size	0x3d198		executable_reference	0x90000000
.local/legacy-firmware/work/extract/stock-rootfs/lib/modules/5.4.55/hw_nat.ko	894b91053435a85fa44abb62bfe218c50ffc316f2a2252a75c0d1847f527f200	.rela.text	10536	.text	0x3ce7c	0x3ce7c	0x3cedc	R_AARCH64_LDST32_ABS_LO12_NC	dsoffload_presetting	1213	1	STT_NOTYPE	SHN_UNDEF	0x0	0x0			PpeParseL2Info	0x3cca0	0x1dc	symbol_size	0x3d198		executable_reference	0xb9400000
.local/legacy-firmware/work/extract/stock-rootfs/lib/modules/5.4.55/hw_nat.ko	894b91053435a85fa44abb62bfe218c50ffc316f2a2252a75c0d1847f527f200	.rela.text	10607	.text	0x3d208	0x3d208	0x3d268	R_AARCH64_ADR_PREL_PG_HI21	dsoffload_presetting	1213	1	STT_NOTYPE	SHN_UNDEF	0x0	0x0			PpeParse6rdInfo	0x3d1a0	0x68	symbol_size	0x3d2b4		executable_reference	0x90000000
.local/legacy-firmware/work/extract/stock-rootfs/lib/modules/5.4.55/hw_nat.ko	894b91053435a85fa44abb62bfe218c50ffc316f2a2252a75c0d1847f527f200	.rela.text	10608	.text	0x3d20c	0x3d20c	0x3d26c	R_AARCH64_LDST32_ABS_LO12_NC	dsoffload_presetting	1213	1	STT_NOTYPE	SHN_UNDEF	0x0	0x0			PpeParse6rdInfo	0x3d1a0	0x6c	symbol_size	0x3d2b4		executable_reference	0xb9400000
.local/legacy-firmware/work/extract/stock-rootfs/lib/modules/5.4.55/hw_nat.ko	894b91053435a85fa44abb62bfe218c50ffc316f2a2252a75c0d1847f527f200	.rela.text	10616	.text	0x3d26c	0x3d26c	0x3d2cc	R_AARCH64_ADR_PREL_PG_HI21	dsoffload_presetting	1213	1	STT_NOTYPE	SHN_UNDEF	0x0	0x0			PpeParse6rdInfo	0x3d1a0	0xcc	symbol_size	0x3d2b4		executable_reference	0x90000001
.local/legacy-firmware/work/extract/stock-rootfs/lib/modules/5.4.55/hw_nat.ko	894b91053435a85fa44abb62bfe218c50ffc316f2a2252a75c0d1847f527f200	.rela.text	10617	.text	0x3d270	0x3d270	0x3d2d0	R_AARCH64_LDST32_ABS_LO12_NC	dsoffload_presetting	1213	1	STT_NOTYPE	SHN_UNDEF	0x0	0x0			PpeParse6rdInfo	0x3d1a0	0xd0	symbol_size	0x3d2b4		executable_reference	0xb9400021
.local/legacy-firmware/work/extract/stock-rootfs/lib/modules/5.4.55/hw_nat.ko	894b91053435a85fa44abb62bfe218c50ffc316f2a2252a75c0d1847f527f200	.rela.text	10843	.text	0x3e034	0x3e034	0x3e094	R_AARCH64_ADR_PREL_PG_HI21	dsoffload_presetting	1213	1	STT_NOTYPE	SHN_UNDEF	0x0	0x0			PpeParseL4V4Info	0x3df90	0xa4	symbol_size	0x3e3d0		executable_reference	0x90000000
.local/legacy-firmware/work/extract/stock-rootfs/lib/modules/5.4.55/hw_nat.ko	894b91053435a85fa44abb62bfe218c50ffc316f2a2252a75c0d1847f527f200	.rela.text	10844	.text	0x3e038	0x3e038	0x3e098	R_AARCH64_LDST32_ABS_LO12_NC	dsoffload_presetting	1213	1	STT_NOTYPE	SHN_UNDEF	0x0	0x0			PpeParseL4V4Info	0x3df90	0xa8	symbol_size	0x3e3d0		executable_reference	0xb9400000
.local/legacy-firmware/work/extract/stock-rootfs/lib/modules/5.4.55/hw_nat.ko	894b91053435a85fa44abb62bfe218c50ffc316f2a2252a75c0d1847f527f200	.rela.text	10854	.text	0x3e0f0	0x3e0f0	0x3e150	R_AARCH64_ADR_PREL_PG_HI21	dsoffload_presetting	1213	1	STT_NOTYPE	SHN_UNDEF	0x0	0x0			PpeParseL4V4Info	0x3df90	0x160	symbol_size	0x3e3d0		executable_reference	0x90000000
.local/legacy-firmware/work/extract/stock-rootfs/lib/modules/5.4.55/hw_nat.ko	894b91053435a85fa44abb62bfe218c50ffc316f2a2252a75c0d1847f527f200	.rela.text	10855	.text	0x3e0f4	0x3e0f4	0x3e154	R_AARCH64_LDST32_ABS_LO12_NC	dsoffload_presetting	1213	1	STT_NOTYPE	SHN_UNDEF	0x0	0x0			PpeParseL4V4Info	0x3df90	0x164	symbol_size	0x3e3d0		executable_reference	0xb9400000
.local/legacy-firmware/work/extract/stock-rootfs/lib/modules/5.4.55/hw_nat.ko	894b91053435a85fa44abb62bfe218c50ffc316f2a2252a75c0d1847f527f200	.rela.text	10915	.text	0x3e440	0x3e440	0x3e4a0	R_AARCH64_ADR_PREL_PG_HI21	dsoffload_presetting	1213	1	STT_NOTYPE	SHN_UNDEF	0x0	0x0			PpeParseL4V6Info	0x3e3d0	0x70	symbol_size	0x3e54c		executable_reference	0x90000000
.local/legacy-firmware/work/extract/stock-rootfs/lib/modules/5.4.55/hw_nat.ko	894b91053435a85fa44abb62bfe218c50ffc316f2a2252a75c0d1847f527f200	.rela.text	10916	.text	0x3e444	0x3e444	0x3e4a4	R_AARCH64_LDST32_ABS_LO12_NC	dsoffload_presetting	1213	1	STT_NOTYPE	SHN_UNDEF	0x0	0x0			PpeParseL4V6Info	0x3e3d0	0x74	symbol_size	0x3e54c		executable_reference	0xb9400000
.local/legacy-firmware/work/extract/stock-rootfs/lib/modules/5.4.55/hw_nat.ko	894b91053435a85fa44abb62bfe218c50ffc316f2a2252a75c0d1847f527f200	.rela.text	10927	.text	0x3e4dc	0x3e4dc	0x3e53c	R_AARCH64_ADR_PREL_PG_HI21	dsoffload_presetting	1213	1	STT_NOTYPE	SHN_UNDEF	0x0	0x0			PpeParseL4V6Info	0x3e3d0	0x10c	symbol_size	0x3e54c		executable_reference	0x90000001
.local/legacy-firmware/work/extract/stock-rootfs/lib/modules/5.4.55/hw_nat.ko	894b91053435a85fa44abb62bfe218c50ffc316f2a2252a75c0d1847f527f200	.rela.text	10928	.text	0x3e4e0	0x3e4e0	0x3e540	R_AARCH64_LDST32_ABS_LO12_NC	dsoffload_presetting	1213	1	STT_NOTYPE	SHN_UNDEF	0x0	0x0			PpeParseL4V6Info	0x3e3d0	0x110	symbol_size	0x3e54c		executable_reference	0xb9400021
.local/legacy-firmware/work/extract/stock-rootfs/lib/modules/5.4.55/hw_nat.ko	894b91053435a85fa44abb62bfe218c50ffc316f2a2252a75c0d1847f527f200	.rela.text	11342	.text	0x409e0	0x409e0	0x40a40	R_AARCH64_ADR_PREL_PG_HI21	npu_tunnel_offload_proto	776	0	STT_OBJECT	.bss	0x30bd0	0x0		0x30bd0	PpeSetExtIfNum	0x409a0	0x40	symbol_size	0x41388		executable_reference	0x90000000
.local/legacy-firmware/work/extract/stock-rootfs/lib/modules/5.4.55/hw_nat.ko	894b91053435a85fa44abb62bfe218c50ffc316f2a2252a75c0d1847f527f200	.rela.text	11343	.text	0x409e4	0x409e4	0x40a44	R_AARCH64_LDST32_ABS_LO12_NC	npu_tunnel_offload_proto	776	0	STT_OBJECT	.bss	0x30bd0	0x0		0x30bd0	PpeSetExtIfNum	0x409a0	0x44	symbol_size	0x41388		executable_reference	0xb9400015
.local/legacy-firmware/work/extract/stock-rootfs/lib/modules/5.4.55/hw_nat.ko	894b91053435a85fa44abb62bfe218c50ffc316f2a2252a75c0d1847f527f200	.rela.text	11372	.text	0x40bd0	0x40bd0	0x40c30	R_AARCH64_ADR_PREL_PG_HI21	dsoffload_presetting	1213	1	STT_NOTYPE	SHN_UNDEF	0x0	0x0			PpeSetExtIfNum	0x409a0	0x230	symbol_size	0x41388		executable_reference	0x90000000
.local/legacy-firmware/work/extract/stock-rootfs/lib/modules/5.4.55/hw_nat.ko	894b91053435a85fa44abb62bfe218c50ffc316f2a2252a75c0d1847f527f200	.rela.text	11373	.text	0x40bd4	0x40bd4	0x40c34	R_AARCH64_LDST32_ABS_LO12_NC	dsoffload_presetting	1213	1	STT_NOTYPE	SHN_UNDEF	0x0	0x0			PpeSetExtIfNum	0x409a0	0x234	symbol_size	0x41388		executable_reference	0xb9400000
.local/legacy-firmware/work/extract/stock-rootfs/lib/modules/5.4.55/hw_nat.ko	894b91053435a85fa44abb62bfe218c50ffc316f2a2252a75c0d1847f527f200	.rela.text	11384	.text	0x40ccc	0x40ccc	0x40d2c	R_AARCH64_ADR_PREL_PG_HI21	TCSUPPORT_NPU_MVAL	1193	1	STT_NOTYPE	SHN_UNDEF	0x0	0x0			PpeSetExtIfNum	0x409a0	0x32c	symbol_size	0x41388		executable_reference	0x90000000
.local/legacy-firmware/work/extract/stock-rootfs/lib/modules/5.4.55/hw_nat.ko	894b91053435a85fa44abb62bfe218c50ffc316f2a2252a75c0d1847f527f200	.rela.text	11385	.text	0x40cd0	0x40cd0	0x40d30	R_AARCH64_LDST32_ABS_LO12_NC	TCSUPPORT_NPU_MVAL	1193	1	STT_NOTYPE	SHN_UNDEF	0x0	0x0			PpeSetExtIfNum	0x409a0	0x330	symbol_size	0x41388		executable_reference	0xb9400000
.local/legacy-firmware/work/extract/stock-rootfs/lib/modules/5.4.55/hw_nat.ko	894b91053435a85fa44abb62bfe218c50ffc316f2a2252a75c0d1847f527f200	.rela.text	11405	.text	0x41040	0x41040	0x410a0	R_AARCH64_CALL26	ecnt_hwnat_npu_add_session_to_vxlan_hdr_list	387	0	STT_FUNC	.text	0x38c64	0x0	ecnt_hwnat_npu_add_session_to_vxlan_hdr_list	0x38c64	PpeSetExtIfNum	0x409a0	0x6a0	symbol_size	0x41388		direct_call_BL	0x94000000
.local/legacy-firmware/work/extract/stock-rootfs/lib/modules/5.4.55/hw_nat.ko	894b91053435a85fa44abb62bfe218c50ffc316f2a2252a75c0d1847f527f200	.rela.text	11469	.text	0x41848	0x41848	0x418a8	R_AARCH64_ADR_PREL_PG_HI21	TCSUPPORT_NPU_MVAL	1193	1	STT_NOTYPE	SHN_UNDEF	0x0	0x0			PpeSetPortInfo	0x41390	0x4b8	symbol_size	0x42044		executable_reference	0x90000000
.local/legacy-firmware/work/extract/stock-rootfs/lib/modules/5.4.55/hw_nat.ko	894b91053435a85fa44abb62bfe218c50ffc316f2a2252a75c0d1847f527f200	.rela.text	11470	.text	0x4184c	0x4184c	0x418ac	R_AARCH64_LDST32_ABS_LO12_NC	TCSUPPORT_NPU_MVAL	1193	1	STT_NOTYPE	SHN_UNDEF	0x0	0x0			PpeSetPortInfo	0x41390	0x4bc	symbol_size	0x42044		executable_reference	0xb9400000
.local/legacy-firmware/work/extract/stock-rootfs/lib/modules/5.4.55/hw_nat.ko	894b91053435a85fa44abb62bfe218c50ffc316f2a2252a75c0d1847f527f200	.rela.text	11505	.text	0x41d14	0x41d14	0x41d74	R_AARCH64_ADR_PREL_PG_HI21	TCSUPPORT_NPU_MVAL	1193	1	STT_NOTYPE	SHN_UNDEF	0x0	0x0			PpeSetPortInfo	0x41390	0x984	symbol_size	0x42044		executable_reference	0x90000000
.local/legacy-firmware/work/extract/stock-rootfs/lib/modules/5.4.55/hw_nat.ko	894b91053435a85fa44abb62bfe218c50ffc316f2a2252a75c0d1847f527f200	.rela.text	11506	.text	0x41d18	0x41d18	0x41d78	R_AARCH64_LDST32_ABS_LO12_NC	TCSUPPORT_NPU_MVAL	1193	1	STT_NOTYPE	SHN_UNDEF	0x0	0x0			PpeSetPortInfo	0x41390	0x988	symbol_size	0x42044		executable_reference	0xb9400000
.local/legacy-firmware/work/extract/stock-rootfs/lib/modules/5.4.55/hw_nat.ko	894b91053435a85fa44abb62bfe218c50ffc316f2a2252a75c0d1847f527f200	.rela.text	11522	.text	0x420c4	0x420c4	0x42124	R_AARCH64_ADR_PREL_PG_HI21	npu_tunnel_offload_proto	776	0	STT_OBJECT	.bss	0x30bd0	0x0		0x30bd0	PpeSetForcePortInfoOffload	0x42044	0x80	symbol_size	0x4296c		executable_reference	0x90000000
.local/legacy-firmware/work/extract/stock-rootfs/lib/modules/5.4.55/hw_nat.ko	894b91053435a85fa44abb62bfe218c50ffc316f2a2252a75c0d1847f527f200	.rela.text	11523	.text	0x420c8	0x420c8	0x42128	R_AARCH64_LDST32_ABS_LO12_NC	npu_tunnel_offload_proto	776	0	STT_OBJECT	.bss	0x30bd0	0x0		0x30bd0	PpeSetForcePortInfoOffload	0x42044	0x84	symbol_size	0x4296c		executable_reference	0xb940001b
.local/legacy-firmware/work/extract/stock-rootfs/lib/modules/5.4.55/hw_nat.ko	894b91053435a85fa44abb62bfe218c50ffc316f2a2252a75c0d1847f527f200	.rela.text	11526	.text	0x42114	0x42114	0x42174	R_AARCH64_ADR_PREL_PG_HI21	TCSUPPORT_NPU_MVAL	1193	1	STT_NOTYPE	SHN_UNDEF	0x0	0x0			PpeSetForcePortInfoOffload	0x42044	0xd0	symbol_size	0x4296c		executable_reference	0x90000016
.local/legacy-firmware/work/extract/stock-rootfs/lib/modules/5.4.55/hw_nat.ko	894b91053435a85fa44abb62bfe218c50ffc316f2a2252a75c0d1847f527f200	.rela.text	11527	.text	0x42118	0x42118	0x42178	R_AARCH64_LDST32_ABS_LO12_NC	TCSUPPORT_NPU_MVAL	1193	1	STT_NOTYPE	SHN_UNDEF	0x0	0x0			PpeSetForcePortInfoOffload	0x42044	0xd4	symbol_size	0x4296c		executable_reference	0xb94002c0
.local/legacy-firmware/work/extract/stock-rootfs/lib/modules/5.4.55/hw_nat.ko	894b91053435a85fa44abb62bfe218c50ffc316f2a2252a75c0d1847f527f200	.rela.text	11544	.text	0x421f4	0x421f4	0x42254	R_AARCH64_ADR_PREL_PG_HI21	TCSUPPORT_NPU_MVAL	1193	1	STT_NOTYPE	SHN_UNDEF	0x0	0x0			PpeSetForcePortInfoOffload	0x42044	0x1b0	symbol_size	0x4296c		executable_reference	0x90000016
.local/legacy-firmware/work/extract/stock-rootfs/lib/modules/5.4.55/hw_nat.ko	894b91053435a85fa44abb62bfe218c50ffc316f2a2252a75c0d1847f527f200	.rela.text	11545	.text	0x421f8	0x421f8	0x42258	R_AARCH64_LDST32_ABS_LO12_NC	TCSUPPORT_NPU_MVAL	1193	1	STT_NOTYPE	SHN_UNDEF	0x0	0x0			PpeSetForcePortInfoOffload	0x42044	0x1b4	symbol_size	0x4296c		executable_reference	0xb94002c0
.local/legacy-firmware/work/extract/stock-rootfs/lib/modules/5.4.55/hw_nat.ko	894b91053435a85fa44abb62bfe218c50ffc316f2a2252a75c0d1847f527f200	.rela.text	11560	.text	0x42394	0x42394	0x423f4	R_AARCH64_ADR_PREL_PG_HI21	TCSUPPORT_NPU_MVAL	1193	1	STT_NOTYPE	SHN_UNDEF	0x0	0x0			PpeSetForcePortInfoOffload	0x42044	0x350	symbol_size	0x4296c		executable_reference	0x90000001
.local/legacy-firmware/work/extract/stock-rootfs/lib/modules/5.4.55/hw_nat.ko	894b91053435a85fa44abb62bfe218c50ffc316f2a2252a75c0d1847f527f200	.rela.text	11561	.text	0x42398	0x42398	0x423f8	R_AARCH64_LDST32_ABS_LO12_NC	TCSUPPORT_NPU_MVAL	1193	1	STT_NOTYPE	SHN_UNDEF	0x0	0x0			PpeSetForcePortInfoOffload	0x42044	0x354	symbol_size	0x4296c		executable_reference	0xb9400021
.local/legacy-firmware/work/extract/stock-rootfs/lib/modules/5.4.55/hw_nat.ko	894b91053435a85fa44abb62bfe218c50ffc316f2a2252a75c0d1847f527f200	.rela.text	11579	.text	0x42484	0x42484	0x424e4	R_AARCH64_ADR_PREL_PG_HI21	TCSUPPORT_NPU_MVAL	1193	1	STT_NOTYPE	SHN_UNDEF	0x0	0x0			PpeSetForcePortInfoOffload	0x42044	0x440	symbol_size	0x4296c		executable_reference	0x90000016
.local/legacy-firmware/work/extract/stock-rootfs/lib/modules/5.4.55/hw_nat.ko	894b91053435a85fa44abb62bfe218c50ffc316f2a2252a75c0d1847f527f200	.rela.text	11580	.text	0x42488	0x42488	0x424e8	R_AARCH64_LDST32_ABS_LO12_NC	TCSUPPORT_NPU_MVAL	1193	1	STT_NOTYPE	SHN_UNDEF	0x0	0x0			PpeSetForcePortInfoOffload	0x42044	0x444	symbol_size	0x4296c		executable_reference	0xb94002c1
.local/legacy-firmware/work/extract/stock-rootfs/lib/modules/5.4.55/hw_nat.ko	894b91053435a85fa44abb62bfe218c50ffc316f2a2252a75c0d1847f527f200	.rela.text	11585	.text	0x424c0	0x424c0	0x42520	R_AARCH64_LDST32_ABS_LO12_NC	TCSUPPORT_NPU_MVAL	1193	1	STT_NOTYPE	SHN_UNDEF	0x0	0x0			PpeSetForcePortInfoOffload	0x42044	0x47c	symbol_size	0x4296c		executable_reference	0xb94002c0
.local/legacy-firmware/work/extract/stock-rootfs/lib/modules/5.4.55/hw_nat.ko	894b91053435a85fa44abb62bfe218c50ffc316f2a2252a75c0d1847f527f200	.rela.text	11731	.text	0x42e54	0x42e54	0x42eb4	R_AARCH64_ADR_PREL_PG_HI21	dsoffload_presetting	1213	1	STT_NOTYPE	SHN_UNDEF	0x0	0x0			PpeSetForcePortInfoV4	0x429c0	0x494	symbol_size	0x42f0c		executable_reference	0x90000000
.local/legacy-firmware/work/extract/stock-rootfs/lib/modules/5.4.55/hw_nat.ko	894b91053435a85fa44abb62bfe218c50ffc316f2a2252a75c0d1847f527f200	.rela.text	11732	.text	0x42e58	0x42e58	0x42eb8	R_AARCH64_LDST32_ABS_LO12_NC	dsoffload_presetting	1213	1	STT_NOTYPE	SHN_UNDEF	0x0	0x0			PpeSetForcePortInfoV4	0x429c0	0x498	symbol_size	0x42f0c		executable_reference	0xb9400000
.local/legacy-firmware/work/extract/stock-rootfs/lib/modules/5.4.55/hw_nat.ko	894b91053435a85fa44abb62bfe218c50ffc316f2a2252a75c0d1847f527f200	.rela.text	11809	.text	0x43264	0x43264	0x432c4	R_AARCH64_ADR_PREL_PG_HI21	dsoffload_presetting	1213	1	STT_NOTYPE	SHN_UNDEF	0x0	0x0			PpeSetForcePortInfoV6	0x42f10	0x354	symbol_size	0x432cc		executable_reference	0x90000000
.local/legacy-firmware/work/extract/stock-rootfs/lib/modules/5.4.55/hw_nat.ko	894b91053435a85fa44abb62bfe218c50ffc316f2a2252a75c0d1847f527f200	.rela.text	11810	.text	0x43268	0x43268	0x432c8	R_AARCH64_LDST32_ABS_LO12_NC	dsoffload_presetting	1213	1	STT_NOTYPE	SHN_UNDEF	0x0	0x0			PpeSetForcePortInfoV6	0x42f10	0x358	symbol_size	0x432cc		executable_reference	0xb9400000
.local/legacy-firmware/work/extract/stock-rootfs/lib/modules/5.4.55/hw_nat.ko	894b91053435a85fa44abb62bfe218c50ffc316f2a2252a75c0d1847f527f200	.rela.text	12032	.text	0x44ff0	0x44ff0	0x45050	R_AARCH64_ADR_PREL_PG_HI21	dsoffload_presetting	1213	1	STT_NOTYPE	SHN_UNDEF	0x0	0x0			PpeRxHandler	0x44c54	0x39c	symbol_size	0x453dc		executable_reference	0x90000003
.local/legacy-firmware/work/extract/stock-rootfs/lib/modules/5.4.55/hw_nat.ko	894b91053435a85fa44abb62bfe218c50ffc316f2a2252a75c0d1847f527f200	.rela.text	12033	.text	0x44ff4	0x44ff4	0x45054	R_AARCH64_LDST32_ABS_LO12_NC	dsoffload_presetting	1213	1	STT_NOTYPE	SHN_UNDEF	0x0	0x0			PpeRxHandler	0x44c54	0x3a0	symbol_size	0x453dc		executable_reference	0xb9400063
.local/legacy-firmware/work/extract/stock-rootfs/lib/modules/5.4.55/hw_nat.ko	894b91053435a85fa44abb62bfe218c50ffc316f2a2252a75c0d1847f527f200	.rela.text	12329	.text	0x460c0	0x460c0	0x46120	R_AARCH64_ADR_PREL_PG_HI21	hwnat_set_recover_info	402	0	STT_FUNC	.text	0x3a310	0x0	hwnat_set_recover_info	0x3a310	ecnt_hwnat_entry_init	0x45f80	0x140	symbol_size	0x461f8		executable_reference	0x90000001
.local/legacy-firmware/work/extract/stock-rootfs/lib/modules/5.4.55/hw_nat.ko	894b91053435a85fa44abb62bfe218c50ffc316f2a2252a75c0d1847f527f200	.rela.text	12331	.text	0x460c8	0x460c8	0x46128	R_AARCH64_ADD_ABS_LO12_NC	hwnat_set_recover_info	402	0	STT_FUNC	.text	0x3a310	0x0	hwnat_set_recover_info	0x3a310	ecnt_hwnat_entry_init	0x45f80	0x148	symbol_size	0x461f8		executable_reference	0x91000021
.local/legacy-firmware/work/extract/stock-rootfs/lib/modules/5.4.55/hw_nat.ko	894b91053435a85fa44abb62bfe218c50ffc316f2a2252a75c0d1847f527f200	.rela.text	12334	.text	0x460d4	0x460d4	0x46134	R_AARCH64_ADR_PREL_PG_HI21	hwnat_set_recover_info_hook	1228	1	STT_NOTYPE	SHN_UNDEF	0x0	0x0			ecnt_hwnat_entry_init	0x45f80	0x154	symbol_size	0x461f8		executable_reference	0x90000004
.local/legacy-firmware/work/extract/stock-rootfs/lib/modules/5.4.55/hw_nat.ko	894b91053435a85fa44abb62bfe218c50ffc316f2a2252a75c0d1847f527f200	.rela.text	12336	.text	0x460dc	0x460dc	0x4613c	R_AARCH64_LDST64_ABS_LO12_NC	hwnat_set_recover_info_hook	1228	1	STT_NOTYPE	SHN_UNDEF	0x0	0x0			ecnt_hwnat_entry_init	0x45f80	0x15c	symbol_size	0x461f8		executable_reference	0xf9000081
.local/legacy-firmware/work/extract/stock-rootfs/lib/modules/5.4.55/hw_nat.ko	894b91053435a85fa44abb62bfe218c50ffc316f2a2252a75c0d1847f527f200	.rela.text	12388	.text	0x46270	0x46270	0x462d0	R_AARCH64_ADR_PREL_PG_HI21	hwnat_set_recover_info_hook	1228	1	STT_NOTYPE	SHN_UNDEF	0x0	0x0			ecnt_hwnat_entry_deinit	0x46200	0x70	symbol_size	0x46314		executable_reference	0x90000002
.local/legacy-firmware/work/extract/stock-rootfs/lib/modules/5.4.55/hw_nat.ko	894b91053435a85fa44abb62bfe218c50ffc316f2a2252a75c0d1847f527f200	.rela.text	12400	.text	0x462a4	0x462a4	0x46304	R_AARCH64_LDST64_ABS_LO12_NC	hwnat_set_recover_info_hook	1228	1	STT_NOTYPE	SHN_UNDEF	0x0	0x0			ecnt_hwnat_entry_deinit	0x46200	0xa4	symbol_size	0x46314		executable_reference	0xf900005f
.local/legacy-firmware/work/extract/stock-rootfs/lib/modules/5.4.55/hw_nat.ko	894b91053435a85fa44abb62bfe218c50ffc316f2a2252a75c0d1847f527f200	.rela.text.unlikely	78	.text.unlikely	0x990	0x990	0x46d84	R_AARCH64_ADR_PREL_PG_HI21	npu_stat	1115	1	STT_NOTYPE	SHN_UNDEF	0x0	0x0			unnamed@.text.unlikely+0x98c	0x98c	0x4	eh_frame_FDE	0xab0	0xc4	executable_reference	0x90000001
.local/legacy-firmware/work/extract/stock-rootfs/lib/modules/5.4.55/hw_nat.ko	894b91053435a85fa44abb62bfe218c50ffc316f2a2252a75c0d1847f527f200	.rela.text.unlikely	79	.text.unlikely	0x99c	0x99c	0x46d90	R_AARCH64_LDST8_ABS_LO12_NC	npu_stat	1115	1	STT_NOTYPE	SHN_UNDEF	0x0	0x0			unnamed@.text.unlikely+0x98c	0x98c	0x10	eh_frame_FDE	0xab0	0xc4	executable_reference	0x39400037
.local/legacy-firmware/work/extract/stock-rootfs/lib/modules/5.4.55/hw_nat.ko	894b91053435a85fa44abb62bfe218c50ffc316f2a2252a75c0d1847f527f200	.rela.text.unlikely	83	.text.unlikely	0x9c8	0x9c8	0x46dbc	R_AARCH64_CALL26	get_ecnt_npu_dev	1164	1	STT_NOTYPE	SHN_UNDEF	0x0	0x0			unnamed@.text.unlikely+0x98c	0x98c	0x3c	eh_frame_FDE	0xab0	0xc4	direct_call_BL	0x94000000
.local/legacy-firmware/work/extract/stock-rootfs/lib/modules/5.4.55/hw_nat.ko	894b91053435a85fa44abb62bfe218c50ffc316f2a2252a75c0d1847f527f200	.rela.text.unlikely	89	.text.unlikely	0xa54	0xa54	0x46e48	R_AARCH64_CALL26	host_notify_npuMbox	1004	1	STT_NOTYPE	SHN_UNDEF	0x0	0x0			unnamed@.text.unlikely+0x98c	0x98c	0xc8	eh_frame_FDE	0xab0	0xc4	direct_call_BL	0x94000000
.local/legacy-firmware/work/extract/stock-rootfs/lib/modules/5.4.55/hw_nat.ko	894b91053435a85fa44abb62bfe218c50ffc316f2a2252a75c0d1847f527f200	.rela.text.unlikely	96	.text.unlikely	0xa98	0xa98	0x46e8c	R_AARCH64_CALL26	npu_wifi_offload_set_force_to_cpu_flag	1169	1	STT_NOTYPE	SHN_UNDEF	0x0	0x0			unnamed@.text.unlikely+0x98c	0x98c	0x10c	eh_frame_FDE	0xab0	0xc4	direct_call_BL	0x94000000
.local/legacy-firmware/work/extract/stock-rootfs/lib/modules/5.4.55/hw_nat.ko	894b91053435a85fa44abb62bfe218c50ffc316f2a2252a75c0d1847f527f200	.rela.eh_frame	816	.eh_frame	0x9a04	0x9a04	0x601ac	R_AARCH64_PREL32		1	0	STT_SECTION	.text	0x0	0x375a0	ecnt_hwnat_npu_store_vxlan_hdr	0x375a0							data_reference	
.local/legacy-firmware/work/extract/stock-rootfs/lib/modules/5.4.55/hw_nat.ko	894b91053435a85fa44abb62bfe218c50ffc316f2a2252a75c0d1847f527f200	.rela.eh_frame	819	.eh_frame	0x9a9c	0x9a9c	0x60244	R_AARCH64_PREL32		1	0	STT_SECTION	.text	0x0	0x37844	ecnt_hwnat_npu_check_vxlan_hdr_list	0x37844							data_reference	
.local/legacy-firmware/work/extract/stock-rootfs/lib/modules/5.4.55/hw_nat.ko	894b91053435a85fa44abb62bfe218c50ffc316f2a2252a75c0d1847f527f200	.rela.eh_frame	825	.eh_frame	0x9c18	0x9c18	0x603c0	R_AARCH64_PREL32		1	0	STT_SECTION	.text	0x0	0x38590	ecnt_hwnat_npu_srv6_hdr_structure	0x38590							data_reference	
.local/legacy-firmware/work/extract/stock-rootfs/lib/modules/5.4.55/hw_nat.ko	894b91053435a85fa44abb62bfe218c50ffc316f2a2252a75c0d1847f527f200	.rela.eh_frame	827	.eh_frame	0x9cb8	0x9cb8	0x60460	R_AARCH64_PREL32		1	0	STT_SECTION	.text	0x0	0x38c64	ecnt_hwnat_npu_add_session_to_vxlan_hdr_list	0x38c64							data_reference	
.local/legacy-firmware/work/extract/stock-rootfs/lib/modules/5.4.55/hw_nat.ko	894b91053435a85fa44abb62bfe218c50ffc316f2a2252a75c0d1847f527f200	.rela.eh_frame	828	.eh_frame	0x9d04	0x9d04	0x604ac	R_AARCH64_PREL32		1	0	STT_SECTION	.text	0x0	0x38e00	ecnt_hwnat_npu_init	0x38e00							data_reference	
.local/legacy-firmware/work/extract/stock-rootfs/lib/modules/5.4.55/hw_nat.ko	894b91053435a85fa44abb62bfe218c50ffc316f2a2252a75c0d1847f527f200	.rela.eh_frame	829	.eh_frame	0x9d28	0x9d28	0x604d0	R_AARCH64_PREL32		1	0	STT_SECTION	.text	0x0	0x38f80	ecnt_hwnat_npu_deinit	0x38f80							data_reference	
.local/legacy-firmware/work/extract/stock-rootfs/lib/modules/5.4.55/hw_nat.ko	894b91053435a85fa44abb62bfe218c50ffc316f2a2252a75c0d1847f527f200	.rela.eh_frame	856	.eh_frame	0xa190	0xa190	0x60938	R_AARCH64_PREL32		1	0	STT_SECTION	.text	0x0	0x3a310	hwnat_set_recover_info	0x3a310							data_reference	
.local/legacy-firmware/work/extract/stock-rootfs/lib/modules/5.4.55/ip6t_REJECT.ko	8d78462f86cafb9521ca701a7050d2598119cffe81574f1f43955dc78a86fe50	.rela.text	18	.text	0x144	0x144	0x1a4	R_AARCH64_CALL26	nf_send_reset6	27	1	STT_NOTYPE	SHN_UNDEF	0x0	0x0			unnamed@.text+0xb4	0xb4	0x90	eh_frame_FDE	0x184	0x34	direct_call_BL	0x94000000
.local/legacy-firmware/work/extract/stock-rootfs/lib/modules/5.4.55/ipt_REJECT.ko	596ce475192d1e5989c81fbd152ae6bf40f8518d91a13c729029c72ec8e950b8	.rela.text	22	.text	0x170	0x170	0x1d0	R_AARCH64_CALL26	nf_send_reset	29	1	STT_NOTYPE	SHN_UNDEF	0x0	0x0			unnamed@.text+0xb0	0xb0	0xc0	eh_frame_FDE	0x180	0x34	direct_call_BL	0x94000000
.local/legacy-firmware/work/extract/stock-rootfs/lib/modules/5.4.55/mt_wifi.ko	40c8f974ad7317776f602c069c009d1f0d5d939d622ccdee275423fad1e35cb0	.rela.text	1598	.text	0x7d00	0x7d00	0x7d60	R_AARCH64_CALL26	MacTableResetWdev	9576	0	STT_FUNC	.text	0x251290	0x0	MacTableResetWdev	0x251290	APStopByBss	0x7c40	0xc0	symbol_size	0x808c		direct_call_BL	0x94000000
.local/legacy-firmware/work/extract/stock-rootfs/lib/modules/5.4.55/mt_wifi.ko	40c8f974ad7317776f602c069c009d1f0d5d939d622ccdee275423fad1e35cb0	.rela.text	1614	.text	0x7e1c	0x7e1c	0x7e7c	R_AARCH64_CALL26	vow_reset	6547	0	STT_FUNC	.text	0x313c04	0x0	vow_reset	0x313c04	APStopByBss	0x7c40	0x1dc	symbol_size	0x808c		direct_call_BL	0x94000000
.local/legacy-firmware/work/extract/stock-rootfs/lib/modules/5.4.55/mt_wifi.ko	40c8f974ad7317776f602c069c009d1f0d5d939d622ccdee275423fad1e35cb0	.rela.text	1621	.text	0x7e80	0x7e80	0x7ee0	R_AARCH64_CALL26	DfsZeroHandOffRecovery	10478	0	STT_FUNC	.text	0x1f4c70	0x0	DfsZeroHandOffRecovery	0x1f4c70	APStopByBss	0x7c40	0x240	symbol_size	0x808c		direct_call_BL	0x94000000
.local/legacy-firmware/work/extract/stock-rootfs/lib/modules/5.4.55/mt_wifi.ko	40c8f974ad7317776f602c069c009d1f0d5d939d622ccdee275423fad1e35cb0	.rela.text	1890	.text	0x93e0	0x93e0	0x9440	R_AARCH64_CALL26	vow_avg_pkt_len_reset	1499	0	STT_FUNC	.text	0x315200	0x0	vow_avg_pkt_len_reset	0x315200	MacTableMaintenance	0x9280	0x160	symbol_size	0xc5e4		direct_call_BL	0x94000000
.local/legacy-firmware/work/extract/stock-rootfs/lib/modules/5.4.55/mt_wifi.ko	40c8f974ad7317776f602c069c009d1f0d5d939d622ccdee275423fad1e35cb0	.rela.text	1891	.text	0x940c	0x940c	0x946c	R_AARCH64_CALL26	reset_txop_all_txrx_counter	1760	0	STT_FUNC	.text	0x2a1564	0x0	reset_txop_all_txrx_counter	0x2a1564	MacTableMaintenance	0x9280	0x18c	symbol_size	0xc5e4		direct_call_BL	0x94000000
.local/legacy-firmware/work/extract/stock-rootfs/lib/modules/5.4.55/mt_wifi.ko	40c8f974ad7317776f602c069c009d1f0d5d939d622ccdee275423fad1e35cb0	.rela.text	2845	.text	0xf33c	0xf33c	0xf39c	R_AARCH64_CALL26	MultiCastFilterTableReset	6613	0	STT_FUNC	.text	0x2c2f80	0x0	MultiCastFilterTableReset	0x2c2f80	rtmp_ap_exit	0xf0a0	0x29c	symbol_size	0xf398		direct_call_BL	0x94000000
.local/legacy-firmware/work/extract/stock-rootfs/lib/modules/5.4.55/mt_wifi.ko	40c8f974ad7317776f602c069c009d1f0d5d939d622ccdee275423fad1e35cb0	.rela.text	2846	.text	0xf350	0xf350	0xf3b0	R_AARCH64_CALL26	MultiCastWLTableReset	8994	0	STT_FUNC	.text	0x2c7690	0x0	MultiCastWLTableReset	0x2c7690	rtmp_ap_exit	0xf0a0	0x2b0	symbol_size	0xf398		direct_call_BL	0x94000000
.local/legacy-firmware/work/extract/stock-rootfs/lib/modules/5.4.55/mt_wifi.ko	40c8f974ad7317776f602c069c009d1f0d5d939d622ccdee275423fad1e35cb0	.rela.text	2847	.text	0xf364	0xf364	0xf3c4	R_AARCH64_CALL26	MulticastDLTableReset	4591	0	STT_FUNC	.text	0x2c7344	0x0	MulticastDLTableReset	0x2c7344	rtmp_ap_exit	0xf0a0	0x2c4	symbol_size	0xf398		direct_call_BL	0x94000000
.local/legacy-firmware/work/extract/stock-rootfs/lib/modules/5.4.55/mt_wifi.ko	40c8f974ad7317776f602c069c009d1f0d5d939d622ccdee275423fad1e35cb0	.rela.text	3639	.text	0x12078	0x12078	0x120d8	R_AARCH64_CALL26	auto_ch_select_reset_sm	7464	0	STT_FUNC	.text	0x5e34	0x0	auto_ch_select_reset_sm	0x5e34	ap_inf_open	0x11ee0	0x198	symbol_size	0x125c8		direct_call_BL	0x94000000
.local/legacy-firmware/work/extract/stock-rootfs/lib/modules/5.4.55/mt_wifi.ko	40c8f974ad7317776f602c069c009d1f0d5d939d622ccdee275423fad1e35cb0	.rela.text	3742	.text	0x1277c	0x1277c	0x127dc	R_AARCH64_CALL26	auto_ch_select_reset_sm	7464	0	STT_FUNC	.text	0x5e34	0x0	auto_ch_select_reset_sm	0x5e34	ap_inf_close	0x125d0	0x1ac	symbol_size	0x127b0		direct_call_BL	0x94000000
.local/legacy-firmware/work/extract/stock-rootfs/lib/modules/5.4.55/mt_wifi.ko	40c8f974ad7317776f602c069c009d1f0d5d939d622ccdee275423fad1e35cb0	.rela.text	5204	.text	0x18800	0x18800	0x18860	R_AARCH64_CALL26	QBSS_LoadAlarmReset	9516	0	STT_FUNC	.text	0x56290	0x0	QBSS_LoadAlarmReset	0x56290	Set_BeaconPeriod_Proc	0x18750	0xb0	symbol_size	0x188d0		direct_call_BL	0x94000000
.local/legacy-firmware/work/extract/stock-rootfs/lib/modules/5.4.55/mt_wifi.ko	40c8f974ad7317776f602c069c009d1f0d5d939d622ccdee275423fad1e35cb0	.rela.text	6571	.text	0x1d7d8	0x1d7d8	0x1d838	R_AARCH64_CALL26	sta_reset_owe_parameters	2604	0	STT_FUNC	.text	0x3e25b0	0x0	sta_reset_owe_parameters	0x3e25b0	Set_ApCli_Ssid_Proc	0x1d6f0	0xe8	symbol_size	0x1d8cc		direct_call_BL	0x94000000
.local/legacy-firmware/work/extract/stock-rootfs/lib/modules/5.4.55/mt_wifi.ko	40c8f974ad7317776f602c069c009d1f0d5d939d622ccdee275423fad1e35cb0	.rela.text	6589	.text	0x1d95c	0x1d95c	0x1d9bc	R_AARCH64_CALL26	sta_reset_owe_parameters	2604	0	STT_FUNC	.text	0x3e25b0	0x0	sta_reset_owe_parameters	0x3e25b0	Set_ApCli_Bssid_Proc	0x1d8d0	0x8c	symbol_size	0x1db74		direct_call_BL	0x94000000
.local/legacy-firmware/work/extract/stock-rootfs/lib/modules/5.4.55/mt_wifi.ko	40c8f974ad7317776f602c069c009d1f0d5d939d622ccdee275423fad1e35cb0	.rela.text	8104	.text	0x236f4	0x236f4	0x23754	R_AARCH64_CALL26	get_ecnt_npu_dev	10734	1	STT_NOTYPE	SHN_UNDEF	0x0	0x0			unnamed@.text+0x236c0	0x236c0	0x34	eh_frame_FDE	0x237e4	0x4580	direct_call_BL	0x94000000
.local/legacy-firmware/work/extract/stock-rootfs/lib/modules/5.4.55/mt_wifi.ko	40c8f974ad7317776f602c069c009d1f0d5d939d622ccdee275423fad1e35cb0	.rela.text	8107	.text	0x23778	0x23778	0x237d8	R_AARCH64_CALL26	host_notify_npuMbox	10611	1	STT_NOTYPE	SHN_UNDEF	0x0	0x0			unnamed@.text+0x236c0	0x236c0	0xb8	eh_frame_FDE	0x237e4	0x4580	direct_call_BL	0x94000000
.local/legacy-firmware/work/extract/stock-rootfs/lib/modules/5.4.55/mt_wifi.ko	40c8f974ad7317776f602c069c009d1f0d5d939d622ccdee275423fad1e35cb0	.rela.text	10580	.text	0x2de98	0x2de98	0x2def8	R_AARCH64_CALL26	sta_reset_owe_parameters	2604	0	STT_FUNC	.text	0x3e25b0	0x0	sta_reset_owe_parameters	0x3e25b0	SetApCliEnableByWdev	0x2dd00	0x198	symbol_size	0x2df1c		direct_call_BL	0x94000000
.local/legacy-firmware/work/extract/stock-rootfs/lib/modules/5.4.55/mt_wifi.ko	40c8f974ad7317776f602c069c009d1f0d5d939d622ccdee275423fad1e35cb0	.rela.text	10668	.text	0x2e600	0x2e600	0x2e660	R_AARCH64_CALL26	sta_reset_owe_parameters	2604	0	STT_FUNC	.text	0x3e25b0	0x0	sta_reset_owe_parameters	0x3e25b0	Set_ApCli_Ssid	0x2e580	0x80	symbol_size	0x2e73c		direct_call_BL	0x94000000
.local/legacy-firmware/work/extract/stock-rootfs/lib/modules/5.4.55/mt_wifi.ko	40c8f974ad7317776f602c069c009d1f0d5d939d622ccdee275423fad1e35cb0	.rela.text	20570	.text	0x5a724	0x5a724	0x5a784	R_AARCH64_CALL26	MacTableResetWdev	9576	0	STT_FUNC	.text	0x251290	0x0	MacTableResetWdev	0x251290	wds_inf_close	0x5a680	0xa4	symbol_size	0x5a7e8		direct_call_BL	0x94000000
.local/legacy-firmware/work/extract/stock-rootfs/lib/modules/5.4.55/mt_wifi.ko	40c8f974ad7317776f602c069c009d1f0d5d939d622ccdee275423fad1e35cb0	.rela.text	27326	.text	0x74cd0	0x74cd0	0x74d30	R_AARCH64_CALL26	mt_serv_reset_txrx_counter	8530	0	STT_FUNC	.text	0x7ee90	0x0	mt_serv_reset_txrx_counter	0x7ee90	unnamed@.text+0x74ca0	0x74ca0	0x30	eh_frame_FDE	0x74d5c	0xdde0	direct_call_BL	0x94000000
.local/legacy-firmware/work/extract/stock-rootfs/lib/modules/5.4.55/mt_wifi.ko	40c8f974ad7317776f602c069c009d1f0d5d939d622ccdee275423fad1e35cb0	.rela.text	30159	.text	0x81fb0	0x81fb0	0x82010	R_AARCH64_ADR_PREL_PG_HI21	mt_op_reset_txrx_counter	5827	0	STT_FUNC	.text	0x85100	0x0	mt_op_reset_txrx_counter	0x85100	mt_serv_init_test	0x81de0	0x1d0	symbol_size	0x82948		executable_reference	0x9000000a
.local/legacy-firmware/work/extract/stock-rootfs/lib/modules/5.4.55/mt_wifi.ko	40c8f974ad7317776f602c069c009d1f0d5d939d622ccdee275423fad1e35cb0	.rela.text	30161	.text	0x81fb8	0x81fb8	0x82018	R_AARCH64_ADD_ABS_LO12_NC	mt_op_reset_txrx_counter	5827	0	STT_FUNC	.text	0x85100	0x0	mt_op_reset_txrx_counter	0x85100	mt_serv_init_test	0x81de0	0x1d8	symbol_size	0x82948		executable_reference	0x9100014a
.local/legacy-firmware/work/extract/stock-rootfs/lib/modules/5.4.55/mt_wifi.ko	40c8f974ad7317776f602c069c009d1f0d5d939d622ccdee275423fad1e35cb0	.rela.text	34666	.text	0x99ab8	0x99ab8	0x99b18	R_AARCH64_CALL26	wlanPushCSIData	5252	0	STT_FUNC	.text	0x1361d0	0x0	wlanPushCSIData	0x1361d0	ExtEventCSICtrl	0x99870	0x248	symbol_size	0x9abc8		direct_call_BL	0x94000000
.local/legacy-firmware/work/extract/stock-rootfs/lib/modules/5.4.55/mt_wifi.ko	40c8f974ad7317776f602c069c009d1f0d5d939d622ccdee275423fad1e35cb0	.rela.text	34667	.text	0x99af4	0x99af4	0x99b54	R_AARCH64_CALL26	wlanPushCSIData	5252	0	STT_FUNC	.text	0x1361d0	0x0	wlanPushCSIData	0x1361d0	ExtEventCSICtrl	0x99870	0x284	symbol_size	0x9abc8		direct_call_BL	0x94000000
.local/legacy-firmware/work/extract/stock-rootfs/lib/modules/5.4.55/mt_wifi.ko	40c8f974ad7317776f602c069c009d1f0d5d939d622ccdee275423fad1e35cb0	.rela.text	34728	.text	0x9a25c	0x9a25c	0x9a2bc	R_AARCH64_CALL26	wlanPushCSIData	5252	0	STT_FUNC	.text	0x1361d0	0x0	wlanPushCSIData	0x1361d0	ExtEventCSICtrl	0x99870	0x9ec	symbol_size	0x9abc8		direct_call_BL	0x94000000
.local/legacy-firmware/work/extract/stock-rootfs/lib/modules/5.4.55/mt_wifi.ko	40c8f974ad7317776f602c069c009d1f0d5d939d622ccdee275423fad1e35cb0	.rela.text	34734	.text	0x9a320	0x9a320	0x9a380	R_AARCH64_CALL26	wlanPushCSIData	5252	0	STT_FUNC	.text	0x1361d0	0x0	wlanPushCSIData	0x1361d0	ExtEventCSICtrl	0x99870	0xab0	symbol_size	0x9abc8		direct_call_BL	0x94000000
.local/legacy-firmware/work/extract/stock-rootfs/lib/modules/5.4.55/mt_wifi.ko	40c8f974ad7317776f602c069c009d1f0d5d939d622ccdee275423fad1e35cb0	.rela.text	47182	.text	0xd4680	0xd4680	0xd46e0	R_AARCH64_CALL26	wlanPushCSIData	5252	0	STT_FUNC	.text	0x1361d0	0x0	wlanPushCSIData	0x1361d0	UniEventCSIHandler	0xd4360	0x320	symbol_size	0xd55ac		direct_call_BL	0x94000000
.local/legacy-firmware/work/extract/stock-rootfs/lib/modules/5.4.55/mt_wifi.ko	40c8f974ad7317776f602c069c009d1f0d5d939d622ccdee275423fad1e35cb0	.rela.text	47201	.text	0xd4b38	0xd4b38	0xd4b98	R_AARCH64_CALL26	wlanPushCSIData	5252	0	STT_FUNC	.text	0x1361d0	0x0	wlanPushCSIData	0x1361d0	UniEventCSIHandler	0xd4360	0x7d8	symbol_size	0xd55ac		direct_call_BL	0x94000000
.local/legacy-firmware/work/extract/stock-rootfs/lib/modules/5.4.55/mt_wifi.ko	40c8f974ad7317776f602c069c009d1f0d5d939d622ccdee275423fad1e35cb0	.rela.text	47257	.text	0xd4e8c	0xd4e8c	0xd4eec	R_AARCH64_CALL26	wlanPushCSIData	5252	0	STT_FUNC	.text	0x1361d0	0x0	wlanPushCSIData	0x1361d0	UniEventCSIHandler	0xd4360	0xb2c	symbol_size	0xd55ac		direct_call_BL	0x94000000
.local/legacy-firmware/work/extract/stock-rootfs/lib/modules/5.4.55/mt_wifi.ko	40c8f974ad7317776f602c069c009d1f0d5d939d622ccdee275423fad1e35cb0	.rela.text	47262	.text	0xd4f38	0xd4f38	0xd4f98	R_AARCH64_CALL26	wlanPushCSIData	5252	0	STT_FUNC	.text	0x1361d0	0x0	wlanPushCSIData	0x1361d0	UniEventCSIHandler	0xd4360	0xbd8	symbol_size	0xd55ac		direct_call_BL	0x94000000
.local/legacy-firmware/work/extract/stock-rootfs/lib/modules/5.4.55/mt_wifi.ko	40c8f974ad7317776f602c069c009d1f0d5d939d622ccdee275423fad1e35cb0	.rela.text	48300	.text	0xd952c	0xd952c	0xd958c	R_AARCH64_CALL26	ser_get_time	1913	0	STT_FUNC	.text	0x3982a0	0x0	ser_get_time	0x3982a0	UniCmdResultToRsp	0xd9510	0x1c	symbol_size	0xd9710		direct_call_BL	0x94000000
.local/legacy-firmware/work/extract/stock-rootfs/lib/modules/5.4.55/mt_wifi.ko	40c8f974ad7317776f602c069c009d1f0d5d939d622ccdee275423fad1e35cb0	.rela.text	48304	.text	0xd9558	0xd9558	0xd95b8	R_AARCH64_CALL26	ser_get_t0	7104	0	STT_FUNC	.text	0x398ac4	0x0	ser_get_t0	0x398ac4	UniCmdResultToRsp	0xd9510	0x48	symbol_size	0xd9710		direct_call_BL	0x94000000
.local/legacy-firmware/work/extract/stock-rootfs/lib/modules/5.4.55/mt_wifi.ko	40c8f974ad7317776f602c069c009d1f0d5d939d622ccdee275423fad1e35cb0	.rela.text	48317	.text	0xd95f0	0xd95f0	0xd9650	R_AARCH64_CALL26	ser_get_t0	7104	0	STT_FUNC	.text	0x398ac4	0x0	ser_get_t0	0x398ac4	UniCmdResultToRsp	0xd9510	0xe0	symbol_size	0xd9710		direct_call_BL	0x94000000
.local/legacy-firmware/work/extract/stock-rootfs/lib/modules/5.4.55/mt_wifi.ko	40c8f974ad7317776f602c069c009d1f0d5d939d622ccdee275423fad1e35cb0	.rela.text	48326	.text	0xd9660	0xd9660	0xd96c0	R_AARCH64_CALL26	ser_get_t0	7104	0	STT_FUNC	.text	0x398ac4	0x0	ser_get_t0	0x398ac4	UniCmdResultToRsp	0xd9510	0x150	symbol_size	0xd9710		direct_call_BL	0x94000000
.local/legacy-firmware/work/extract/stock-rootfs/lib/modules/5.4.55/mt_wifi.ko	40c8f974ad7317776f602c069c009d1f0d5d939d622ccdee275423fad1e35cb0	.rela.text	50984	.text	0xe451c	0xe451c	0xe457c	R_AARCH64_CALL26	UniCmdWifiSpectrumStart	4636	0	STT_FUNC	.text	0xbf270	0x0	UniCmdWifiSpectrumStart	0xbf270	MtCmdWifiSpectrumStart	0xe4514	0x8	symbol_size	0xe4528		direct_call_BL	0x94000000
.local/legacy-firmware/work/extract/stock-rootfs/lib/modules/5.4.55/mt_wifi.ko	40c8f974ad7317776f602c069c009d1f0d5d939d622ccdee275423fad1e35cb0	.rela.text	60573	.text	0x10cd44	0x10cd44	0x10cda4	R_AARCH64_ADR_PREL_PG_HI21	MtCmdWifiSpectrumStart	10497	0	STT_FUNC	.text	0xe4514	0x0	MtCmdWifiSpectrumStart	0xe4514	mt7990_init	0x10cae0	0x264	symbol_size	0x10d5e8		executable_reference	0x90000002
.local/legacy-firmware/work/extract/stock-rootfs/lib/modules/5.4.55/mt_wifi.ko	40c8f974ad7317776f602c069c009d1f0d5d939d622ccdee275423fad1e35cb0	.rela.text	60574	.text	0x10cd48	0x10cd48	0x10cda8	R_AARCH64_ADD_ABS_LO12_NC	MtCmdWifiSpectrumStart	10497	0	STT_FUNC	.text	0xe4514	0x0	MtCmdWifiSpectrumStart	0xe4514	mt7990_init	0x10cae0	0x268	symbol_size	0x10d5e8		executable_reference	0x91000042
.local/legacy-firmware/work/extract/stock-rootfs/lib/modules/5.4.55/mt_wifi.ko	40c8f974ad7317776f602c069c009d1f0d5d939d622ccdee275423fad1e35cb0	.rela.text	60905	.text	0x10d568	0x10d568	0x10d5c8	R_AARCH64_ADR_PREL_PG_HI21	hwifi_ser_handler	8788	0	STT_FUNC	.text	0x386870	0x0	hwifi_ser_handler	0x386870	mt7990_init	0x10cae0	0xa88	symbol_size	0x10d5e8		executable_reference	0x90000000
.local/legacy-firmware/work/extract/stock-rootfs/lib/modules/5.4.55/mt_wifi.ko	40c8f974ad7317776f602c069c009d1f0d5d939d622ccdee275423fad1e35cb0	.rela.text	60906	.text	0x10d56c	0x10d56c	0x10d5cc	R_AARCH64_ADD_ABS_LO12_NC	hwifi_ser_handler	8788	0	STT_FUNC	.text	0x386870	0x0	hwifi_ser_handler	0x386870	mt7990_init	0x10cae0	0xa8c	symbol_size	0x10d5e8		executable_reference	0x91000000
.local/legacy-firmware/work/extract/stock-rootfs/lib/modules/5.4.55/mt_wifi.ko	40c8f974ad7317776f602c069c009d1f0d5d939d622ccdee275423fad1e35cb0	.rela.text	63075	.text	0x11549c	0x11549c	0x1154fc	R_AARCH64_CALL26	ser_get_all_pAd_by_chipid_hwid	4148	0	STT_FUNC	.text	0x398540	0x0	ser_get_all_pAd_by_chipid_hwid	0x398540	mt7990_ser_1_0_v1	0x115440	0x5c	symbol_size	0x115f74		direct_call_BL	0x94000000
.local/legacy-firmware/work/extract/stock-rootfs/lib/modules/5.4.55/mt_wifi.ko	40c8f974ad7317776f602c069c009d1f0d5d939d622ccdee275423fad1e35cb0	.rela.text	63079	.text	0x115520	0x115520	0x115580	R_AARCH64_CALL26	ser_get_time	1913	0	STT_FUNC	.text	0x3982a0	0x0	ser_get_time	0x3982a0	mt7990_ser_1_0_v1	0x115440	0xe0	symbol_size	0x115f74		direct_call_BL	0x94000000
.local/legacy-firmware/work/extract/stock-rootfs/lib/modules/5.4.55/mt_wifi.ko	40c8f974ad7317776f602c069c009d1f0d5d939d622ccdee275423fad1e35cb0	.rela.text	63080	.text	0x115530	0x115530	0x115590	R_AARCH64_CALL26	ser_tans_ser_state	10278	0	STT_FUNC	.text	0x398130	0x0	ser_tans_ser_state	0x398130	mt7990_ser_1_0_v1	0x115440	0xf0	symbol_size	0x115f74		direct_call_BL	0x94000000
.local/legacy-firmware/work/extract/stock-rootfs/lib/modules/5.4.55/mt_wifi.ko	40c8f974ad7317776f602c069c009d1f0d5d939d622ccdee275423fad1e35cb0	.rela.text	63081	.text	0x11553c	0x11553c	0x11559c	R_AARCH64_CALL26	ser_ack_event	8663	0	STT_FUNC	.text	0x398604	0x0	ser_ack_event	0x398604	mt7990_ser_1_0_v1	0x115440	0xfc	symbol_size	0x115f74		direct_call_BL	0x94000000
.local/legacy-firmware/work/extract/stock-rootfs/lib/modules/5.4.55/mt_wifi.ko	40c8f974ad7317776f602c069c009d1f0d5d939d622ccdee275423fad1e35cb0	.rela.text	63082	.text	0x115540	0x115540	0x1155a0	R_AARCH64_CALL26	ser_get_time	1913	0	STT_FUNC	.text	0x3982a0	0x0	ser_get_time	0x3982a0	mt7990_ser_1_0_v1	0x115440	0x100	symbol_size	0x115f74		direct_call_BL	0x94000000
.local/legacy-firmware/work/extract/stock-rootfs/lib/modules/5.4.55/mt_wifi.ko	40c8f974ad7317776f602c069c009d1f0d5d939d622ccdee275423fad1e35cb0	.rela.text	63104	.text	0x115668	0x115668	0x1156c8	R_AARCH64_CALL26	asic_ser_handler	5465	0	STT_FUNC	.text	0x34d820	0x0	asic_ser_handler	0x34d820	mt7990_ser_1_0_v1	0x115440	0x228	symbol_size	0x115f74		direct_call_BL	0x94000000
.local/legacy-firmware/work/extract/stock-rootfs/lib/modules/5.4.55/mt_wifi.ko	40c8f974ad7317776f602c069c009d1f0d5d939d622ccdee275423fad1e35cb0	.rela.text	63105	.text	0x115678	0x115678	0x1156d8	R_AARCH64_CALL26	asic_ser_handler	5465	0	STT_FUNC	.text	0x34d820	0x0	asic_ser_handler	0x34d820	mt7990_ser_1_0_v1	0x115440	0x238	symbol_size	0x115f74		direct_call_BL	0x94000000
.local/legacy-firmware/work/extract/stock-rootfs/lib/modules/5.4.55/mt_wifi.ko	40c8f974ad7317776f602c069c009d1f0d5d939d622ccdee275423fad1e35cb0	.rela.text	63109	.text	0x115698	0x115698	0x1156f8	R_AARCH64_CALL26	ser_get_curr_state	5913	0	STT_FUNC	.text	0x398180	0x0	ser_get_curr_state	0x398180	mt7990_ser_1_0_v1	0x115440	0x258	symbol_size	0x115f74		direct_call_BL	0x94000000
.local/legacy-firmware/work/extract/stock-rootfs/lib/modules/5.4.55/mt_wifi.ko	40c8f974ad7317776f602c069c009d1f0d5d939d622ccdee275423fad1e35cb0	.rela.text	63115	.text	0x1156e8	0x1156e8	0x115748	R_AARCH64_CALL26	ser_tans_ser_state	10278	0	STT_FUNC	.text	0x398130	0x0	ser_tans_ser_state	0x398130	mt7990_ser_1_0_v1	0x115440	0x2a8	symbol_size	0x115f74		direct_call_BL	0x94000000
.local/legacy-firmware/work/extract/stock-rootfs/lib/modules/5.4.55/mt_wifi.ko	40c8f974ad7317776f602c069c009d1f0d5d939d622ccdee275423fad1e35cb0	.rela.text	63116	.text	0x1156f8	0x1156f8	0x115758	R_AARCH64_CALL26	mt7990_ser_1_0_v1	7353	0	STT_FUNC	.text	0x115440	0x0	mt7990_ser_1_0_v1	0x115440	mt7990_ser_1_0_v1	0x115440	0x2b8	symbol_size	0x115f74		direct_call_BL	0x94000000
.local/legacy-firmware/work/extract/stock-rootfs/lib/modules/5.4.55/mt_wifi.ko	40c8f974ad7317776f602c069c009d1f0d5d939d622ccdee275423fad1e35cb0	.rela.text	63120	.text	0x115734	0x115734	0x115794	R_AARCH64_CALL26	asic_ser_handler	5465	0	STT_FUNC	.text	0x34d820	0x0	asic_ser_handler	0x34d820	mt7990_ser_1_0_v1	0x115440	0x2f4	symbol_size	0x115f74		direct_call_BL	0x94000000
.local/legacy-firmware/work/extract/stock-rootfs/lib/modules/5.4.55/mt_wifi.ko	40c8f974ad7317776f602c069c009d1f0d5d939d622ccdee275423fad1e35cb0	.rela.text	63124	.text	0x115758	0x115758	0x1157b8	R_AARCH64_CALL26	asic_ser_handler	5465	0	STT_FUNC	.text	0x34d820	0x0	asic_ser_handler	0x34d820	mt7990_ser_1_0_v1	0x115440	0x318	symbol_size	0x115f74		direct_call_BL	0x94000000
.local/legacy-firmware/work/extract/stock-rootfs/lib/modules/5.4.55/mt_wifi.ko	40c8f974ad7317776f602c069c009d1f0d5d939d622ccdee275423fad1e35cb0	.rela.text	63136	.text	0x115824	0x115824	0x115884	R_AARCH64_CALL26	ser_get_curr_state	5913	0	STT_FUNC	.text	0x398180	0x0	ser_get_curr_state	0x398180	mt7990_ser_1_0_v1	0x115440	0x3e4	symbol_size	0x115f74		direct_call_BL	0x94000000
.local/legacy-firmware/work/extract/stock-rootfs/lib/modules/5.4.55/mt_wifi.ko	40c8f974ad7317776f602c069c009d1f0d5d939d622ccdee275423fad1e35cb0	.rela.text	63143	.text	0x115884	0x115884	0x1158e4	R_AARCH64_CALL26	ser_get_time	1913	0	STT_FUNC	.text	0x3982a0	0x0	ser_get_time	0x3982a0	mt7990_ser_1_0_v1	0x115440	0x444	symbol_size	0x115f74		direct_call_BL	0x94000000
.local/legacy-firmware/work/extract/stock-rootfs/lib/modules/5.4.55/mt_wifi.ko	40c8f974ad7317776f602c069c009d1f0d5d939d622ccdee275423fad1e35cb0	.rela.text	63145	.text	0x1158f4	0x1158f4	0x115954	R_AARCH64_CALL26	ser_ack_event	8663	0	STT_FUNC	.text	0x398604	0x0	ser_ack_event	0x398604	mt7990_ser_1_0_v1	0x115440	0x4b4	symbol_size	0x115f74		direct_call_BL	0x94000000
.local/legacy-firmware/work/extract/stock-rootfs/lib/modules/5.4.55/mt_wifi.ko	40c8f974ad7317776f602c069c009d1f0d5d939d622ccdee275423fad1e35cb0	.rela.text	63146	.text	0x1158fc	0x1158fc	0x11595c	R_AARCH64_CALL26	ser_get_fe_pAd_by_mainpAd	1478	0	STT_FUNC	.text	0x398764	0x0	ser_get_fe_pAd_by_mainpAd	0x398764	mt7990_ser_1_0_v1	0x115440	0x4bc	symbol_size	0x115f74		direct_call_BL	0x94000000
.local/legacy-firmware/work/extract/stock-rootfs/lib/modules/5.4.55/mt_wifi.ko	40c8f974ad7317776f602c069c009d1f0d5d939d622ccdee275423fad1e35cb0	.rela.text	63147	.text	0x115920	0x115920	0x115980	R_AARCH64_CALL26	ser_tans_ser_state	10278	0	STT_FUNC	.text	0x398130	0x0	ser_tans_ser_state	0x398130	mt7990_ser_1_0_v1	0x115440	0x4e0	symbol_size	0x115f74		direct_call_BL	0x94000000
.local/legacy-firmware/work/extract/stock-rootfs/lib/modules/5.4.55/mt_wifi.ko	40c8f974ad7317776f602c069c009d1f0d5d939d622ccdee275423fad1e35cb0	.rela.text	63149	.text	0x11593c	0x11593c	0x11599c	R_AARCH64_CALL26	ser_get_curr_state	5913	0	STT_FUNC	.text	0x398180	0x0	ser_get_curr_state	0x398180	mt7990_ser_1_0_v1	0x115440	0x4fc	symbol_size	0x115f74		direct_call_BL	0x94000000
.local/legacy-firmware/work/extract/stock-rootfs/lib/modules/5.4.55/mt_wifi.ko	40c8f974ad7317776f602c069c009d1f0d5d939d622ccdee275423fad1e35cb0	.rela.text	63153	.text	0x115978	0x115978	0x1159d8	R_AARCH64_CALL26	ser_tans_ser_state	10278	0	STT_FUNC	.text	0x398130	0x0	ser_tans_ser_state	0x398130	mt7990_ser_1_0_v1	0x115440	0x538	symbol_size	0x115f74		direct_call_BL	0x94000000
.local/legacy-firmware/work/extract/stock-rootfs/lib/modules/5.4.55/mt_wifi.ko	40c8f974ad7317776f602c069c009d1f0d5d939d622ccdee275423fad1e35cb0	.rela.text	63155	.text	0x11599c	0x11599c	0x1159fc	R_AARCH64_CALL26	ser_get_curr_state	5913	0	STT_FUNC	.text	0x398180	0x0	ser_get_curr_state	0x398180	mt7990_ser_1_0_v1	0x115440	0x55c	symbol_size	0x115f74		direct_call_BL	0x94000000
.local/legacy-firmware/work/extract/stock-rootfs/lib/modules/5.4.55/mt_wifi.ko	40c8f974ad7317776f602c069c009d1f0d5d939d622ccdee275423fad1e35cb0	.rela.text	63161	.text	0x1159d0	0x1159d0	0x115a30	R_AARCH64_CALL26	ser_get_time	1913	0	STT_FUNC	.text	0x3982a0	0x0	ser_get_time	0x3982a0	mt7990_ser_1_0_v1	0x115440	0x590	symbol_size	0x115f74		direct_call_BL	0x94000000
.local/legacy-firmware/work/extract/stock-rootfs/lib/modules/5.4.55/mt_wifi.ko	40c8f974ad7317776f602c069c009d1f0d5d939d622ccdee275423fad1e35cb0	.rela.text	63165	.text	0x1159ec	0x1159ec	0x115a4c	R_AARCH64_CALL26	ser_get_time	1913	0	STT_FUNC	.text	0x3982a0	0x0	ser_get_time	0x3982a0	mt7990_ser_1_0_v1	0x115440	0x5ac	symbol_size	0x115f74		direct_call_BL	0x94000000
.local/legacy-firmware/work/extract/stock-rootfs/lib/modules/5.4.55/mt_wifi.ko	40c8f974ad7317776f602c069c009d1f0d5d939d622ccdee275423fad1e35cb0	.rela.text	63166	.text	0x1159f8	0x1159f8	0x115a58	R_AARCH64_CALL26	_ser_dump_timelog	3347	0	STT_FUNC	.text	0x3982b4	0x0	_ser_dump_timelog	0x3982b4	mt7990_ser_1_0_v1	0x115440	0x5b8	symbol_size	0x115f74		direct_call_BL	0x94000000
.local/legacy-firmware/work/extract/stock-rootfs/lib/modules/5.4.55/mt_wifi.ko	40c8f974ad7317776f602c069c009d1f0d5d939d622ccdee275423fad1e35cb0	.rela.text	63170	.text	0x115a20	0x115a20	0x115a80	R_AARCH64_CALL26	ser_tans_ser_state	10278	0	STT_FUNC	.text	0x398130	0x0	ser_tans_ser_state	0x398130	mt7990_ser_1_0_v1	0x115440	0x5e0	symbol_size	0x115f74		direct_call_BL	0x94000000
.local/legacy-firmware/work/extract/stock-rootfs/lib/modules/5.4.55/mt_wifi.ko	40c8f974ad7317776f602c069c009d1f0d5d939d622ccdee275423fad1e35cb0	.rela.text	63171	.text	0x115a28	0x115a28	0x115a88	R_AARCH64_CALL26	mt7990_ser_1_0_v1	7353	0	STT_FUNC	.text	0x115440	0x0	mt7990_ser_1_0_v1	0x115440	mt7990_ser_1_0_v1	0x115440	0x5e8	symbol_size	0x115f74		direct_call_BL	0x94000000
.local/legacy-firmware/work/extract/stock-rootfs/lib/modules/5.4.55/mt_wifi.ko	40c8f974ad7317776f602c069c009d1f0d5d939d622ccdee275423fad1e35cb0	.rela.text	63173	.text	0x115a3c	0x115a3c	0x115a9c	R_AARCH64_CALL26	ser_get_time	1913	0	STT_FUNC	.text	0x3982a0	0x0	ser_get_time	0x3982a0	mt7990_ser_1_0_v1	0x115440	0x5fc	symbol_size	0x115f74		direct_call_BL	0x94000000
.local/legacy-firmware/work/extract/stock-rootfs/lib/modules/5.4.55/mt_wifi.ko	40c8f974ad7317776f602c069c009d1f0d5d939d622ccdee275423fad1e35cb0	.rela.text	63178	.text	0x115a6c	0x115a6c	0x115acc	R_AARCH64_ADR_PREL_PG_HI21	rtmp_timer_ser_l1_timeout	4380	0	STT_FUNC	.text	0x1c7bd0	0x0	rtmp_timer_ser_l1_timeout	0x1c7bd0	mt7990_ser_1_0_v1	0x115440	0x62c	symbol_size	0x115f74		executable_reference	0x90000003
.local/legacy-firmware/work/extract/stock-rootfs/lib/modules/5.4.55/mt_wifi.ko	40c8f974ad7317776f602c069c009d1f0d5d939d622ccdee275423fad1e35cb0	.rela.text	63180	.text	0x115a74	0x115a74	0x115ad4	R_AARCH64_ADD_ABS_LO12_NC	rtmp_timer_ser_l1_timeout	4380	0	STT_FUNC	.text	0x1c7bd0	0x0	rtmp_timer_ser_l1_timeout	0x1c7bd0	mt7990_ser_1_0_v1	0x115440	0x634	symbol_size	0x115f74		executable_reference	0x91000063
.local/legacy-firmware/work/extract/stock-rootfs/lib/modules/5.4.55/mt_wifi.ko	40c8f974ad7317776f602c069c009d1f0d5d939d622ccdee275423fad1e35cb0	.rela.text	63183	.text	0x115a98	0x115a98	0x115af8	R_AARCH64_CALL26	ser_tans_ser_state	10278	0	STT_FUNC	.text	0x398130	0x0	ser_tans_ser_state	0x398130	mt7990_ser_1_0_v1	0x115440	0x658	symbol_size	0x115f74		direct_call_BL	0x94000000
.local/legacy-firmware/work/extract/stock-rootfs/lib/modules/5.4.55/mt_wifi.ko	40c8f974ad7317776f602c069c009d1f0d5d939d622ccdee275423fad1e35cb0	.rela.text	63184	.text	0x115b0c	0x115b0c	0x115b6c	R_AARCH64_CALL26	asic_ser_handler	5465	0	STT_FUNC	.text	0x34d820	0x0	asic_ser_handler	0x34d820	mt7990_ser_1_0_v1	0x115440	0x6cc	symbol_size	0x115f74		direct_call_BL	0x94000000
.local/legacy-firmware/work/extract/stock-rootfs/lib/modules/5.4.55/mt_wifi.ko	40c8f974ad7317776f602c069c009d1f0d5d939d622ccdee275423fad1e35cb0	.rela.text	63185	.text	0x115b20	0x115b20	0x115b80	R_AARCH64_CALL26	asic_ser_handler	5465	0	STT_FUNC	.text	0x34d820	0x0	asic_ser_handler	0x34d820	mt7990_ser_1_0_v1	0x115440	0x6e0	symbol_size	0x115f74		direct_call_BL	0x94000000
.local/legacy-firmware/work/extract/stock-rootfs/lib/modules/5.4.55/mt_wifi.ko	40c8f974ad7317776f602c069c009d1f0d5d939d622ccdee275423fad1e35cb0	.rela.text	63189	.text	0x115c00	0x115c00	0x115c60	R_AARCH64_CALL26	asic_ser_handler	5465	0	STT_FUNC	.text	0x34d820	0x0	asic_ser_handler	0x34d820	mt7990_ser_1_0_v1	0x115440	0x7c0	symbol_size	0x115f74		direct_call_BL	0x94000000
.local/legacy-firmware/work/extract/stock-rootfs/lib/modules/5.4.55/mt_wifi.ko	40c8f974ad7317776f602c069c009d1f0d5d939d622ccdee275423fad1e35cb0	.rela.text	63190	.text	0x115c10	0x115c10	0x115c70	R_AARCH64_CALL26	asic_ser_handler	5465	0	STT_FUNC	.text	0x34d820	0x0	asic_ser_handler	0x34d820	mt7990_ser_1_0_v1	0x115440	0x7d0	symbol_size	0x115f74		direct_call_BL	0x94000000
.local/legacy-firmware/work/extract/stock-rootfs/lib/modules/5.4.55/mt_wifi.ko	40c8f974ad7317776f602c069c009d1f0d5d939d622ccdee275423fad1e35cb0	.rela.text	63191	.text	0x115c1c	0x115c1c	0x115c7c	R_AARCH64_CALL26	ser_tans_ser_state	10278	0	STT_FUNC	.text	0x398130	0x0	ser_tans_ser_state	0x398130	mt7990_ser_1_0_v1	0x115440	0x7dc	symbol_size	0x115f74		direct_call_BL	0x94000000
.local/legacy-firmware/work/extract/stock-rootfs/lib/modules/5.4.55/mt_wifi.ko	40c8f974ad7317776f602c069c009d1f0d5d939d622ccdee275423fad1e35cb0	.rela.text	63192	.text	0x115c28	0x115c28	0x115c88	R_AARCH64_CALL26	ser_ack_event	8663	0	STT_FUNC	.text	0x398604	0x0	ser_ack_event	0x398604	mt7990_ser_1_0_v1	0x115440	0x7e8	symbol_size	0x115f74		direct_call_BL	0x94000000
.local/legacy-firmware/work/extract/stock-rootfs/lib/modules/5.4.55/mt_wifi.ko	40c8f974ad7317776f602c069c009d1f0d5d939d622ccdee275423fad1e35cb0	.rela.text	63193	.text	0x115c2c	0x115c2c	0x115c8c	R_AARCH64_CALL26	ser_get_time	1913	0	STT_FUNC	.text	0x3982a0	0x0	ser_get_time	0x3982a0	mt7990_ser_1_0_v1	0x115440	0x7ec	symbol_size	0x115f74		direct_call_BL	0x94000000
.local/legacy-firmware/work/extract/stock-rootfs/lib/modules/5.4.55/mt_wifi.ko	40c8f974ad7317776f602c069c009d1f0d5d939d622ccdee275423fad1e35cb0	.rela.text	63194	.text	0x115c44	0x115c44	0x115ca4	R_AARCH64_CALL26	ser_ack_event	8663	0	STT_FUNC	.text	0x398604	0x0	ser_ack_event	0x398604	mt7990_ser_1_0_v1	0x115440	0x804	symbol_size	0x115f74		direct_call_BL	0x94000000
.local/legacy-firmware/work/extract/stock-rootfs/lib/modules/5.4.55/mt_wifi.ko	40c8f974ad7317776f602c069c009d1f0d5d939d622ccdee275423fad1e35cb0	.rela.text	63195	.text	0x115c60	0x115c60	0x115cc0	R_AARCH64_CALL26	asic_ser_handler	5465	0	STT_FUNC	.text	0x34d820	0x0	asic_ser_handler	0x34d820	mt7990_ser_1_0_v1	0x115440	0x820	symbol_size	0x115f74		direct_call_BL	0x94000000
.local/legacy-firmware/work/extract/stock-rootfs/lib/modules/5.4.55/mt_wifi.ko	40c8f974ad7317776f602c069c009d1f0d5d939d622ccdee275423fad1e35cb0	.rela.text	63197	.text	0x115cb0	0x115cb0	0x115d10	R_AARCH64_CALL26	asic_ser_handler	5465	0	STT_FUNC	.text	0x34d820	0x0	asic_ser_handler	0x34d820	mt7990_ser_1_0_v1	0x115440	0x870	symbol_size	0x115f74		direct_call_BL	0x94000000
.local/legacy-firmware/work/extract/stock-rootfs/lib/modules/5.4.55/mt_wifi.ko	40c8f974ad7317776f602c069c009d1f0d5d939d622ccdee275423fad1e35cb0	.rela.text	63198	.text	0x115ce4	0x115ce4	0x115d44	R_AARCH64_CALL26	ser_ack_event	8663	0	STT_FUNC	.text	0x398604	0x0	ser_ack_event	0x398604	mt7990_ser_1_0_v1	0x115440	0x8a4	symbol_size	0x115f74		direct_call_BL	0x94000000
.local/legacy-firmware/work/extract/stock-rootfs/lib/modules/5.4.55/mt_wifi.ko	40c8f974ad7317776f602c069c009d1f0d5d939d622ccdee275423fad1e35cb0	.rela.text	63200	.text	0x115cf8	0x115cf8	0x115d58	R_AARCH64_CALL26	mt7990_ser_1_0_v1	7353	0	STT_FUNC	.text	0x115440	0x0	mt7990_ser_1_0_v1	0x115440	mt7990_ser_1_0_v1	0x115440	0x8b8	symbol_size	0x115f74		direct_call_BL	0x94000000
.local/legacy-firmware/work/extract/stock-rootfs/lib/modules/5.4.55/mt_wifi.ko	40c8f974ad7317776f602c069c009d1f0d5d939d622ccdee275423fad1e35cb0	.rela.text	63201	.text	0x115cfc	0x115cfc	0x115d5c	R_AARCH64_CALL26	ser_get_time	1913	0	STT_FUNC	.text	0x3982a0	0x0	ser_get_time	0x3982a0	mt7990_ser_1_0_v1	0x115440	0x8bc	symbol_size	0x115f74		direct_call_BL	0x94000000
.local/legacy-firmware/work/extract/stock-rootfs/lib/modules/5.4.55/mt_wifi.ko	40c8f974ad7317776f602c069c009d1f0d5d939d622ccdee275423fad1e35cb0	.rela.text	63202	.text	0x115d10	0x115d10	0x115d70	R_AARCH64_CALL26	ser_get_time	1913	0	STT_FUNC	.text	0x3982a0	0x0	ser_get_time	0x3982a0	mt7990_ser_1_0_v1	0x115440	0x8d0	symbol_size	0x115f74		direct_call_BL	0x94000000
.local/legacy-firmware/work/extract/stock-rootfs/lib/modules/5.4.55/mt_wifi.ko	40c8f974ad7317776f602c069c009d1f0d5d939d622ccdee275423fad1e35cb0	.rela.text	63203	.text	0x115d24	0x115d24	0x115d84	R_AARCH64_CALL26	ser_tans_ser_state	10278	0	STT_FUNC	.text	0x398130	0x0	ser_tans_ser_state	0x398130	mt7990_ser_1_0_v1	0x115440	0x8e4	symbol_size	0x115f74		direct_call_BL	0x94000000
.local/legacy-firmware/work/extract/stock-rootfs/lib/modules/5.4.55/mt_wifi.ko	40c8f974ad7317776f602c069c009d1f0d5d939d622ccdee275423fad1e35cb0	.rela.text	63204	.text	0x115d28	0x115d28	0x115d88	R_AARCH64_CALL26	ser_get_time	1913	0	STT_FUNC	.text	0x3982a0	0x0	ser_get_time	0x3982a0	mt7990_ser_1_0_v1	0x115440	0x8e8	symbol_size	0x115f74		direct_call_BL	0x94000000
.local/legacy-firmware/work/extract/stock-rootfs/lib/modules/5.4.55/mt_wifi.ko	40c8f974ad7317776f602c069c009d1f0d5d939d622ccdee275423fad1e35cb0	.rela.text	63205	.text	0x115d34	0x115d34	0x115d94	R_AARCH64_CALL26	_ser_dump_timelog	3347	0	STT_FUNC	.text	0x3982b4	0x0	_ser_dump_timelog	0x3982b4	mt7990_ser_1_0_v1	0x115440	0x8f4	symbol_size	0x115f74		direct_call_BL	0x94000000
.local/legacy-firmware/work/extract/stock-rootfs/lib/modules/5.4.55/mt_wifi.ko	40c8f974ad7317776f602c069c009d1f0d5d939d622ccdee275423fad1e35cb0	.rela.text	63226	.text	0x115e64	0x115e64	0x115ec4	R_AARCH64_CALL26	ser_get_curr_state	5913	0	STT_FUNC	.text	0x398180	0x0	ser_get_curr_state	0x398180	mt7990_ser_1_0_v1	0x115440	0xa24	symbol_size	0x115f74		direct_call_BL	0x94000000
.local/legacy-firmware/work/extract/stock-rootfs/lib/modules/5.4.55/mt_wifi.ko	40c8f974ad7317776f602c069c009d1f0d5d939d622ccdee275423fad1e35cb0	.rela.text	63232	.text	0x115e9c	0x115e9c	0x115efc	R_AARCH64_CALL26	ser_get_curr_state	5913	0	STT_FUNC	.text	0x398180	0x0	ser_get_curr_state	0x398180	mt7990_ser_1_0_v1	0x115440	0xa5c	symbol_size	0x115f74		direct_call_BL	0x94000000
.local/legacy-firmware/work/extract/stock-rootfs/lib/modules/5.4.55/mt_wifi.ko	40c8f974ad7317776f602c069c009d1f0d5d939d622ccdee275423fad1e35cb0	.rela.text	63253	.text	0x115f94	0x115f94	0x115ff4	R_AARCH64_CALL26	ser_get_all_pAd_by_chipid_hwid	4148	0	STT_FUNC	.text	0x398540	0x0	ser_get_all_pAd_by_chipid_hwid	0x398540	mt7990_ser_10_0_v1	0x115f74	0x20	symbol_size	0x116010		direct_call_BL	0x94000000
.local/legacy-firmware/work/extract/stock-rootfs/lib/modules/5.4.55/mt_wifi.ko	40c8f974ad7317776f602c069c009d1f0d5d939d622ccdee275423fad1e35cb0	.rela.text	63306	.text	0x116304	0x116304	0x116364	R_AARCH64_CALL26	ser_get_all_pAd_by_chipid_hwid	4148	0	STT_FUNC	.text	0x398540	0x0	ser_get_all_pAd_by_chipid_hwid	0x398540	mt7990_fe_reset	0x1162e0	0x24	symbol_size	0x116450		direct_call_BL	0x94000000
.local/legacy-firmware/work/extract/stock-rootfs/lib/modules/5.4.55/mt_wifi.ko	40c8f974ad7317776f602c069c009d1f0d5d939d622ccdee275423fad1e35cb0	.rela.text	63316	.text	0x116388	0x116388	0x1163e8	R_AARCH64_CALL26	asic_ser_handler	5465	0	STT_FUNC	.text	0x34d820	0x0	asic_ser_handler	0x34d820	mt7990_fe_reset	0x1162e0	0xa8	symbol_size	0x116450		direct_call_BL	0x94000000
.local/legacy-firmware/work/extract/stock-rootfs/lib/modules/5.4.55/mt_wifi.ko	40c8f974ad7317776f602c069c009d1f0d5d939d622ccdee275423fad1e35cb0	.rela.text	63326	.text	0x1163e4	0x1163e4	0x116444	R_AARCH64_CALL26	asic_ser_handler	5465	0	STT_FUNC	.text	0x34d820	0x0	asic_ser_handler	0x34d820	mt7990_fe_reset	0x1162e0	0x104	symbol_size	0x116450		direct_call_BL	0x94000000
.local/legacy-firmware/work/extract/stock-rootfs/lib/modules/5.4.55/mt_wifi.ko	40c8f974ad7317776f602c069c009d1f0d5d939d622ccdee275423fad1e35cb0	.rela.text	63327	.text	0x1163f4	0x1163f4	0x116454	R_AARCH64_CALL26	ser_ack_event	8663	0	STT_FUNC	.text	0x398604	0x0	ser_ack_event	0x398604	mt7990_fe_reset	0x1162e0	0x114	symbol_size	0x116450		direct_call_BL	0x94000000
.local/legacy-firmware/work/extract/stock-rootfs/lib/modules/5.4.55/mt_wifi.ko	40c8f974ad7317776f602c069c009d1f0d5d939d622ccdee275423fad1e35cb0	.rela.text	63337	.text	0x116448	0x116448	0x1164a8	R_AARCH64_CALL26	ser_ack_event	8663	0	STT_FUNC	.text	0x398604	0x0	ser_ack_event	0x398604	mt7990_fe_reset	0x1162e0	0x168	symbol_size	0x116450		direct_call_BL	0x94000000
.local/legacy-firmware/work/extract/stock-rootfs/lib/modules/5.4.55/mt_wifi.ko	40c8f974ad7317776f602c069c009d1f0d5d939d622ccdee275423fad1e35cb0	.rela.text	63338	.text	0x116474	0x116474	0x1164d4	R_AARCH64_CALL26	ser_get_all_pAd_by_chipid_hwid	4148	0	STT_FUNC	.text	0x398540	0x0	ser_get_all_pAd_by_chipid_hwid	0x398540	mt7990_fe_wdma_reset	0x116450	0x24	symbol_size	0x116500		direct_call_BL	0x94000000
.local/legacy-firmware/work/extract/stock-rootfs/lib/modules/5.4.55/mt_wifi.ko	40c8f974ad7317776f602c069c009d1f0d5d939d622ccdee275423fad1e35cb0	.rela.text	68470	.text	0x12dbb4	0x12dbb4	0x12dc14	R_AARCH64_CALL26	chip_reset_rxv_stat	3559	0	STT_FUNC	.text	0x37f400	0x0	chip_reset_rxv_stat	0x37f400	SetRxvStatReset	0x12db04	0xb0	symbol_size	0x12dbc8		direct_call_BL	0x94000000
.local/legacy-firmware/work/extract/stock-rootfs/lib/modules/5.4.55/mt_wifi.ko	40c8f974ad7317776f602c069c009d1f0d5d939d622ccdee275423fad1e35cb0	.rela.text	71673	.text	0x13c25c	0x13c25c	0x13c2bc	R_AARCH64_CALL26	RtmpOsSkbResetNetworkHeader	2585	0	STT_FUNC	.text	0x39cab4	0x0	RtmpOsSkbResetNetworkHeader	0x39cab4	remove_vlan_hw_padding	0x13c1c0	0x9c	symbol_size	0x13c29c		direct_call_BL	0x94000000
.local/legacy-firmware/work/extract/stock-rootfs/lib/modules/5.4.55/mt_wifi.ko	40c8f974ad7317776f602c069c009d1f0d5d939d622ccdee275423fad1e35cb0	.rela.text	71674	.text	0x13c264	0x13c264	0x13c2c4	R_AARCH64_CALL26	RtmpOsSkbResetTransportHeader	10041	0	STT_FUNC	.text	0x39cad0	0x0	RtmpOsSkbResetTransportHeader	0x39cad0	remove_vlan_hw_padding	0x13c1c0	0xa4	symbol_size	0x13c29c		direct_call_BL	0x94000000
.local/legacy-firmware/work/extract/stock-rootfs/lib/modules/5.4.55/mt_wifi.ko	40c8f974ad7317776f602c069c009d1f0d5d939d622ccdee275423fad1e35cb0	.rela.text	71675	.text	0x13c26c	0x13c26c	0x13c2cc	R_AARCH64_CALL26	RtmpOsSkbResetMacLen	3224	0	STT_FUNC	.text	0x39cae4	0x0	RtmpOsSkbResetMacLen	0x39cae4	remove_vlan_hw_padding	0x13c1c0	0xac	symbol_size	0x13c29c		direct_call_BL	0x94000000
.local/legacy-firmware/work/extract/stock-rootfs/lib/modules/5.4.55/mt_wifi.ko	40c8f974ad7317776f602c069c009d1f0d5d939d622ccdee275423fad1e35cb0	.rela.text	71679	.text	0x13c2d4	0x13c2d4	0x13c334	R_AARCH64_CALL26	RtmpOsSkbResetMacHeader	1457	0	STT_FUNC	.text	0x39caa0	0x0	RtmpOsSkbResetMacHeader	0x39caa0	remove_vlan_tag	0x13c2a0	0x34	symbol_size	0x13c31c		direct_call_BL	0x94000000
.local/legacy-firmware/work/extract/stock-rootfs/lib/modules/5.4.55/mt_wifi.ko	40c8f974ad7317776f602c069c009d1f0d5d939d622ccdee275423fad1e35cb0	.rela.text	71680	.text	0x13c2dc	0x13c2dc	0x13c33c	R_AARCH64_CALL26	RtmpOsSkbResetNetworkHeader	2585	0	STT_FUNC	.text	0x39cab4	0x0	RtmpOsSkbResetNetworkHeader	0x39cab4	remove_vlan_tag	0x13c2a0	0x3c	symbol_size	0x13c31c		direct_call_BL	0x94000000
.local/legacy-firmware/work/extract/stock-rootfs/lib/modules/5.4.55/mt_wifi.ko	40c8f974ad7317776f602c069c009d1f0d5d939d622ccdee275423fad1e35cb0	.rela.text	71681	.text	0x13c2e4	0x13c2e4	0x13c344	R_AARCH64_CALL26	RtmpOsSkbResetTransportHeader	10041	0	STT_FUNC	.text	0x39cad0	0x0	RtmpOsSkbResetTransportHeader	0x39cad0	remove_vlan_tag	0x13c2a0	0x44	symbol_size	0x13c31c		direct_call_BL	0x94000000
.local/legacy-firmware/work/extract/stock-rootfs/lib/modules/5.4.55/mt_wifi.ko	40c8f974ad7317776f602c069c009d1f0d5d939d622ccdee275423fad1e35cb0	.rela.text	71682	.text	0x13c2ec	0x13c2ec	0x13c34c	R_AARCH64_CALL26	RtmpOsSkbResetMacLen	3224	0	STT_FUNC	.text	0x39cae4	0x0	RtmpOsSkbResetMacLen	0x39cae4	remove_vlan_tag	0x13c2a0	0x4c	symbol_size	0x13c31c		direct_call_BL	0x94000000
.local/legacy-firmware/work/extract/stock-rootfs/lib/modules/5.4.55/mt_wifi.ko	40c8f974ad7317776f602c069c009d1f0d5d939d622ccdee275423fad1e35cb0	.rela.text	71690	.text	0x13c3d4	0x13c3d4	0x13c434	R_AARCH64_CALL26	RtmpOsSkbResetNetworkHeader	2585	0	STT_FUNC	.text	0x39cab4	0x0	RtmpOsSkbResetNetworkHeader	0x39cab4	rebuild_802_11_eapol_frm	0x13c320	0xb4	symbol_size	0x13c4bc		direct_call_BL	0x94000000
.local/legacy-firmware/work/extract/stock-rootfs/lib/modules/5.4.55/mt_wifi.ko	40c8f974ad7317776f602c069c009d1f0d5d939d622ccdee275423fad1e35cb0	.rela.text	71691	.text	0x13c3dc	0x13c3dc	0x13c43c	R_AARCH64_CALL26	RtmpOsSkbResetTransportHeader	10041	0	STT_FUNC	.text	0x39cad0	0x0	RtmpOsSkbResetTransportHeader	0x39cad0	rebuild_802_11_eapol_frm	0x13c320	0xbc	symbol_size	0x13c4bc		direct_call_BL	0x94000000
.local/legacy-firmware/work/extract/stock-rootfs/lib/modules/5.4.55/mt_wifi.ko	40c8f974ad7317776f602c069c009d1f0d5d939d622ccdee275423fad1e35cb0	.rela.text	71692	.text	0x13c3e4	0x13c3e4	0x13c444	R_AARCH64_CALL26	RtmpOsSkbResetMacLen	3224	0	STT_FUNC	.text	0x39cae4	0x0	RtmpOsSkbResetMacLen	0x39cae4	rebuild_802_11_eapol_frm	0x13c320	0xc4	symbol_size	0x13c4bc		direct_call_BL	0x94000000
.local/legacy-firmware/work/extract/stock-rootfs/lib/modules/5.4.55/mt_wifi.ko	40c8f974ad7317776f602c069c009d1f0d5d939d622ccdee275423fad1e35cb0	.rela.text	75075	.text	0x14d21c	0x14d21c	0x14d27c	R_AARCH64_CALL26	MacTableResetNonMapWdev	3130	0	STT_FUNC	.text	0x14c940	0x0	MacTableResetNonMapWdev	0x14c940	ap_phy_rrm_init_byRf	0x14cc70	0x5ac	symbol_size	0x14d468		direct_call_BL	0x94000000
.local/legacy-firmware/work/extract/stock-rootfs/lib/modules/5.4.55/mt_wifi.ko	40c8f974ad7317776f602c069c009d1f0d5d939d622ccdee275423fad1e35cb0	.rela.text	75078	.text	0x14d24c	0x14d24c	0x14d2ac	R_AARCH64_CALL26	DfsZeroHandOffRecovery	10478	0	STT_FUNC	.text	0x1f4c70	0x0	DfsZeroHandOffRecovery	0x1f4c70	ap_phy_rrm_init_byRf	0x14cc70	0x5dc	symbol_size	0x14d468		direct_call_BL	0x94000000
.local/legacy-firmware/work/extract/stock-rootfs/lib/modules/5.4.55/mt_wifi.ko	40c8f974ad7317776f602c069c009d1f0d5d939d622ccdee275423fad1e35cb0	.rela.text	81832	.text	0x168f40	0x168f40	0x168fa0	R_AARCH64_CALL26	ser_is_idle_state	3801	0	STT_FUNC	.text	0x398270	0x0	ser_is_idle_state	0x398270	Show_MibBucket_Proc	0x168f20	0x20	symbol_size	0x169284		direct_call_BL	0x94000000
.local/legacy-firmware/work/extract/stock-rootfs/lib/modules/5.4.55/mt_wifi.ko	40c8f974ad7317776f602c069c009d1f0d5d939d622ccdee275423fad1e35cb0	.rela.text	81905	.text	0x169310	0x169310	0x169370	R_AARCH64_CALL26	ser_get_curr_state	5913	0	STT_FUNC	.text	0x398180	0x0	ser_get_curr_state	0x398180	ShowSerProc	0x169300	0x10	symbol_size	0x169358		direct_call_BL	0x94000000
.local/legacy-firmware/work/extract/stock-rootfs/lib/modules/5.4.55/mt_wifi.ko	40c8f974ad7317776f602c069c009d1f0d5d939d622ccdee275423fad1e35cb0	.rela.text	81911	.text	0x169338	0x169338	0x169398	R_AARCH64_CALL26	ser_dump_ser_stat	8138	0	STT_FUNC	.text	0x398780	0x0	ser_dump_ser_stat	0x398780	ShowSerProc	0x169300	0x38	symbol_size	0x169358		direct_call_BL	0x94000000
.local/legacy-firmware/work/extract/stock-rootfs/lib/modules/5.4.55/mt_wifi.ko	40c8f974ad7317776f602c069c009d1f0d5d939d622ccdee275423fad1e35cb0	.rela.text	81912	.text	0x169344	0x169344	0x1693a4	R_AARCH64_CALL26	ser_dump_timelog	7333	0	STT_FUNC	.text	0x398844	0x0	ser_dump_timelog	0x398844	ShowSerProc	0x169300	0x44	symbol_size	0x169358		direct_call_BL	0x94000000
.local/legacy-firmware/work/extract/stock-rootfs/lib/modules/5.4.55/mt_wifi.ko	40c8f974ad7317776f602c069c009d1f0d5d939d622ccdee275423fad1e35cb0	.rela.text	81914	.text	0x16938c	0x16938c	0x1693ec	R_AARCH64_CALL26	ser_get_curr_state	5913	0	STT_FUNC	.text	0x398180	0x0	ser_get_curr_state	0x398180	ShowSerProc2	0x169360	0x2c	symbol_size	0x169414		direct_call_BL	0x94000000
.local/legacy-firmware/work/extract/stock-rootfs/lib/modules/5.4.55/mt_wifi.ko	40c8f974ad7317776f602c069c009d1f0d5d939d622ccdee275423fad1e35cb0	.rela.text	81920	.text	0x1693b4	0x1693b4	0x169414	R_AARCH64_CALL26	ser_dump_ser_stat	8138	0	STT_FUNC	.text	0x398780	0x0	ser_dump_ser_stat	0x398780	ShowSerProc2	0x169360	0x54	symbol_size	0x169414		direct_call_BL	0x94000000
.local/legacy-firmware/work/extract/stock-rootfs/lib/modules/5.4.55/mt_wifi.ko	40c8f974ad7317776f602c069c009d1f0d5d939d622ccdee275423fad1e35cb0	.rela.text	81921	.text	0x1693c0	0x1693c0	0x169420	R_AARCH64_CALL26	ser_dump_timelog	7333	0	STT_FUNC	.text	0x398844	0x0	ser_dump_timelog	0x398844	ShowSerProc2	0x169360	0x60	symbol_size	0x169414		direct_call_BL	0x94000000
.local/legacy-firmware/work/extract/stock-rootfs/lib/modules/5.4.55/mt_wifi.ko	40c8f974ad7317776f602c069c009d1f0d5d939d622ccdee275423fad1e35cb0	.rela.text	89851	.text	0x18c030	0x18c030	0x18c090	R_AARCH64_CALL26	Set_ResetStatCounter_Proc	7345	0	STT_FUNC	.text	0x151e10	0x0	Set_ResetStatCounter_Proc	0x151e10	rd_reset	0x18bf90	0xa0	symbol_size	0x18c194		direct_call_BL	0x94000000
.local/legacy-firmware/work/extract/stock-rootfs/lib/modules/5.4.55/mt_wifi.ko	40c8f974ad7317776f602c069c009d1f0d5d939d622ccdee275423fad1e35cb0	.rela.text	93234	.text	0x19c688	0x19c688	0x19c6e8	R_AARCH64_ADR_PREL_PG_HI21	glb_npu_en_tx	10482	0	STT_OBJECT	.data	0xa1e8	0x0		0xa1e8	fp_hwifi_tx_pkt_deq_func	0x19c320	0x368	symbol_size	0x19c9a4		executable_reference	0x90000000
.local/legacy-firmware/work/extract/stock-rootfs/lib/modules/5.4.55/mt_wifi.ko	40c8f974ad7317776f602c069c009d1f0d5d939d622ccdee275423fad1e35cb0	.rela.text	93235	.text	0x19c68c	0x19c68c	0x19c6ec	R_AARCH64_LDST8_ABS_LO12_NC	glb_npu_en_tx	10482	0	STT_OBJECT	.data	0xa1e8	0x0		0xa1e8	fp_hwifi_tx_pkt_deq_func	0x19c320	0x36c	symbol_size	0x19c9a4		executable_reference	0x39400000
.local/legacy-firmware/work/extract/stock-rootfs/lib/modules/5.4.55/mt_wifi.ko	40c8f974ad7317776f602c069c009d1f0d5d939d622ccdee275423fad1e35cb0	.rela.text	95230	.text	0x1a5e30	0x1a5e30	0x1a5e90	R_AARCH64_CALL26	sync_fsm_reset	3999	0	STT_FUNC	.text	0x235440	0x0	sync_fsm_reset	0x235440	unnamed@.text+0x1a5a90	0x1a5a90	0x3a0	eh_frame_FDE	0x1a5ee8	0x38e34	direct_call_BL	0x94000000
.local/legacy-firmware/work/extract/stock-rootfs/lib/modules/5.4.55/mt_wifi.ko	40c8f974ad7317776f602c069c009d1f0d5d939d622ccdee275423fad1e35cb0	.rela.text	95926	.text	0x1ab3d0	0x1ab3d0	0x1ab430	R_AARCH64_CALL26	hc_reset_radio	1774	0	STT_FUNC	.text	0x3523e0	0x0	hc_reset_radio	0x3523e0	MlmeRestartStateMachine	0x1ab374	0x5c	symbol_size	0x1ab4c0		direct_call_BL	0x94000000
.local/legacy-firmware/work/extract/stock-rootfs/lib/modules/5.4.55/mt_wifi.ko	40c8f974ad7317776f602c069c009d1f0d5d939d622ccdee275423fad1e35cb0	.rela.text	95927	.text	0x1ab3d8	0x1ab3d8	0x1ab438	R_AARCH64_CALL26	cntl_fsm_reset	2713	0	STT_FUNC	.text	0x22f9f0	0x0	cntl_fsm_reset	0x22f9f0	MlmeRestartStateMachine	0x1ab374	0x64	symbol_size	0x1ab4c0		direct_call_BL	0x94000000
.local/legacy-firmware/work/extract/stock-rootfs/lib/modules/5.4.55/mt_wifi.ko	40c8f974ad7317776f602c069c009d1f0d5d939d622ccdee275423fad1e35cb0	.rela.text	95928	.text	0x1ab3e0	0x1ab3e0	0x1ab440	R_AARCH64_CALL26	auth_fsm_reset	2581	0	STT_FUNC	.text	0x22e180	0x0	auth_fsm_reset	0x22e180	MlmeRestartStateMachine	0x1ab374	0x6c	symbol_size	0x1ab4c0		direct_call_BL	0x94000000
.local/legacy-firmware/work/extract/stock-rootfs/lib/modules/5.4.55/mt_wifi.ko	40c8f974ad7317776f602c069c009d1f0d5d939d622ccdee275423fad1e35cb0	.rela.text	95929	.text	0x1ab3e8	0x1ab3e8	0x1ab448	R_AARCH64_CALL26	assoc_fsm_reset	5110	0	STT_FUNC	.text	0x22c4a4	0x0	assoc_fsm_reset	0x22c4a4	MlmeRestartStateMachine	0x1ab374	0x74	symbol_size	0x1ab4c0		direct_call_BL	0x94000000
.local/legacy-firmware/work/extract/stock-rootfs/lib/modules/5.4.55/mt_wifi.ko	40c8f974ad7317776f602c069c009d1f0d5d939d622ccdee275423fad1e35cb0	.rela.text	95930	.text	0x1ab3f4	0x1ab3f4	0x1ab454	R_AARCH64_CALL26	sync_fsm_reset	3999	0	STT_FUNC	.text	0x235440	0x0	sync_fsm_reset	0x235440	MlmeRestartStateMachine	0x1ab374	0x80	symbol_size	0x1ab4c0		direct_call_BL	0x94000000
.local/legacy-firmware/work/extract/stock-rootfs/lib/modules/5.4.55/mt_wifi.ko	40c8f974ad7317776f602c069c009d1f0d5d939d622ccdee275423fad1e35cb0	.rela.text	96233	.text	0x1addc0	0x1addc0	0x1ade20	R_AARCH64_CALL26	MacTableResetWdev	9576	0	STT_FUNC	.text	0x251290	0x0	MacTableResetWdev	0x251290	MlmeHandler	0x1ad690	0x730	symbol_size	0x1ae23c		direct_call_BL	0x94000000
.local/legacy-firmware/work/extract/stock-rootfs/lib/modules/5.4.55/mt_wifi.ko	40c8f974ad7317776f602c069c009d1f0d5d939d622ccdee275423fad1e35cb0	.rela.text	96980	.text	0x1b4b70	0x1b4b70	0x1b4bd0	R_AARCH64_ADR_PREL_PG_HI21	glb_npu_en_tx	10482	0	STT_OBJECT	.data	0xa1e8	0x0		0xa1e8	unnamed@.text+0x1b49a4	0x1b49a4	0x1cc	eh_frame_FDE	0x1b4c90	0x3a908	executable_reference	0x90000000
.local/legacy-firmware/work/extract/stock-rootfs/lib/modules/5.4.55/mt_wifi.ko	40c8f974ad7317776f602c069c009d1f0d5d939d622ccdee275423fad1e35cb0	.rela.text	96981	.text	0x1b4b7c	0x1b4b7c	0x1b4bdc	R_AARCH64_LDST8_ABS_LO12_NC	glb_npu_en_tx	10482	0	STT_OBJECT	.data	0xa1e8	0x0		0xa1e8	unnamed@.text+0x1b49a4	0x1b49a4	0x1d8	eh_frame_FDE	0x1b4c90	0x3a908	executable_reference	0x39400000
.local/legacy-firmware/work/extract/stock-rootfs/lib/modules/5.4.55/mt_wifi.ko	40c8f974ad7317776f602c069c009d1f0d5d939d622ccdee275423fad1e35cb0	.rela.text	99709	.text	0x1c3aa4	0x1c3aa4	0x1c3b04	R_AARCH64_CALL26	vow_variable_reset	10195	0	STT_FUNC	.text	0x30a490	0x0	vow_variable_reset	0x30a490	UserCfgInit	0x1c32a0	0x804	symbol_size	0x1c4a7c		direct_call_BL	0x94000000
.local/legacy-firmware/work/extract/stock-rootfs/lib/modules/5.4.55/mt_wifi.ko	40c8f974ad7317776f602c069c009d1f0d5d939d622ccdee275423fad1e35cb0	.rela.text	99736	.text	0x1c3dc8	0x1c3dc8	0x1c3e28	R_AARCH64_CALL26	pp_black_list_reset	7788	0	STT_FUNC	.text	0x35b870	0x0	pp_black_list_reset	0x35b870	UserCfgInit	0x1c32a0	0xb28	symbol_size	0x1c4a7c		direct_call_BL	0x94000000
.local/legacy-firmware/work/extract/stock-rootfs/lib/modules/5.4.55/mt_wifi.ko	40c8f974ad7317776f602c069c009d1f0d5d939d622ccdee275423fad1e35cb0	.rela.text	99939	.text	0x1c53bc	0x1c53bc	0x1c541c	R_AARCH64_CALL26	pp_black_list_reset	7788	0	STT_FUNC	.text	0x35b870	0x0	pp_black_list_reset	0x35b870	UserCfgExit	0x1c52c0	0xfc	symbol_size	0x1c5438		direct_call_BL	0x94000000
.local/legacy-firmware/work/extract/stock-rootfs/lib/modules/5.4.55/mt_wifi.ko	40c8f974ad7317776f602c069c009d1f0d5d939d622ccdee275423fad1e35cb0	.rela.text	100349	.text	0x1c6e58	0x1c6e58	0x1c6eb8	R_AARCH64_CALL26	RTMPResetSkuParam	5319	0	STT_FUNC	.text	0x188a80	0x0	RTMPResetSkuParam	0x188a80	RTMPDrvClose	0x1c6c80	0x1d8	symbol_size	0x1c7160		direct_call_BL	0x94000000
.local/legacy-firmware/work/extract/stock-rootfs/lib/modules/5.4.55/mt_wifi.ko	40c8f974ad7317776f602c069c009d1f0d5d939d622ccdee275423fad1e35cb0	.rela.text	100350	.text	0x1c6e60	0x1c6e60	0x1c6ec0	R_AARCH64_CALL26	RTMPResetBackOffParam	9347	0	STT_FUNC	.text	0x188aa0	0x0	RTMPResetBackOffParam	0x188aa0	RTMPDrvClose	0x1c6c80	0x1e0	symbol_size	0x1c7160		direct_call_BL	0x94000000
.local/legacy-firmware/work/extract/stock-rootfs/lib/modules/5.4.55/mt_wifi.ko	40c8f974ad7317776f602c069c009d1f0d5d939d622ccdee275423fad1e35cb0	.rela.text	100387	.text	0x1c70d0	0x1c70d0	0x1c7130	R_AARCH64_CALL26	MacTableReset	6066	0	STT_FUNC	.text	0x2515a0	0x0	MacTableReset	0x2515a0	RTMPDrvClose	0x1c6c80	0x450	symbol_size	0x1c7160		direct_call_BL	0x94000000
.local/legacy-firmware/work/extract/stock-rootfs/lib/modules/5.4.55/mt_wifi.ko	40c8f974ad7317776f602c069c009d1f0d5d939d622ccdee275423fad1e35cb0	.rela.text	100469	.text	0x1c7bf0	0x1c7bf0	0x1c7c50	R_AARCH64_CALL26	ser_l1_timeout	8119	0	STT_FUNC	.text	0x398980	0x0	ser_l1_timeout	0x398980	rtmp_timer_ser_l1_timeout	0x1c7bd0	0x20	symbol_size	0x1c7c20		direct_call_BL	0x94000000
.local/legacy-firmware/work/extract/stock-rootfs/lib/modules/5.4.55/mt_wifi.ko	40c8f974ad7317776f602c069c009d1f0d5d939d622ccdee275423fad1e35cb0	.rela.text	101511	.text	0x1ce61c	0x1ce61c	0x1ce67c	R_AARCH64_CALL26	MlmeResetByWdev	2172	0	STT_FUNC	.text	0x1ab4c0	0x0	MlmeResetByWdev	0x1ab4c0	PeerSpectrumAction	0x1cd8f4	0xd28	symbol_size	0x1ce848		direct_call_BL	0x94000000
.local/legacy-firmware/work/extract/stock-rootfs/lib/modules/5.4.55/mt_wifi.ko	40c8f974ad7317776f602c069c009d1f0d5d939d622ccdee275423fad1e35cb0	.rela.text	102899	.text	0x1d60ac	0x1d60ac	0x1d610c	R_AARCH64_CALL26	ChannelInfoResetNew	1651	0	STT_FUNC	.text	0x4a30	0x0	ChannelInfoResetNew	0x4a30	ApSiteSurvey_by_wdev	0x1d5f20	0x18c	symbol_size	0x1d62c0		direct_call_BL	0x94000000
.local/legacy-firmware/work/extract/stock-rootfs/lib/modules/5.4.55/mt_wifi.ko	40c8f974ad7317776f602c069c009d1f0d5d939d622ccdee275423fad1e35cb0	.rela.text	102967	.text	0x1d646c	0x1d646c	0x1d64cc	R_AARCH64_CALL26	ChannelInfoResetNew	1651	0	STT_FUNC	.text	0x4a30	0x0	ChannelInfoResetNew	0x4a30	ApSiteSurveyNew_by_wdev	0x1d6330	0x13c	symbol_size	0x1d65dc		direct_call_BL	0x94000000
.local/legacy-firmware/work/extract/stock-rootfs/lib/modules/5.4.55/mt_wifi.ko	40c8f974ad7317776f602c069c009d1f0d5d939d622ccdee275423fad1e35cb0	.rela.text	123462	.text	0x23c74c	0x23c74c	0x23c7ac	R_AARCH64_CALL26	sta_reset_owe_parameters	2604	0	STT_FUNC	.text	0x3e25b0	0x0	sta_reset_owe_parameters	0x3e25b0	sta_peer_deauth_action	0x23c294	0x4b8	symbol_size	0x23c828		direct_call_BL	0x94000000
.local/legacy-firmware/work/extract/stock-rootfs/lib/modules/5.4.55/mt_wifi.ko	40c8f974ad7317776f602c069c009d1f0d5d939d622ccdee275423fad1e35cb0	.rela.text	123985	.text	0x23e62c	0x23e62c	0x23e68c	R_AARCH64_CALL26	cntl_fsm_reset	2713	0	STT_FUNC	.text	0x22f9f0	0x0	cntl_fsm_reset	0x22f9f0	unnamed@.text+0x23e600	0x23e600	0x2c	eh_frame_FDE	0x23e688	0x4c080	direct_call_BL	0x94000000
.local/legacy-firmware/work/extract/stock-rootfs/lib/modules/5.4.55/mt_wifi.ko	40c8f974ad7317776f602c069c009d1f0d5d939d622ccdee275423fad1e35cb0	.rela.text	123986	.text	0x23e634	0x23e634	0x23e694	R_AARCH64_CALL26	auth_fsm_reset	2581	0	STT_FUNC	.text	0x22e180	0x0	auth_fsm_reset	0x22e180	unnamed@.text+0x23e600	0x23e600	0x34	eh_frame_FDE	0x23e688	0x4c080	direct_call_BL	0x94000000
.local/legacy-firmware/work/extract/stock-rootfs/lib/modules/5.4.55/mt_wifi.ko	40c8f974ad7317776f602c069c009d1f0d5d939d622ccdee275423fad1e35cb0	.rela.text	123987	.text	0x23e63c	0x23e63c	0x23e69c	R_AARCH64_CALL26	assoc_fsm_reset	5110	0	STT_FUNC	.text	0x22c4a4	0x0	assoc_fsm_reset	0x22c4a4	unnamed@.text+0x23e600	0x23e600	0x3c	eh_frame_FDE	0x23e688	0x4c080	direct_call_BL	0x94000000
.local/legacy-firmware/work/extract/stock-rootfs/lib/modules/5.4.55/mt_wifi.ko	40c8f974ad7317776f602c069c009d1f0d5d939d622ccdee275423fad1e35cb0	.rela.text	123988	.text	0x23e648	0x23e648	0x23e6a8	R_AARCH64_CALL26	sync_fsm_reset	3999	0	STT_FUNC	.text	0x235440	0x0	sync_fsm_reset	0x235440	unnamed@.text+0x23e600	0x23e600	0x48	eh_frame_FDE	0x23e688	0x4c080	direct_call_BL	0x94000000
.local/legacy-firmware/work/extract/stock-rootfs/lib/modules/5.4.55/mt_wifi.ko	40c8f974ad7317776f602c069c009d1f0d5d939d622ccdee275423fad1e35cb0	.rela.text	124002	.text	0x23e764	0x23e764	0x23e7c4	R_AARCH64_CALL26	BssEntryReset	8520	0	STT_FUNC	.text	0x406ec4	0x0	BssEntryReset	0x406ec4	unnamed@.text+0x23e690	0x23e690	0xd4	eh_frame_FDE	0x23e8ac	0x4c0a8	direct_call_BL	0x94000000
.local/legacy-firmware/work/extract/stock-rootfs/lib/modules/5.4.55/mt_wifi.ko	40c8f974ad7317776f602c069c009d1f0d5d939d622ccdee275423fad1e35cb0	.rela.text	124135	.text	0x23f020	0x23f020	0x23f080	R_AARCH64_CALL26	sta_reset_owe_parameters	2604	0	STT_FUNC	.text	0x3e25b0	0x0	sta_reset_owe_parameters	0x3e25b0	unnamed@.text+0x23ef04	0x23ef04	0x11c	eh_frame_FDE	0x23f39c	0x4c1dc	direct_call_BL	0x94000000
.local/legacy-firmware/work/extract/stock-rootfs/lib/modules/5.4.55/mt_wifi.ko	40c8f974ad7317776f602c069c009d1f0d5d939d622ccdee275423fad1e35cb0	.rela.text	124755	.text	0x2428b0	0x2428b0	0x242910	R_AARCH64_CALL26	TRTableResetEntry	2235	0	STT_FUNC	.text	0x24b970	0x0	TRTableResetEntry	0x24b970	_LinkDown	0x2425f0	0x2c0	symbol_size	0x242ee4		direct_call_BL	0x94000000
.local/legacy-firmware/work/extract/stock-rootfs/lib/modules/5.4.55/mt_wifi.ko	40c8f974ad7317776f602c069c009d1f0d5d939d622ccdee275423fad1e35cb0	.rela.text	125953	.text	0x248d68	0x248d68	0x248dc8	R_AARCH64_CALL26	MlmeResetByWdev	2172	0	STT_FUNC	.text	0x1ab4c0	0x0	MlmeResetByWdev	0x1ab4c0	unnamed@.text+0x248230	0x248230	0xb38	eh_frame_FDE	0x2492bc	0x4cc90	direct_call_BL	0x94000000
.local/legacy-firmware/work/extract/stock-rootfs/lib/modules/5.4.55/mt_wifi.ko	40c8f974ad7317776f602c069c009d1f0d5d939d622ccdee275423fad1e35cb0	.rela.text	126806	.text	0x24da84	0x24da84	0x24dae4	R_AARCH64_CALL26	MacTableResetEntry	8567	0	STT_FUNC	.text	0x24ce80	0x0	MacTableResetEntry	0x24ce80	MacTableInsertEntry	0x24d920	0x164	symbol_size	0x24e938		direct_call_BL	0x94000000
.local/legacy-firmware/work/extract/stock-rootfs/lib/modules/5.4.55/mt_wifi.ko	40c8f974ad7317776f602c069c009d1f0d5d939d622ccdee275423fad1e35cb0	.rela.text	126916	.text	0x24e5c0	0x24e5c0	0x24e620	R_AARCH64_CALL26	MacTableResetEntry	8567	0	STT_FUNC	.text	0x24ce80	0x0	MacTableResetEntry	0x24ce80	MacTableInsertEntry	0x24d920	0xca0	symbol_size	0x24e938		direct_call_BL	0x94000000
.local/legacy-firmware/work/extract/stock-rootfs/lib/modules/5.4.55/mt_wifi.ko	40c8f974ad7317776f602c069c009d1f0d5d939d622ccdee275423fad1e35cb0	.rela.text	126920	.text	0x24e62c	0x24e62c	0x24e68c	R_AARCH64_CALL26	MacTableResetEntry	8567	0	STT_FUNC	.text	0x24ce80	0x0	MacTableResetEntry	0x24ce80	MacTableInsertEntry	0x24d920	0xd0c	symbol_size	0x24e938		direct_call_BL	0x94000000
.local/legacy-firmware/work/extract/stock-rootfs/lib/modules/5.4.55/mt_wifi.ko	40c8f974ad7317776f602c069c009d1f0d5d939d622ccdee275423fad1e35cb0	.rela.text	127461	.text	0x250984	0x250984	0x2509e4	R_AARCH64_CALL26	TRTableResetEntry	2235	0	STT_FUNC	.text	0x24b970	0x0	TRTableResetEntry	0x24b970	_MacTableDeleteEntry	0x250300	0x684	symbol_size	0x251094		direct_call_BL	0x94000000
.local/legacy-firmware/work/extract/stock-rootfs/lib/modules/5.4.55/mt_wifi.ko	40c8f974ad7317776f602c069c009d1f0d5d939d622ccdee275423fad1e35cb0	.rela.text	148639	.text	0x2ca7e8	0x2ca7e8	0x2ca848	R_AARCH64_CALL26	RtmpOsSkbResetMacHeader	1457	0	STT_FUNC	.text	0x39caa0	0x0	RtmpOsSkbResetMacHeader	0x39caa0	map_ts_tx_process	0x2ca6b0	0x138	symbol_size	0x2caa90		direct_call_BL	0x94000000
.local/legacy-firmware/work/extract/stock-rootfs/lib/modules/5.4.55/mt_wifi.ko	40c8f974ad7317776f602c069c009d1f0d5d939d622ccdee275423fad1e35cb0	.rela.text	148640	.text	0x2ca7f0	0x2ca7f0	0x2ca850	R_AARCH64_CALL26	RtmpOsSkbResetNetworkHeader	2585	0	STT_FUNC	.text	0x39cab4	0x0	RtmpOsSkbResetNetworkHeader	0x39cab4	map_ts_tx_process	0x2ca6b0	0x140	symbol_size	0x2caa90		direct_call_BL	0x94000000
.local/legacy-firmware/work/extract/stock-rootfs/lib/modules/5.4.55/mt_wifi.ko	40c8f974ad7317776f602c069c009d1f0d5d939d622ccdee275423fad1e35cb0	.rela.text	148641	.text	0x2ca7f8	0x2ca7f8	0x2ca858	R_AARCH64_CALL26	RtmpOsSkbResetTransportHeader	10041	0	STT_FUNC	.text	0x39cad0	0x0	RtmpOsSkbResetTransportHeader	0x39cad0	map_ts_tx_process	0x2ca6b0	0x148	symbol_size	0x2caa90		direct_call_BL	0x94000000
.local/legacy-firmware/work/extract/stock-rootfs/lib/modules/5.4.55/mt_wifi.ko	40c8f974ad7317776f602c069c009d1f0d5d939d622ccdee275423fad1e35cb0	.rela.text	148642	.text	0x2ca800	0x2ca800	0x2ca860	R_AARCH64_CALL26	RtmpOsSkbResetMacLen	3224	0	STT_FUNC	.text	0x39cae4	0x0	RtmpOsSkbResetMacLen	0x39cae4	map_ts_tx_process	0x2ca6b0	0x150	symbol_size	0x2caa90		direct_call_BL	0x94000000
.local/legacy-firmware/work/extract/stock-rootfs/lib/modules/5.4.55/mt_wifi.ko	40c8f974ad7317776f602c069c009d1f0d5d939d622ccdee275423fad1e35cb0	.rela.text	148747	.text	0x2caf94	0x2caf94	0x2caff4	R_AARCH64_CALL26	RtmpOsSkbResetMacHeader	1457	0	STT_FUNC	.text	0x39caa0	0x0	RtmpOsSkbResetMacHeader	0x39caa0	map_ts_rx_process	0x2caa90	0x504	symbol_size	0x2cb04c		direct_call_BL	0x94000000
.local/legacy-firmware/work/extract/stock-rootfs/lib/modules/5.4.55/mt_wifi.ko	40c8f974ad7317776f602c069c009d1f0d5d939d622ccdee275423fad1e35cb0	.rela.text	148748	.text	0x2caf9c	0x2caf9c	0x2caffc	R_AARCH64_CALL26	RtmpOsSkbResetNetworkHeader	2585	0	STT_FUNC	.text	0x39cab4	0x0	RtmpOsSkbResetNetworkHeader	0x39cab4	map_ts_rx_process	0x2caa90	0x50c	symbol_size	0x2cb04c		direct_call_BL	0x94000000
.local/legacy-firmware/work/extract/stock-rootfs/lib/modules/5.4.55/mt_wifi.ko	40c8f974ad7317776f602c069c009d1f0d5d939d622ccdee275423fad1e35cb0	.rela.text	148749	.text	0x2cafa4	0x2cafa4	0x2cb004	R_AARCH64_CALL26	RtmpOsSkbResetTransportHeader	10041	0	STT_FUNC	.text	0x39cad0	0x0	RtmpOsSkbResetTransportHeader	0x39cad0	map_ts_rx_process	0x2caa90	0x514	symbol_size	0x2cb04c		direct_call_BL	0x94000000
.local/legacy-firmware/work/extract/stock-rootfs/lib/modules/5.4.55/mt_wifi.ko	40c8f974ad7317776f602c069c009d1f0d5d939d622ccdee275423fad1e35cb0	.rela.text	148750	.text	0x2cafac	0x2cafac	0x2cb00c	R_AARCH64_CALL26	RtmpOsSkbResetMacLen	3224	0	STT_FUNC	.text	0x39cae4	0x0	RtmpOsSkbResetMacLen	0x39cae4	map_ts_rx_process	0x2caa90	0x51c	symbol_size	0x2cb04c		direct_call_BL	0x94000000
.local/legacy-firmware/work/extract/stock-rootfs/lib/modules/5.4.55/mt_wifi.ko	40c8f974ad7317776f602c069c009d1f0d5d939d622ccdee275423fad1e35cb0	.rela.text	149295	.text	0x2cd2c8	0x2cd2c8	0x2cd328	R_AARCH64_CALL26	MacTableResetWdev	9576	0	STT_FUNC	.text	0x251290	0x0	MacTableResetWdev	0x251290	mtk_nl80211_easymesh_set_mld_del_link	0x2cd230	0x98	symbol_size	0x2cd328		direct_call_BL	0x94000000
.local/legacy-firmware/work/extract/stock-rootfs/lib/modules/5.4.55/mt_wifi.ko	40c8f974ad7317776f602c069c009d1f0d5d939d622ccdee275423fad1e35cb0	.rela.text	149307	.text	0x2cd3c0	0x2cd3c0	0x2cd420	R_AARCH64_CALL26	MacTableResetWdev	9576	0	STT_FUNC	.text	0x251290	0x0	MacTableResetWdev	0x251290	mtk_nl80211_easymesh_set_mld_link_add	0x2cd330	0x90	symbol_size	0x2cd420		direct_call_BL	0x94000000
.local/legacy-firmware/work/extract/stock-rootfs/lib/modules/5.4.55/mt_wifi.ko	40c8f974ad7317776f602c069c009d1f0d5d939d622ccdee275423fad1e35cb0	.rela.text	149319	.text	0x2cd4ac	0x2cd4ac	0x2cd50c	R_AARCH64_CALL26	MacTableResetWdev	9576	0	STT_FUNC	.text	0x251290	0x0	MacTableResetWdev	0x251290	mtk_nl80211_easymesh_set_mld_link_transfer	0x2cd420	0x8c	symbol_size	0x2cd50c		direct_call_BL	0x94000000
.local/legacy-firmware/work/extract/stock-rootfs/lib/modules/5.4.55/mt_wifi.ko	40c8f974ad7317776f602c069c009d1f0d5d939d622ccdee275423fad1e35cb0	.rela.text	150569	.text	0x2d1d0c	0x2d1d0c	0x2d1d6c	R_AARCH64_CALL26	reset_mtk_map_vendor_ie	3777	0	STT_FUNC	.text	0x3a3d0	0x0	reset_mtk_map_vendor_ie	0x3a3d0	mtk_nl80211_set_map_enable	0x2d1b50	0x1bc	symbol_size	0x2d1e00		direct_call_BL	0x94000000
.local/legacy-firmware/work/extract/stock-rootfs/lib/modules/5.4.55/mt_wifi.ko	40c8f974ad7317776f602c069c009d1f0d5d939d622ccdee275423fad1e35cb0	.rela.text	151503	.text	0x2d6d70	0x2d6d70	0x2d6dd0	R_AARCH64_ADR_PREL_PG_HI21	rtmp_timer_OceResetScanIndication	7274	0	STT_FUNC	.text	0x2d6bb0	0x0	rtmp_timer_OceResetScanIndication	0x2d6bb0	OceTimerInit	0x2d6d10	0x60	symbol_size	0x2d6ebc		executable_reference	0x90000017
.local/legacy-firmware/work/extract/stock-rootfs/lib/modules/5.4.55/mt_wifi.ko	40c8f974ad7317776f602c069c009d1f0d5d939d622ccdee275423fad1e35cb0	.rela.text	151505	.text	0x2d6d78	0x2d6d78	0x2d6dd8	R_AARCH64_ADD_ABS_LO12_NC	rtmp_timer_OceResetScanIndication	7274	0	STT_FUNC	.text	0x2d6bb0	0x0	rtmp_timer_OceResetScanIndication	0x2d6bb0	OceTimerInit	0x2d6d10	0x68	symbol_size	0x2d6ebc		executable_reference	0x910002f7
.local/legacy-firmware/work/extract/stock-rootfs/lib/modules/5.4.55/mt_wifi.ko	40c8f974ad7317776f602c069c009d1f0d5d939d622ccdee275423fad1e35cb0	.rela.text	160548	.text	0x2fd344	0x2fd344	0x2fd3a4	R_AARCH64_CALL26	hqa_wifi_test_mu_set_enable	6028	0	STT_FUNC	.text	0x2fa2c0	0x0	hqa_wifi_test_mu_set_enable	0x2fa2c0	hqa_mu_set_enable	0x2fd230	0x114	symbol_size	0x2fd39c		direct_call_BL	0x94000000
.local/legacy-firmware/work/extract/stock-rootfs/lib/modules/5.4.55/mt_wifi.ko	40c8f974ad7317776f602c069c009d1f0d5d939d622ccdee275423fad1e35cb0	.rela.text	165324	.text	0x313c7c	0x313c7c	0x313cdc	R_AARCH64_CALL26	vow_reset_dvt	9660	0	STT_FUNC	.text	0x313b30	0x0	vow_reset_dvt	0x313b30	vow_reset	0x313c04	0x78	symbol_size	0x313c88		direct_call_BL	0x94000000
.local/legacy-firmware/work/extract/stock-rootfs/lib/modules/5.4.55/mt_wifi.ko	40c8f974ad7317776f602c069c009d1f0d5d939d622ccdee275423fad1e35cb0	.rela.text	168626	.text	0x3272b4	0x3272b4	0x327314	R_AARCH64_CALL26	sync_fsm_reset	3999	0	STT_FUNC	.text	0x235440	0x0	sync_fsm_reset	0x235440	WscScanExec	0x327130	0x184	symbol_size	0x3272c4		direct_call_BL	0x94000000
.local/legacy-firmware/work/extract/stock-rootfs/lib/modules/5.4.55/mt_wifi.ko	40c8f974ad7317776f602c069c009d1f0d5d939d622ccdee275423fad1e35cb0	.rela.text	168627	.text	0x3272bc	0x3272bc	0x32731c	R_AARCH64_CALL26	cntl_fsm_reset	2713	0	STT_FUNC	.text	0x22f9f0	0x0	cntl_fsm_reset	0x22f9f0	WscScanExec	0x327130	0x18c	symbol_size	0x3272c4		direct_call_BL	0x94000000
.local/legacy-firmware/work/extract/stock-rootfs/lib/modules/5.4.55/mt_wifi.ko	40c8f974ad7317776f602c069c009d1f0d5d939d622ccdee275423fad1e35cb0	.rela.text	174184	.text	0x346bb0	0x346bb0	0x346c10	R_AARCH64_CALL26	ser_event_enq	7030	0	STT_FUNC	.text	0x397f80	0x0	ser_event_enq	0x397f80	unnamed@.text+0x346b40	0x346b40	0x70	eh_frame_FDE	0x346d20	0x6ce48	direct_call_BL	0x94000000
.local/legacy-firmware/work/extract/stock-rootfs/lib/modules/5.4.55/mt_wifi.ko	40c8f974ad7317776f602c069c009d1f0d5d939d622ccdee275423fad1e35cb0	.rela.text	174189	.text	0x346bf4	0x346bf4	0x346c54	R_AARCH64_CALL26	ser_event_enq	7030	0	STT_FUNC	.text	0x397f80	0x0	ser_event_enq	0x397f80	unnamed@.text+0x346b40	0x346b40	0xb4	eh_frame_FDE	0x346d20	0x6ce48	direct_call_BL	0x94000000
.local/legacy-firmware/work/extract/stock-rootfs/lib/modules/5.4.55/mt_wifi.ko	40c8f974ad7317776f602c069c009d1f0d5d939d622ccdee275423fad1e35cb0	.rela.text	174194	.text	0x346c44	0x346c44	0x346ca4	R_AARCH64_CALL26	ser_event_enq	7030	0	STT_FUNC	.text	0x397f80	0x0	ser_event_enq	0x397f80	unnamed@.text+0x346b40	0x346b40	0x104	eh_frame_FDE	0x346d20	0x6ce48	direct_call_BL	0x94000000
.local/legacy-firmware/work/extract/stock-rootfs/lib/modules/5.4.55/mt_wifi.ko	40c8f974ad7317776f602c069c009d1f0d5d939d622ccdee275423fad1e35cb0	.rela.text	174199	.text	0x346c7c	0x346c7c	0x346cdc	R_AARCH64_CALL26	ser_event_enq	7030	0	STT_FUNC	.text	0x397f80	0x0	ser_event_enq	0x397f80	unnamed@.text+0x346b40	0x346b40	0x13c	eh_frame_FDE	0x346d20	0x6ce48	direct_call_BL	0x94000000
.local/legacy-firmware/work/extract/stock-rootfs/lib/modules/5.4.55/mt_wifi.ko	40c8f974ad7317776f602c069c009d1f0d5d939d622ccdee275423fad1e35cb0	.rela.text	174351	.text	0x347848	0x347848	0x3478a8	R_AARCH64_CALL26	ser_init	2381	0	STT_FUNC	.text	0x347560	0x0	ser_init	0x347560	HwCtrlInit	0x347840	0x8	symbol_size	0x347854		direct_call_BL	0x94000000
.local/legacy-firmware/work/extract/stock-rootfs/lib/modules/5.4.55/mt_wifi.ko	40c8f974ad7317776f602c069c009d1f0d5d939d622ccdee275423fad1e35cb0	.rela.text	186447	.text	0x37b1ac	0x37b1ac	0x37b20c	R_AARCH64_CALL26	ser_is_idle_state	3801	0	STT_FUNC	.text	0x398270	0x0	ser_is_idle_state	0x398270	IsStopingPdma	0x37b1a0	0xc	symbol_size	0x37b1c0		direct_call_BL	0x94000000
.local/legacy-firmware/work/extract/stock-rootfs/lib/modules/5.4.55/mt_wifi.ko	40c8f974ad7317776f602c069c009d1f0d5d939d622ccdee275423fad1e35cb0	.rela.text	187768	.text	0x383f74	0x383f74	0x383fd4	R_AARCH64_CALL26	ser_get_time	1913	0	STT_FUNC	.text	0x3982a0	0x0	ser_get_time	0x3982a0	unnamed@.text+0x383ce0	0x383ce0	0x294	eh_frame_FDE	0x384190	0x79528	direct_call_BL	0x94000000
.local/legacy-firmware/work/extract/stock-rootfs/lib/modules/5.4.55/mt_wifi.ko	40c8f974ad7317776f602c069c009d1f0d5d939d622ccdee275423fad1e35cb0	.rela.text	187772	.text	0x383f98	0x383f98	0x383ff8	R_AARCH64_CALL26	ser_get_t0	7104	0	STT_FUNC	.text	0x398ac4	0x0	ser_get_t0	0x398ac4	unnamed@.text+0x383ce0	0x383ce0	0x2b8	eh_frame_FDE	0x384190	0x79528	direct_call_BL	0x94000000
.local/legacy-firmware/work/extract/stock-rootfs/lib/modules/5.4.55/mt_wifi.ko	40c8f974ad7317776f602c069c009d1f0d5d939d622ccdee275423fad1e35cb0	.rela.text	187802	.text	0x3840f4	0x3840f4	0x384154	R_AARCH64_CALL26	ser_get_t0	7104	0	STT_FUNC	.text	0x398ac4	0x0	ser_get_t0	0x398ac4	unnamed@.text+0x383ce0	0x383ce0	0x414	eh_frame_FDE	0x384190	0x79528	direct_call_BL	0x94000000
.local/legacy-firmware/work/extract/stock-rootfs/lib/modules/5.4.55/mt_wifi.ko	40c8f974ad7317776f602c069c009d1f0d5d939d622ccdee275423fad1e35cb0	.rela.text	187811	.text	0x384164	0x384164	0x3841c4	R_AARCH64_CALL26	ser_get_t0	7104	0	STT_FUNC	.text	0x398ac4	0x0	ser_get_t0	0x398ac4	unnamed@.text+0x383ce0	0x383ce0	0x484	eh_frame_FDE	0x384190	0x79528	direct_call_BL	0x94000000
.local/legacy-firmware/work/extract/stock-rootfs/lib/modules/5.4.55/mt_wifi.ko	40c8f974ad7317776f602c069c009d1f0d5d939d622ccdee275423fad1e35cb0	.rela.text	187929	.text	0x384d58	0x384d58	0x384db8	R_AARCH64_CALL26	mtk_fe_reset_notifier_init	7420	0	STT_FUNC	.text	0x347760	0x0	mtk_fe_reset_notifier_init	0x347760	mtk_mac_hw_register	0x384bf0	0x168	symbol_size	0x384dd8		direct_call_BL	0x94000000
.local/legacy-firmware/work/extract/stock-rootfs/lib/modules/5.4.55/mt_wifi.ko	40c8f974ad7317776f602c069c009d1f0d5d939d622ccdee275423fad1e35cb0	.rela.text	187955	.text	0x384e98	0x384e98	0x384ef8	R_AARCH64_CALL26	mtk_fe_reset_notifier_exit	2470	0	STT_FUNC	.text	0x3477e0	0x0	mtk_fe_reset_notifier_exit	0x3477e0	mtk_mac_hw_unregister	0x384de0	0xb8	symbol_size	0x384ea0		direct_call_BL	0x94000000
.local/legacy-firmware/work/extract/stock-rootfs/lib/modules/5.4.55/mt_wifi.ko	40c8f974ad7317776f602c069c009d1f0d5d939d622ccdee275423fad1e35cb0	.rela.text	187956	.text	0x384ea8	0x384ea8	0x384f08	R_AARCH64_CALL26	ser_event_enq	7030	0	STT_FUNC	.text	0x397f80	0x0	ser_event_enq	0x397f80	mtk_rx_ser_event	0x384ea0	0x8	symbol_size	0x384eb4		direct_call_BL	0x94000000
.local/legacy-firmware/work/extract/stock-rootfs/lib/modules/5.4.55/mt_wifi.ko	40c8f974ad7317776f602c069c009d1f0d5d939d622ccdee275423fad1e35cb0	.rela.text	188980	.text	0x38a090	0x38a090	0x38a0f0	R_AARCH64_CALL26	reset_dev_l1profile	2018	0	STT_FUNC	.text	0x3a2a40	0x0	reset_dev_l1profile	0x3a2a40	physical_device_exit_device	0x38a080	0x10	symbol_size	0x38a148		direct_call_BL	0x94000000
.local/legacy-firmware/work/extract/stock-rootfs/lib/modules/5.4.55/mt_wifi.ko	40c8f974ad7317776f602c069c009d1f0d5d939d622ccdee275423fad1e35cb0	.rela.text	191500	.text	0x397b00	0x397b00	0x397b60	R_AARCH64_ADR_PREL_PG_HI21	mt7990_ser_0_5_v1	7329	0	STT_FUNC	.text	0x116010	0x0	mt7990_ser_0_5_v1	0x116010	unnamed@.text+0x397770	0x397770	0x390	eh_frame_FDE	0x397f80	0x7d1f8	executable_reference	0x90000001
.local/legacy-firmware/work/extract/stock-rootfs/lib/modules/5.4.55/mt_wifi.ko	40c8f974ad7317776f602c069c009d1f0d5d939d622ccdee275423fad1e35cb0	.rela.text	191501	.text	0x397b04	0x397b04	0x397b64	R_AARCH64_ADD_ABS_LO12_NC	mt7990_ser_0_5_v1	7329	0	STT_FUNC	.text	0x116010	0x0	mt7990_ser_0_5_v1	0x116010	unnamed@.text+0x397770	0x397770	0x394	eh_frame_FDE	0x397f80	0x7d1f8	executable_reference	0x91000021
.local/legacy-firmware/work/extract/stock-rootfs/lib/modules/5.4.55/mt_wifi.ko	40c8f974ad7317776f602c069c009d1f0d5d939d622ccdee275423fad1e35cb0	.rela.text	191506	.text	0x397bd0	0x397bd0	0x397c30	R_AARCH64_ADR_PREL_PG_HI21	mt7990_ser_1_0_v1	7353	0	STT_FUNC	.text	0x115440	0x0	mt7990_ser_1_0_v1	0x115440	unnamed@.text+0x397770	0x397770	0x460	eh_frame_FDE	0x397f80	0x7d1f8	executable_reference	0x90000001
.local/legacy-firmware/work/extract/stock-rootfs/lib/modules/5.4.55/mt_wifi.ko	40c8f974ad7317776f602c069c009d1f0d5d939d622ccdee275423fad1e35cb0	.rela.text	191507	.text	0x397bd4	0x397bd4	0x397c34	R_AARCH64_ADD_ABS_LO12_NC	mt7990_ser_1_0_v1	7353	0	STT_FUNC	.text	0x115440	0x0	mt7990_ser_1_0_v1	0x115440	unnamed@.text+0x397770	0x397770	0x464	eh_frame_FDE	0x397f80	0x7d1f8	executable_reference	0x91000021
.local/legacy-firmware/work/extract/stock-rootfs/lib/modules/5.4.55/mt_wifi.ko	40c8f974ad7317776f602c069c009d1f0d5d939d622ccdee275423fad1e35cb0	.rela.text	191558	.text	0x397ec8	0x397ec8	0x397f28	R_AARCH64_ADR_PREL_PG_HI21	mt7990_ser_0_0_v1	10024	0	STT_FUNC	.text	0x116090	0x0	mt7990_ser_0_0_v1	0x116090	unnamed@.text+0x397770	0x397770	0x758	eh_frame_FDE	0x397f80	0x7d1f8	executable_reference	0x90000001
.local/legacy-firmware/work/extract/stock-rootfs/lib/modules/5.4.55/mt_wifi.ko	40c8f974ad7317776f602c069c009d1f0d5d939d622ccdee275423fad1e35cb0	.rela.text	191559	.text	0x397ecc	0x397ecc	0x397f2c	R_AARCH64_ADD_ABS_LO12_NC	mt7990_ser_0_0_v1	10024	0	STT_FUNC	.text	0x116090	0x0	mt7990_ser_0_0_v1	0x116090	unnamed@.text+0x397770	0x397770	0x75c	eh_frame_FDE	0x397f80	0x7d1f8	executable_reference	0x91000021
.local/legacy-firmware/work/extract/stock-rootfs/lib/modules/5.4.55/mt_wifi.ko	40c8f974ad7317776f602c069c009d1f0d5d939d622ccdee275423fad1e35cb0	.rela.text	191567	.text	0x397f4c	0x397f4c	0x397fac	R_AARCH64_ADR_PREL_PG_HI21	mt7990_ser_10_0_v1	2391	0	STT_FUNC	.text	0x115f74	0x0	mt7990_ser_10_0_v1	0x115f74	unnamed@.text+0x397770	0x397770	0x7dc	eh_frame_FDE	0x397f80	0x7d1f8	executable_reference	0x90000001
.local/legacy-firmware/work/extract/stock-rootfs/lib/modules/5.4.55/mt_wifi.ko	40c8f974ad7317776f602c069c009d1f0d5d939d622ccdee275423fad1e35cb0	.rela.text	191568	.text	0x397f50	0x397f50	0x397fb0	R_AARCH64_ADD_ABS_LO12_NC	mt7990_ser_10_0_v1	2391	0	STT_FUNC	.text	0x115f74	0x0	mt7990_ser_10_0_v1	0x115f74	unnamed@.text+0x397770	0x397770	0x7e0	eh_frame_FDE	0x397f80	0x7d1f8	executable_reference	0x91000021
.local/legacy-firmware/work/extract/stock-rootfs/lib/modules/5.4.55/mt_wifi.ko	40c8f974ad7317776f602c069c009d1f0d5d939d622ccdee275423fad1e35cb0	.rela.text	191569	.text	0x397f60	0x397f60	0x397fc0	R_AARCH64_ADR_PREL_PG_HI21	mt7990_fe_reset	7536	0	STT_FUNC	.text	0x1162e0	0x0	mt7990_fe_reset	0x1162e0	unnamed@.text+0x397770	0x397770	0x7f0	eh_frame_FDE	0x397f80	0x7d1f8	executable_reference	0x90000001
.local/legacy-firmware/work/extract/stock-rootfs/lib/modules/5.4.55/mt_wifi.ko	40c8f974ad7317776f602c069c009d1f0d5d939d622ccdee275423fad1e35cb0	.rela.text	191570	.text	0x397f64	0x397f64	0x397fc4	R_AARCH64_ADD_ABS_LO12_NC	mt7990_fe_reset	7536	0	STT_FUNC	.text	0x1162e0	0x0	mt7990_fe_reset	0x1162e0	unnamed@.text+0x397770	0x397770	0x7f4	eh_frame_FDE	0x397f80	0x7d1f8	executable_reference	0x91000021
.local/legacy-firmware/work/extract/stock-rootfs/lib/modules/5.4.55/mt_wifi.ko	40c8f974ad7317776f602c069c009d1f0d5d939d622ccdee275423fad1e35cb0	.rela.text	191571	.text	0x397f74	0x397f74	0x397fd4	R_AARCH64_ADR_PREL_PG_HI21	mt7990_fe_wdma_reset	8436	0	STT_FUNC	.text	0x116450	0x0	mt7990_fe_wdma_reset	0x116450	unnamed@.text+0x397770	0x397770	0x804	eh_frame_FDE	0x397f80	0x7d1f8	executable_reference	0x90000001
.local/legacy-firmware/work/extract/stock-rootfs/lib/modules/5.4.55/mt_wifi.ko	40c8f974ad7317776f602c069c009d1f0d5d939d622ccdee275423fad1e35cb0	.rela.text	191572	.text	0x397f78	0x397f78	0x397fd8	R_AARCH64_ADD_ABS_LO12_NC	mt7990_fe_wdma_reset	8436	0	STT_FUNC	.text	0x116450	0x0	mt7990_fe_wdma_reset	0x116450	unnamed@.text+0x397770	0x397770	0x808	eh_frame_FDE	0x397f80	0x7d1f8	executable_reference	0x91000021
.local/legacy-firmware/work/extract/stock-rootfs/lib/modules/5.4.55/mt_wifi.ko	40c8f974ad7317776f602c069c009d1f0d5d939d622ccdee275423fad1e35cb0	.rela.text	191604	.text	0x398278	0x398278	0x3982d8	R_AARCH64_CALL26	ser_get_curr_state	5913	0	STT_FUNC	.text	0x398180	0x0	ser_get_curr_state	0x398180	ser_is_idle_state	0x398270	0x8	symbol_size	0x39828c		direct_call_BL	0x94000000
.local/legacy-firmware/work/extract/stock-rootfs/lib/modules/5.4.55/mt_wifi.ko	40c8f974ad7317776f602c069c009d1f0d5d939d622ccdee275423fad1e35cb0	.rela.text	191657	.text	0x39862c	0x39862c	0x39868c	R_AARCH64_CALL26	ser_get_all_pAd_by_chipid_hwid	4148	0	STT_FUNC	.text	0x398540	0x0	ser_get_all_pAd_by_chipid_hwid	0x398540	ser_ack_event	0x398604	0x28	symbol_size	0x398764		direct_call_BL	0x94000000
.local/legacy-firmware/work/extract/stock-rootfs/lib/modules/5.4.55/mt_wifi.ko	40c8f974ad7317776f602c069c009d1f0d5d939d622ccdee275423fad1e35cb0	.rela.text	191660	.text	0x398694	0x398694	0x3986f4	R_AARCH64_CALL26	asic_ser_handler	5465	0	STT_FUNC	.text	0x34d820	0x0	asic_ser_handler	0x34d820	ser_ack_event	0x398604	0x90	symbol_size	0x398764		direct_call_BL	0x94000000
.local/legacy-firmware/work/extract/stock-rootfs/lib/modules/5.4.55/mt_wifi.ko	40c8f974ad7317776f602c069c009d1f0d5d939d622ccdee275423fad1e35cb0	.rela.text	191685	.text	0x398790	0x398790	0x3987f0	R_AARCH64_ADR_PREL_PG_HI21	mt7990_dump_ser_stat	8084	0	STT_FUNC	.text	0x116110	0x0	mt7990_dump_ser_stat	0x116110	ser_dump_ser_stat	0x398780	0x10	symbol_size	0x398844		executable_reference	0x90000002
.local/legacy-firmware/work/extract/stock-rootfs/lib/modules/5.4.55/mt_wifi.ko	40c8f974ad7317776f602c069c009d1f0d5d939d622ccdee275423fad1e35cb0	.rela.text	191686	.text	0x398794	0x398794	0x3987f4	R_AARCH64_ADD_ABS_LO12_NC	mt7990_dump_ser_stat	8084	0	STT_FUNC	.text	0x116110	0x0	mt7990_dump_ser_stat	0x116110	ser_dump_ser_stat	0x398780	0x14	symbol_size	0x398844		executable_reference	0x91000042
.local/legacy-firmware/work/extract/stock-rootfs/lib/modules/5.4.55/mt_wifi.ko	40c8f974ad7317776f602c069c009d1f0d5d939d622ccdee275423fad1e35cb0	.rela.text	191696	.text	0x3987f8	0x3987f8	0x398858	R_AARCH64_CALL26	mt7990_dump_ser_stat	8084	0	STT_FUNC	.text	0x116110	0x0	mt7990_dump_ser_stat	0x116110	ser_dump_ser_stat	0x398780	0x78	symbol_size	0x398844		direct_call_BL	0x94000000
.local/legacy-firmware/work/extract/stock-rootfs/lib/modules/5.4.55/mt_wifi.ko	40c8f974ad7317776f602c069c009d1f0d5d939d622ccdee275423fad1e35cb0	.rela.text	191709	.text	0x3988cc	0x3988cc	0x39892c	R_AARCH64_CALL26	_ser_dump_timelog	3347	0	STT_FUNC	.text	0x3982b4	0x0	_ser_dump_timelog	0x3982b4	ser_dump_timelog	0x398844	0x88	symbol_size	0x39897c		direct_call_BL	0x94000000
.local/legacy-firmware/work/extract/stock-rootfs/lib/modules/5.4.55/mt_wifi.ko	40c8f974ad7317776f602c069c009d1f0d5d939d622ccdee275423fad1e35cb0	.rela.text	191733	.text	0x3989ac	0x3989ac	0x398a0c	R_AARCH64_CALL26	ser_get_curr_state	5913	0	STT_FUNC	.text	0x398180	0x0	ser_get_curr_state	0x398180	ser_l1_timeout	0x398980	0x2c	symbol_size	0x398ac4		direct_call_BL	0x94000000
.local/legacy-firmware/work/extract/stock-rootfs/lib/modules/5.4.55/mt_wifi.ko	40c8f974ad7317776f602c069c009d1f0d5d939d622ccdee275423fad1e35cb0	.rela.text	192744	.text	0x39e088	0x39e088	0x39e0e8	R_AARCH64_CALL26	ser_mngr_init	8109	0	STT_FUNC	.text.unlikely	0x19b24	0x0	ser_mngr_init	0x19b24	os_module_init	0x39e020	0x68	symbol_size	0x39e16c		direct_call_BL	0x94000000
.local/legacy-firmware/work/extract/stock-rootfs/lib/modules/5.4.55/mt_wifi.ko	40c8f974ad7317776f602c069c009d1f0d5d939d622ccdee275423fad1e35cb0	.rela.text	194026	.text	0x3a3074	0x3a3074	0x3a30d4	R_AARCH64_CALL26	ResetL1profile	3518	0	STT_FUNC	.text	0x3a1944	0x0	ResetL1profile	0x3a1944	load_dev_l1profile	0x3a2aa4	0x5d0	symbol_size	0x3a30f0		direct_call_BL	0x94000000
.local/legacy-firmware/work/extract/stock-rootfs/lib/modules/5.4.55/mt_wifi.ko	40c8f974ad7317776f602c069c009d1f0d5d939d622ccdee275423fad1e35cb0	.rela.text	194089	.text	0x3a36a8	0x3a36a8	0x3a3708	R_AARCH64_CALL26	__page_frag_cache_drain	10817	1	STT_NOTYPE	SHN_UNDEF	0x0	0x0			rx_page_frag_cache_drain	0x3a36a0	0x8	symbol_size	0x3a36b4		direct_call_BL	0x94000000
.local/legacy-firmware/work/extract/stock-rootfs/lib/modules/5.4.55/mt_wifi.ko	40c8f974ad7317776f602c069c009d1f0d5d939d622ccdee275423fad1e35cb0	.rela.text	199511	.text	0x3badb4	0x3badb4	0x3bae14	R_AARCH64_CALL26	mtk_cfg80211_mlo_preset_link_id	7987	0	STT_FUNC	.text	0x133fe0	0x0	mtk_cfg80211_mlo_preset_link_id	0x133fe0	unnamed@.text+0x3bad44	0x3bad44	0x70	eh_frame_FDE	0x3baddc	0x82a00	direct_call_BL	0x94000000
.local/legacy-firmware/work/extract/stock-rootfs/lib/modules/5.4.55/mt_wifi.ko	40c8f974ad7317776f602c069c009d1f0d5d939d622ccdee275423fad1e35cb0	.rela.text	204914	.text	0x3cec00	0x3cec00	0x3cec60	R_AARCH64_CALL26	CFG80211_reSetToDefault	7213	0	STT_FUNC	.text	0x3ce970	0x0	CFG80211_reSetToDefault	0x3ce970	CFG80211DRV_IoctlHandle	0x3cea00	0x200	symbol_size	0x3cf408		direct_call_BL	0x94000000
.local/legacy-firmware/work/extract/stock-rootfs/lib/modules/5.4.55/mt_wifi.ko	40c8f974ad7317776f602c069c009d1f0d5d939d622ccdee275423fad1e35cb0	.rela.text	207275	.text	0x3d9dc4	0x3d9dc4	0x3d9e24	R_AARCH64_CALL26	QBSS_LoadAlarmReset	9516	0	STT_FUNC	.text	0x56290	0x0	QBSS_LoadAlarmReset	0x56290	mtk_cfg80211_set_beacon_period	0x3d9cf0	0xd4	symbol_size	0x3d9ec0		direct_call_BL	0x94000000
.local/legacy-firmware/work/extract/stock-rootfs/lib/modules/5.4.55/mt_wifi.ko	40c8f974ad7317776f602c069c009d1f0d5d939d622ccdee275423fad1e35cb0	.rela.text	207972	.text	0x3dd440	0x3dd440	0x3dd4a0	R_AARCH64_CALL26	cntl_fsm_reset	2713	0	STT_FUNC	.text	0x22f9f0	0x0	cntl_fsm_reset	0x22f9f0	sta_ifdown_fsm_reset	0x3dd410	0x30	symbol_size	0x3dd49c		direct_call_BL	0x94000000
.local/legacy-firmware/work/extract/stock-rootfs/lib/modules/5.4.55/mt_wifi.ko	40c8f974ad7317776f602c069c009d1f0d5d939d622ccdee275423fad1e35cb0	.rela.text	207973	.text	0x3dd448	0x3dd448	0x3dd4a8	R_AARCH64_CALL26	auth_fsm_reset	2581	0	STT_FUNC	.text	0x22e180	0x0	auth_fsm_reset	0x22e180	sta_ifdown_fsm_reset	0x3dd410	0x38	symbol_size	0x3dd49c		direct_call_BL	0x94000000
.local/legacy-firmware/work/extract/stock-rootfs/lib/modules/5.4.55/mt_wifi.ko	40c8f974ad7317776f602c069c009d1f0d5d939d622ccdee275423fad1e35cb0	.rela.text	207974	.text	0x3dd450	0x3dd450	0x3dd4b0	R_AARCH64_CALL26	assoc_fsm_reset	5110	0	STT_FUNC	.text	0x22c4a4	0x0	assoc_fsm_reset	0x22c4a4	sta_ifdown_fsm_reset	0x3dd410	0x40	symbol_size	0x3dd49c		direct_call_BL	0x94000000
.local/legacy-firmware/work/extract/stock-rootfs/lib/modules/5.4.55/mt_wifi.ko	40c8f974ad7317776f602c069c009d1f0d5d939d622ccdee275423fad1e35cb0	.rela.text	207991	.text	0x3dd574	0x3dd574	0x3dd5d4	R_AARCH64_CALL26	sta_ifdown_fsm_reset	9229	0	STT_FUNC	.text	0x3dd410	0x0	sta_ifdown_fsm_reset	0x3dd410	MSTAStop	0x3dd4a0	0xd4	symbol_size	0x3dd5a4		direct_call_BL	0x94000000
.local/legacy-firmware/work/extract/stock-rootfs/lib/modules/5.4.55/mt_wifi.ko	40c8f974ad7317776f602c069c009d1f0d5d939d622ccdee275423fad1e35cb0	.rela.text	208000	.text	0x3dd6ac	0x3dd6ac	0x3dd70c	R_AARCH64_CALL26	MacTableResetWdev	9576	0	STT_FUNC	.text	0x251290	0x0	MacTableResetWdev	0x251290	sta_inf_close	0x3dd5a4	0x108	symbol_size	0x3dd844		direct_call_BL	0x94000000
.local/legacy-firmware/work/extract/stock-rootfs/lib/modules/5.4.55/mt_wifi.ko	40c8f974ad7317776f602c069c009d1f0d5d939d622ccdee275423fad1e35cb0	.rela.text	208365	.text	0x3df374	0x3df374	0x3df3d4	R_AARCH64_CALL26	cntl_reset_all_fsm_in_ifdown	10234	0	STT_FUNC	.text	0x22fa90	0x0	cntl_reset_all_fsm_in_ifdown	0x22fa90	ApCliIfDown	0x3df2a0	0xd4	symbol_size	0x3df418		direct_call_BL	0x94000000
.local/legacy-firmware/work/extract/stock-rootfs/lib/modules/5.4.55/mt_wifi.ko	40c8f974ad7317776f602c069c009d1f0d5d939d622ccdee275423fad1e35cb0	.rela.text	208390	.text	0x3df524	0x3df524	0x3df584	R_AARCH64_CALL26	cntl_reset_all_fsm_in_ifdown	10234	0	STT_FUNC	.text	0x22fa90	0x0	cntl_reset_all_fsm_in_ifdown	0x22fa90	downSpecificApCliIf	0x3df420	0x104	symbol_size	0x3df5c8		direct_call_BL	0x94000000
.local/legacy-firmware/work/extract/stock-rootfs/lib/modules/5.4.55/mt_wifi.ko	40c8f974ad7317776f602c069c009d1f0d5d939d622ccdee275423fad1e35cb0	.rela.text	208516	.text	0x3dff84	0x3dff84	0x3dffe4	R_AARCH64_CALL26	BssEntryReset	8520	0	STT_FUNC	.text	0x406ec4	0x0	BssEntryReset	0x406ec4	ApCliSwitchCandidateAP	0x3dfe14	0x170	symbol_size	0x3e00d0		direct_call_BL	0x94000000
.local/legacy-firmware/work/extract/stock-rootfs/lib/modules/5.4.55/mt_wifi.ko	40c8f974ad7317776f602c069c009d1f0d5d939d622ccdee275423fad1e35cb0	.rela.text	208943	.text	0x3e2988	0x3e2988	0x3e29e8	R_AARCH64_CALL26	BssEntryReset	8520	0	STT_FUNC	.text	0x406ec4	0x0	BssEntryReset	0x406ec4	ApCliAutoConnectExec	0x3e2650	0x338	symbol_size	0x3e2db8		direct_call_BL	0x94000000
.local/legacy-firmware/work/extract/stock-rootfs/lib/modules/5.4.55/mt_wifi.ko	40c8f974ad7317776f602c069c009d1f0d5d939d622ccdee275423fad1e35cb0	.rela.text	208945	.text	0x3e29bc	0x3e29bc	0x3e2a1c	R_AARCH64_CALL26	sta_reset_owe_parameters	2604	0	STT_FUNC	.text	0x3e25b0	0x0	sta_reset_owe_parameters	0x3e25b0	ApCliAutoConnectExec	0x3e2650	0x36c	symbol_size	0x3e2db8		direct_call_BL	0x94000000
.local/legacy-firmware/work/extract/stock-rootfs/lib/modules/5.4.55/mt_wifi.ko	40c8f974ad7317776f602c069c009d1f0d5d939d622ccdee275423fad1e35cb0	.rela.text	208966	.text	0x3e2c0c	0x3e2c0c	0x3e2c6c	R_AARCH64_CALL26	BssEntryReset	8520	0	STT_FUNC	.text	0x406ec4	0x0	BssEntryReset	0x406ec4	ApCliAutoConnectExec	0x3e2650	0x5bc	symbol_size	0x3e2db8		direct_call_BL	0x94000000
.local/legacy-firmware/work/extract/stock-rootfs/lib/modules/5.4.55/mt_wifi.ko	40c8f974ad7317776f602c069c009d1f0d5d939d622ccdee275423fad1e35cb0	.rela.text.unlikely	503	.text.unlikely	0x13bc	0x13bc	0x41f188	R_AARCH64_CALL26	get_ecnt_npu_dev	10734	1	STT_NOTYPE	SHN_UNDEF	0x0	0x0			unnamed@.text.unlikely+0x1374	0x1374	0x48	eh_frame_FDE	0x14a0	0x4554	direct_call_BL	0x94000000
.local/legacy-firmware/work/extract/stock-rootfs/lib/modules/5.4.55/mt_wifi.ko	40c8f974ad7317776f602c069c009d1f0d5d939d622ccdee275423fad1e35cb0	.rela.text.unlikely	509	.text.unlikely	0x144c	0x144c	0x41f218	R_AARCH64_CALL26	host_notify_npuMbox	10611	1	STT_NOTYPE	SHN_UNDEF	0x0	0x0			unnamed@.text.unlikely+0x1374	0x1374	0xd8	eh_frame_FDE	0x14a0	0x4554	direct_call_BL	0x94000000
.local/legacy-firmware/work/extract/stock-rootfs/lib/modules/5.4.55/mt_wifi.ko	40c8f974ad7317776f602c069c009d1f0d5d939d622ccdee275423fad1e35cb0	.rela.text.unlikely	704	.text.unlikely	0x206c	0x206c	0x41fe38	R_AARCH64_CALL26	ch_switch_monitor_cfg_reset	7023	0	STT_FUNC	.text.unlikely	0x1e20	0x0	ch_switch_monitor_cfg_reset	0x1e20	unnamed@.text.unlikely+0x1ec0	0x1ec0	0x1ac	eh_frame_FDE	0x20a0	0x6d9c	direct_call_BL	0x94000000
.local/legacy-firmware/work/extract/stock-rootfs/lib/modules/5.4.55/mt_wifi.ko	40c8f974ad7317776f602c069c009d1f0d5d939d622ccdee275423fad1e35cb0	.rela.text.unlikely	749	.text.unlikely	0x2340	0x2340	0x42010c	R_AARCH64_CALL26	ch_switch_monitor_cfg_reset	7023	0	STT_FUNC	.text.unlikely	0x1e20	0x0	ch_switch_monitor_cfg_reset	0x1e20	unnamed@.text.unlikely+0x20a0	0x20a0	0x2a0	eh_frame_FDE	0x2360	0x6dd0	direct_call_BL	0x94000000
.local/legacy-firmware/work/extract/stock-rootfs/lib/modules/5.4.55/mt_wifi.ko	40c8f974ad7317776f602c069c009d1f0d5d939d622ccdee275423fad1e35cb0	.rela.text.unlikely	913	.text.unlikely	0x2cfc	0x2cfc	0x420ac8	R_AARCH64_CALL26	ch_switch_monitor_cfg_reset	7023	0	STT_FUNC	.text.unlikely	0x1e20	0x0	ch_switch_monitor_cfg_reset	0x1e20	ch_switch_monitor_state_machine_init	0x2ca4	0x58	symbol_size	0x2da4		direct_call_BL	0x94000000
.local/legacy-firmware/work/extract/stock-rootfs/lib/modules/5.4.55/mt_wifi.ko	40c8f974ad7317776f602c069c009d1f0d5d939d622ccdee275423fad1e35cb0	.rela__ksymtab	0	__ksymtab	0x0	0x0	0x4389cc	R_AARCH64_PREL32	glb_npu_en_rx	7966	0	STT_OBJECT	.data	0xa1e9	0x0		0xa1e9							data_reference	
.local/legacy-firmware/work/extract/stock-rootfs/lib/modules/5.4.55/mt_wifi.ko	40c8f974ad7317776f602c069c009d1f0d5d939d622ccdee275423fad1e35cb0	.rela__ksymtab	1	__ksymtab	0xc	0xc	0x4389d8	R_AARCH64_PREL32	glb_npu_en_tx	10482	0	STT_OBJECT	.data	0xa1e8	0x0		0xa1e8							data_reference	
.local/legacy-firmware/work/extract/stock-rootfs/lib/modules/5.4.55/mt_wifi.ko	40c8f974ad7317776f602c069c009d1f0d5d939d622ccdee275423fad1e35cb0	.rela__ksymtab	56	__ksymtab	0x138	0x138	0x438b04	R_AARCH64_PREL32	mtk_rx_ser_event	9483	0	STT_FUNC	.text	0x384ea0	0x0	mtk_rx_ser_event	0x384ea0							data_reference	
.local/legacy-firmware/work/extract/stock-rootfs/lib/modules/5.4.55/mt_wifi.ko	40c8f974ad7317776f602c069c009d1f0d5d939d622ccdee275423fad1e35cb0	.rela.eh_frame	22	.eh_frame	0x63c	0x63c	0x5393b4	R_AARCH64_PREL32		1	0	STT_SECTION	.text	0x0	0x4a30	ChannelInfoResetNew	0x4a30							data_reference	
.local/legacy-firmware/work/extract/stock-rootfs/lib/modules/5.4.55/mt_wifi.ko	40c8f974ad7317776f602c069c009d1f0d5d939d622ccdee275423fad1e35cb0	.rela.eh_frame	37	.eh_frame	0x9cc	0x9cc	0x539744	R_AARCH64_PREL32		1	0	STT_SECTION	.text	0x0	0x5e34	auto_ch_select_reset_sm	0x5e34							data_reference	
.local/legacy-firmware/work/extract/stock-rootfs/lib/modules/5.4.55/mt_wifi.ko	40c8f974ad7317776f602c069c009d1f0d5d939d622ccdee275423fad1e35cb0	.rela.eh_frame	259	.eh_frame	0x444c	0x444c	0x53d1c4	R_AARCH64_PREL32		1	0	STT_SECTION	.text	0x0	0x23084	Show_Sat_Reset_Proc	0x23084							data_reference	
.local/legacy-firmware/work/extract/stock-rootfs/lib/modules/5.4.55/mt_wifi.ko	40c8f974ad7317776f602c069c009d1f0d5d939d622ccdee275423fad1e35cb0	.rela.eh_frame	370	.eh_frame	0x6d4c	0x6d4c	0x53fac4	R_AARCH64_PREL32		1	0	STT_SECTION	.text	0x0	0x3a3d0	reset_mtk_map_vendor_ie	0x3a3d0							data_reference	
.local/legacy-firmware/work/extract/stock-rootfs/lib/modules/5.4.55/mt_wifi.ko	40c8f974ad7317776f602c069c009d1f0d5d939d622ccdee275423fad1e35cb0	.rela.eh_frame	371	.eh_frame	0x6d7c	0x6d7c	0x53faf4	R_AARCH64_PREL32		2	0	STT_SECTION	.text.unlikely	0x0	0x1e20	ch_switch_monitor_cfg_reset	0x1e20							data_reference	
.local/legacy-firmware/work/extract/stock-rootfs/lib/modules/5.4.55/mt_wifi.ko	40c8f974ad7317776f602c069c009d1f0d5d939d622ccdee275423fad1e35cb0	.rela.eh_frame	507	.eh_frame	0x9168	0x9168	0x541ee0	R_AARCH64_PREL32		1	0	STT_SECTION	.text	0x0	0x52040	hqa_muru_reset_ul_tx_cnt	0x52040							data_reference	
.local/legacy-firmware/work/extract/stock-rootfs/lib/modules/5.4.55/mt_wifi.ko	40c8f974ad7317776f602c069c009d1f0d5d939d622ccdee275423fad1e35cb0	.rela.eh_frame	549	.eh_frame	0x9bac	0x9bac	0x542924	R_AARCH64_PREL32		1	0	STT_SECTION	.text	0x0	0x56290	QBSS_LoadAlarmReset	0x56290							data_reference	
.local/legacy-firmware/work/extract/stock-rootfs/lib/modules/5.4.55/mt_wifi.ko	40c8f974ad7317776f602c069c009d1f0d5d939d622ccdee275423fad1e35cb0	.rela.eh_frame	687	.eh_frame	0xbb2c	0xbb2c	0x5448a4	R_AARCH64_PREL32		1	0	STT_SECTION	.text	0x0	0x62590	set_ate_rx_stat_reset	0x62590							data_reference	
.local/legacy-firmware/work/extract/stock-rootfs/lib/modules/5.4.55/mt_wifi.ko	40c8f974ad7317776f602c069c009d1f0d5d939d622ccdee275423fad1e35cb0	.rela.eh_frame	949	.eh_frame	0xfa84	0xfa84	0x5487fc	R_AARCH64_PREL32		1	0	STT_SECTION	.text	0x0	0x7ee90	mt_serv_reset_txrx_counter	0x7ee90							data_reference	
.local/legacy-firmware/work/extract/stock-rootfs/lib/modules/5.4.55/mt_wifi.ko	40c8f974ad7317776f602c069c009d1f0d5d939d622ccdee275423fad1e35cb0	.rela.eh_frame	1091	.eh_frame	0x111c0	0x111c0	0x549f38	R_AARCH64_PREL32		1	0	STT_SECTION	.text	0x0	0x85100	mt_op_reset_txrx_counter	0x85100							data_reference	
.local/legacy-firmware/work/extract/stock-rootfs/lib/modules/5.4.55/mt_wifi.ko	40c8f974ad7317776f602c069c009d1f0d5d939d622ccdee275423fad1e35cb0	.rela.eh_frame	1467	.eh_frame	0x16744	0x16744	0x54f4bc	R_AARCH64_PREL32		1	0	STT_SECTION	.text	0x0	0xa3f50	WtblResetAndDWsSet	0xa3f50							data_reference	
.local/legacy-firmware/work/extract/stock-rootfs/lib/modules/5.4.55/mt_wifi.ko	40c8f974ad7317776f602c069c009d1f0d5d939d622ccdee275423fad1e35cb0	.rela.eh_frame	1780	.eh_frame	0x1a928	0x1a928	0x5536a0	R_AARCH64_PREL32		1	0	STT_SECTION	.text	0x0	0xbf270	UniCmdWifiSpectrumStart	0xbf270							data_reference	
.local/legacy-firmware/work/extract/stock-rootfs/lib/modules/5.4.55/mt_wifi.ko	40c8f974ad7317776f602c069c009d1f0d5d939d622ccdee275423fad1e35cb0	.rela.eh_frame	2112	.eh_frame	0x1fc14	0x1fc14	0x55898c	R_AARCH64_PREL32		1	0	STT_SECTION	.text	0x0	0xe4514	MtCmdWifiSpectrumStart	0xe4514							data_reference	
.local/legacy-firmware/work/extract/stock-rootfs/lib/modules/5.4.55/mt_wifi.ko	40c8f974ad7317776f602c069c009d1f0d5d939d622ccdee275423fad1e35cb0	.rela.eh_frame	2135	.eh_frame	0x20174	0x20174	0x558eec	R_AARCH64_PREL32		1	0	STT_SECTION	.text	0x0	0xe6b40	MtCmdWiFiRxDisable	0xe6b40							data_reference	
.local/legacy-firmware/work/extract/stock-rootfs/lib/modules/5.4.55/mt_wifi.ko	40c8f974ad7317776f602c069c009d1f0d5d939d622ccdee275423fad1e35cb0	.rela.eh_frame	2562	.eh_frame	0x25c20	0x25c20	0x55e998	R_AARCH64_PREL32		1	0	STT_SECTION	.text	0x0	0x115440	mt7990_ser_1_0_v1	0x115440							data_reference	
.local/legacy-firmware/work/extract/stock-rootfs/lib/modules/5.4.55/mt_wifi.ko	40c8f974ad7317776f602c069c009d1f0d5d939d622ccdee275423fad1e35cb0	.rela.eh_frame	2563	.eh_frame	0x25cbc	0x25cbc	0x55ea34	R_AARCH64_PREL32		1	0	STT_SECTION	.text	0x0	0x115f74	mt7990_ser_10_0_v1	0x115f74							data_reference	
.local/legacy-firmware/work/extract/stock-rootfs/lib/modules/5.4.55/mt_wifi.ko	40c8f974ad7317776f602c069c009d1f0d5d939d622ccdee275423fad1e35cb0	.rela.eh_frame	2564	.eh_frame	0x25ce4	0x25ce4	0x55ea5c	R_AARCH64_PREL32		1	0	STT_SECTION	.text	0x0	0x116010	mt7990_ser_0_5_v1	0x116010							data_reference	
.local/legacy-firmware/work/extract/stock-rootfs/lib/modules/5.4.55/mt_wifi.ko	40c8f974ad7317776f602c069c009d1f0d5d939d622ccdee275423fad1e35cb0	.rela.eh_frame	2565	.eh_frame	0x25d04	0x25d04	0x55ea7c	R_AARCH64_PREL32		1	0	STT_SECTION	.text	0x0	0x116090	mt7990_ser_0_0_v1	0x116090							data_reference	
.local/legacy-firmware/work/extract/stock-rootfs/lib/modules/5.4.55/mt_wifi.ko	40c8f974ad7317776f602c069c009d1f0d5d939d622ccdee275423fad1e35cb0	.rela.eh_frame	2566	.eh_frame	0x25d24	0x25d24	0x55ea9c	R_AARCH64_PREL32		1	0	STT_SECTION	.text	0x0	0x116110	mt7990_dump_ser_stat	0x116110							data_reference	
.local/legacy-firmware/work/extract/stock-rootfs/lib/modules/5.4.55/mt_wifi.ko	40c8f974ad7317776f602c069c009d1f0d5d939d622ccdee275423fad1e35cb0	.rela.eh_frame	2567	.eh_frame	0x25d6c	0x25d6c	0x55eae4	R_AARCH64_PREL32		1	0	STT_SECTION	.text	0x0	0x1162e0	mt7990_fe_reset	0x1162e0							data_reference	
.local/legacy-firmware/work/extract/stock-rootfs/lib/modules/5.4.55/mt_wifi.ko	40c8f974ad7317776f602c069c009d1f0d5d939d622ccdee275423fad1e35cb0	.rela.eh_frame	2568	.eh_frame	0x25d94	0x25d94	0x55eb0c	R_AARCH64_PREL32		1	0	STT_SECTION	.text	0x0	0x116450	mt7990_fe_wdma_reset	0x116450							data_reference	
.local/legacy-firmware/work/extract/stock-rootfs/lib/modules/5.4.55/mt_wifi.ko	40c8f974ad7317776f602c069c009d1f0d5d939d622ccdee275423fad1e35cb0	.rela.eh_frame	2803	.eh_frame	0x28fd4	0x28fd4	0x561d4c	R_AARCH64_PREL32		1	0	STT_SECTION	.text	0x0	0x128d10	set_ser	0x128d10							data_reference	
.local/legacy-firmware/work/extract/stock-rootfs/lib/modules/5.4.55/mt_wifi.ko	40c8f974ad7317776f602c069c009d1f0d5d939d622ccdee275423fad1e35cb0	.rela.eh_frame	2851	.eh_frame	0x29d30	0x29d30	0x562aa8	R_AARCH64_PREL32		1	0	STT_SECTION	.text	0x0	0x12db04	SetRxvStatReset	0x12db04							data_reference	
.local/legacy-firmware/work/extract/stock-rootfs/lib/modules/5.4.55/mt_wifi.ko	40c8f974ad7317776f602c069c009d1f0d5d939d622ccdee275423fad1e35cb0	.rela.eh_frame	2929	.eh_frame	0x2b31c	0x2b31c	0x564094	R_AARCH64_PREL32		1	0	STT_SECTION	.text	0x0	0x133fe0	mtk_cfg80211_mlo_preset_link_id	0x133fe0							data_reference	
.local/legacy-firmware/work/extract/stock-rootfs/lib/modules/5.4.55/mt_wifi.ko	40c8f974ad7317776f602c069c009d1f0d5d939d622ccdee275423fad1e35cb0	.rela.eh_frame	2949	.eh_frame	0x2b7bc	0x2b7bc	0x564534	R_AARCH64_PREL32		1	0	STT_SECTION	.text	0x0	0x1361d0	wlanPushCSIData	0x1361d0							data_reference	
.local/legacy-firmware/work/extract/stock-rootfs/lib/modules/5.4.55/mt_wifi.ko	40c8f974ad7317776f602c069c009d1f0d5d939d622ccdee275423fad1e35cb0	.rela.eh_frame	3042	.eh_frame	0x2cbe8	0x2cbe8	0x565960	R_AARCH64_PREL32		1	0	STT_SECTION	.text	0x0	0x13ed34	Reset_OBSS_AirTime	0x13ed34							data_reference	
.local/legacy-firmware/work/extract/stock-rootfs/lib/modules/5.4.55/mt_wifi.ko	40c8f974ad7317776f602c069c009d1f0d5d939d622ccdee275423fad1e35cb0	.rela.eh_frame	3162	.eh_frame	0x2e7b4	0x2e7b4	0x56752c	R_AARCH64_PREL32		1	0	STT_SECTION	.text	0x0	0x14c940	MacTableResetNonMapWdev	0x14c940							data_reference	
.local/legacy-firmware/work/extract/stock-rootfs/lib/modules/5.4.55/mt_wifi.ko	40c8f974ad7317776f602c069c009d1f0d5d939d622ccdee275423fad1e35cb0	.rela.eh_frame	3204	.eh_frame	0x2f1ac	0x2f1ac	0x567f24	R_AARCH64_PREL32		1	0	STT_SECTION	.text	0x0	0x151e10	Set_ResetStatCounter_Proc	0x151e10							data_reference	
.local/legacy-firmware/work/extract/stock-rootfs/lib/modules/5.4.55/mt_wifi.ko	40c8f974ad7317776f602c069c009d1f0d5d939d622ccdee275423fad1e35cb0	.rela.eh_frame	3662	.eh_frame	0x357e8	0x357e8	0x56e560	R_AARCH64_PREL32		1	0	STT_SECTION	.text	0x0	0x188a80	RTMPResetSkuParam	0x188a80							data_reference	
.local/legacy-firmware/work/extract/stock-rootfs/lib/modules/5.4.55/mt_wifi.ko	40c8f974ad7317776f602c069c009d1f0d5d939d622ccdee275423fad1e35cb0	.rela.eh_frame	3663	.eh_frame	0x35808	0x35808	0x56e580	R_AARCH64_PREL32		1	0	STT_SECTION	.text	0x0	0x188aa0	RTMPResetBackOffParam	0x188aa0							data_reference	
.local/legacy-firmware/work/extract/stock-rootfs/lib/modules/5.4.55/mt_wifi.ko	40c8f974ad7317776f602c069c009d1f0d5d939d622ccdee275423fad1e35cb0	.rela.eh_frame	3682	.eh_frame	0x35c6c	0x35c6c	0x56e9e4	R_AARCH64_PREL32		1	0	STT_SECTION	.text	0x0	0x18b534	Set_BlockChReset_Proc	0x18b534							data_reference	
.local/legacy-firmware/work/extract/stock-rootfs/lib/modules/5.4.55/mt_wifi.ko	40c8f974ad7317776f602c069c009d1f0d5d939d622ccdee275423fad1e35cb0	.rela.eh_frame	3692	.eh_frame	0x35e7c	0x35e7c	0x56ebf4	R_AARCH64_PREL32		1	0	STT_SECTION	.text	0x0	0x18bf90	rd_reset	0x18bf90							data_reference	
.local/legacy-firmware/work/extract/stock-rootfs/lib/modules/5.4.55/mt_wifi.ko	40c8f974ad7317776f602c069c009d1f0d5d939d622ccdee275423fad1e35cb0	.rela.eh_frame	3901	.eh_frame	0x3924c	0x3924c	0x571fc4	R_AARCH64_PREL32		1	0	STT_SECTION	.text	0x0	0x1a70e0	MlmeResetRalinkCounters	0x1a70e0							data_reference	
.local/legacy-firmware/work/extract/stock-rootfs/lib/modules/5.4.55/mt_wifi.ko	40c8f974ad7317776f602c069c009d1f0d5d939d622ccdee275423fad1e35cb0	.rela.eh_frame	3928	.eh_frame	0x398fc	0x398fc	0x572674	R_AARCH64_PREL32		1	0	STT_SECTION	.text	0x0	0x1ab4c0	MlmeResetByWdev	0x1ab4c0							data_reference	
.local/legacy-firmware/work/extract/stock-rootfs/lib/modules/5.4.55/mt_wifi.ko	40c8f974ad7317776f602c069c009d1f0d5d939d622ccdee275423fad1e35cb0	.rela.eh_frame	4050	.eh_frame	0x3b2a0	0x3b2a0	0x574018	R_AARCH64_PREL32		1	0	STT_SECTION	.text	0x0	0x1ba020	Reset_Dscp2Up_TBL_Proc	0x1ba020							data_reference	
.local/legacy-firmware/work/extract/stock-rootfs/lib/modules/5.4.55/mt_wifi.ko	40c8f974ad7317776f602c069c009d1f0d5d939d622ccdee275423fad1e35cb0	.rela.eh_frame	4203	.eh_frame	0x3d4cc	0x3d4cc	0x576244	R_AARCH64_PREL32		1	0	STT_SECTION	.text	0x0	0x1c7bd0	rtmp_timer_ser_l1_timeout	0x1c7bd0							data_reference	
.local/legacy-firmware/work/extract/stock-rootfs/lib/modules/5.4.55/mt_wifi.ko	40c8f974ad7317776f602c069c009d1f0d5d939d622ccdee275423fad1e35cb0	.rela.eh_frame	4334	.eh_frame	0x3f18c	0x3f18c	0x577f04	R_AARCH64_PREL32		1	0	STT_SECTION	.text	0x0	0x1d2e70	wifi_sys_reset	0x1d2e70							data_reference	
.local/legacy-firmware/work/extract/stock-rootfs/lib/modules/5.4.55/mt_wifi.ko	40c8f974ad7317776f602c069c009d1f0d5d939d622ccdee275423fad1e35cb0	.rela.eh_frame	4582	.eh_frame	0x42f9c	0x42f9c	0x57bd14	R_AARCH64_PREL32		1	0	STT_SECTION	.text	0x0	0x1ee2c0	DfsRadarHitReportReset	0x1ee2c0							data_reference	
.local/legacy-firmware/work/extract/stock-rootfs/lib/modules/5.4.55/mt_wifi.ko	40c8f974ad7317776f602c069c009d1f0d5d939d622ccdee275423fad1e35cb0	.rela.eh_frame	4585	.eh_frame	0x42ff4	0x42ff4	0x57bd6c	R_AARCH64_PREL32		1	0	STT_SECTION	.text	0x0	0x1ee380	DfsOutBandCacReset	0x1ee380							data_reference	
.local/legacy-firmware/work/extract/stock-rootfs/lib/modules/5.4.55/mt_wifi.ko	40c8f974ad7317776f602c069c009d1f0d5d939d622ccdee275423fad1e35cb0	.rela.eh_frame	4637	.eh_frame	0x43e00	0x43e00	0x57cb78	R_AARCH64_PREL32		1	0	STT_SECTION	.text	0x0	0x1f4c70	DfsZeroHandOffRecovery	0x1f4c70							data_reference	
.local/legacy-firmware/work/extract/stock-rootfs/lib/modules/5.4.55/mt_wifi.ko	40c8f974ad7317776f602c069c009d1f0d5d939d622ccdee275423fad1e35cb0	.rela.eh_frame	5031	.eh_frame	0x4a638	0x4a638	0x5833b0	R_AARCH64_PREL32		1	0	STT_SECTION	.text	0x0	0x22c4a4	assoc_fsm_reset	0x22c4a4							data_reference	
.local/legacy-firmware/work/extract/stock-rootfs/lib/modules/5.4.55/mt_wifi.ko	40c8f974ad7317776f602c069c009d1f0d5d939d622ccdee275423fad1e35cb0	.rela.eh_frame	5048	.eh_frame	0x4a9f8	0x4a9f8	0x583770	R_AARCH64_PREL32		1	0	STT_SECTION	.text	0x0	0x22e180	auth_fsm_reset	0x22e180							data_reference	
.local/legacy-firmware/work/extract/stock-rootfs/lib/modules/5.4.55/mt_wifi.ko	40c8f974ad7317776f602c069c009d1f0d5d939d622ccdee275423fad1e35cb0	.rela.eh_frame	5072	.eh_frame	0x4ae64	0x4ae64	0x583bdc	R_AARCH64_PREL32		1	0	STT_SECTION	.text	0x0	0x22f9f0	cntl_fsm_reset	0x22f9f0							data_reference	
.local/legacy-firmware/work/extract/stock-rootfs/lib/modules/5.4.55/mt_wifi.ko	40c8f974ad7317776f602c069c009d1f0d5d939d622ccdee275423fad1e35cb0	.rela.eh_frame	5073	.eh_frame	0x4ae84	0x4ae84	0x583bfc	R_AARCH64_PREL32		1	0	STT_SECTION	.text	0x0	0x22fa90	cntl_reset_all_fsm_in_ifdown	0x22fa90							data_reference	
.local/legacy-firmware/work/extract/stock-rootfs/lib/modules/5.4.55/mt_wifi.ko	40c8f974ad7317776f602c069c009d1f0d5d939d622ccdee275423fad1e35cb0	.rela.eh_frame	5091	.eh_frame	0x4b590	0x4b590	0x584308	R_AARCH64_PREL32		1	0	STT_SECTION	.text	0x0	0x235440	sync_fsm_reset	0x235440							data_reference	
.local/legacy-firmware/work/extract/stock-rootfs/lib/modules/5.4.55/mt_wifi.ko	40c8f974ad7317776f602c069c009d1f0d5d939d622ccdee275423fad1e35cb0	.rela.eh_frame	5195	.eh_frame	0x4d398	0x4d398	0x586110	R_AARCH64_PREL32		1	0	STT_SECTION	.text	0x0	0x24b970	TRTableResetEntry	0x24b970							data_reference	
.local/legacy-firmware/work/extract/stock-rootfs/lib/modules/5.4.55/mt_wifi.ko	40c8f974ad7317776f602c069c009d1f0d5d939d622ccdee275423fad1e35cb0	.rela.eh_frame	5207	.eh_frame	0x4d62c	0x4d62c	0x5863a4	R_AARCH64_PREL32		1	0	STT_SECTION	.text	0x0	0x24ce80	MacTableResetEntry	0x24ce80							data_reference	
.local/legacy-firmware/work/extract/stock-rootfs/lib/modules/5.4.55/mt_wifi.ko	40c8f974ad7317776f602c069c009d1f0d5d939d622ccdee275423fad1e35cb0	.rela.eh_frame	5240	.eh_frame	0x4dd24	0x4dd24	0x586a9c	R_AARCH64_PREL32		1	0	STT_SECTION	.text	0x0	0x251290	MacTableResetWdev	0x251290							data_reference	
.local/legacy-firmware/work/extract/stock-rootfs/lib/modules/5.4.55/mt_wifi.ko	40c8f974ad7317776f602c069c009d1f0d5d939d622ccdee275423fad1e35cb0	.rela.eh_frame	5241	.eh_frame	0x4dd68	0x4dd68	0x586ae0	R_AARCH64_PREL32		1	0	STT_SECTION	.text	0x0	0x2515a0	MacTableReset	0x2515a0							data_reference	
.local/legacy-firmware/work/extract/stock-rootfs/lib/modules/5.4.55/mt_wifi.ko	40c8f974ad7317776f602c069c009d1f0d5d939d622ccdee275423fad1e35cb0	.rela.eh_frame	5925	.eh_frame	0x57730	0x57730	0x5904a8	R_AARCH64_PREL32		1	0	STT_SECTION	.text	0x0	0x2a1564	reset_txop_all_txrx_counter	0x2a1564							data_reference	
.local/legacy-firmware/work/extract/stock-rootfs/lib/modules/5.4.55/mt_wifi.ko	40c8f974ad7317776f602c069c009d1f0d5d939d622ccdee275423fad1e35cb0	.rela.eh_frame	6201	.eh_frame	0x5bff0	0x5bff0	0x594d68	R_AARCH64_PREL32		1	0	STT_SECTION	.text	0x0	0x2c2f80	MultiCastFilterTableReset	0x2c2f80							data_reference	
.local/legacy-firmware/work/extract/stock-rootfs/lib/modules/5.4.55/mt_wifi.ko	40c8f974ad7317776f602c069c009d1f0d5d939d622ccdee275423fad1e35cb0	.rela.eh_frame	6225	.eh_frame	0x5c5fc	0x5c5fc	0x595374	R_AARCH64_PREL32		1	0	STT_SECTION	.text	0x0	0x2c7344	MulticastDLTableReset	0x2c7344							data_reference	
.local/legacy-firmware/work/extract/stock-rootfs/lib/modules/5.4.55/mt_wifi.ko	40c8f974ad7317776f602c069c009d1f0d5d939d622ccdee275423fad1e35cb0	.rela.eh_frame	6229	.eh_frame	0x5c6cc	0x5c6cc	0x595444	R_AARCH64_PREL32		1	0	STT_SECTION	.text	0x0	0x2c7690	MultiCastWLTableReset	0x2c7690							data_reference	
.local/legacy-firmware/work/extract/stock-rootfs/lib/modules/5.4.55/mt_wifi.ko	40c8f974ad7317776f602c069c009d1f0d5d939d622ccdee275423fad1e35cb0	.rela.eh_frame	6361	.eh_frame	0x5ebb0	0x5ebb0	0x597928	R_AARCH64_PREL32		1	0	STT_SECTION	.text	0x0	0x2d6bb0	rtmp_timer_OceResetScanIndication	0x2d6bb0							data_reference	
.local/legacy-firmware/work/extract/stock-rootfs/lib/modules/5.4.55/mt_wifi.ko	40c8f974ad7317776f602c069c009d1f0d5d939d622ccdee275423fad1e35cb0	.rela.eh_frame	6638	.eh_frame	0x638dc	0x638dc	0x59c654	R_AARCH64_PREL32		1	0	STT_SECTION	.text	0x0	0x2fa2c0	hqa_wifi_test_mu_set_enable	0x2fa2c0							data_reference	
.local/legacy-firmware/work/extract/stock-rootfs/lib/modules/5.4.55/mt_wifi.ko	40c8f974ad7317776f602c069c009d1f0d5d939d622ccdee275423fad1e35cb0	.rela.eh_frame	6655	.eh_frame	0x64100	0x64100	0x59ce78	R_AARCH64_PREL32		1	0	STT_SECTION	.text	0x0	0x2fdc60	hqa_mu_reset_murx_cnt	0x2fdc60							data_reference	
.local/legacy-firmware/work/extract/stock-rootfs/lib/modules/5.4.55/mt_wifi.ko	40c8f974ad7317776f602c069c009d1f0d5d939d622ccdee275423fad1e35cb0	.rela.eh_frame	6656	.eh_frame	0x6413c	0x6413c	0x59ceb4	R_AARCH64_PREL32		1	0	STT_SECTION	.text	0x0	0x2fdd50	hqa_mu_reset_mutx_cnt	0x2fdd50							data_reference	
.local/legacy-firmware/work/extract/stock-rootfs/lib/modules/5.4.55/mt_wifi.ko	40c8f974ad7317776f602c069c009d1f0d5d939d622ccdee275423fad1e35cb0	.rela.eh_frame	6805	.eh_frame	0x65ad4	0x65ad4	0x59e84c	R_AARCH64_PREL32		1	0	STT_SECTION	.text	0x0	0x30a490	vow_variable_reset	0x30a490							data_reference	
.local/legacy-firmware/work/extract/stock-rootfs/lib/modules/5.4.55/mt_wifi.ko	40c8f974ad7317776f602c069c009d1f0d5d939d622ccdee275423fad1e35cb0	.rela.eh_frame	6911	.eh_frame	0x67a20	0x67a20	0x5a0798	R_AARCH64_PREL32		1	0	STT_SECTION	.text	0x0	0x313650	vow_reset_watf	0x313650							data_reference	
.local/legacy-firmware/work/extract/stock-rootfs/lib/modules/5.4.55/mt_wifi.ko	40c8f974ad7317776f602c069c009d1f0d5d939d622ccdee275423fad1e35cb0	.rela.eh_frame	6913	.eh_frame	0x67a74	0x67a74	0x5a07ec	R_AARCH64_PREL32		1	0	STT_SECTION	.text	0x0	0x313b30	vow_reset_dvt	0x313b30							data_reference	
.local/legacy-firmware/work/extract/stock-rootfs/lib/modules/5.4.55/mt_wifi.ko	40c8f974ad7317776f602c069c009d1f0d5d939d622ccdee275423fad1e35cb0	.rela.eh_frame	6914	.eh_frame	0x67a98	0x67a98	0x5a0810	R_AARCH64_PREL32		1	0	STT_SECTION	.text	0x0	0x313c04	vow_reset	0x313c04							data_reference	
.local/legacy-firmware/work/extract/stock-rootfs/lib/modules/5.4.55/mt_wifi.ko	40c8f974ad7317776f602c069c009d1f0d5d939d622ccdee275423fad1e35cb0	.rela.eh_frame	6916	.eh_frame	0x67b1c	0x67b1c	0x5a0894	R_AARCH64_PREL32		1	0	STT_SECTION	.text	0x0	0x315200	vow_avg_pkt_len_reset	0x315200							data_reference	
.local/legacy-firmware/work/extract/stock-rootfs/lib/modules/5.4.55/mt_wifi.ko	40c8f974ad7317776f602c069c009d1f0d5d939d622ccdee275423fad1e35cb0	.rela.eh_frame	7223	.eh_frame	0x6d01c	0x6d01c	0x5a5d94	R_AARCH64_PREL32		1	0	STT_SECTION	.text	0x0	0x347560	ser_init	0x347560							data_reference	
.local/legacy-firmware/work/extract/stock-rootfs/lib/modules/5.4.55/mt_wifi.ko	40c8f974ad7317776f602c069c009d1f0d5d939d622ccdee275423fad1e35cb0	.rela.eh_frame	7224	.eh_frame	0x6d04c	0x6d04c	0x5a5dc4	R_AARCH64_PREL32		1	0	STT_SECTION	.text	0x0	0x347744	ser_exit	0x347744							data_reference	
.local/legacy-firmware/work/extract/stock-rootfs/lib/modules/5.4.55/mt_wifi.ko	40c8f974ad7317776f602c069c009d1f0d5d939d622ccdee275423fad1e35cb0	.rela.eh_frame	7225	.eh_frame	0x6d06c	0x6d06c	0x5a5de4	R_AARCH64_PREL32		1	0	STT_SECTION	.text	0x0	0x347760	mtk_fe_reset_notifier_init	0x347760							data_reference	
.local/legacy-firmware/work/extract/stock-rootfs/lib/modules/5.4.55/mt_wifi.ko	40c8f974ad7317776f602c069c009d1f0d5d939d622ccdee275423fad1e35cb0	.rela.eh_frame	7226	.eh_frame	0x6d090	0x6d090	0x5a5e08	R_AARCH64_PREL32		1	0	STT_SECTION	.text	0x0	0x3477e0	mtk_fe_reset_notifier_exit	0x3477e0							data_reference	
.local/legacy-firmware/work/extract/stock-rootfs/lib/modules/5.4.55/mt_wifi.ko	40c8f974ad7317776f602c069c009d1f0d5d939d622ccdee275423fad1e35cb0	.rela.eh_frame	7257	.eh_frame	0x6d75c	0x6d75c	0x5a64d4	R_AARCH64_PREL32		1	0	STT_SECTION	.text	0x0	0x349780	AsicRcpiReset	0x349780							data_reference	
.local/legacy-firmware/work/extract/stock-rootfs/lib/modules/5.4.55/mt_wifi.ko	40c8f974ad7317776f602c069c009d1f0d5d939d622ccdee275423fad1e35cb0	.rela.eh_frame	7353	.eh_frame	0x6eb0c	0x6eb0c	0x5a7884	R_AARCH64_PREL32		1	0	STT_SECTION	.text	0x0	0x34d820	asic_ser_handler	0x34d820							data_reference	
.local/legacy-firmware/work/extract/stock-rootfs/lib/modules/5.4.55/mt_wifi.ko	40c8f974ad7317776f602c069c009d1f0d5d939d622ccdee275423fad1e35cb0	.rela.eh_frame	7468	.eh_frame	0x6fde0	0x6fde0	0x5a8b58	R_AARCH64_PREL32		1	0	STT_SECTION	.text	0x0	0x3523e0	hc_reset_radio	0x3523e0							data_reference	
.local/legacy-firmware/work/extract/stock-rootfs/lib/modules/5.4.55/mt_wifi.ko	40c8f974ad7317776f602c069c009d1f0d5d939d622ccdee275423fad1e35cb0	.rela.eh_frame	7618	.eh_frame	0x716e4	0x716e4	0x5aa45c	R_AARCH64_PREL32		1	0	STT_SECTION	.text	0x0	0x35b870	pp_black_list_reset	0x35b870							data_reference	
.local/legacy-firmware/work/extract/stock-rootfs/lib/modules/5.4.55/mt_wifi.ko	40c8f974ad7317776f602c069c009d1f0d5d939d622ccdee275423fad1e35cb0	.rela.eh_frame	7678	.eh_frame	0x724fc	0x724fc	0x5ab274	R_AARCH64_PREL32		1	0	STT_SECTION	.text	0x0	0x360d94	SetSrNRTResetAll	0x360d94							data_reference	
.local/legacy-firmware/work/extract/stock-rootfs/lib/modules/5.4.55/mt_wifi.ko	40c8f974ad7317776f602c069c009d1f0d5d939d622ccdee275423fad1e35cb0	.rela.eh_frame	7708	.eh_frame	0x729ac	0x729ac	0x5ab724	R_AARCH64_PREL32		1	0	STT_SECTION	.text	0x0	0x361d20	SetSrMeshResetBhDLForbidSR	0x361d20							data_reference	
.local/legacy-firmware/work/extract/stock-rootfs/lib/modules/5.4.55/mt_wifi.ko	40c8f974ad7317776f602c069c009d1f0d5d939d622ccdee275423fad1e35cb0	.rela.eh_frame	8019	.eh_frame	0x7726c	0x7726c	0x5affe4	R_AARCH64_PREL32		1	0	STT_SECTION	.text	0x0	0x37b080	RTMP_MAC_RECOVERY	0x37b080							data_reference	
.local/legacy-firmware/work/extract/stock-rootfs/lib/modules/5.4.55/mt_wifi.ko	40c8f974ad7317776f602c069c009d1f0d5d939d622ccdee275423fad1e35cb0	.rela.eh_frame	8021	.eh_frame	0x772d4	0x772d4	0x5b004c	R_AARCH64_PREL32		1	0	STT_SECTION	.text	0x0	0x37b1c0	ErrRecoveryCurStage	0x37b1c0							data_reference	
.local/legacy-firmware/work/extract/stock-rootfs/lib/modules/5.4.55/mt_wifi.ko	40c8f974ad7317776f602c069c009d1f0d5d939d622ccdee275423fad1e35cb0	.rela.eh_frame	8096	.eh_frame	0x78170	0x78170	0x5b0ee8	R_AARCH64_PREL32		1	0	STT_SECTION	.text	0x0	0x37f400	chip_reset_rxv_stat	0x37f400							data_reference	
.local/legacy-firmware/work/extract/stock-rootfs/lib/modules/5.4.55/mt_wifi.ko	40c8f974ad7317776f602c069c009d1f0d5d939d622ccdee275423fad1e35cb0	.rela.eh_frame	8129	.eh_frame	0x78668	0x78668	0x5b13e0	R_AARCH64_PREL32		1	0	STT_SECTION	.text	0x0	0x37ffc0	chip_dump_ser_stat	0x37ffc0							data_reference	
.local/legacy-firmware/work/extract/stock-rootfs/lib/modules/5.4.55/mt_wifi.ko	40c8f974ad7317776f602c069c009d1f0d5d939d622ccdee275423fad1e35cb0	.rela.eh_frame	8228	.eh_frame	0x79928	0x79928	0x5b26a0	R_AARCH64_PREL32		1	0	STT_SECTION	.text	0x0	0x384ea0	mtk_rx_ser_event	0x384ea0							data_reference	
.local/legacy-firmware/work/extract/stock-rootfs/lib/modules/5.4.55/mt_wifi.ko	40c8f974ad7317776f602c069c009d1f0d5d939d622ccdee275423fad1e35cb0	.rela.eh_frame	8250	.eh_frame	0x79e34	0x79e34	0x5b2bac	R_AARCH64_PREL32		1	0	STT_SECTION	.text	0x0	0x386870	hwifi_ser_handler	0x386870							data_reference	
.local/legacy-firmware/work/extract/stock-rootfs/lib/modules/5.4.55/mt_wifi.ko	40c8f974ad7317776f602c069c009d1f0d5d939d622ccdee275423fad1e35cb0	.rela.eh_frame	8322	.eh_frame	0x7aa84	0x7aa84	0x5b37fc	R_AARCH64_PREL32		1	0	STT_SECTION	.text	0x0	0x388f20	ser_sys_reset	0x388f20							data_reference	
.local/legacy-firmware/work/extract/stock-rootfs/lib/modules/5.4.55/mt_wifi.ko	40c8f974ad7317776f602c069c009d1f0d5d939d622ccdee275423fad1e35cb0	.rela.eh_frame	8491	.eh_frame	0x7d288	0x7d288	0x5b6000	R_AARCH64_PREL32		1	0	STT_SECTION	.text	0x0	0x397f80	ser_event_enq	0x397f80							data_reference	
.local/legacy-firmware/work/extract/stock-rootfs/lib/modules/5.4.55/mt_wifi.ko	40c8f974ad7317776f602c069c009d1f0d5d939d622ccdee275423fad1e35cb0	.rela.eh_frame	8492	.eh_frame	0x7d2d4	0x7d2d4	0x5b604c	R_AARCH64_PREL32		1	0	STT_SECTION	.text	0x0	0x3980e0	ser_get_ser_state	0x3980e0							data_reference	
.local/legacy-firmware/work/extract/stock-rootfs/lib/modules/5.4.55/mt_wifi.ko	40c8f974ad7317776f602c069c009d1f0d5d939d622ccdee275423fad1e35cb0	.rela.eh_frame	8493	.eh_frame	0x7d2f8	0x7d2f8	0x5b6070	R_AARCH64_PREL32		1	0	STT_SECTION	.text	0x0	0x398130	ser_tans_ser_state	0x398130							data_reference	
.local/legacy-firmware/work/extract/stock-rootfs/lib/modules/5.4.55/mt_wifi.ko	40c8f974ad7317776f602c069c009d1f0d5d939d622ccdee275423fad1e35cb0	.rela.eh_frame	8494	.eh_frame	0x7d320	0x7d320	0x5b6098	R_AARCH64_PREL32		1	0	STT_SECTION	.text	0x0	0x398180	ser_get_curr_state	0x398180							data_reference	
.local/legacy-firmware/work/extract/stock-rootfs/lib/modules/5.4.55/mt_wifi.ko	40c8f974ad7317776f602c069c009d1f0d5d939d622ccdee275423fad1e35cb0	.rela.eh_frame	8495	.eh_frame	0x7d354	0x7d354	0x5b60cc	R_AARCH64_PREL32		1	0	STT_SECTION	.text	0x0	0x398270	ser_is_idle_state	0x398270							data_reference	
.local/legacy-firmware/work/extract/stock-rootfs/lib/modules/5.4.55/mt_wifi.ko	40c8f974ad7317776f602c069c009d1f0d5d939d622ccdee275423fad1e35cb0	.rela.eh_frame	8496	.eh_frame	0x7d374	0x7d374	0x5b60ec	R_AARCH64_PREL32		1	0	STT_SECTION	.text	0x0	0x398290	ser_timediff	0x398290							data_reference	
.local/legacy-firmware/work/extract/stock-rootfs/lib/modules/5.4.55/mt_wifi.ko	40c8f974ad7317776f602c069c009d1f0d5d939d622ccdee275423fad1e35cb0	.rela.eh_frame	8497	.eh_frame	0x7d388	0x7d388	0x5b6100	R_AARCH64_PREL32		1	0	STT_SECTION	.text	0x0	0x3982a0	ser_get_time	0x3982a0							data_reference	
.local/legacy-firmware/work/extract/stock-rootfs/lib/modules/5.4.55/mt_wifi.ko	40c8f974ad7317776f602c069c009d1f0d5d939d622ccdee275423fad1e35cb0	.rela.eh_frame	8498	.eh_frame	0x7d39c	0x7d39c	0x5b6114	R_AARCH64_PREL32		1	0	STT_SECTION	.text	0x0	0x3982b4	_ser_dump_timelog	0x3982b4							data_reference	
.local/legacy-firmware/work/extract/stock-rootfs/lib/modules/5.4.55/mt_wifi.ko	40c8f974ad7317776f602c069c009d1f0d5d939d622ccdee275423fad1e35cb0	.rela.eh_frame	8499	.eh_frame	0x7d3f0	0x7d3f0	0x5b6168	R_AARCH64_PREL32		1	0	STT_SECTION	.text	0x0	0x3984f0	ser_get_hwid_by_pAd	0x3984f0							data_reference	
.local/legacy-firmware/work/extract/stock-rootfs/lib/modules/5.4.55/mt_wifi.ko	40c8f974ad7317776f602c069c009d1f0d5d939d622ccdee275423fad1e35cb0	.rela.eh_frame	8500	.eh_frame	0x7d404	0x7d404	0x5b617c	R_AARCH64_PREL32		1	0	STT_SECTION	.text	0x0	0x398514	ser_get_chip_by_pAd	0x398514							data_reference	
.local/legacy-firmware/work/extract/stock-rootfs/lib/modules/5.4.55/mt_wifi.ko	40c8f974ad7317776f602c069c009d1f0d5d939d622ccdee275423fad1e35cb0	.rela.eh_frame	8501	.eh_frame	0x7d418	0x7d418	0x5b6190	R_AARCH64_PREL32		1	0	STT_SECTION	.text	0x0	0x398540	ser_get_all_pAd_by_chipid_hwid	0x398540							data_reference	
.local/legacy-firmware/work/extract/stock-rootfs/lib/modules/5.4.55/mt_wifi.ko	40c8f974ad7317776f602c069c009d1f0d5d939d622ccdee275423fad1e35cb0	.rela.eh_frame	8502	.eh_frame	0x7d450	0x7d450	0x5b61c8	R_AARCH64_PREL32		1	0	STT_SECTION	.text	0x0	0x398604	ser_ack_event	0x398604							data_reference	
.local/legacy-firmware/work/extract/stock-rootfs/lib/modules/5.4.55/mt_wifi.ko	40c8f974ad7317776f602c069c009d1f0d5d939d622ccdee275423fad1e35cb0	.rela.eh_frame	8503	.eh_frame	0x7d478	0x7d478	0x5b61f0	R_AARCH64_PREL32		1	0	STT_SECTION	.text	0x0	0x398764	ser_get_fe_pAd_by_mainpAd	0x398764							data_reference	
.local/legacy-firmware/work/extract/stock-rootfs/lib/modules/5.4.55/mt_wifi.ko	40c8f974ad7317776f602c069c009d1f0d5d939d622ccdee275423fad1e35cb0	.rela.eh_frame	8504	.eh_frame	0x7d48c	0x7d48c	0x5b6204	R_AARCH64_PREL32		1	0	STT_SECTION	.text	0x0	0x398780	ser_dump_ser_stat	0x398780							data_reference	
.local/legacy-firmware/work/extract/stock-rootfs/lib/modules/5.4.55/mt_wifi.ko	40c8f974ad7317776f602c069c009d1f0d5d939d622ccdee275423fad1e35cb0	.rela.eh_frame	8505	.eh_frame	0x7d4ac	0x7d4ac	0x5b6224	R_AARCH64_PREL32		1	0	STT_SECTION	.text	0x0	0x398844	ser_dump_timelog	0x398844							data_reference	
.local/legacy-firmware/work/extract/stock-rootfs/lib/modules/5.4.55/mt_wifi.ko	40c8f974ad7317776f602c069c009d1f0d5d939d622ccdee275423fad1e35cb0	.rela.eh_frame	8506	.eh_frame	0x7d4f4	0x7d4f4	0x5b626c	R_AARCH64_PREL32		1	0	STT_SECTION	.text	0x0	0x398980	ser_l1_timeout	0x398980							data_reference	
.local/legacy-firmware/work/extract/stock-rootfs/lib/modules/5.4.55/mt_wifi.ko	40c8f974ad7317776f602c069c009d1f0d5d939d622ccdee275423fad1e35cb0	.rela.eh_frame	8507	.eh_frame	0x7d528	0x7d528	0x5b62a0	R_AARCH64_PREL32		1	0	STT_SECTION	.text	0x0	0x398ac4	ser_get_t0	0x398ac4							data_reference	
.local/legacy-firmware/work/extract/stock-rootfs/lib/modules/5.4.55/mt_wifi.ko	40c8f974ad7317776f602c069c009d1f0d5d939d622ccdee275423fad1e35cb0	.rela.eh_frame	8508	.eh_frame	0x7d548	0x7d548	0x5b62c0	R_AARCH64_PREL32		2	0	STT_SECTION	.text.unlikely	0x0	0x19b24	ser_mngr_init	0x19b24							data_reference	
.local/legacy-firmware/work/extract/stock-rootfs/lib/modules/5.4.55/mt_wifi.ko	40c8f974ad7317776f602c069c009d1f0d5d939d622ccdee275423fad1e35cb0	.rela.eh_frame	8509	.eh_frame	0x7d574	0x7d574	0x5b62ec	R_AARCH64_PREL32		1	0	STT_SECTION	.text	0x0	0x398ba0	ser_mngr_exit	0x398ba0							data_reference	
.local/legacy-firmware/work/extract/stock-rootfs/lib/modules/5.4.55/mt_wifi.ko	40c8f974ad7317776f602c069c009d1f0d5d939d622ccdee275423fad1e35cb0	.rela.eh_frame	8606	.eh_frame	0x7e52c	0x7e52c	0x5b72a4	R_AARCH64_PREL32		1	0	STT_SECTION	.text	0x0	0x39caa0	RtmpOsSkbResetMacHeader	0x39caa0							data_reference	
.local/legacy-firmware/work/extract/stock-rootfs/lib/modules/5.4.55/mt_wifi.ko	40c8f974ad7317776f602c069c009d1f0d5d939d622ccdee275423fad1e35cb0	.rela.eh_frame	8607	.eh_frame	0x7e540	0x7e540	0x5b72b8	R_AARCH64_PREL32		1	0	STT_SECTION	.text	0x0	0x39cab4	RtmpOsSkbResetNetworkHeader	0x39cab4							data_reference	
.local/legacy-firmware/work/extract/stock-rootfs/lib/modules/5.4.55/mt_wifi.ko	40c8f974ad7317776f602c069c009d1f0d5d939d622ccdee275423fad1e35cb0	.rela.eh_frame	8608	.eh_frame	0x7e554	0x7e554	0x5b72cc	R_AARCH64_PREL32		1	0	STT_SECTION	.text	0x0	0x39cad0	RtmpOsSkbResetTransportHeader	0x39cad0							data_reference	
.local/legacy-firmware/work/extract/stock-rootfs/lib/modules/5.4.55/mt_wifi.ko	40c8f974ad7317776f602c069c009d1f0d5d939d622ccdee275423fad1e35cb0	.rela.eh_frame	8609	.eh_frame	0x7e568	0x7e568	0x5b72e0	R_AARCH64_PREL32		1	0	STT_SECTION	.text	0x0	0x39cae4	RtmpOsSkbResetMacLen	0x39cae4							data_reference	
.local/legacy-firmware/work/extract/stock-rootfs/lib/modules/5.4.55/mt_wifi.ko	40c8f974ad7317776f602c069c009d1f0d5d939d622ccdee275423fad1e35cb0	.rela.eh_frame	8710	.eh_frame	0x7f738	0x7f738	0x5b84b0	R_AARCH64_PREL32		1	0	STT_SECTION	.text	0x0	0x3a1944	ResetL1profile	0x3a1944							data_reference	
.local/legacy-firmware/work/extract/stock-rootfs/lib/modules/5.4.55/mt_wifi.ko	40c8f974ad7317776f602c069c009d1f0d5d939d622ccdee275423fad1e35cb0	.rela.eh_frame	8724	.eh_frame	0x7fa20	0x7fa20	0x5b8798	R_AARCH64_PREL32		1	0	STT_SECTION	.text	0x0	0x3a2a40	reset_dev_l1profile	0x3a2a40							data_reference	
.local/legacy-firmware/work/extract/stock-rootfs/lib/modules/5.4.55/mt_wifi.ko	40c8f974ad7317776f602c069c009d1f0d5d939d622ccdee275423fad1e35cb0	.rela.eh_frame	8736	.eh_frame	0x7fc94	0x7fc94	0x5b8a0c	R_AARCH64_PREL32		1	0	STT_SECTION	.text	0x0	0x3a36a0	rx_page_frag_cache_drain	0x3a36a0							data_reference	
.local/legacy-firmware/work/extract/stock-rootfs/lib/modules/5.4.55/mt_wifi.ko	40c8f974ad7317776f602c069c009d1f0d5d939d622ccdee275423fad1e35cb0	.rela.eh_frame	8985	.eh_frame	0x849cc	0x849cc	0x5bd744	R_AARCH64_PREL32		1	0	STT_SECTION	.text	0x0	0x3ce970	CFG80211_reSetToDefault	0x3ce970							data_reference	
.local/legacy-firmware/work/extract/stock-rootfs/lib/modules/5.4.55/mt_wifi.ko	40c8f974ad7317776f602c069c009d1f0d5d939d622ccdee275423fad1e35cb0	.rela.eh_frame	9088	.eh_frame	0x86320	0x86320	0x5bf098	R_AARCH64_PREL32		1	0	STT_SECTION	.text	0x0	0x3dd410	sta_ifdown_fsm_reset	0x3dd410							data_reference	
.local/legacy-firmware/work/extract/stock-rootfs/lib/modules/5.4.55/mt_wifi.ko	40c8f974ad7317776f602c069c009d1f0d5d939d622ccdee275423fad1e35cb0	.rela.eh_frame	9121	.eh_frame	0x86ddc	0x86ddc	0x5bfb54	R_AARCH64_PREL32		1	0	STT_SECTION	.text	0x0	0x3e25b0	sta_reset_owe_parameters	0x3e25b0							data_reference	
.local/legacy-firmware/work/extract/stock-rootfs/lib/modules/5.4.55/mt_wifi.ko	40c8f974ad7317776f602c069c009d1f0d5d939d622ccdee275423fad1e35cb0	.rela.eh_frame	9501	.eh_frame	0x8b4b8	0x8b4b8	0x5c4230	R_AARCH64_PREL32		1	0	STT_SECTION	.text	0x0	0x406ec4	BssEntryReset	0x406ec4							data_reference	
.local/legacy-firmware/work/extract/stock-rootfs/lib/modules/5.4.55/mt_wifi.ko	40c8f974ad7317776f602c069c009d1f0d5d939d622ccdee275423fad1e35cb0	.rela.data	134	.data	0x488	0x488	0x5c8408	R_AARCH64_ABS64	Show_Sat_Reset_Proc	5520	0	STT_FUNC	.text	0x23084	0x0	Show_Sat_Reset_Proc	0x23084							data_reference	
.local/legacy-firmware/work/extract/stock-rootfs/lib/modules/5.4.55/mt_wifi.ko	40c8f974ad7317776f602c069c009d1f0d5d939d622ccdee275423fad1e35cb0	.rela.data	932	.data	0x1d88	0x1d88	0x5c9d08	R_AARCH64_ABS64	Set_ResetStatCounter_Proc	7345	0	STT_FUNC	.text	0x151e10	0x0	Set_ResetStatCounter_Proc	0x151e10							data_reference	
.local/legacy-firmware/work/extract/stock-rootfs/lib/modules/5.4.55/mt_wifi.ko	40c8f974ad7317776f602c069c009d1f0d5d939d622ccdee275423fad1e35cb0	.rela.data	1074	.data	0x21f8	0x21f8	0x5ca178	R_AARCH64_ABS64	set_ate_rx_stat_reset	10146	0	STT_FUNC	.text	0x62590	0x0	set_ate_rx_stat_reset	0x62590							data_reference	
.local/legacy-firmware/work/extract/stock-rootfs/lib/modules/5.4.55/mt_wifi.ko	40c8f974ad7317776f602c069c009d1f0d5d939d622ccdee275423fad1e35cb0	.rela.data	1744	.data	0x36e8	0x36e8	0x5cb668	R_AARCH64_ABS64	hqa_mu_reset_murx_cnt	4138	0	STT_FUNC	.text	0x2fdc60	0x0	hqa_mu_reset_murx_cnt	0x2fdc60							data_reference	
.local/legacy-firmware/work/extract/stock-rootfs/lib/modules/5.4.55/mt_wifi.ko	40c8f974ad7317776f602c069c009d1f0d5d939d622ccdee275423fad1e35cb0	.rela.data	1746	.data	0x36f8	0x36f8	0x5cb678	R_AARCH64_ABS64	hqa_mu_reset_mutx_cnt	8927	0	STT_FUNC	.text	0x2fdd50	0x0	hqa_mu_reset_mutx_cnt	0x2fdd50							data_reference	
.local/legacy-firmware/work/extract/stock-rootfs/lib/modules/5.4.55/mt_wifi.ko	40c8f974ad7317776f602c069c009d1f0d5d939d622ccdee275423fad1e35cb0	.rela.data	1844	.data	0x3a08	0x3a08	0x5cb988	R_AARCH64_ABS64	hqa_muru_reset_ul_tx_cnt	3930	0	STT_FUNC	.text	0x52040	0x0	hqa_muru_reset_ul_tx_cnt	0x52040							data_reference	
.local/legacy-firmware/work/extract/stock-rootfs/lib/modules/5.4.55/mt_wifi.ko	40c8f974ad7317776f602c069c009d1f0d5d939d622ccdee275423fad1e35cb0	.rela.data	2146	.data	0x4378	0x4378	0x5cc2f8	R_AARCH64_ABS64	SetRxvStatReset	10347	0	STT_FUNC	.text	0x12db04	0x0	SetRxvStatReset	0x12db04							data_reference	
.local/legacy-firmware/work/extract/stock-rootfs/lib/modules/5.4.55/mt_wifi.ko	40c8f974ad7317776f602c069c009d1f0d5d939d622ccdee275423fad1e35cb0	.rela.data	2234	.data	0x4638	0x4638	0x5cc5b8	R_AARCH64_ABS64	set_ser	7415	0	STT_FUNC	.text	0x128d10	0x0	set_ser	0x128d10							data_reference	
.local/legacy-firmware/work/extract/stock-rootfs/lib/modules/5.4.55/mt_wifi.ko	40c8f974ad7317776f602c069c009d1f0d5d939d622ccdee275423fad1e35cb0	.rela.data	2334	.data	0x4958	0x4958	0x5cc8d8	R_AARCH64_ABS64	SetSrNRTResetAll	5715	0	STT_FUNC	.text	0x360d94	0x0	SetSrNRTResetAll	0x360d94							data_reference	
.local/legacy-firmware/work/extract/stock-rootfs/lib/modules/5.4.55/mt_wifi.ko	40c8f974ad7317776f602c069c009d1f0d5d939d622ccdee275423fad1e35cb0	.rela.data	2422	.data	0x4c18	0x4c18	0x5ccb98	R_AARCH64_ABS64	SetSrMeshResetBhDLForbidSR	2212	0	STT_FUNC	.text	0x361d20	0x0	SetSrMeshResetBhDLForbidSR	0x361d20							data_reference	
.local/legacy-firmware/work/extract/stock-rootfs/lib/modules/5.4.55/mt_wifi.ko	40c8f974ad7317776f602c069c009d1f0d5d939d622ccdee275423fad1e35cb0	.rela.data	2534	.data	0x4f98	0x4f98	0x5ccf18	R_AARCH64_ABS64	Reset_Dscp2Up_TBL_Proc	5742	0	STT_FUNC	.text	0x1ba020	0x0	Reset_Dscp2Up_TBL_Proc	0x1ba020							data_reference	
.local/legacy-firmware/work/extract/stock-rootfs/lib/modules/5.4.55/mt_wifi.ko	40c8f974ad7317776f602c069c009d1f0d5d939d622ccdee275423fad1e35cb0	.rela.data	3380	.data	0xa4d8	0xa4d8	0x5d2458	R_AARCH64_ABS64	rd_reset	6864	0	STT_FUNC	.text	0x18bf90	0x0	rd_reset	0x18bf90							data_reference	
.local/legacy-firmware/work/extract/stock-rootfs/lib/modules/5.4.55/mt_wifi.ko	40c8f974ad7317776f602c069c009d1f0d5d939d622ccdee275423fad1e35cb0	.rela.data	4461	.data	0x26ef98	0x26ef98	0x836f18	R_AARCH64_ABS64	Set_ResetStatCounter_Proc	7345	0	STT_FUNC	.text	0x151e10	0x0	Set_ResetStatCounter_Proc	0x151e10							data_reference	
.local/legacy-firmware/work/extract/stock-rootfs/lib/modules/5.4.55/mtk_hwifi.ko	6d82ba02d96d638da9e80592a63e31c09d2f8603620066b604c1702d1171c8f7	.rela__ksymtab	7	__ksymtab	0x90	0x90	0x11024	R_AARCH64_PREL32	mtk_bus_rx_ser_event	312	0	STT_FUNC	.text	0x6f4	0x0	mtk_bus_rx_ser_event	0x6f4							data_reference	
.local/legacy-firmware/work/extract/stock-rootfs/lib/modules/5.4.55/mtk_hwifi.ko	6d82ba02d96d638da9e80592a63e31c09d2f8603620066b604c1702d1171c8f7	.rela.rodata	29	.rodata	0x6b0	0x6b0	0x11780	R_AARCH64_ABS64	mtk_ge_hw_reset	272	0	STT_FUNC	.text	0xd020	0x0	mtk_ge_hw_reset	0xd020							data_reference	
.local/legacy-firmware/work/extract/stock-rootfs/lib/modules/5.4.55/mtk_hwifi.ko	6d82ba02d96d638da9e80592a63e31c09d2f8603620066b604c1702d1171c8f7	.rela.rodata	39	.rodata	0x700	0x700	0x117d0	R_AARCH64_ABS64	mtk_ge_stop_npu	219	0	STT_FUNC	.text	0xce90	0x0	mtk_ge_stop_npu	0xce90							data_reference	
.local/legacy-firmware/work/extract/stock-rootfs/lib/modules/5.4.55/mtk_hwifi.ko	6d82ba02d96d638da9e80592a63e31c09d2f8603620066b604c1702d1171c8f7	.rela.rodata	40	.rodata	0x708	0x708	0x117d8	R_AARCH64_ABS64	mtk_ge_start_npu	184	0	STT_FUNC	.text	0xcec4	0x0	mtk_ge_start_npu	0xcec4							data_reference	
.local/legacy-firmware/work/extract/stock-rootfs/lib/modules/5.4.55/mtk_hwifi.ko	6d82ba02d96d638da9e80592a63e31c09d2f8603620066b604c1702d1171c8f7	.rela.eh_frame	17	.eh_frame	0x2c8	0x2c8	0x15418	R_AARCH64_PREL32		1	0	STT_SECTION	.text	0x0	0x6f4	mtk_bus_rx_ser_event	0x6f4							data_reference	
.local/legacy-firmware/work/extract/stock-rootfs/lib/modules/5.4.55/mtk_hwifi.ko	6d82ba02d96d638da9e80592a63e31c09d2f8603620066b604c1702d1171c8f7	.rela.eh_frame	212	.eh_frame	0x28a8	0x28a8	0x179f8	R_AARCH64_PREL32		1	0	STT_SECTION	.text	0x0	0xce90	mtk_ge_stop_npu	0xce90							data_reference	
.local/legacy-firmware/work/extract/stock-rootfs/lib/modules/5.4.55/mtk_hwifi.ko	6d82ba02d96d638da9e80592a63e31c09d2f8603620066b604c1702d1171c8f7	.rela.eh_frame	213	.eh_frame	0x28c8	0x28c8	0x17a18	R_AARCH64_PREL32		1	0	STT_SECTION	.text	0x0	0xcec4	mtk_ge_start_npu	0xcec4							data_reference	
.local/legacy-firmware/work/extract/stock-rootfs/lib/modules/5.4.55/mtk_hwifi.ko	6d82ba02d96d638da9e80592a63e31c09d2f8603620066b604c1702d1171c8f7	.rela.eh_frame	216	.eh_frame	0x2944	0x2944	0x17a94	R_AARCH64_PREL32		1	0	STT_SECTION	.text	0x0	0xd020	mtk_ge_hw_reset	0xd020							data_reference	
.local/legacy-firmware/work/extract/stock-rootfs/lib/modules/5.4.55/mtk_pci.ko	c71b2073eeb2498c05c5e42bb5ceaf3df664cff42bf0b0740eb6152458e0857b	.rela.text	135	.text	0x9f0	0x9f0	0xa50	R_AARCH64_CALL26	__page_frag_cache_drain	181	1	STT_NOTYPE	SHN_UNDEF	0x0	0x0			unnamed@.text+0x990	0x990	0x60	eh_frame_FDE	0xa1c	0x318	direct_call_BL	0x94000000
.local/legacy-firmware/work/extract/stock-rootfs/lib/modules/5.4.55/mtk_pci.ko	c71b2073eeb2498c05c5e42bb5ceaf3df664cff42bf0b0740eb6152458e0857b	.rela.text	156	.text	0xeb4	0xeb4	0xf14	R_AARCH64_ADR_PREL_PG_HI21	glb_npu_en_tx	161	1	STT_NOTYPE	SHN_UNDEF	0x0	0x0			unnamed@.text+0xeb0	0xeb0	0x4	eh_frame_FDE	0xf38	0x4a0	executable_reference	0x90000000
.local/legacy-firmware/work/extract/stock-rootfs/lib/modules/5.4.55/mtk_pci.ko	c71b2073eeb2498c05c5e42bb5ceaf3df664cff42bf0b0740eb6152458e0857b	.rela.text	157	.text	0xec4	0xec4	0xf24	R_AARCH64_LDST8_ABS_LO12_NC	glb_npu_en_tx	161	1	STT_NOTYPE	SHN_UNDEF	0x0	0x0			unnamed@.text+0xeb0	0xeb0	0x14	eh_frame_FDE	0xf38	0x4a0	executable_reference	0x39400002
.local/legacy-firmware/work/extract/stock-rootfs/lib/modules/5.4.55/mtk_pci.ko	c71b2073eeb2498c05c5e42bb5ceaf3df664cff42bf0b0740eb6152458e0857b	.rela.text	158	.text	0xf10	0xf10	0xf70	R_AARCH64_ADR_PREL_PG_HI21	g_npu_used_opt_type	89	0	STT_OBJECT	.data	0x220	0x0		0x220	unnamed@.text+0xeb0	0xeb0	0x60	eh_frame_FDE	0xf38	0x4a0	executable_reference	0x90000000
.local/legacy-firmware/work/extract/stock-rootfs/lib/modules/5.4.55/mtk_pci.ko	c71b2073eeb2498c05c5e42bb5ceaf3df664cff42bf0b0740eb6152458e0857b	.rela.text	159	.text	0xf14	0xf14	0xf74	R_AARCH64_LDST8_ABS_LO12_NC	g_npu_used_opt_type	89	0	STT_OBJECT	.data	0x220	0x0		0x220	unnamed@.text+0xeb0	0xeb0	0x64	eh_frame_FDE	0xf38	0x4a0	executable_reference	0x39400000
.local/legacy-firmware/work/extract/stock-rootfs/lib/modules/5.4.55/mtk_pci.ko	c71b2073eeb2498c05c5e42bb5ceaf3df664cff42bf0b0740eb6152458e0857b	.rela.text	160	.text	0xf18	0xf18	0xf78	R_AARCH64_CALL26	npu_is_tx_data_ring	62	0	STT_FUNC	.text	0x6b70	0x0	npu_is_tx_data_ring	0x6b70	unnamed@.text+0xeb0	0xeb0	0x68	eh_frame_FDE	0xf38	0x4a0	direct_call_BL	0x94000000
.local/legacy-firmware/work/extract/stock-rootfs/lib/modules/5.4.55/mtk_pci.ko	c71b2073eeb2498c05c5e42bb5ceaf3df664cff42bf0b0740eb6152458e0857b	.rela.text	161	.text	0x1010	0x1010	0x1070	R_AARCH64_CALL26	npu_hw_init_queue_bus_write	102	0	STT_FUNC	.text	0x65e0	0x0	npu_hw_init_queue_bus_write	0x65e0	unnamed@.text+0xf40	0xf40	0xd0	eh_frame_FDE	0x1018	0x4d0	direct_call_BL	0x94000000
.local/legacy-firmware/work/extract/stock-rootfs/lib/modules/5.4.55/mtk_pci.ko	c71b2073eeb2498c05c5e42bb5ceaf3df664cff42bf0b0740eb6152458e0857b	.rela.text	191	.text	0x153c	0x153c	0x159c	R_AARCH64_CALL26	mtk_bus_rx_ser_event	209	1	STT_NOTYPE	SHN_UNDEF	0x0	0x0			unnamed@.text+0x14c0	0x14c0	0x7c	eh_frame_FDE	0x1608	0x5f4	direct_call_BL	0x94000000
.local/legacy-firmware/work/extract/stock-rootfs/lib/modules/5.4.55/mtk_pci.ko	c71b2073eeb2498c05c5e42bb5ceaf3df664cff42bf0b0740eb6152458e0857b	.rela.text	192	.text	0x1560	0x1560	0x15c0	R_AARCH64_CALL26	mtk_bus_rx_ser_event	209	1	STT_NOTYPE	SHN_UNDEF	0x0	0x0			unnamed@.text+0x14c0	0x14c0	0xa0	eh_frame_FDE	0x1608	0x5f4	direct_call_BL	0x94000000
.local/legacy-firmware/work/extract/stock-rootfs/lib/modules/5.4.55/mtk_pci.ko	c71b2073eeb2498c05c5e42bb5ceaf3df664cff42bf0b0740eb6152458e0857b	.rela.text	197	.text	0x1698	0x1698	0x16f8	R_AARCH64_ADR_PREL_PG_HI21	glb_npu_en_tx	161	1	STT_NOTYPE	SHN_UNDEF	0x0	0x0			unnamed@.text+0x1610	0x1610	0x88	eh_frame_FDE	0x1790	0x628	executable_reference	0x9000001a
.local/legacy-firmware/work/extract/stock-rootfs/lib/modules/5.4.55/mtk_pci.ko	c71b2073eeb2498c05c5e42bb5ceaf3df664cff42bf0b0740eb6152458e0857b	.rela.text	198	.text	0x169c	0x169c	0x16fc	R_AARCH64_ADR_PREL_PG_HI21	glb_npu_en_rx	137	1	STT_NOTYPE	SHN_UNDEF	0x0	0x0			unnamed@.text+0x1610	0x1610	0x8c	eh_frame_FDE	0x1790	0x628	executable_reference	0x90000019
.local/legacy-firmware/work/extract/stock-rootfs/lib/modules/5.4.55/mtk_pci.ko	c71b2073eeb2498c05c5e42bb5ceaf3df664cff42bf0b0740eb6152458e0857b	.rela.text	199	.text	0x16a0	0x16a0	0x1700	R_AARCH64_ADD_ABS_LO12_NC	glb_npu_en_tx	161	1	STT_NOTYPE	SHN_UNDEF	0x0	0x0			unnamed@.text+0x1610	0x1610	0x90	eh_frame_FDE	0x1790	0x628	executable_reference	0x9100035a
.local/legacy-firmware/work/extract/stock-rootfs/lib/modules/5.4.55/mtk_pci.ko	c71b2073eeb2498c05c5e42bb5ceaf3df664cff42bf0b0740eb6152458e0857b	.rela.text	200	.text	0x16a4	0x16a4	0x1704	R_AARCH64_ADD_ABS_LO12_NC	glb_npu_en_rx	137	1	STT_NOTYPE	SHN_UNDEF	0x0	0x0			unnamed@.text+0x1610	0x1610	0x94	eh_frame_FDE	0x1790	0x628	executable_reference	0x91000339
.local/legacy-firmware/work/extract/stock-rootfs/lib/modules/5.4.55/mtk_pci.ko	c71b2073eeb2498c05c5e42bb5ceaf3df664cff42bf0b0740eb6152458e0857b	.rela.text	201	.text	0x1708	0x1708	0x1768	R_AARCH64_CALL26	npu_pci_irq_handler	106	0	STT_FUNC	.text	0x6f64	0x0	npu_pci_irq_handler	0x6f64	unnamed@.text+0x1610	0x1610	0xf8	eh_frame_FDE	0x1790	0x628	direct_call_BL	0x94000000
.local/legacy-firmware/work/extract/stock-rootfs/lib/modules/5.4.55/mtk_pci.ko	c71b2073eeb2498c05c5e42bb5ceaf3df664cff42bf0b0740eb6152458e0857b	.rela.text	247	.text	0x20a8	0x20a8	0x2108	R_AARCH64_CALL26	npu_get_pcie_index	101	0	STT_FUNC	.text	0x4f30	0x0	npu_get_pcie_index	0x4f30	unnamed@.text+0x2050	0x2050	0x58	eh_frame_FDE	0x21d8	0x838	direct_call_BL	0x94000000
.local/legacy-firmware/work/extract/stock-rootfs/lib/modules/5.4.55/mtk_pci.ko	c71b2073eeb2498c05c5e42bb5ceaf3df664cff42bf0b0740eb6152458e0857b	.rela.text	248	.text	0x20b0	0x20b0	0x2110	R_AARCH64_ADR_PREL_PG_HI21	glb_npu_en_tx	161	1	STT_NOTYPE	SHN_UNDEF	0x0	0x0			unnamed@.text+0x2050	0x2050	0x60	eh_frame_FDE	0x21d8	0x838	executable_reference	0x90000001
.local/legacy-firmware/work/extract/stock-rootfs/lib/modules/5.4.55/mtk_pci.ko	c71b2073eeb2498c05c5e42bb5ceaf3df664cff42bf0b0740eb6152458e0857b	.rela.text	249	.text	0x20b4	0x20b4	0x2114	R_AARCH64_LDST8_ABS_LO12_NC	glb_npu_en_tx	161	1	STT_NOTYPE	SHN_UNDEF	0x0	0x0			unnamed@.text+0x2050	0x2050	0x64	eh_frame_FDE	0x21d8	0x838	executable_reference	0x39400021
.local/legacy-firmware/work/extract/stock-rootfs/lib/modules/5.4.55/mtk_pci.ko	c71b2073eeb2498c05c5e42bb5ceaf3df664cff42bf0b0740eb6152458e0857b	.rela.text	250	.text	0x21a8	0x21a8	0x2208	R_AARCH64_CALL26	npu_allowed_ring	88	0	STT_FUNC	.text	0x4e80	0x0	npu_allowed_ring	0x4e80	unnamed@.text+0x2050	0x2050	0x158	eh_frame_FDE	0x21d8	0x838	direct_call_BL	0x94000000
.local/legacy-firmware/work/extract/stock-rootfs/lib/modules/5.4.55/mtk_pci.ko	c71b2073eeb2498c05c5e42bb5ceaf3df664cff42bf0b0740eb6152458e0857b	.rela.text	251	.text	0x21b4	0x21b4	0x2214	R_AARCH64_ADR_PREL_PG_HI21	g_npu_used_opt_type	89	0	STT_OBJECT	.data	0x220	0x0		0x220	unnamed@.text+0x2050	0x2050	0x164	eh_frame_FDE	0x21d8	0x838	executable_reference	0x90000003
.local/legacy-firmware/work/extract/stock-rootfs/lib/modules/5.4.55/mtk_pci.ko	c71b2073eeb2498c05c5e42bb5ceaf3df664cff42bf0b0740eb6152458e0857b	.rela.text	252	.text	0x21c4	0x21c4	0x2224	R_AARCH64_LDST8_ABS_LO12_NC	g_npu_used_opt_type	89	0	STT_OBJECT	.data	0x220	0x0		0x220	unnamed@.text+0x2050	0x2050	0x174	eh_frame_FDE	0x21d8	0x838	executable_reference	0x39400063
.local/legacy-firmware/work/extract/stock-rootfs/lib/modules/5.4.55/mtk_pci.ko	c71b2073eeb2498c05c5e42bb5ceaf3df664cff42bf0b0740eb6152458e0857b	.rela.text	253	.text	0x21c8	0x21c8	0x2228	R_AARCH64_CALL26	npu_pci_dma_tx_data_queue	51	0	STT_FUNC	.text	0x7104	0x0	npu_pci_dma_tx_data_queue	0x7104	unnamed@.text+0x2050	0x2050	0x178	eh_frame_FDE	0x21d8	0x838	direct_call_BL	0x94000000
.local/legacy-firmware/work/extract/stock-rootfs/lib/modules/5.4.55/mtk_pci.ko	c71b2073eeb2498c05c5e42bb5ceaf3df664cff42bf0b0740eb6152458e0857b	.rela.text	277	.text	0x278c	0x278c	0x27ec	R_AARCH64_CALL26	npu_alloc_for_txp_slow_path_fast_path	87	0	STT_FUNC	.text	0x56f0	0x0	npu_alloc_for_txp_slow_path_fast_path	0x56f0	unnamed@.text+0x2504	0x2504	0x288	eh_frame_FDE	0x2a04	0x8f8	direct_call_BL	0x94000000
.local/legacy-firmware/work/extract/stock-rootfs/lib/modules/5.4.55/mtk_pci.ko	c71b2073eeb2498c05c5e42bb5ceaf3df664cff42bf0b0740eb6152458e0857b	.rela.text	281	.text	0x28cc	0x28cc	0x292c	R_AARCH64_ADR_PREL_PG_HI21	glb_npu_en_rx	137	1	STT_NOTYPE	SHN_UNDEF	0x0	0x0			unnamed@.text+0x2504	0x2504	0x3c8	eh_frame_FDE	0x2a04	0x8f8	executable_reference	0x90000018
.local/legacy-firmware/work/extract/stock-rootfs/lib/modules/5.4.55/mtk_pci.ko	c71b2073eeb2498c05c5e42bb5ceaf3df664cff42bf0b0740eb6152458e0857b	.rela.text	283	.text	0x28e0	0x28e0	0x2940	R_AARCH64_ADD_ABS_LO12_NC	glb_npu_en_rx	137	1	STT_NOTYPE	SHN_UNDEF	0x0	0x0			unnamed@.text+0x2504	0x2504	0x3dc	eh_frame_FDE	0x2a04	0x8f8	executable_reference	0x91000318
.local/legacy-firmware/work/extract/stock-rootfs/lib/modules/5.4.55/mtk_pci.ko	c71b2073eeb2498c05c5e42bb5ceaf3df664cff42bf0b0740eb6152458e0857b	.rela.text	288	.text	0x29c0	0x29c0	0x2a20	R_AARCH64_CALL26	npu_assign_trans	69	0	STT_FUNC	.text	0x73d0	0x0	npu_assign_trans	0x73d0	unnamed@.text+0x2504	0x2504	0x4bc	eh_frame_FDE	0x2a04	0x8f8	direct_call_BL	0x94000000
.local/legacy-firmware/work/extract/stock-rootfs/lib/modules/5.4.55/mtk_pci.ko	c71b2073eeb2498c05c5e42bb5ceaf3df664cff42bf0b0740eb6152458e0857b	.rela.text	296	.text	0x2a6c	0x2a6c	0x2acc	R_AARCH64_CALL26	npu_unassign_trans	76	0	STT_FUNC	.text.unlikely	0x414	0x0	npu_unassign_trans	0x414	unnamed@.text+0x2a04	0x2a04	0x68	eh_frame_FDE	0x2c2c	0x96c	direct_call_BL	0x94000000
.local/legacy-firmware/work/extract/stock-rootfs/lib/modules/5.4.55/mtk_pci.ko	c71b2073eeb2498c05c5e42bb5ceaf3df664cff42bf0b0740eb6152458e0857b	.rela.text	398	.text	0x3578	0x3578	0x35d8	R_AARCH64_CALL26	npu_pci_dma_init_rx_data_queue	81	0	STT_FUNC	.text	0x5d84	0x0	npu_pci_dma_init_rx_data_queue	0x5d84	pci_dma_init_rx_data_queue	0x3550	0x28	symbol_size	0x375c		direct_call_BL	0x94000000
.local/legacy-firmware/work/extract/stock-rootfs/lib/modules/5.4.55/mtk_pci.ko	c71b2073eeb2498c05c5e42bb5ceaf3df664cff42bf0b0740eb6152458e0857b	.rela.text	423	.text	0x3c24	0x3c24	0x3c84	R_AARCH64_CALL26	mtk_bus_rx_ser_event	209	1	STT_NOTYPE	SHN_UNDEF	0x0	0x0			unnamed@.text+0x3924	0x3924	0x300	eh_frame_FDE	0x3ce0	0xc44	direct_call_BL	0x94000000
.local/legacy-firmware/work/extract/stock-rootfs/lib/modules/5.4.55/mtk_pci.ko	c71b2073eeb2498c05c5e42bb5ceaf3df664cff42bf0b0740eb6152458e0857b	.rela.text	441	.text	0x3ce4	0x3ce4	0x3d44	R_AARCH64_ADR_PREL_PG_HI21	glb_npu_en_tx	161	1	STT_NOTYPE	SHN_UNDEF	0x0	0x0			unnamed@.text+0x3ce0	0x3ce0	0x4	eh_frame_FDE	0x3df8	0xca8	executable_reference	0x90000002
.local/legacy-firmware/work/extract/stock-rootfs/lib/modules/5.4.55/mtk_pci.ko	c71b2073eeb2498c05c5e42bb5ceaf3df664cff42bf0b0740eb6152458e0857b	.rela.text	442	.text	0x3cec	0x3cec	0x3d4c	R_AARCH64_LDST8_ABS_LO12_NC	glb_npu_en_tx	161	1	STT_NOTYPE	SHN_UNDEF	0x0	0x0			unnamed@.text+0x3ce0	0x3ce0	0xc	eh_frame_FDE	0x3df8	0xca8	executable_reference	0x39400042
.local/legacy-firmware/work/extract/stock-rootfs/lib/modules/5.4.55/mtk_pci.ko	c71b2073eeb2498c05c5e42bb5ceaf3df664cff42bf0b0740eb6152458e0857b	.rela.text	444	.text	0x3ddc	0x3ddc	0x3e3c	R_AARCH64_CALL26	npu_pci_dma_init_rx_event_queue	77	0	STT_FUNC	.text	0x5a50	0x0	npu_pci_dma_init_rx_event_queue	0x5a50	unnamed@.text+0x3ce0	0x3ce0	0xfc	eh_frame_FDE	0x3df8	0xca8	direct_call_BL	0x94000000
.local/legacy-firmware/work/extract/stock-rootfs/lib/modules/5.4.55/mtk_pci.ko	c71b2073eeb2498c05c5e42bb5ceaf3df664cff42bf0b0740eb6152458e0857b	.rela.text	481	.text	0x44dc	0x44dc	0x453c	R_AARCH64_ADR_PREL_PG_HI21	glb_npu_en_rx	137	1	STT_NOTYPE	SHN_UNDEF	0x0	0x0			unnamed@.text+0x44c0	0x44c0	0x1c	eh_frame_FDE	0x45ec	0xe04	executable_reference	0x90000018
.local/legacy-firmware/work/extract/stock-rootfs/lib/modules/5.4.55/mtk_pci.ko	c71b2073eeb2498c05c5e42bb5ceaf3df664cff42bf0b0740eb6152458e0857b	.rela.text	483	.text	0x44e4	0x44e4	0x4544	R_AARCH64_ADD_ABS_LO12_NC	glb_npu_en_rx	137	1	STT_NOTYPE	SHN_UNDEF	0x0	0x0			unnamed@.text+0x44c0	0x44c0	0x24	eh_frame_FDE	0x45ec	0xe04	executable_reference	0x91000318
.local/legacy-firmware/work/extract/stock-rootfs/lib/modules/5.4.55/mtk_pci.ko	c71b2073eeb2498c05c5e42bb5ceaf3df664cff42bf0b0740eb6152458e0857b	.rela.text	485	.text	0x455c	0x455c	0x45bc	R_AARCH64_CALL26	npu_pci_dma_sw_init_rx_queue	82	0	STT_FUNC	.text	0x7350	0x0	npu_pci_dma_sw_init_rx_queue	0x7350	unnamed@.text+0x44c0	0x44c0	0x9c	eh_frame_FDE	0x45ec	0xe04	direct_call_BL	0x94000000
.local/legacy-firmware/work/extract/stock-rootfs/lib/modules/5.4.55/mtk_pci.ko	c71b2073eeb2498c05c5e42bb5ceaf3df664cff42bf0b0740eb6152458e0857b	.rela.text	488	.text	0x4634	0x4634	0x4694	R_AARCH64_ADR_PREL_PG_HI21	g_npu_used_opt_type	89	0	STT_OBJECT	.data	0x220	0x0		0x220	unnamed@.text+0x4604	0x4604	0x30	eh_frame_FDE	0x4b10	0xe88	executable_reference	0x90000002
.local/legacy-firmware/work/extract/stock-rootfs/lib/modules/5.4.55/mtk_pci.ko	c71b2073eeb2498c05c5e42bb5ceaf3df664cff42bf0b0740eb6152458e0857b	.rela.text	489	.text	0x4640	0x4640	0x46a0	R_AARCH64_LDST8_ABS_LO12_NC	g_npu_used_opt_type	89	0	STT_OBJECT	.data	0x220	0x0		0x220	unnamed@.text+0x4604	0x4604	0x3c	eh_frame_FDE	0x4b10	0xe88	executable_reference	0x39000041
.local/legacy-firmware/work/extract/stock-rootfs/lib/modules/5.4.55/mtk_pci.ko	c71b2073eeb2498c05c5e42bb5ceaf3df664cff42bf0b0740eb6152458e0857b	.rela.text	490	.text	0x4644	0x4644	0x46a4	R_AARCH64_CALL26	npu_pci_dma_sw_init_device	72	0	STT_FUNC	.text	0x67d4	0x0	npu_pci_dma_sw_init_device	0x67d4	unnamed@.text+0x4604	0x4604	0x40	eh_frame_FDE	0x4b10	0xe88	direct_call_BL	0x94000000
.local/legacy-firmware/work/extract/stock-rootfs/lib/modules/5.4.55/mtk_pci.ko	c71b2073eeb2498c05c5e42bb5ceaf3df664cff42bf0b0740eb6152458e0857b	.rela.text	493	.text	0x4674	0x4674	0x46d4	R_AARCH64_CALL26	npu_pci_dma_init_tx_data_queue	57	0	STT_FUNC	.text	0x5810	0x0	npu_pci_dma_init_tx_data_queue	0x5810	unnamed@.text+0x4604	0x4604	0x70	eh_frame_FDE	0x4b10	0xe88	direct_call_BL	0x94000000
.local/legacy-firmware/work/extract/stock-rootfs/lib/modules/5.4.55/mtk_pci.ko	c71b2073eeb2498c05c5e42bb5ceaf3df664cff42bf0b0740eb6152458e0857b	.rela.text	526	.text	0x49c4	0x49c4	0x4a24	R_AARCH64_ADR_PREL_PG_HI21	glb_npu_en_rx	137	1	STT_NOTYPE	SHN_UNDEF	0x0	0x0			unnamed@.text+0x4604	0x4604	0x3c0	eh_frame_FDE	0x4b10	0xe88	executable_reference	0x90000001
.local/legacy-firmware/work/extract/stock-rootfs/lib/modules/5.4.55/mtk_pci.ko	c71b2073eeb2498c05c5e42bb5ceaf3df664cff42bf0b0740eb6152458e0857b	.rela.text	527	.text	0x49c8	0x49c8	0x4a28	R_AARCH64_LDST8_ABS_LO12_NC	glb_npu_en_rx	137	1	STT_NOTYPE	SHN_UNDEF	0x0	0x0			unnamed@.text+0x4604	0x4604	0x3c4	eh_frame_FDE	0x4b10	0xe88	executable_reference	0x39400021
.local/legacy-firmware/work/extract/stock-rootfs/lib/modules/5.4.55/mtk_pci.ko	c71b2073eeb2498c05c5e42bb5ceaf3df664cff42bf0b0740eb6152458e0857b	.rela.text	530	.text	0x49dc	0x49dc	0x4a3c	R_AARCH64_ADR_PREL_PG_HI21	tasklet_schedule_rx_data_done_hostadpt_ring0	70	0	STT_FUNC	.text	0x5500	0x0	tasklet_schedule_rx_data_done_hostadpt_ring0	0x5500	unnamed@.text+0x4604	0x4604	0x3d8	eh_frame_FDE	0x4b10	0xe88	executable_reference	0x90000001
.local/legacy-firmware/work/extract/stock-rootfs/lib/modules/5.4.55/mtk_pci.ko	c71b2073eeb2498c05c5e42bb5ceaf3df664cff42bf0b0740eb6152458e0857b	.rela.text	531	.text	0x49e0	0x49e0	0x4a40	R_AARCH64_ADD_ABS_LO12_NC	tasklet_schedule_rx_data_done_hostadpt_ring0	70	0	STT_FUNC	.text	0x5500	0x0	tasklet_schedule_rx_data_done_hostadpt_ring0	0x5500	unnamed@.text+0x4604	0x4604	0x3dc	eh_frame_FDE	0x4b10	0xe88	executable_reference	0x91000021
.local/legacy-firmware/work/extract/stock-rootfs/lib/modules/5.4.55/mtk_pci.ko	c71b2073eeb2498c05c5e42bb5ceaf3df664cff42bf0b0740eb6152458e0857b	.rela.text	533	.text	0x49ec	0x49ec	0x4a4c	R_AARCH64_ADR_PREL_PG_HI21	tasklet_schedule_rx_data_done_hostadpt_ring1	98	0	STT_FUNC	.text	0x55c4	0x0	tasklet_schedule_rx_data_done_hostadpt_ring1	0x55c4	unnamed@.text+0x4604	0x4604	0x3e8	eh_frame_FDE	0x4b10	0xe88	executable_reference	0x90000001
.local/legacy-firmware/work/extract/stock-rootfs/lib/modules/5.4.55/mtk_pci.ko	c71b2073eeb2498c05c5e42bb5ceaf3df664cff42bf0b0740eb6152458e0857b	.rela.text	534	.text	0x49f4	0x49f4	0x4a54	R_AARCH64_ADD_ABS_LO12_NC	tasklet_schedule_rx_data_done_hostadpt_ring1	98	0	STT_FUNC	.text	0x55c4	0x0	tasklet_schedule_rx_data_done_hostadpt_ring1	0x55c4	unnamed@.text+0x4604	0x4604	0x3f0	eh_frame_FDE	0x4b10	0xe88	executable_reference	0x91000021
.local/legacy-firmware/work/extract/stock-rootfs/lib/modules/5.4.55/mtk_pci.ko	c71b2073eeb2498c05c5e42bb5ceaf3df664cff42bf0b0740eb6152458e0857b	.rela.text	566	.text	0x4b8c	0x4b8c	0x4bec	R_AARCH64_CALL26	get_ecnt_npu_dev	182	1	STT_NOTYPE	SHN_UNDEF	0x0	0x0			unnamed@.text+0x4b70	0x4b70	0x1c	eh_frame_FDE	0x4cc0	0xf20	direct_call_BL	0x94000000
.local/legacy-firmware/work/extract/stock-rootfs/lib/modules/5.4.55/mtk_pci.ko	c71b2073eeb2498c05c5e42bb5ceaf3df664cff42bf0b0740eb6152458e0857b	.rela.text	569	.text	0x4c10	0x4c10	0x4c70	R_AARCH64_CALL26	host_notify_npuMbox	138	1	STT_NOTYPE	SHN_UNDEF	0x0	0x0			unnamed@.text+0x4b70	0x4b70	0xa0	eh_frame_FDE	0x4cc0	0xf20	direct_call_BL	0x94000000
.local/legacy-firmware/work/extract/stock-rootfs/lib/modules/5.4.55/mtk_pci.ko	c71b2073eeb2498c05c5e42bb5ceaf3df664cff42bf0b0740eb6152458e0857b	.rela.text	630	.text	0x5284	0x5284	0x52e4	R_AARCH64_ADR_PREL_PG_HI21	fromHostadptPktHandle_hook	189	1	STT_NOTYPE	SHN_UNDEF	0x0	0x0			pci_dma_rx_process_hostadpt	0x5230	0x54	symbol_size	0x5408		executable_reference	0x90000015
.local/legacy-firmware/work/extract/stock-rootfs/lib/modules/5.4.55/mtk_pci.ko	c71b2073eeb2498c05c5e42bb5ceaf3df664cff42bf0b0740eb6152458e0857b	.rela.text	631	.text	0x528c	0x528c	0x52ec	R_AARCH64_ADD_ABS_LO12_NC	fromHostadptPktHandle_hook	189	1	STT_NOTYPE	SHN_UNDEF	0x0	0x0			pci_dma_rx_process_hostadpt	0x5230	0x5c	symbol_size	0x5408		executable_reference	0x910002b5
.local/legacy-firmware/work/extract/stock-rootfs/lib/modules/5.4.55/mtk_pci.ko	c71b2073eeb2498c05c5e42bb5ceaf3df664cff42bf0b0740eb6152458e0857b	.rela.text	648	.text	0x5464	0x5464	0x54c4	R_AARCH64_CALL26	pci_dma_rx_process_hostadpt	50	0	STT_FUNC	.text	0x5230	0x0	pci_dma_rx_process_hostadpt	0x5230	pci_dma_rx_poll_hostadpt_ring0	0x5410	0x54	symbol_size	0x5500		direct_call_BL	0x94000000
.local/legacy-firmware/work/extract/stock-rootfs/lib/modules/5.4.55/mtk_pci.ko	c71b2073eeb2498c05c5e42bb5ceaf3df664cff42bf0b0740eb6152458e0857b	.rela.text	649	.text	0x5478	0x5478	0x54d8	R_AARCH64_ADR_PREL_PG_HI21		1	0	STT_SECTION	.text	0x0	0x5478	pci_dma_rx_poll_hostadpt_ring0	0x5478	pci_dma_rx_poll_hostadpt_ring0	0x5410	0x68	symbol_size	0x5500		executable_reference	0x90000000
.local/legacy-firmware/work/extract/stock-rootfs/lib/modules/5.4.55/mtk_pci.ko	c71b2073eeb2498c05c5e42bb5ceaf3df664cff42bf0b0740eb6152458e0857b	.rela.text	650	.text	0x5480	0x5480	0x54e0	R_AARCH64_ADD_ABS_LO12_NC		1	0	STT_SECTION	.text	0x0	0x5478	pci_dma_rx_poll_hostadpt_ring0	0x5478	pci_dma_rx_poll_hostadpt_ring0	0x5410	0x70	symbol_size	0x5500		executable_reference	0x91000000
.local/legacy-firmware/work/extract/stock-rootfs/lib/modules/5.4.55/mtk_pci.ko	c71b2073eeb2498c05c5e42bb5ceaf3df664cff42bf0b0740eb6152458e0857b	.rela.text	711	.text	0x5850	0x5850	0x58b0	R_AARCH64_CALL26	npu_get_pcie_index	101	0	STT_FUNC	.text	0x4f30	0x0	npu_get_pcie_index	0x4f30	npu_pci_dma_init_tx_data_queue	0x5810	0x40	symbol_size	0x5a4c		direct_call_BL	0x94000000
.local/legacy-firmware/work/extract/stock-rootfs/lib/modules/5.4.55/mtk_pci.ko	c71b2073eeb2498c05c5e42bb5ceaf3df664cff42bf0b0740eb6152458e0857b	.rela.text	712	.text	0x589c	0x589c	0x58fc	R_AARCH64_CALL26	npu_get_pcie_index	101	0	STT_FUNC	.text	0x4f30	0x0	npu_get_pcie_index	0x4f30	npu_pci_dma_init_tx_data_queue	0x5810	0x8c	symbol_size	0x5a4c		direct_call_BL	0x94000000
.local/legacy-firmware/work/extract/stock-rootfs/lib/modules/5.4.55/mtk_pci.ko	c71b2073eeb2498c05c5e42bb5ceaf3df664cff42bf0b0740eb6152458e0857b	.rela.text	713	.text	0x58bc	0x58bc	0x591c	R_AARCH64_CALL26	npu_allowed_ring	88	0	STT_FUNC	.text	0x4e80	0x0	npu_allowed_ring	0x4e80	npu_pci_dma_init_tx_data_queue	0x5810	0xac	symbol_size	0x5a4c		direct_call_BL	0x94000000
.local/legacy-firmware/work/extract/stock-rootfs/lib/modules/5.4.55/mtk_pci.ko	c71b2073eeb2498c05c5e42bb5ceaf3df664cff42bf0b0740eb6152458e0857b	.rela.text	735	.text	0x59dc	0x59dc	0x5a3c	R_AARCH64_ADR_PREL_PG_HI21	glb_npu_en_tx	161	1	STT_NOTYPE	SHN_UNDEF	0x0	0x0			npu_pci_dma_init_tx_data_queue	0x5810	0x1cc	symbol_size	0x5a4c		executable_reference	0x90000000
.local/legacy-firmware/work/extract/stock-rootfs/lib/modules/5.4.55/mtk_pci.ko	c71b2073eeb2498c05c5e42bb5ceaf3df664cff42bf0b0740eb6152458e0857b	.rela.text	736	.text	0x59e0	0x59e0	0x5a40	R_AARCH64_LDST8_ABS_LO12_NC	glb_npu_en_tx	161	1	STT_NOTYPE	SHN_UNDEF	0x0	0x0			npu_pci_dma_init_tx_data_queue	0x5810	0x1d0	symbol_size	0x5a4c		executable_reference	0x39400015
.local/legacy-firmware/work/extract/stock-rootfs/lib/modules/5.4.55/mtk_pci.ko	c71b2073eeb2498c05c5e42bb5ceaf3df664cff42bf0b0740eb6152458e0857b	.rela.text	743	.text	0x5a6c	0x5a6c	0x5acc	R_AARCH64_CALL26	npu_get_pcie_index	101	0	STT_FUNC	.text	0x4f30	0x0	npu_get_pcie_index	0x4f30	npu_pci_dma_init_rx_event_queue	0x5a50	0x1c	symbol_size	0x5d84		direct_call_BL	0x94000000
.local/legacy-firmware/work/extract/stock-rootfs/lib/modules/5.4.55/mtk_pci.ko	c71b2073eeb2498c05c5e42bb5ceaf3df664cff42bf0b0740eb6152458e0857b	.rela.text	744	.text	0x5abc	0x5abc	0x5b1c	R_AARCH64_CALL26	get_ecnt_npu_dev	182	1	STT_NOTYPE	SHN_UNDEF	0x0	0x0			npu_pci_dma_init_rx_event_queue	0x5a50	0x6c	symbol_size	0x5d84		direct_call_BL	0x94000000
.local/legacy-firmware/work/extract/stock-rootfs/lib/modules/5.4.55/mtk_pci.ko	c71b2073eeb2498c05c5e42bb5ceaf3df664cff42bf0b0740eb6152458e0857b	.rela.text	747	.text	0x5b3c	0x5b3c	0x5b9c	R_AARCH64_CALL26	host_notify_npuMbox	138	1	STT_NOTYPE	SHN_UNDEF	0x0	0x0			npu_pci_dma_init_rx_event_queue	0x5a50	0xec	symbol_size	0x5d84		direct_call_BL	0x94000000
.local/legacy-firmware/work/extract/stock-rootfs/lib/modules/5.4.55/mtk_pci.ko	c71b2073eeb2498c05c5e42bb5ceaf3df664cff42bf0b0740eb6152458e0857b	.rela.text	749	.text	0x5b6c	0x5b6c	0x5bcc	R_AARCH64_CALL26	get_ecnt_npu_dev	182	1	STT_NOTYPE	SHN_UNDEF	0x0	0x0			npu_pci_dma_init_rx_event_queue	0x5a50	0x11c	symbol_size	0x5d84		direct_call_BL	0x94000000
.local/legacy-firmware/work/extract/stock-rootfs/lib/modules/5.4.55/mtk_pci.ko	c71b2073eeb2498c05c5e42bb5ceaf3df664cff42bf0b0740eb6152458e0857b	.rela.text	752	.text	0x5be4	0x5be4	0x5c44	R_AARCH64_CALL26	host_notify_npuMbox	138	1	STT_NOTYPE	SHN_UNDEF	0x0	0x0			npu_pci_dma_init_rx_event_queue	0x5a50	0x194	symbol_size	0x5d84		direct_call_BL	0x94000000
.local/legacy-firmware/work/extract/stock-rootfs/lib/modules/5.4.55/mtk_pci.ko	c71b2073eeb2498c05c5e42bb5ceaf3df664cff42bf0b0740eb6152458e0857b	.rela.text	756	.text	0x5c28	0x5c28	0x5c88	R_AARCH64_CALL26	get_ecnt_npu_dev	182	1	STT_NOTYPE	SHN_UNDEF	0x0	0x0			npu_pci_dma_init_rx_event_queue	0x5a50	0x1d8	symbol_size	0x5d84		direct_call_BL	0x94000000
.local/legacy-firmware/work/extract/stock-rootfs/lib/modules/5.4.55/mtk_pci.ko	c71b2073eeb2498c05c5e42bb5ceaf3df664cff42bf0b0740eb6152458e0857b	.rela.text	759	.text	0x5c9c	0x5c9c	0x5cfc	R_AARCH64_CALL26	host_notify_npuMbox	138	1	STT_NOTYPE	SHN_UNDEF	0x0	0x0			npu_pci_dma_init_rx_event_queue	0x5a50	0x24c	symbol_size	0x5d84		direct_call_BL	0x94000000
.local/legacy-firmware/work/extract/stock-rootfs/lib/modules/5.4.55/mtk_pci.ko	c71b2073eeb2498c05c5e42bb5ceaf3df664cff42bf0b0740eb6152458e0857b	.rela.text	784	.text	0x5d9c	0x5d9c	0x5dfc	R_AARCH64_CALL26	npu_get_pcie_index	101	0	STT_FUNC	.text	0x4f30	0x0	npu_get_pcie_index	0x4f30	npu_pci_dma_init_rx_data_queue	0x5d84	0x18	symbol_size	0x6250		direct_call_BL	0x94000000
.local/legacy-firmware/work/extract/stock-rootfs/lib/modules/5.4.55/mtk_pci.ko	c71b2073eeb2498c05c5e42bb5ceaf3df664cff42bf0b0740eb6152458e0857b	.rela.text	785	.text	0x5e0c	0x5e0c	0x5e6c	R_AARCH64_CALL26	get_ecnt_npu_dev	182	1	STT_NOTYPE	SHN_UNDEF	0x0	0x0			npu_pci_dma_init_rx_data_queue	0x5d84	0x88	symbol_size	0x6250		direct_call_BL	0x94000000
.local/legacy-firmware/work/extract/stock-rootfs/lib/modules/5.4.55/mtk_pci.ko	c71b2073eeb2498c05c5e42bb5ceaf3df664cff42bf0b0740eb6152458e0857b	.rela.text	788	.text	0x5e88	0x5e88	0x5ee8	R_AARCH64_CALL26	host_notify_npuMbox	138	1	STT_NOTYPE	SHN_UNDEF	0x0	0x0			npu_pci_dma_init_rx_data_queue	0x5d84	0x104	symbol_size	0x6250		direct_call_BL	0x94000000
.local/legacy-firmware/work/extract/stock-rootfs/lib/modules/5.4.55/mtk_pci.ko	c71b2073eeb2498c05c5e42bb5ceaf3df664cff42bf0b0740eb6152458e0857b	.rela.text	790	.text	0x5eb0	0x5eb0	0x5f10	R_AARCH64_ADR_PREL_PG_HI21	glb_npu_en_rx	137	1	STT_NOTYPE	SHN_UNDEF	0x0	0x0			npu_pci_dma_init_rx_data_queue	0x5d84	0x12c	symbol_size	0x6250		executable_reference	0x90000000
.local/legacy-firmware/work/extract/stock-rootfs/lib/modules/5.4.55/mtk_pci.ko	c71b2073eeb2498c05c5e42bb5ceaf3df664cff42bf0b0740eb6152458e0857b	.rela.text	791	.text	0x5eb4	0x5eb4	0x5f14	R_AARCH64_LDST8_ABS_LO12_NC	glb_npu_en_rx	137	1	STT_NOTYPE	SHN_UNDEF	0x0	0x0			npu_pci_dma_init_rx_data_queue	0x5d84	0x130	symbol_size	0x6250		executable_reference	0x39400016
.local/legacy-firmware/work/extract/stock-rootfs/lib/modules/5.4.55/mtk_pci.ko	c71b2073eeb2498c05c5e42bb5ceaf3df664cff42bf0b0740eb6152458e0857b	.rela.text	794	.text	0x5ef4	0x5ef4	0x5f54	R_AARCH64_CALL26	get_ecnt_npu_dev	182	1	STT_NOTYPE	SHN_UNDEF	0x0	0x0			npu_pci_dma_init_rx_data_queue	0x5d84	0x170	symbol_size	0x6250		direct_call_BL	0x94000000
.local/legacy-firmware/work/extract/stock-rootfs/lib/modules/5.4.55/mtk_pci.ko	c71b2073eeb2498c05c5e42bb5ceaf3df664cff42bf0b0740eb6152458e0857b	.rela.text	797	.text	0x5f6c	0x5f6c	0x5fcc	R_AARCH64_CALL26	host_notify_npuMbox	138	1	STT_NOTYPE	SHN_UNDEF	0x0	0x0			npu_pci_dma_init_rx_data_queue	0x5d84	0x1e8	symbol_size	0x6250		direct_call_BL	0x94000000
.local/legacy-firmware/work/extract/stock-rootfs/lib/modules/5.4.55/mtk_pci.ko	c71b2073eeb2498c05c5e42bb5ceaf3df664cff42bf0b0740eb6152458e0857b	.rela.text	799	.text	0x5fc4	0x5fc4	0x6024	R_AARCH64_CALL26	get_ecnt_npu_dev	182	1	STT_NOTYPE	SHN_UNDEF	0x0	0x0			npu_pci_dma_init_rx_data_queue	0x5d84	0x240	symbol_size	0x6250		direct_call_BL	0x94000000
.local/legacy-firmware/work/extract/stock-rootfs/lib/modules/5.4.55/mtk_pci.ko	c71b2073eeb2498c05c5e42bb5ceaf3df664cff42bf0b0740eb6152458e0857b	.rela.text	802	.text	0x6044	0x6044	0x60a4	R_AARCH64_CALL26	host_notify_npuMbox	138	1	STT_NOTYPE	SHN_UNDEF	0x0	0x0			npu_pci_dma_init_rx_data_queue	0x5d84	0x2c0	symbol_size	0x6250		direct_call_BL	0x94000000
.local/legacy-firmware/work/extract/stock-rootfs/lib/modules/5.4.55/mtk_pci.ko	c71b2073eeb2498c05c5e42bb5ceaf3df664cff42bf0b0740eb6152458e0857b	.rela.text	860	.text	0x6264	0x6264	0x62c4	R_AARCH64_CALL26	get_ecnt_npu_dev	182	1	STT_NOTYPE	SHN_UNDEF	0x0	0x0			send_rro_done_msg_2_NPU	0x6250	0x14	symbol_size	0x6368		direct_call_BL	0x94000000
.local/legacy-firmware/work/extract/stock-rootfs/lib/modules/5.4.55/mtk_pci.ko	c71b2073eeb2498c05c5e42bb5ceaf3df664cff42bf0b0740eb6152458e0857b	.rela.text	863	.text	0x62e0	0x62e0	0x6340	R_AARCH64_CALL26	host_notify_npuMbox	138	1	STT_NOTYPE	SHN_UNDEF	0x0	0x0			send_rro_done_msg_2_NPU	0x6250	0x90	symbol_size	0x6368		direct_call_BL	0x94000000
.local/legacy-firmware/work/extract/stock-rootfs/lib/modules/5.4.55/mtk_pci.ko	c71b2073eeb2498c05c5e42bb5ceaf3df664cff42bf0b0740eb6152458e0857b	.rela.text	876	.text	0x6394	0x6394	0x63f4	R_AARCH64_CALL26	get_ecnt_npu_dev	182	1	STT_NOTYPE	SHN_UNDEF	0x0	0x0			send_rro_stop_msg_2_NPU	0x6370	0x24	symbol_size	0x65d8		direct_call_BL	0x94000000
.local/legacy-firmware/work/extract/stock-rootfs/lib/modules/5.4.55/mtk_pci.ko	c71b2073eeb2498c05c5e42bb5ceaf3df664cff42bf0b0740eb6152458e0857b	.rela.text	879	.text	0x6418	0x6418	0x6478	R_AARCH64_CALL26	host_notify_npuMbox	138	1	STT_NOTYPE	SHN_UNDEF	0x0	0x0			send_rro_stop_msg_2_NPU	0x6370	0xa8	symbol_size	0x65d8		direct_call_BL	0x94000000
.local/legacy-firmware/work/extract/stock-rootfs/lib/modules/5.4.55/mtk_pci.ko	c71b2073eeb2498c05c5e42bb5ceaf3df664cff42bf0b0740eb6152458e0857b	.rela.text	888	.text	0x6480	0x6480	0x64e0	R_AARCH64_CALL26	get_ecnt_npu_dev	182	1	STT_NOTYPE	SHN_UNDEF	0x0	0x0			send_rro_stop_msg_2_NPU	0x6370	0x110	symbol_size	0x65d8		direct_call_BL	0x94000000
.local/legacy-firmware/work/extract/stock-rootfs/lib/modules/5.4.55/mtk_pci.ko	c71b2073eeb2498c05c5e42bb5ceaf3df664cff42bf0b0740eb6152458e0857b	.rela.text	891	.text	0x64ec	0x64ec	0x654c	R_AARCH64_CALL26	host_notify_npuMbox	138	1	STT_NOTYPE	SHN_UNDEF	0x0	0x0			send_rro_stop_msg_2_NPU	0x6370	0x17c	symbol_size	0x65d8		direct_call_BL	0x94000000
.local/legacy-firmware/work/extract/stock-rootfs/lib/modules/5.4.55/mtk_pci.ko	c71b2073eeb2498c05c5e42bb5ceaf3df664cff42bf0b0740eb6152458e0857b	.rela.text	915	.text	0x65e4	0x65e4	0x6644	R_AARCH64_ADR_PREL_PG_HI21	glb_npu_en_tx	161	1	STT_NOTYPE	SHN_UNDEF	0x0	0x0			npu_hw_init_queue_bus_write	0x65e0	0x4	symbol_size	0x67d4		executable_reference	0x90000002
.local/legacy-firmware/work/extract/stock-rootfs/lib/modules/5.4.55/mtk_pci.ko	c71b2073eeb2498c05c5e42bb5ceaf3df664cff42bf0b0740eb6152458e0857b	.rela.text	916	.text	0x65ec	0x65ec	0x664c	R_AARCH64_LDST8_ABS_LO12_NC	glb_npu_en_tx	161	1	STT_NOTYPE	SHN_UNDEF	0x0	0x0			npu_hw_init_queue_bus_write	0x65e0	0xc	symbol_size	0x67d4		executable_reference	0x39400042
.local/legacy-firmware/work/extract/stock-rootfs/lib/modules/5.4.55/mtk_pci.ko	c71b2073eeb2498c05c5e42bb5ceaf3df664cff42bf0b0740eb6152458e0857b	.rela.text	917	.text	0x6650	0x6650	0x66b0	R_AARCH64_CALL26	npu_band_trans_bit2num	60	0	STT_FUNC	.text	0x5060	0x0	npu_band_trans_bit2num	0x5060	npu_hw_init_queue_bus_write	0x65e0	0x70	symbol_size	0x67d4		direct_call_BL	0x94000000
.local/legacy-firmware/work/extract/stock-rootfs/lib/modules/5.4.55/mtk_pci.ko	c71b2073eeb2498c05c5e42bb5ceaf3df664cff42bf0b0740eb6152458e0857b	.rela.text	918	.text	0x665c	0x665c	0x66bc	R_AARCH64_CALL26	get_ecnt_npu_dev	182	1	STT_NOTYPE	SHN_UNDEF	0x0	0x0			npu_hw_init_queue_bus_write	0x65e0	0x7c	symbol_size	0x67d4		direct_call_BL	0x94000000
.local/legacy-firmware/work/extract/stock-rootfs/lib/modules/5.4.55/mtk_pci.ko	c71b2073eeb2498c05c5e42bb5ceaf3df664cff42bf0b0740eb6152458e0857b	.rela.text	921	.text	0x66d8	0x66d8	0x6738	R_AARCH64_CALL26	host_notify_npuMbox	138	1	STT_NOTYPE	SHN_UNDEF	0x0	0x0			npu_hw_init_queue_bus_write	0x65e0	0xf8	symbol_size	0x67d4		direct_call_BL	0x94000000
.local/legacy-firmware/work/extract/stock-rootfs/lib/modules/5.4.55/mtk_pci.ko	c71b2073eeb2498c05c5e42bb5ceaf3df664cff42bf0b0740eb6152458e0857b	.rela.text	947	.text	0x6800	0x6800	0x6860	R_AARCH64_CALL26	get_ecnt_npu_dev	182	1	STT_NOTYPE	SHN_UNDEF	0x0	0x0			npu_pci_dma_sw_init_device	0x67d4	0x2c	symbol_size	0x6b70		direct_call_BL	0x94000000
.local/legacy-firmware/work/extract/stock-rootfs/lib/modules/5.4.55/mtk_pci.ko	c71b2073eeb2498c05c5e42bb5ceaf3df664cff42bf0b0740eb6152458e0857b	.rela.text	950	.text	0x6880	0x6880	0x68e0	R_AARCH64_CALL26	host_notify_npuMbox	138	1	STT_NOTYPE	SHN_UNDEF	0x0	0x0			npu_pci_dma_sw_init_device	0x67d4	0xac	symbol_size	0x6b70		direct_call_BL	0x94000000
.local/legacy-firmware/work/extract/stock-rootfs/lib/modules/5.4.55/mtk_pci.ko	c71b2073eeb2498c05c5e42bb5ceaf3df664cff42bf0b0740eb6152458e0857b	.rela.text	954	.text	0x68d8	0x68d8	0x6938	R_AARCH64_CALL26	get_ecnt_npu_dev	182	1	STT_NOTYPE	SHN_UNDEF	0x0	0x0			npu_pci_dma_sw_init_device	0x67d4	0x104	symbol_size	0x6b70		direct_call_BL	0x94000000
.local/legacy-firmware/work/extract/stock-rootfs/lib/modules/5.4.55/mtk_pci.ko	c71b2073eeb2498c05c5e42bb5ceaf3df664cff42bf0b0740eb6152458e0857b	.rela.text	957	.text	0x6958	0x6958	0x69b8	R_AARCH64_CALL26	host_notify_npuMbox	138	1	STT_NOTYPE	SHN_UNDEF	0x0	0x0			npu_pci_dma_sw_init_device	0x67d4	0x184	symbol_size	0x6b70		direct_call_BL	0x94000000
.local/legacy-firmware/work/extract/stock-rootfs/lib/modules/5.4.55/mtk_pci.ko	c71b2073eeb2498c05c5e42bb5ceaf3df664cff42bf0b0740eb6152458e0857b	.rela.text	975	.text	0x69f8	0x69f8	0x6a58	R_AARCH64_CALL26	npu_wifi_offload_get_ba_node_addr	131	1	STT_NOTYPE	SHN_UNDEF	0x0	0x0			npu_pci_dma_sw_init_device	0x67d4	0x224	symbol_size	0x6b70		direct_call_BL	0x94000000
.local/legacy-firmware/work/extract/stock-rootfs/lib/modules/5.4.55/mtk_pci.ko	c71b2073eeb2498c05c5e42bb5ceaf3df664cff42bf0b0740eb6152458e0857b	.rela.text	982	.text	0x6a2c	0x6a2c	0x6a8c	R_AARCH64_CALL26	get_ecnt_npu_dev	182	1	STT_NOTYPE	SHN_UNDEF	0x0	0x0			npu_pci_dma_sw_init_device	0x67d4	0x258	symbol_size	0x6b70		direct_call_BL	0x94000000
.local/legacy-firmware/work/extract/stock-rootfs/lib/modules/5.4.55/mtk_pci.ko	c71b2073eeb2498c05c5e42bb5ceaf3df664cff42bf0b0740eb6152458e0857b	.rela.text	1002	.text	0x6b28	0x6b28	0x6b88	R_AARCH64_CALL26	host_notify_npuMbox	138	1	STT_NOTYPE	SHN_UNDEF	0x0	0x0			npu_pci_dma_sw_init_device	0x67d4	0x354	symbol_size	0x6b70		direct_call_BL	0x94000000
.local/legacy-firmware/work/extract/stock-rootfs/lib/modules/5.4.55/mtk_pci.ko	c71b2073eeb2498c05c5e42bb5ceaf3df664cff42bf0b0740eb6152458e0857b	.rela.text	1007	.text	0x6bd8	0x6bd8	0x6c38	R_AARCH64_ADR_PREL_PG_HI21	glb_npu_en_rx	137	1	STT_NOTYPE	SHN_UNDEF	0x0	0x0			npu_rro_init_ind_cmd_queue	0x6bd4	0x4	symbol_size	0x6f64		executable_reference	0x90000002
.local/legacy-firmware/work/extract/stock-rootfs/lib/modules/5.4.55/mtk_pci.ko	c71b2073eeb2498c05c5e42bb5ceaf3df664cff42bf0b0740eb6152458e0857b	.rela.text	1008	.text	0x6be8	0x6be8	0x6c48	R_AARCH64_LDST8_ABS_LO12_NC	glb_npu_en_rx	137	1	STT_NOTYPE	SHN_UNDEF	0x0	0x0			npu_rro_init_ind_cmd_queue	0x6bd4	0x14	symbol_size	0x6f64		executable_reference	0x39400041
.local/legacy-firmware/work/extract/stock-rootfs/lib/modules/5.4.55/mtk_pci.ko	c71b2073eeb2498c05c5e42bb5ceaf3df664cff42bf0b0740eb6152458e0857b	.rela.text	1016	.text	0x6cd8	0x6cd8	0x6d38	R_AARCH64_CALL26	get_ecnt_npu_dev	182	1	STT_NOTYPE	SHN_UNDEF	0x0	0x0			npu_rro_init_ind_cmd_queue	0x6bd4	0x104	symbol_size	0x6f64		direct_call_BL	0x94000000
.local/legacy-firmware/work/extract/stock-rootfs/lib/modules/5.4.55/mtk_pci.ko	c71b2073eeb2498c05c5e42bb5ceaf3df664cff42bf0b0740eb6152458e0857b	.rela.text	1023	.text	0x6d28	0x6d28	0x6d88	R_AARCH64_CALL26	get_ecnt_npu_dev	182	1	STT_NOTYPE	SHN_UNDEF	0x0	0x0			npu_rro_init_ind_cmd_queue	0x6bd4	0x154	symbol_size	0x6f64		direct_call_BL	0x94000000
.local/legacy-firmware/work/extract/stock-rootfs/lib/modules/5.4.55/mtk_pci.ko	c71b2073eeb2498c05c5e42bb5ceaf3df664cff42bf0b0740eb6152458e0857b	.rela.text	1036	.text	0x6e6c	0x6e6c	0x6ecc	R_AARCH64_CALL26	host_notify_npuMbox	138	1	STT_NOTYPE	SHN_UNDEF	0x0	0x0			npu_rro_init_ind_cmd_queue	0x6bd4	0x298	symbol_size	0x6f64		direct_call_BL	0x94000000
.local/legacy-firmware/work/extract/stock-rootfs/lib/modules/5.4.55/mtk_pci.ko	c71b2073eeb2498c05c5e42bb5ceaf3df664cff42bf0b0740eb6152458e0857b	.rela.text	1043	.text	0x6f18	0x6f18	0x6f78	R_AARCH64_CALL26	host_notify_npuMbox	138	1	STT_NOTYPE	SHN_UNDEF	0x0	0x0			npu_rro_init_ind_cmd_queue	0x6bd4	0x344	symbol_size	0x6f64		direct_call_BL	0x94000000
.local/legacy-firmware/work/extract/stock-rootfs/lib/modules/5.4.55/mtk_pci.ko	c71b2073eeb2498c05c5e42bb5ceaf3df664cff42bf0b0740eb6152458e0857b	.rela.text	1051	.text	0x6fa4	0x6fa4	0x7004	R_AARCH64_ADR_PREL_PG_HI21	glb_npu_en_tx	161	1	STT_NOTYPE	SHN_UNDEF	0x0	0x0			npu_pci_irq_handler	0x6f64	0x40	symbol_size	0x7104		executable_reference	0x90000000
.local/legacy-firmware/work/extract/stock-rootfs/lib/modules/5.4.55/mtk_pci.ko	c71b2073eeb2498c05c5e42bb5ceaf3df664cff42bf0b0740eb6152458e0857b	.rela.text	1052	.text	0x6fa8	0x6fa8	0x7008	R_AARCH64_LDST8_ABS_LO12_NC	glb_npu_en_tx	161	1	STT_NOTYPE	SHN_UNDEF	0x0	0x0			npu_pci_irq_handler	0x6f64	0x44	symbol_size	0x7104		executable_reference	0x39400000
.local/legacy-firmware/work/extract/stock-rootfs/lib/modules/5.4.55/mtk_pci.ko	c71b2073eeb2498c05c5e42bb5ceaf3df664cff42bf0b0740eb6152458e0857b	.rela.text	1056	.text	0x7054	0x7054	0x70b4	R_AARCH64_ADR_PREL_PG_HI21	glb_npu_en_rx	137	1	STT_NOTYPE	SHN_UNDEF	0x0	0x0			npu_pci_irq_handler	0x6f64	0xf0	symbol_size	0x7104		executable_reference	0x90000000
.local/legacy-firmware/work/extract/stock-rootfs/lib/modules/5.4.55/mtk_pci.ko	c71b2073eeb2498c05c5e42bb5ceaf3df664cff42bf0b0740eb6152458e0857b	.rela.text	1057	.text	0x7058	0x7058	0x70b8	R_AARCH64_LDST8_ABS_LO12_NC	glb_npu_en_rx	137	1	STT_NOTYPE	SHN_UNDEF	0x0	0x0			npu_pci_irq_handler	0x6f64	0xf4	symbol_size	0x7104		executable_reference	0x39400000
.local/legacy-firmware/work/extract/stock-rootfs/lib/modules/5.4.55/mtk_pci.ko	c71b2073eeb2498c05c5e42bb5ceaf3df664cff42bf0b0740eb6152458e0857b	.rela.text	1058	.text	0x7074	0x7074	0x70d4	R_AARCH64_ADR_PREL_PG_HI21	glb_npu_en_tx	161	1	STT_NOTYPE	SHN_UNDEF	0x0	0x0			npu_pci_irq_handler	0x6f64	0x110	symbol_size	0x7104		executable_reference	0x90000000
.local/legacy-firmware/work/extract/stock-rootfs/lib/modules/5.4.55/mtk_pci.ko	c71b2073eeb2498c05c5e42bb5ceaf3df664cff42bf0b0740eb6152458e0857b	.rela.text	1059	.text	0x7078	0x7078	0x70d8	R_AARCH64_LDST8_ABS_LO12_NC	glb_npu_en_tx	161	1	STT_NOTYPE	SHN_UNDEF	0x0	0x0			npu_pci_irq_handler	0x6f64	0x114	symbol_size	0x7104		executable_reference	0x39400000
.local/legacy-firmware/work/extract/stock-rootfs/lib/modules/5.4.55/mtk_pci.ko	c71b2073eeb2498c05c5e42bb5ceaf3df664cff42bf0b0740eb6152458e0857b	.rela.text	1061	.text	0x70a8	0x70a8	0x7108	R_AARCH64_ADR_PREL_PG_HI21	glb_npu_en_tx	161	1	STT_NOTYPE	SHN_UNDEF	0x0	0x0			npu_pci_irq_handler	0x6f64	0x144	symbol_size	0x7104		executable_reference	0x90000000
.local/legacy-firmware/work/extract/stock-rootfs/lib/modules/5.4.55/mtk_pci.ko	c71b2073eeb2498c05c5e42bb5ceaf3df664cff42bf0b0740eb6152458e0857b	.rela.text	1062	.text	0x70ac	0x70ac	0x710c	R_AARCH64_LDST8_ABS_LO12_NC	glb_npu_en_tx	161	1	STT_NOTYPE	SHN_UNDEF	0x0	0x0			npu_pci_irq_handler	0x6f64	0x148	symbol_size	0x7104		executable_reference	0x39400000
.local/legacy-firmware/work/extract/stock-rootfs/lib/modules/5.4.55/mtk_pci.ko	c71b2073eeb2498c05c5e42bb5ceaf3df664cff42bf0b0740eb6152458e0857b	.rela.text	1075	.text	0x7150	0x7150	0x71b0	R_AARCH64_CALL26	npu_band_trans_bit2num	60	0	STT_FUNC	.text	0x5060	0x0	npu_band_trans_bit2num	0x5060	npu_pci_dma_tx_data_queue	0x7104	0x4c	symbol_size	0x734c		direct_call_BL	0x94000000
.local/legacy-firmware/work/extract/stock-rootfs/lib/modules/5.4.55/mtk_pci.ko	c71b2073eeb2498c05c5e42bb5ceaf3df664cff42bf0b0740eb6152458e0857b	.rela.text	1078	.text	0x7238	0x7238	0x7298	R_AARCH64_ADR_PREL_PG_HI21	toHostadptPktHandle_hook	123	1	STT_NOTYPE	SHN_UNDEF	0x0	0x0			npu_pci_dma_tx_data_queue	0x7104	0x134	symbol_size	0x734c		executable_reference	0x90000000
.local/legacy-firmware/work/extract/stock-rootfs/lib/modules/5.4.55/mtk_pci.ko	c71b2073eeb2498c05c5e42bb5ceaf3df664cff42bf0b0740eb6152458e0857b	.rela.text	1079	.text	0x723c	0x723c	0x729c	R_AARCH64_LDST64_ABS_LO12_NC	toHostadptPktHandle_hook	123	1	STT_NOTYPE	SHN_UNDEF	0x0	0x0			npu_pci_dma_tx_data_queue	0x7104	0x138	symbol_size	0x734c		executable_reference	0xf9400004
.local/legacy-firmware/work/extract/stock-rootfs/lib/modules/5.4.55/mtk_pci.ko	c71b2073eeb2498c05c5e42bb5ceaf3df664cff42bf0b0740eb6152458e0857b	.rela.text	1097	.text	0x73b8	0x73b8	0x7418	R_AARCH64_ADR_PREL_PG_HI21	pci_dma_rx_poll_hostadpt_ring0	90	0	STT_FUNC	.text	0x5410	0x0	pci_dma_rx_poll_hostadpt_ring0	0x5410	npu_pci_dma_sw_init_rx_queue	0x7350	0x68	symbol_size	0x73cc		executable_reference	0x90000003
.local/legacy-firmware/work/extract/stock-rootfs/lib/modules/5.4.55/mtk_pci.ko	c71b2073eeb2498c05c5e42bb5ceaf3df664cff42bf0b0740eb6152458e0857b	.rela.text	1098	.text	0x73bc	0x73bc	0x741c	R_AARCH64_ADD_ABS_LO12_NC	pci_dma_rx_poll_hostadpt_ring0	90	0	STT_FUNC	.text	0x5410	0x0	pci_dma_rx_poll_hostadpt_ring0	0x5410	npu_pci_dma_sw_init_rx_queue	0x7350	0x6c	symbol_size	0x73cc		executable_reference	0x91000063
.local/legacy-firmware/work/extract/stock-rootfs/lib/modules/5.4.55/mtk_pci.ko	c71b2073eeb2498c05c5e42bb5ceaf3df664cff42bf0b0740eb6152458e0857b	.rela.text	1515	.text	0xa2f4	0xa2f4	0xa354	R_AARCH64_ADR_PREL_PG_HI21	glb_npu_en_rx	137	1	STT_NOTYPE	SHN_UNDEF	0x0	0x0			init_rro_addr_elem_by_seid	0xa2f0	0x4	symbol_size	0xa4b8		executable_reference	0x90000002
.local/legacy-firmware/work/extract/stock-rootfs/lib/modules/5.4.55/mtk_pci.ko	c71b2073eeb2498c05c5e42bb5ceaf3df664cff42bf0b0740eb6152458e0857b	.rela.text	1516	.text	0xa304	0xa304	0xa364	R_AARCH64_LDST8_ABS_LO12_NC	glb_npu_en_rx	137	1	STT_NOTYPE	SHN_UNDEF	0x0	0x0			init_rro_addr_elem_by_seid	0xa2f0	0x14	symbol_size	0xa4b8		executable_reference	0x39400040
.local/legacy-firmware/work/extract/stock-rootfs/lib/modules/5.4.55/mtk_pci.ko	c71b2073eeb2498c05c5e42bb5ceaf3df664cff42bf0b0740eb6152458e0857b	.rela.text	1517	.text	0xa3a8	0xa3a8	0xa408	R_AARCH64_CALL26	get_ecnt_npu_dev	182	1	STT_NOTYPE	SHN_UNDEF	0x0	0x0			init_rro_addr_elem_by_seid	0xa2f0	0xb8	symbol_size	0xa4b8		direct_call_BL	0x94000000
.local/legacy-firmware/work/extract/stock-rootfs/lib/modules/5.4.55/mtk_pci.ko	c71b2073eeb2498c05c5e42bb5ceaf3df664cff42bf0b0740eb6152458e0857b	.rela.text	1520	.text	0xa424	0xa424	0xa484	R_AARCH64_CALL26	host_notify_npuMbox	138	1	STT_NOTYPE	SHN_UNDEF	0x0	0x0			init_rro_addr_elem_by_seid	0xa2f0	0x134	symbol_size	0xa4b8		direct_call_BL	0x94000000
.local/legacy-firmware/work/extract/stock-rootfs/lib/modules/5.4.55/mtk_pci.ko	c71b2073eeb2498c05c5e42bb5ceaf3df664cff42bf0b0740eb6152458e0857b	.rela.text	1548	.text	0xa72c	0xa72c	0xa78c	R_AARCH64_ADR_PREL_PG_HI21	glb_npu_en_rx	137	1	STT_NOTYPE	SHN_UNDEF	0x0	0x0			rro_sw_init	0xa670	0xbc	symbol_size	0xacc0		executable_reference	0x90000016
.local/legacy-firmware/work/extract/stock-rootfs/lib/modules/5.4.55/mtk_pci.ko	c71b2073eeb2498c05c5e42bb5ceaf3df664cff42bf0b0740eb6152458e0857b	.rela.text	1549	.text	0xa734	0xa734	0xa794	R_AARCH64_ADD_ABS_LO12_NC	glb_npu_en_rx	137	1	STT_NOTYPE	SHN_UNDEF	0x0	0x0			rro_sw_init	0xa670	0xc4	symbol_size	0xacc0		executable_reference	0x910002d6
.local/legacy-firmware/work/extract/stock-rootfs/lib/modules/5.4.55/mtk_pci.ko	c71b2073eeb2498c05c5e42bb5ceaf3df664cff42bf0b0740eb6152458e0857b	.rela.text	1550	.text	0xa754	0xa754	0xa7b4	R_AARCH64_CALL26	get_ecnt_npu_dev	182	1	STT_NOTYPE	SHN_UNDEF	0x0	0x0			rro_sw_init	0xa670	0xe4	symbol_size	0xacc0		direct_call_BL	0x94000000
.local/legacy-firmware/work/extract/stock-rootfs/lib/modules/5.4.55/mtk_pci.ko	c71b2073eeb2498c05c5e42bb5ceaf3df664cff42bf0b0740eb6152458e0857b	.rela.text	1553	.text	0xa7d8	0xa7d8	0xa838	R_AARCH64_CALL26	host_notify_npuMbox	138	1	STT_NOTYPE	SHN_UNDEF	0x0	0x0			rro_sw_init	0xa670	0x168	symbol_size	0xacc0		direct_call_BL	0x94000000
.local/legacy-firmware/work/extract/stock-rootfs/lib/modules/5.4.55/mtk_pci.ko	c71b2073eeb2498c05c5e42bb5ceaf3df664cff42bf0b0740eb6152458e0857b	.rela.text	1556	.text	0xa848	0xa848	0xa8a8	R_AARCH64_ADR_PREL_PG_HI21	glb_npu_en_rx	137	1	STT_NOTYPE	SHN_UNDEF	0x0	0x0			rro_sw_init	0xa670	0x1d8	symbol_size	0xacc0		executable_reference	0x90000017
.local/legacy-firmware/work/extract/stock-rootfs/lib/modules/5.4.55/mtk_pci.ko	c71b2073eeb2498c05c5e42bb5ceaf3df664cff42bf0b0740eb6152458e0857b	.rela.text	1559	.text	0xa8d8	0xa8d8	0xa938	R_AARCH64_LDST8_ABS_LO12_NC	glb_npu_en_rx	137	1	STT_NOTYPE	SHN_UNDEF	0x0	0x0			rro_sw_init	0xa670	0x268	symbol_size	0xacc0		executable_reference	0x394002e1
.local/legacy-firmware/work/extract/stock-rootfs/lib/modules/5.4.55/mtk_pci.ko	c71b2073eeb2498c05c5e42bb5ceaf3df664cff42bf0b0740eb6152458e0857b	.rela.text	1570	.text	0xaae8	0xaae8	0xab48	R_AARCH64_CALL26	get_ecnt_npu_dev	182	1	STT_NOTYPE	SHN_UNDEF	0x0	0x0			rro_sw_init	0xa670	0x478	symbol_size	0xacc0		direct_call_BL	0x94000000
.local/legacy-firmware/work/extract/stock-rootfs/lib/modules/5.4.55/mtk_pci.ko	c71b2073eeb2498c05c5e42bb5ceaf3df664cff42bf0b0740eb6152458e0857b	.rela.text	1573	.text	0xab64	0xab64	0xabc4	R_AARCH64_CALL26	host_notify_npuMbox	138	1	STT_NOTYPE	SHN_UNDEF	0x0	0x0			rro_sw_init	0xa670	0x4f4	symbol_size	0xacc0		direct_call_BL	0x94000000
.local/legacy-firmware/work/extract/stock-rootfs/lib/modules/5.4.55/mtk_pci.ko	c71b2073eeb2498c05c5e42bb5ceaf3df664cff42bf0b0740eb6152458e0857b	.rela.text	1579	.text	0xac1c	0xac1c	0xac7c	R_AARCH64_ADR_PREL_PG_HI21	glb_npu_en_rx	137	1	STT_NOTYPE	SHN_UNDEF	0x0	0x0			rro_sw_init	0xa670	0x5ac	symbol_size	0xacc0		executable_reference	0x90000017
.local/legacy-firmware/work/extract/stock-rootfs/lib/modules/5.4.55/mtk_pci.ko	c71b2073eeb2498c05c5e42bb5ceaf3df664cff42bf0b0740eb6152458e0857b	.rela.text.unlikely	3	.text.unlikely	0x20	0x20	0xaf80	R_AARCH64_ADR_PREL_PG_HI21	glb_npu_en_tx	161	1	STT_NOTYPE	SHN_UNDEF	0x0	0x0			unnamed@.text.unlikely+0x0	0x0	0x20	eh_frame_FDE	0x50	0x37c	executable_reference	0x90000000
.local/legacy-firmware/work/extract/stock-rootfs/lib/modules/5.4.55/mtk_pci.ko	c71b2073eeb2498c05c5e42bb5ceaf3df664cff42bf0b0740eb6152458e0857b	.rela.text.unlikely	4	.text.unlikely	0x24	0x24	0xaf84	R_AARCH64_ADR_PREL_PG_HI21	glb_npu_en_rx	137	1	STT_NOTYPE	SHN_UNDEF	0x0	0x0			unnamed@.text.unlikely+0x0	0x0	0x24	eh_frame_FDE	0x50	0x37c	executable_reference	0x90000001
.local/legacy-firmware/work/extract/stock-rootfs/lib/modules/5.4.55/mtk_pci.ko	c71b2073eeb2498c05c5e42bb5ceaf3df664cff42bf0b0740eb6152458e0857b	.rela.text.unlikely	5	.text.unlikely	0x28	0x28	0xaf88	R_AARCH64_LDST8_ABS_LO12_NC	glb_npu_en_tx	161	1	STT_NOTYPE	SHN_UNDEF	0x0	0x0			unnamed@.text.unlikely+0x0	0x0	0x28	eh_frame_FDE	0x50	0x37c	executable_reference	0x39400000
.local/legacy-firmware/work/extract/stock-rootfs/lib/modules/5.4.55/mtk_pci.ko	c71b2073eeb2498c05c5e42bb5ceaf3df664cff42bf0b0740eb6152458e0857b	.rela.text.unlikely	6	.text.unlikely	0x2c	0x2c	0xaf8c	R_AARCH64_LDST8_ABS_LO12_NC	glb_npu_en_rx	137	1	STT_NOTYPE	SHN_UNDEF	0x0	0x0			unnamed@.text.unlikely+0x0	0x0	0x2c	eh_frame_FDE	0x50	0x37c	executable_reference	0x39400021
.local/legacy-firmware/work/extract/stock-rootfs/lib/modules/5.4.55/mtk_pci.ko	c71b2073eeb2498c05c5e42bb5ceaf3df664cff42bf0b0740eb6152458e0857b	.rela.text.unlikely	7	.text.unlikely	0x40	0x40	0xafa0	R_AARCH64_CALL26	send_rro_done_msg_2_NPU	80	0	STT_FUNC	.text	0x6250	0x0	send_rro_done_msg_2_NPU	0x6250	unnamed@.text.unlikely+0x0	0x0	0x40	eh_frame_FDE	0x50	0x37c	direct_call_BL	0x94000000
.local/legacy-firmware/work/extract/stock-rootfs/lib/modules/5.4.55/mtk_pci.ko	c71b2073eeb2498c05c5e42bb5ceaf3df664cff42bf0b0740eb6152458e0857b	.rela.text.unlikely	11	.text.unlikely	0x70	0x70	0xafd0	R_AARCH64_ADR_PREL_PG_HI21	glb_npu_en_tx	161	1	STT_NOTYPE	SHN_UNDEF	0x0	0x0			unnamed@.text.unlikely+0x50	0x50	0x20	eh_frame_FDE	0xa0	0x3a0	executable_reference	0x90000000
.local/legacy-firmware/work/extract/stock-rootfs/lib/modules/5.4.55/mtk_pci.ko	c71b2073eeb2498c05c5e42bb5ceaf3df664cff42bf0b0740eb6152458e0857b	.rela.text.unlikely	12	.text.unlikely	0x74	0x74	0xafd4	R_AARCH64_ADR_PREL_PG_HI21	glb_npu_en_rx	137	1	STT_NOTYPE	SHN_UNDEF	0x0	0x0			unnamed@.text.unlikely+0x50	0x50	0x24	eh_frame_FDE	0xa0	0x3a0	executable_reference	0x90000001
.local/legacy-firmware/work/extract/stock-rootfs/lib/modules/5.4.55/mtk_pci.ko	c71b2073eeb2498c05c5e42bb5ceaf3df664cff42bf0b0740eb6152458e0857b	.rela.text.unlikely	13	.text.unlikely	0x78	0x78	0xafd8	R_AARCH64_LDST8_ABS_LO12_NC	glb_npu_en_tx	161	1	STT_NOTYPE	SHN_UNDEF	0x0	0x0			unnamed@.text.unlikely+0x50	0x50	0x28	eh_frame_FDE	0xa0	0x3a0	executable_reference	0x39400000
.local/legacy-firmware/work/extract/stock-rootfs/lib/modules/5.4.55/mtk_pci.ko	c71b2073eeb2498c05c5e42bb5ceaf3df664cff42bf0b0740eb6152458e0857b	.rela.text.unlikely	14	.text.unlikely	0x7c	0x7c	0xafdc	R_AARCH64_LDST8_ABS_LO12_NC	glb_npu_en_rx	137	1	STT_NOTYPE	SHN_UNDEF	0x0	0x0			unnamed@.text.unlikely+0x50	0x50	0x2c	eh_frame_FDE	0xa0	0x3a0	executable_reference	0x39400021
.local/legacy-firmware/work/extract/stock-rootfs/lib/modules/5.4.55/mtk_pci.ko	c71b2073eeb2498c05c5e42bb5ceaf3df664cff42bf0b0740eb6152458e0857b	.rela.text.unlikely	15	.text.unlikely	0x90	0x90	0xaff0	R_AARCH64_CALL26	send_rro_stop_msg_2_NPU	52	0	STT_FUNC	.text	0x6370	0x0	send_rro_stop_msg_2_NPU	0x6370	unnamed@.text.unlikely+0x50	0x50	0x40	eh_frame_FDE	0xa0	0x3a0	direct_call_BL	0x94000000
.local/legacy-firmware/work/extract/stock-rootfs/lib/modules/5.4.55/mtk_pci.ko	c71b2073eeb2498c05c5e42bb5ceaf3df664cff42bf0b0740eb6152458e0857b	.rela.text.unlikely	28	.text.unlikely	0x244	0x244	0xb1a4	R_AARCH64_CALL26	get_ecnt_npu_dev	182	1	STT_NOTYPE	SHN_UNDEF	0x0	0x0			unnamed@.text.unlikely+0x224	0x224	0x20	eh_frame_FDE	0x320	0xef0	direct_call_BL	0x94000000
.local/legacy-firmware/work/extract/stock-rootfs/lib/modules/5.4.55/mtk_pci.ko	c71b2073eeb2498c05c5e42bb5ceaf3df664cff42bf0b0740eb6152458e0857b	.rela.text.unlikely	34	.text.unlikely	0x2d4	0x2d4	0xb234	R_AARCH64_CALL26	host_notify_npuMbox	138	1	STT_NOTYPE	SHN_UNDEF	0x0	0x0			unnamed@.text.unlikely+0x224	0x224	0xb0	eh_frame_FDE	0x320	0xef0	direct_call_BL	0x94000000
.local/legacy-firmware/work/extract/stock-rootfs/lib/modules/5.4.55/mtk_pci.ko	c71b2073eeb2498c05c5e42bb5ceaf3df664cff42bf0b0740eb6152458e0857b	.rela.text.unlikely	39	.text.unlikely	0x340	0x340	0xb2a0	R_AARCH64_CALL26	get_ecnt_npu_dev	182	1	STT_NOTYPE	SHN_UNDEF	0x0	0x0			unnamed@.text.unlikely+0x320	0x320	0x20	eh_frame_FDE	0x414	0xfa4	direct_call_BL	0x94000000
.local/legacy-firmware/work/extract/stock-rootfs/lib/modules/5.4.55/mtk_pci.ko	c71b2073eeb2498c05c5e42bb5ceaf3df664cff42bf0b0740eb6152458e0857b	.rela.text.unlikely	45	.text.unlikely	0x3cc	0x3cc	0xb32c	R_AARCH64_CALL26	host_notify_npuMbox	138	1	STT_NOTYPE	SHN_UNDEF	0x0	0x0			unnamed@.text.unlikely+0x320	0x320	0xac	eh_frame_FDE	0x414	0xfa4	direct_call_BL	0x94000000
.local/legacy-firmware/work/extract/stock-rootfs/lib/modules/5.4.55/mtk_pci.ko	c71b2073eeb2498c05c5e42bb5ceaf3df664cff42bf0b0740eb6152458e0857b	.rela.eh_frame	84	.eh_frame	0xfdc	0xfdc	0xec34	R_AARCH64_PREL32		1	0	STT_SECTION	.text	0x0	0x4e80	npu_allowed_ring	0x4e80							data_reference	
.local/legacy-firmware/work/extract/stock-rootfs/lib/modules/5.4.55/mtk_pci.ko	c71b2073eeb2498c05c5e42bb5ceaf3df664cff42bf0b0740eb6152458e0857b	.rela.eh_frame	85	.eh_frame	0xffc	0xffc	0xec54	R_AARCH64_PREL32		1	0	STT_SECTION	.text	0x0	0x4f30	npu_get_pcie_index	0x4f30							data_reference	
.local/legacy-firmware/work/extract/stock-rootfs/lib/modules/5.4.55/mtk_pci.ko	c71b2073eeb2498c05c5e42bb5ceaf3df664cff42bf0b0740eb6152458e0857b	.rela.eh_frame	86	.eh_frame	0x101c	0x101c	0xec74	R_AARCH64_PREL32		1	0	STT_SECTION	.text	0x0	0x5060	npu_band_trans_bit2num	0x5060							data_reference	
.local/legacy-firmware/work/extract/stock-rootfs/lib/modules/5.4.55/mtk_pci.ko	c71b2073eeb2498c05c5e42bb5ceaf3df664cff42bf0b0740eb6152458e0857b	.rela.eh_frame	87	.eh_frame	0x103c	0x103c	0xec94	R_AARCH64_PREL32		1	0	STT_SECTION	.text	0x0	0x50c0	npu_tx_slow_path_test_code_pkt_clone	0x50c0							data_reference	
.local/legacy-firmware/work/extract/stock-rootfs/lib/modules/5.4.55/mtk_pci.ko	c71b2073eeb2498c05c5e42bb5ceaf3df664cff42bf0b0740eb6152458e0857b	.rela.eh_frame	88	.eh_frame	0x1060	0x1060	0xecb8	R_AARCH64_PREL32		1	0	STT_SECTION	.text	0x0	0x50f0	npu_tx_tk_entry_release	0x50f0							data_reference	
.local/legacy-firmware/work/extract/stock-rootfs/lib/modules/5.4.55/mtk_pci.ko	c71b2073eeb2498c05c5e42bb5ceaf3df664cff42bf0b0740eb6152458e0857b	.rela.eh_frame	90	.eh_frame	0x10c0	0x10c0	0xed18	R_AARCH64_PREL32		1	0	STT_SECTION	.text	0x0	0x5230	pci_dma_rx_process_hostadpt	0x5230							data_reference	
.local/legacy-firmware/work/extract/stock-rootfs/lib/modules/5.4.55/mtk_pci.ko	c71b2073eeb2498c05c5e42bb5ceaf3df664cff42bf0b0740eb6152458e0857b	.rela.eh_frame	91	.eh_frame	0x113c	0x113c	0xed94	R_AARCH64_PREL32		1	0	STT_SECTION	.text	0x0	0x5410	pci_dma_rx_poll_hostadpt_ring0	0x5410							data_reference	
.local/legacy-firmware/work/extract/stock-rootfs/lib/modules/5.4.55/mtk_pci.ko	c71b2073eeb2498c05c5e42bb5ceaf3df664cff42bf0b0740eb6152458e0857b	.rela.eh_frame	92	.eh_frame	0x117c	0x117c	0xedd4	R_AARCH64_PREL32		1	0	STT_SECTION	.text	0x0	0x5500	tasklet_schedule_rx_data_done_hostadpt_ring0	0x5500							data_reference	
.local/legacy-firmware/work/extract/stock-rootfs/lib/modules/5.4.55/mtk_pci.ko	c71b2073eeb2498c05c5e42bb5ceaf3df664cff42bf0b0740eb6152458e0857b	.rela.eh_frame	93	.eh_frame	0x11b4	0x11b4	0xee0c	R_AARCH64_PREL32		1	0	STT_SECTION	.text	0x0	0x55c4	tasklet_schedule_rx_data_done_hostadpt_ring1	0x55c4							data_reference	
.local/legacy-firmware/work/extract/stock-rootfs/lib/modules/5.4.55/mtk_pci.ko	c71b2073eeb2498c05c5e42bb5ceaf3df664cff42bf0b0740eb6152458e0857b	.rela.eh_frame	94	.eh_frame	0x11e8	0x11e8	0xee40	R_AARCH64_PREL32		1	0	STT_SECTION	.text	0x0	0x56f0	npu_alloc_for_txp_slow_path_fast_path	0x56f0							data_reference	
.local/legacy-firmware/work/extract/stock-rootfs/lib/modules/5.4.55/mtk_pci.ko	c71b2073eeb2498c05c5e42bb5ceaf3df664cff42bf0b0740eb6152458e0857b	.rela.eh_frame	95	.eh_frame	0x121c	0x121c	0xee74	R_AARCH64_PREL32		1	0	STT_SECTION	.text	0x0	0x5810	npu_pci_dma_init_tx_data_queue	0x5810							data_reference	
.local/legacy-firmware/work/extract/stock-rootfs/lib/modules/5.4.55/mtk_pci.ko	c71b2073eeb2498c05c5e42bb5ceaf3df664cff42bf0b0740eb6152458e0857b	.rela.eh_frame	96	.eh_frame	0x1274	0x1274	0xeecc	R_AARCH64_PREL32		1	0	STT_SECTION	.text	0x0	0x5a50	npu_pci_dma_init_rx_event_queue	0x5a50							data_reference	
.local/legacy-firmware/work/extract/stock-rootfs/lib/modules/5.4.55/mtk_pci.ko	c71b2073eeb2498c05c5e42bb5ceaf3df664cff42bf0b0740eb6152458e0857b	.rela.eh_frame	97	.eh_frame	0x12bc	0x12bc	0xef14	R_AARCH64_PREL32		1	0	STT_SECTION	.text	0x0	0x5d84	npu_pci_dma_init_rx_data_queue	0x5d84							data_reference	
.local/legacy-firmware/work/extract/stock-rootfs/lib/modules/5.4.55/mtk_pci.ko	c71b2073eeb2498c05c5e42bb5ceaf3df664cff42bf0b0740eb6152458e0857b	.rela.eh_frame	98	.eh_frame	0x1314	0x1314	0xef6c	R_AARCH64_PREL32		1	0	STT_SECTION	.text	0x0	0x6250	send_rro_done_msg_2_NPU	0x6250							data_reference	
.local/legacy-firmware/work/extract/stock-rootfs/lib/modules/5.4.55/mtk_pci.ko	c71b2073eeb2498c05c5e42bb5ceaf3df664cff42bf0b0740eb6152458e0857b	.rela.eh_frame	99	.eh_frame	0x134c	0x134c	0xefa4	R_AARCH64_PREL32		1	0	STT_SECTION	.text	0x0	0x6370	send_rro_stop_msg_2_NPU	0x6370							data_reference	
.local/legacy-firmware/work/extract/stock-rootfs/lib/modules/5.4.55/mtk_pci.ko	c71b2073eeb2498c05c5e42bb5ceaf3df664cff42bf0b0740eb6152458e0857b	.rela.eh_frame	100	.eh_frame	0x138c	0x138c	0xefe4	R_AARCH64_PREL32		1	0	STT_SECTION	.text	0x0	0x65e0	npu_hw_init_queue_bus_write	0x65e0							data_reference	
.local/legacy-firmware/work/extract/stock-rootfs/lib/modules/5.4.55/mtk_pci.ko	c71b2073eeb2498c05c5e42bb5ceaf3df664cff42bf0b0740eb6152458e0857b	.rela.eh_frame	101	.eh_frame	0x13e0	0x13e0	0xf038	R_AARCH64_PREL32		1	0	STT_SECTION	.text	0x0	0x67d4	npu_pci_dma_sw_init_device	0x67d4							data_reference	
.local/legacy-firmware/work/extract/stock-rootfs/lib/modules/5.4.55/mtk_pci.ko	c71b2073eeb2498c05c5e42bb5ceaf3df664cff42bf0b0740eb6152458e0857b	.rela.eh_frame	102	.eh_frame	0x1464	0x1464	0xf0bc	R_AARCH64_PREL32		1	0	STT_SECTION	.text	0x0	0x6b70	npu_is_tx_data_ring	0x6b70							data_reference	
.local/legacy-firmware/work/extract/stock-rootfs/lib/modules/5.4.55/mtk_pci.ko	c71b2073eeb2498c05c5e42bb5ceaf3df664cff42bf0b0740eb6152458e0857b	.rela.eh_frame	103	.eh_frame	0x1478	0x1478	0xf0d0	R_AARCH64_PREL32		1	0	STT_SECTION	.text	0x0	0x6bd4	npu_rro_init_ind_cmd_queue	0x6bd4							data_reference	
.local/legacy-firmware/work/extract/stock-rootfs/lib/modules/5.4.55/mtk_pci.ko	c71b2073eeb2498c05c5e42bb5ceaf3df664cff42bf0b0740eb6152458e0857b	.rela.eh_frame	104	.eh_frame	0x14d0	0x14d0	0xf128	R_AARCH64_PREL32		1	0	STT_SECTION	.text	0x0	0x6f64	npu_pci_irq_handler	0x6f64							data_reference	
.local/legacy-firmware/work/extract/stock-rootfs/lib/modules/5.4.55/mtk_pci.ko	c71b2073eeb2498c05c5e42bb5ceaf3df664cff42bf0b0740eb6152458e0857b	.rela.eh_frame	105	.eh_frame	0x1520	0x1520	0xf178	R_AARCH64_PREL32		1	0	STT_SECTION	.text	0x0	0x7104	npu_pci_dma_tx_data_queue	0x7104							data_reference	
.local/legacy-firmware/work/extract/stock-rootfs/lib/modules/5.4.55/mtk_pci.ko	c71b2073eeb2498c05c5e42bb5ceaf3df664cff42bf0b0740eb6152458e0857b	.rela.eh_frame	106	.eh_frame	0x1564	0x1564	0xf1bc	R_AARCH64_PREL32		1	0	STT_SECTION	.text	0x0	0x7350	npu_pci_dma_sw_init_rx_queue	0x7350							data_reference	
.local/legacy-firmware/work/extract/stock-rootfs/lib/modules/5.4.55/mtk_pci.ko	c71b2073eeb2498c05c5e42bb5ceaf3df664cff42bf0b0740eb6152458e0857b	.rela.eh_frame	107	.eh_frame	0x1590	0x1590	0xf1e8	R_AARCH64_PREL32		1	0	STT_SECTION	.text	0x0	0x73d0	npu_assign_trans	0x73d0							data_reference	
.local/legacy-firmware/work/extract/stock-rootfs/lib/modules/5.4.55/mtk_pci.ko	c71b2073eeb2498c05c5e42bb5ceaf3df664cff42bf0b0740eb6152458e0857b	.rela.eh_frame	108	.eh_frame	0x15b8	0x15b8	0xf210	R_AARCH64_PREL32		4	0	STT_SECTION	.text.unlikely	0x0	0x414	npu_unassign_trans	0x414							data_reference	
.local/legacy-firmware/work/extract/stock-rootfs/lib/modules/5.4.55/mtk_pci.ko	c71b2073eeb2498c05c5e42bb5ceaf3df664cff42bf0b0740eb6152458e0857b	.rela.data	58	.data	0x258	0x258	0xf9e0	R_AARCH64_ABS64	npu_rro_init_ind_cmd_queue	71	0	STT_FUNC	.text	0x6bd4	0x0	npu_rro_init_ind_cmd_queue	0x6bd4							data_reference	
.local/legacy-firmware/work/extract/stock-rootfs/lib/modules/5.4.55/npu.ko	fecef1a24531765da1243de773ee7e9bb5b20ff47f1ad3b3736e1f09e9db088e	.rela.text	364	.text	0xa58	0xa58	0xab8	R_AARCH64_CALL26	boot_npu_all_cores	60	1	STT_NOTYPE	SHN_UNDEF	0x0	0x0			boot_all_npu_cores	0xa50	0x8	symbol_size	0xa64		direct_call_BL	0x94000000
.local/legacy-firmware/work/extract/stock-rootfs/lib/modules/5.4.55/npu.ko	fecef1a24531765da1243de773ee7e9bb5b20ff47f1ad3b3736e1f09e9db088e	.rela.text	374	.text	0xaf0	0xaf0	0xb50	R_AARCH64_CALL26	host_dump_npu_csr	29	0	STT_FUNC	.text.unlikely	0x10c	0x0	host_dump_npu_csr	0x10c	unnamed@.text+0xa64	0xa64	0x8c	eh_frame_FDE	0xb28	0x160	direct_call_BL	0x94000000
.local/legacy-firmware/work/extract/stock-rootfs/lib/modules/5.4.55/npu.ko	fecef1a24531765da1243de773ee7e9bb5b20ff47f1ad3b3736e1f09e9db088e	.rela.text	375	.text	0xaf8	0xaf8	0xb58	R_AARCH64_CALL26	host_dump_npu_csr	29	0	STT_FUNC	.text.unlikely	0x10c	0x0	host_dump_npu_csr	0x10c	unnamed@.text+0xa64	0xa64	0x94	eh_frame_FDE	0xb28	0x160	direct_call_BL	0x94000000
.local/legacy-firmware/work/extract/stock-rootfs/lib/modules/5.4.55/npu.ko	fecef1a24531765da1243de773ee7e9bb5b20ff47f1ad3b3736e1f09e9db088e	.rela.text	376	.text	0xb00	0xb00	0xb60	R_AARCH64_CALL26	host_dump_npu_csr	29	0	STT_FUNC	.text.unlikely	0x10c	0x0	host_dump_npu_csr	0x10c	unnamed@.text+0xa64	0xa64	0x9c	eh_frame_FDE	0xb28	0x160	direct_call_BL	0x94000000
.local/legacy-firmware/work/extract/stock-rootfs/lib/modules/5.4.55/npu.ko	fecef1a24531765da1243de773ee7e9bb5b20ff47f1ad3b3736e1f09e9db088e	.rela.text	377	.text	0xb08	0xb08	0xb68	R_AARCH64_CALL26	host_dump_npu_csr	29	0	STT_FUNC	.text.unlikely	0x10c	0x0	host_dump_npu_csr	0x10c	unnamed@.text+0xa64	0xa64	0xa4	eh_frame_FDE	0xb28	0x160	direct_call_BL	0x94000000
.local/legacy-firmware/work/extract/stock-rootfs/lib/modules/5.4.55/npu.ko	fecef1a24531765da1243de773ee7e9bb5b20ff47f1ad3b3736e1f09e9db088e	.rela.text	381	.text	0xb20	0xb20	0xb80	R_AARCH64_CALL26	host_dump_npu_csr	29	0	STT_FUNC	.text.unlikely	0x10c	0x0	host_dump_npu_csr	0x10c	unnamed@.text+0xa64	0xa64	0xbc	eh_frame_FDE	0xb28	0x160	direct_call_BL	0x94000000
.local/legacy-firmware/work/extract/stock-rootfs/lib/modules/5.4.55/npu.ko	fecef1a24531765da1243de773ee7e9bb5b20ff47f1ad3b3736e1f09e9db088e	.rela.text	384	.text	0xb74	0xb74	0xbd4	R_AARCH64_CALL26	get_ecnt_npu_dev	66	1	STT_NOTYPE	SHN_UNDEF	0x0	0x0			npu_wifi_offload_get_dbg_counter_address	0xb30	0x44	symbol_size	0xd88		direct_call_BL	0x94000000
.local/legacy-firmware/work/extract/stock-rootfs/lib/modules/5.4.55/npu.ko	fecef1a24531765da1243de773ee7e9bb5b20ff47f1ad3b3736e1f09e9db088e	.rela.text	387	.text	0xbec	0xbec	0xc4c	R_AARCH64_CALL26	host_notify_npuMbox	49	1	STT_NOTYPE	SHN_UNDEF	0x0	0x0			npu_wifi_offload_get_dbg_counter_address	0xb30	0xbc	symbol_size	0xd88		direct_call_BL	0x94000000
.local/legacy-firmware/work/extract/stock-rootfs/lib/modules/5.4.55/npu.ko	fecef1a24531765da1243de773ee7e9bb5b20ff47f1ad3b3736e1f09e9db088e	.rela.text	433	.text	0xdc0	0xdc0	0xe20	R_AARCH64_CALL26	npu_wifi_offload_get_dbg_counter_address	35	0	STT_FUNC	.text	0xb30	0x0	npu_wifi_offload_get_dbg_counter_address	0xb30	print_npu_wifi_offload_dbg_counter	0xd90	0x30	symbol_size	0xdd8		direct_call_BL	0x94000000
.local/legacy-firmware/work/extract/stock-rootfs/lib/modules/5.4.55/npu.ko	fecef1a24531765da1243de773ee7e9bb5b20ff47f1ad3b3736e1f09e9db088e	.rela.text	445	.text	0xe6c	0xe6c	0xecc	R_AARCH64_CALL26	print_npu_wifi_offload_dbg_counter	27	0	STT_FUNC	.text	0xd90	0x0	print_npu_wifi_offload_dbg_counter	0xd90	unnamed@.text+0xde0	0xde0	0x8c	eh_frame_FDE	0xeb8	0x1f8	direct_call_BL	0x94000000
.local/legacy-firmware/work/extract/stock-rootfs/lib/modules/5.4.55/npu.ko	fecef1a24531765da1243de773ee7e9bb5b20ff47f1ad3b3736e1f09e9db088e	.rela.text	452	.text	0xf04	0xf04	0xf64	R_AARCH64_CALL26	npu_wifi_offload_get_dbg_counter_address	35	0	STT_FUNC	.text	0xb30	0x0	npu_wifi_offload_get_dbg_counter_address	0xb30	print_npu_wifi_offload_tx_dbg_counter	0xec0	0x44	symbol_size	0x1024		direct_call_BL	0x94000000
.local/legacy-firmware/work/extract/stock-rootfs/lib/modules/5.4.55/npu.ko	fecef1a24531765da1243de773ee7e9bb5b20ff47f1ad3b3736e1f09e9db088e	.rela.text	514	.text	0x10b0	0x10b0	0x1110	R_AARCH64_CALL26	print_npu_wifi_offload_tx_dbg_counter	31	0	STT_FUNC	.text	0xec0	0x0	print_npu_wifi_offload_tx_dbg_counter	0xec0	unnamed@.text+0x1024	0x1024	0x8c	eh_frame_FDE	0x10fc	0x250	direct_call_BL	0x94000000
.local/legacy-firmware/work/extract/stock-rootfs/lib/modules/5.4.55/npu.ko	fecef1a24531765da1243de773ee7e9bb5b20ff47f1ad3b3736e1f09e9db088e	.rela.text	529	.text	0x11bc	0x11bc	0x121c	R_AARCH64_CALL26	set_npu_wifi_offload_eagle_rro_debug	23	0	STT_FUNC	.text.unlikely	0x1c0	0x0	set_npu_wifi_offload_eagle_rro_debug	0x1c0	unnamed@.text+0x1100	0x1100	0xbc	eh_frame_FDE	0x11c4	0x29c	direct_call_BL	0x94000000
.local/legacy-firmware/work/extract/stock-rootfs/lib/modules/5.4.55/npu.ko	fecef1a24531765da1243de773ee7e9bb5b20ff47f1ad3b3736e1f09e9db088e	.rela.text	530	.text	0x11cc	0x11cc	0x122c	R_AARCH64_CALL26	test_ram_b4_npu_load	61	1	STT_NOTYPE	SHN_UNDEF	0x0	0x0			init_module	0x11c4	0x8	symbol_size	0x14f0		direct_call_BL	0x94000000
.local/legacy-firmware/work/extract/stock-rootfs/lib/modules/5.4.55/npu.ko	fecef1a24531765da1243de773ee7e9bb5b20ff47f1ad3b3736e1f09e9db088e	.rela.text	539	.text	0x121c	0x121c	0x127c	R_AARCH64_CALL26	set_npu_needed_info	48	1	STT_NOTYPE	SHN_UNDEF	0x0	0x0			init_module	0x11c4	0x58	symbol_size	0x14f0		direct_call_BL	0x94000000
.local/legacy-firmware/work/extract/stock-rootfs/lib/modules/5.4.55/npu.ko	fecef1a24531765da1243de773ee7e9bb5b20ff47f1ad3b3736e1f09e9db088e	.rela.text	540	.text	0x1220	0x1220	0x1280	R_AARCH64_CALL26	boot_npu_all_cores	60	1	STT_NOTYPE	SHN_UNDEF	0x0	0x0			init_module	0x11c4	0x5c	symbol_size	0x14f0		direct_call_BL	0x94000000
.local/legacy-firmware/work/extract/stock-rootfs/lib/modules/5.4.55/npu.ko	fecef1a24531765da1243de773ee7e9bb5b20ff47f1ad3b3736e1f09e9db088e	.rela.text	561	.text	0x12a8	0x12a8	0x1308	R_AARCH64_CALL26	npu_wifi_offload_get_pkt_buf_addr	65	1	STT_NOTYPE	SHN_UNDEF	0x0	0x0			init_module	0x11c4	0xe4	symbol_size	0x14f0		direct_call_BL	0x94000000
.local/legacy-firmware/work/extract/stock-rootfs/lib/modules/5.4.55/npu.ko	fecef1a24531765da1243de773ee7e9bb5b20ff47f1ad3b3736e1f09e9db088e	.rela.text	562	.text	0x12b4	0x12b4	0x1314	R_AARCH64_CALL26	get_ecnt_npu_dev	66	1	STT_NOTYPE	SHN_UNDEF	0x0	0x0			init_module	0x11c4	0xf0	symbol_size	0x14f0		direct_call_BL	0x94000000
.local/legacy-firmware/work/extract/stock-rootfs/lib/modules/5.4.55/npu.ko	fecef1a24531765da1243de773ee7e9bb5b20ff47f1ad3b3736e1f09e9db088e	.rela.text	565	.text	0x1334	0x1334	0x1394	R_AARCH64_CALL26	host_notify_npuMbox	49	1	STT_NOTYPE	SHN_UNDEF	0x0	0x0			init_module	0x11c4	0x170	symbol_size	0x14f0		direct_call_BL	0x94000000
.local/legacy-firmware/work/extract/stock-rootfs/lib/modules/5.4.55/npu.ko	fecef1a24531765da1243de773ee7e9bb5b20ff47f1ad3b3736e1f09e9db088e	.rela.text	567	.text	0x1360	0x1360	0x13c0	R_AARCH64_ADR_PREL_PG_HI21	npu_stat	56	1	STT_NOTYPE	SHN_UNDEF	0x0	0x0			init_module	0x11c4	0x19c	symbol_size	0x14f0		executable_reference	0x90000000
.local/legacy-firmware/work/extract/stock-rootfs/lib/modules/5.4.55/npu.ko	fecef1a24531765da1243de773ee7e9bb5b20ff47f1ad3b3736e1f09e9db088e	.rela.text	568	.text	0x1364	0x1364	0x13c4	R_AARCH64_LDST8_ABS_LO12_NC	npu_stat	56	1	STT_NOTYPE	SHN_UNDEF	0x0	0x0			init_module	0x11c4	0x1a0	symbol_size	0x14f0		executable_reference	0x39000001
.local/legacy-firmware/work/extract/stock-rootfs/lib/modules/5.4.55/npu.ko	fecef1a24531765da1243de773ee7e9bb5b20ff47f1ad3b3736e1f09e9db088e	.rela.text	569	.text	0x1368	0x1368	0x13c8	R_AARCH64_CALL26	npu_wifi_offload_get_tx_pkt_buf_addr	43	1	STT_NOTYPE	SHN_UNDEF	0x0	0x0			init_module	0x11c4	0x1a4	symbol_size	0x14f0		direct_call_BL	0x94000000
.local/legacy-firmware/work/extract/stock-rootfs/lib/modules/5.4.55/npu.ko	fecef1a24531765da1243de773ee7e9bb5b20ff47f1ad3b3736e1f09e9db088e	.rela.text	570	.text	0x1374	0x1374	0x13d4	R_AARCH64_CALL26	get_ecnt_npu_dev	66	1	STT_NOTYPE	SHN_UNDEF	0x0	0x0			init_module	0x11c4	0x1b0	symbol_size	0x14f0		direct_call_BL	0x94000000
.local/legacy-firmware/work/extract/stock-rootfs/lib/modules/5.4.55/npu.ko	fecef1a24531765da1243de773ee7e9bb5b20ff47f1ad3b3736e1f09e9db088e	.rela.text	573	.text	0x13f4	0x13f4	0x1454	R_AARCH64_CALL26	host_notify_npuMbox	49	1	STT_NOTYPE	SHN_UNDEF	0x0	0x0			init_module	0x11c4	0x230	symbol_size	0x14f0		direct_call_BL	0x94000000
.local/legacy-firmware/work/extract/stock-rootfs/lib/modules/5.4.55/npu.ko	fecef1a24531765da1243de773ee7e9bb5b20ff47f1ad3b3736e1f09e9db088e	.rela.text	575	.text	0x141c	0x141c	0x147c	R_AARCH64_CALL26	npu_wifi_offload_get_force_to_cpu_flag	64	1	STT_NOTYPE	SHN_UNDEF	0x0	0x0			init_module	0x11c4	0x258	symbol_size	0x14f0		direct_call_BL	0x94000000
.local/legacy-firmware/work/extract/stock-rootfs/lib/modules/5.4.55/npu.ko	fecef1a24531765da1243de773ee7e9bb5b20ff47f1ad3b3736e1f09e9db088e	.rela.text.unlikely	3	.text.unlikely	0x28	0x28	0x15a4	R_AARCH64_CALL26	get_ecnt_npu_dev	66	1	STT_NOTYPE	SHN_UNDEF	0x0	0x0			unnamed@.text.unlikely+0x0	0x0	0x28	eh_frame_FDE	0x10c	0x28	direct_call_BL	0x94000000
.local/legacy-firmware/work/extract/stock-rootfs/lib/modules/5.4.55/npu.ko	fecef1a24531765da1243de773ee7e9bb5b20ff47f1ad3b3736e1f09e9db088e	.rela.text.unlikely	9	.text.unlikely	0xbc	0xbc	0x1638	R_AARCH64_CALL26	host_notify_npuMbox	49	1	STT_NOTYPE	SHN_UNDEF	0x0	0x0			unnamed@.text.unlikely+0x0	0x0	0xbc	eh_frame_FDE	0x10c	0x28	direct_call_BL	0x94000000
.local/legacy-firmware/work/extract/stock-rootfs/lib/modules/5.4.55/npu.ko	fecef1a24531765da1243de773ee7e9bb5b20ff47f1ad3b3736e1f09e9db088e	.rela.text.unlikely	23	.text.unlikely	0x180	0x180	0x16fc	R_AARCH64_CALL26	get_npu_dbg_csr	59	1	STT_NOTYPE	SHN_UNDEF	0x0	0x0			host_dump_npu_csr	0x10c	0x74	symbol_size	0x1c0		direct_call_BL	0x94000000
.local/legacy-firmware/work/extract/stock-rootfs/lib/modules/5.4.55/npu.ko	fecef1a24531765da1243de773ee7e9bb5b20ff47f1ad3b3736e1f09e9db088e	.rela.exit.text	5	.exit.text	0x20	0x20	0x1770	R_AARCH64_ADR_PREL_PG_HI21	npu_stat	56	1	STT_NOTYPE	SHN_UNDEF	0x0	0x0			cleanup_module	0x0	0x20	symbol_size	0x70		executable_reference	0x90000002
.local/legacy-firmware/work/extract/stock-rootfs/lib/modules/5.4.55/npu.ko	fecef1a24531765da1243de773ee7e9bb5b20ff47f1ad3b3736e1f09e9db088e	.rela.exit.text	8	.exit.text	0x30	0x30	0x1780	R_AARCH64_LDST8_ABS_LO12_NC	npu_stat	56	1	STT_NOTYPE	SHN_UNDEF	0x0	0x0			cleanup_module	0x0	0x30	symbol_size	0x70		executable_reference	0x3900005f
.local/legacy-firmware/work/extract/stock-rootfs/lib/modules/5.4.55/npu.ko	fecef1a24531765da1243de773ee7e9bb5b20ff47f1ad3b3736e1f09e9db088e	.rela.eh_frame	6	.eh_frame	0x118	0x118	0x2db0	R_AARCH64_PREL32		1	0	STT_SECTION	.text	0x0	0xa50	boot_all_npu_cores	0xa50							data_reference	
.local/legacy-firmware/work/extract/stock-rootfs/lib/modules/5.4.55/npu.ko	fecef1a24531765da1243de773ee7e9bb5b20ff47f1ad3b3736e1f09e9db088e	.rela.eh_frame	7	.eh_frame	0x138	0x138	0x2dd0	R_AARCH64_PREL32		2	0	STT_SECTION	.text.unlikely	0x0	0x10c	host_dump_npu_csr	0x10c							data_reference	
.local/legacy-firmware/work/extract/stock-rootfs/lib/modules/5.4.55/npu.ko	fecef1a24531765da1243de773ee7e9bb5b20ff47f1ad3b3736e1f09e9db088e	.rela.eh_frame	9	.eh_frame	0x190	0x190	0x2e28	R_AARCH64_PREL32		1	0	STT_SECTION	.text	0x0	0xb30	npu_wifi_offload_get_dbg_counter_address	0xb30							data_reference	
.local/legacy-firmware/work/extract/stock-rootfs/lib/modules/5.4.55/npu.ko	fecef1a24531765da1243de773ee7e9bb5b20ff47f1ad3b3736e1f09e9db088e	.rela.eh_frame	10	.eh_frame	0x1d4	0x1d4	0x2e6c	R_AARCH64_PREL32		1	0	STT_SECTION	.text	0x0	0xd90	print_npu_wifi_offload_dbg_counter	0xd90							data_reference	
.local/legacy-firmware/work/extract/stock-rootfs/lib/modules/5.4.55/npu.ko	fecef1a24531765da1243de773ee7e9bb5b20ff47f1ad3b3736e1f09e9db088e	.rela.eh_frame	12	.eh_frame	0x22c	0x22c	0x2ec4	R_AARCH64_PREL32		1	0	STT_SECTION	.text	0x0	0xec0	print_npu_wifi_offload_tx_dbg_counter	0xec0							data_reference	
.local/legacy-firmware/work/extract/stock-rootfs/lib/modules/5.4.55/npu.ko	fecef1a24531765da1243de773ee7e9bb5b20ff47f1ad3b3736e1f09e9db088e	.rela.eh_frame	14	.eh_frame	0x284	0x284	0x2f1c	R_AARCH64_PREL32		2	0	STT_SECTION	.text.unlikely	0x0	0x1c0	set_npu_wifi_offload_eagle_rro_debug	0x1c0							data_reference	
.local/legacy-firmware/work/extract/stock-rootfs/lib/modules/5.4.55/phy_10g.ko	142639c5e92e176bd35ba9894ba740ff5a5403b3cec39a229e88726a6513ed78	.rela.text	58	.text	0x1640	0x1640	0x1698	R_AARCH64_CALL26	en7581_phy_reset_counter	269	0	STT_FUNC	.text	0xf9e0	0x0	en7581_phy_reset_counter	0xf9e0	phy_reset_counter	0x1634	0xc	symbol_size	0x1654		direct_call_BL	0x94000000
.local/legacy-firmware/work/extract/stock-rootfs/lib/modules/5.4.55/phy_10g.ko	142639c5e92e176bd35ba9894ba740ff5a5403b3cec39a229e88726a6513ed78	.rela.text	517	.text	0x2e38	0x2e38	0x2e90	R_AARCH64_CALL26	xPON_Phy_Reset	104	0	STT_FUNC	.text	0xbec4	0x0	xPON_Phy_Reset	0xbec4	unnamed@.text+0x1f78	0x1f78	0xec0	eh_frame_FDE	0x51fc	0x93c	direct_call_BL	0x94000000
.local/legacy-firmware/work/extract/stock-rootfs/lib/modules/5.4.55/phy_10g.ko	142639c5e92e176bd35ba9894ba740ff5a5403b3cec39a229e88726a6513ed78	.rela.text	524	.text	0x2e8c	0x2e8c	0x2ee4	R_AARCH64_CALL26	pma_reg_reset	72	0	STT_FUNC	.text	0x22e50	0x0	pma_reg_reset	0x22e50	unnamed@.text+0x1f78	0x1f78	0xf14	eh_frame_FDE	0x51fc	0x93c	direct_call_BL	0x94000000
.local/legacy-firmware/work/extract/stock-rootfs/lib/modules/5.4.55/phy_10g.ko	142639c5e92e176bd35ba9894ba740ff5a5403b3cec39a229e88726a6513ed78	.rela.text	531	.text	0x2ed4	0x2ed4	0x2f2c	R_AARCH64_CALL26	pma_reg_reset	72	0	STT_FUNC	.text	0x22e50	0x0	pma_reg_reset	0x22e50	unnamed@.text+0x1f78	0x1f78	0xf5c	eh_frame_FDE	0x51fc	0x93c	direct_call_BL	0x94000000
.local/legacy-firmware/work/extract/stock-rootfs/lib/modules/5.4.55/phy_10g.ko	142639c5e92e176bd35ba9894ba740ff5a5403b3cec39a229e88726a6513ed78	.rela.text	566	.text	0x3030	0x3030	0x3088	R_AARCH64_CALL26	fiber_plug_reset	250	0	STT_FUNC	.text	0x23410	0x0	fiber_plug_reset	0x23410	unnamed@.text+0x1f78	0x1f78	0x10b8	eh_frame_FDE	0x51fc	0x93c	direct_call_BL	0x94000000
.local/legacy-firmware/work/extract/stock-rootfs/lib/modules/5.4.55/phy_10g.ko	142639c5e92e176bd35ba9894ba740ff5a5403b3cec39a229e88726a6513ed78	.rela.text	575	.text	0x3070	0x3070	0x30c8	R_AARCH64_CALL26	fiber_plug_reset	250	0	STT_FUNC	.text	0x23410	0x0	fiber_plug_reset	0x23410	unnamed@.text+0x1f78	0x1f78	0x10f8	eh_frame_FDE	0x51fc	0x93c	direct_call_BL	0x94000000
.local/legacy-firmware/work/extract/stock-rootfs/lib/modules/5.4.55/phy_10g.ko	142639c5e92e176bd35ba9894ba740ff5a5403b3cec39a229e88726a6513ed78	.rela.text	632	.text	0x3280	0x3280	0x32d8	R_AARCH64_CALL26	xPON_Phy_Reset	104	0	STT_FUNC	.text	0xbec4	0x0	xPON_Phy_Reset	0xbec4	unnamed@.text+0x1f78	0x1f78	0x1308	eh_frame_FDE	0x51fc	0x93c	direct_call_BL	0x94000000
.local/legacy-firmware/work/extract/stock-rootfs/lib/modules/5.4.55/phy_10g.ko	142639c5e92e176bd35ba9894ba740ff5a5403b3cec39a229e88726a6513ed78	.rela.text	696	.text	0x3474	0x3474	0x34cc	R_AARCH64_CALL26	phy_pma_reset	175	0	STT_FUNC	.text	0xc028	0x0	phy_pma_reset	0xc028	unnamed@.text+0x1f78	0x1f78	0x14fc	eh_frame_FDE	0x51fc	0x93c	direct_call_BL	0x94000000
.local/legacy-firmware/work/extract/stock-rootfs/lib/modules/5.4.55/phy_10g.ko	142639c5e92e176bd35ba9894ba740ff5a5403b3cec39a229e88726a6513ed78	.rela.text	706	.text	0x34d4	0x34d4	0x352c	R_AARCH64_CALL26	fiber_plug_reset	250	0	STT_FUNC	.text	0x23410	0x0	fiber_plug_reset	0x23410	unnamed@.text+0x1f78	0x1f78	0x155c	eh_frame_FDE	0x51fc	0x93c	direct_call_BL	0x94000000
.local/legacy-firmware/work/extract/stock-rootfs/lib/modules/5.4.55/phy_10g.ko	142639c5e92e176bd35ba9894ba740ff5a5403b3cec39a229e88726a6513ed78	.rela.text	716	.text	0x3534	0x3534	0x358c	R_AARCH64_CALL26	fiber_plug_reset	250	0	STT_FUNC	.text	0x23410	0x0	fiber_plug_reset	0x23410	unnamed@.text+0x1f78	0x1f78	0x15bc	eh_frame_FDE	0x51fc	0x93c	direct_call_BL	0x94000000
.local/legacy-firmware/work/extract/stock-rootfs/lib/modules/5.4.55/phy_10g.ko	142639c5e92e176bd35ba9894ba740ff5a5403b3cec39a229e88726a6513ed78	.rela.text	722	.text	0x3570	0x3570	0x35c8	R_AARCH64_CALL26	fiber_plug_reset	250	0	STT_FUNC	.text	0x23410	0x0	fiber_plug_reset	0x23410	unnamed@.text+0x1f78	0x1f78	0x15f8	eh_frame_FDE	0x51fc	0x93c	direct_call_BL	0x94000000
.local/legacy-firmware/work/extract/stock-rootfs/lib/modules/5.4.55/phy_10g.ko	142639c5e92e176bd35ba9894ba740ff5a5403b3cec39a229e88726a6513ed78	.rela.text	729	.text	0x35bc	0x35bc	0x3614	R_AARCH64_CALL26	phy_pcs_fpgaif_reset	268	0	STT_FUNC	.text	0xc100	0x0	phy_pcs_fpgaif_reset	0xc100	unnamed@.text+0x1f78	0x1f78	0x1644	eh_frame_FDE	0x51fc	0x93c	direct_call_BL	0x94000000
.local/legacy-firmware/work/extract/stock-rootfs/lib/modules/5.4.55/phy_10g.ko	142639c5e92e176bd35ba9894ba740ff5a5403b3cec39a229e88726a6513ed78	.rela.text	733	.text	0x35e0	0x35e0	0x3638	R_AARCH64_CALL26	phy_pcs_reset	88	0	STT_FUNC	.text	0xc11c	0x0	phy_pcs_reset	0xc11c	unnamed@.text+0x1f78	0x1f78	0x1668	eh_frame_FDE	0x51fc	0x93c	direct_call_BL	0x94000000
.local/legacy-firmware/work/extract/stock-rootfs/lib/modules/5.4.55/phy_10g.ko	142639c5e92e176bd35ba9894ba740ff5a5403b3cec39a229e88726a6513ed78	.rela.text	990	.text	0x4138	0x4138	0x4190	R_AARCH64_CALL26	phy_reset_counter	252	0	STT_FUNC	.text	0x1634	0x0	phy_reset_counter	0x1634	unnamed@.text+0x1f78	0x1f78	0x21c0	eh_frame_FDE	0x51fc	0x93c	direct_call_BL	0x94000000
.local/legacy-firmware/work/extract/stock-rootfs/lib/modules/5.4.55/phy_10g.ko	142639c5e92e176bd35ba9894ba740ff5a5403b3cec39a229e88726a6513ed78	.rela.text	1036	.text	0x4430	0x4430	0x4488	R_AARCH64_CALL26	phy_pma_reset	175	0	STT_FUNC	.text	0xc028	0x0	phy_pma_reset	0xc028	unnamed@.text+0x1f78	0x1f78	0x24b8	eh_frame_FDE	0x51fc	0x93c	direct_call_BL	0x94000000
.local/legacy-firmware/work/extract/stock-rootfs/lib/modules/5.4.55/phy_10g.ko	142639c5e92e176bd35ba9894ba740ff5a5403b3cec39a229e88726a6513ed78	.rela.text	1039	.text	0x444c	0x444c	0x44a4	R_AARCH64_CALL26	fiber_plug_reset	250	0	STT_FUNC	.text	0x23410	0x0	fiber_plug_reset	0x23410	unnamed@.text+0x1f78	0x1f78	0x24d4	eh_frame_FDE	0x51fc	0x93c	direct_call_BL	0x94000000
.local/legacy-firmware/work/extract/stock-rootfs/lib/modules/5.4.55/phy_10g.ko	142639c5e92e176bd35ba9894ba740ff5a5403b3cec39a229e88726a6513ed78	.rela.text	1113	.text	0x48e4	0x48e4	0x493c	R_AARCH64_CALL26	phy_pma_reset	175	0	STT_FUNC	.text	0xc028	0x0	phy_pma_reset	0xc028	unnamed@.text+0x1f78	0x1f78	0x296c	eh_frame_FDE	0x51fc	0x93c	direct_call_BL	0x94000000
.local/legacy-firmware/work/extract/stock-rootfs/lib/modules/5.4.55/phy_10g.ko	142639c5e92e176bd35ba9894ba740ff5a5403b3cec39a229e88726a6513ed78	.rela.text	1417	.text	0x566c	0x566c	0x56c4	R_AARCH64_CALL26	phy_pma_reset	175	0	STT_FUNC	.text	0xc028	0x0	phy_pma_reset	0xc028	phy_isr	0x5530	0x13c	symbol_size	0x5770		direct_call_BL	0x94000000
.local/legacy-firmware/work/extract/stock-rootfs/lib/modules/5.4.55/phy_10g.ko	142639c5e92e176bd35ba9894ba740ff5a5403b3cec39a229e88726a6513ed78	.rela.text	3843	.text	0xcbac	0xcbac	0xcc04	R_AARCH64_CALL26	phy_reset_counter	252	0	STT_FUNC	.text	0x1634	0x0	phy_reset_counter	0x1634	pon_phy_mod_init	0xc92c	0x280	symbol_size	0xcc64		direct_call_BL	0x94000000
.local/legacy-firmware/work/extract/stock-rootfs/lib/modules/5.4.55/phy_10g.ko	142639c5e92e176bd35ba9894ba740ff5a5403b3cec39a229e88726a6513ed78	.rela.text	4746	.text	0x100c0	0x100c0	0x10118	R_AARCH64_CALL26	fiber_plug_reset	250	0	STT_FUNC	.text	0x23410	0x0	fiber_plug_reset	0x23410	en7581_disable_pcs_tdc	0xffc4	0xfc	symbol_size	0x1028c		direct_call_BL	0x94000000
.local/legacy-firmware/work/extract/stock-rootfs/lib/modules/5.4.55/phy_10g.ko	142639c5e92e176bd35ba9894ba740ff5a5403b3cec39a229e88726a6513ed78	.rela.text	4751	.text	0x1010c	0x1010c	0x10164	R_AARCH64_CALL26	fiber_plug_reset	250	0	STT_FUNC	.text	0x23410	0x0	fiber_plug_reset	0x23410	en7581_disable_pcs_tdc	0xffc4	0x148	symbol_size	0x1028c		direct_call_BL	0x94000000
.local/legacy-firmware/work/extract/stock-rootfs/lib/modules/5.4.55/phy_10g.ko	142639c5e92e176bd35ba9894ba740ff5a5403b3cec39a229e88726a6513ed78	.rela.text	4756	.text	0x10158	0x10158	0x101b0	R_AARCH64_CALL26	fiber_plug_reset	250	0	STT_FUNC	.text	0x23410	0x0	fiber_plug_reset	0x23410	en7581_disable_pcs_tdc	0xffc4	0x194	symbol_size	0x1028c		direct_call_BL	0x94000000
.local/legacy-firmware/work/extract/stock-rootfs/lib/modules/5.4.55/phy_10g.ko	142639c5e92e176bd35ba9894ba740ff5a5403b3cec39a229e88726a6513ed78	.rela.text	4761	.text	0x101a4	0x101a4	0x101fc	R_AARCH64_CALL26	fiber_plug_reset	250	0	STT_FUNC	.text	0x23410	0x0	fiber_plug_reset	0x23410	en7581_disable_pcs_tdc	0xffc4	0x1e0	symbol_size	0x1028c		direct_call_BL	0x94000000
.local/legacy-firmware/work/extract/stock-rootfs/lib/modules/5.4.55/phy_10g.ko	142639c5e92e176bd35ba9894ba740ff5a5403b3cec39a229e88726a6513ed78	.rela.text	4772	.text	0x10214	0x10214	0x1026c	R_AARCH64_CALL26	fiber_plug_reset	250	0	STT_FUNC	.text	0x23410	0x0	fiber_plug_reset	0x23410	en7581_disable_pcs_tdc	0xffc4	0x250	symbol_size	0x1028c		direct_call_BL	0x94000000
.local/legacy-firmware/work/extract/stock-rootfs/lib/modules/5.4.55/phy_10g.ko	142639c5e92e176bd35ba9894ba740ff5a5403b3cec39a229e88726a6513ed78	.rela.text	4932	.text	0x10ed4	0x10ed4	0x10f2c	R_AARCH64_CALL26	fiber_plug_reset	250	0	STT_FUNC	.text	0x23410	0x0	fiber_plug_reset	0x23410	en7581_gepon_phy_set_api_dispatch	0x10dbc	0x118	symbol_size	0x12918		direct_call_BL	0x94000000
.local/legacy-firmware/work/extract/stock-rootfs/lib/modules/5.4.55/phy_10g.ko	142639c5e92e176bd35ba9894ba740ff5a5403b3cec39a229e88726a6513ed78	.rela.text	4939	.text	0x10f14	0x10f14	0x10f6c	R_AARCH64_CALL26	fiber_plug_reset	250	0	STT_FUNC	.text	0x23410	0x0	fiber_plug_reset	0x23410	en7581_gepon_phy_set_api_dispatch	0x10dbc	0x158	symbol_size	0x12918		direct_call_BL	0x94000000
.local/legacy-firmware/work/extract/stock-rootfs/lib/modules/5.4.55/phy_10g.ko	142639c5e92e176bd35ba9894ba740ff5a5403b3cec39a229e88726a6513ed78	.rela.text	4973	.text	0x112fc	0x112fc	0x11354	R_AARCH64_CALL26	fiber_plug_reset	250	0	STT_FUNC	.text	0x23410	0x0	fiber_plug_reset	0x23410	en7581_gepon_phy_set_api_dispatch	0x10dbc	0x540	symbol_size	0x12918		direct_call_BL	0x94000000
.local/legacy-firmware/work/extract/stock-rootfs/lib/modules/5.4.55/phy_10g.ko	142639c5e92e176bd35ba9894ba740ff5a5403b3cec39a229e88726a6513ed78	.rela.text	4980	.text	0x1133c	0x1133c	0x11394	R_AARCH64_CALL26	fiber_plug_reset	250	0	STT_FUNC	.text	0x23410	0x0	fiber_plug_reset	0x23410	en7581_gepon_phy_set_api_dispatch	0x10dbc	0x580	symbol_size	0x12918		direct_call_BL	0x94000000
.local/legacy-firmware/work/extract/stock-rootfs/lib/modules/5.4.55/phy_10g.ko	142639c5e92e176bd35ba9894ba740ff5a5403b3cec39a229e88726a6513ed78	.rela.text	5125	.text	0x11b78	0x11b78	0x11bd0	R_AARCH64_CALL26	xPON_Phy_Reset	104	0	STT_FUNC	.text	0xbec4	0x0	xPON_Phy_Reset	0xbec4	en7581_gepon_phy_set_api_dispatch	0x10dbc	0xdbc	symbol_size	0x12918		direct_call_BL	0x94000000
.local/legacy-firmware/work/extract/stock-rootfs/lib/modules/5.4.55/phy_10g.ko	142639c5e92e176bd35ba9894ba740ff5a5403b3cec39a229e88726a6513ed78	.rela.text	5380	.text	0x12b88	0x12b88	0x12be0	R_AARCH64_CALL26	fiber_plug_reset	250	0	STT_FUNC	.text	0x23410	0x0	fiber_plug_reset	0x23410	en7581_gepon_phy_isr	0x12918	0x270	symbol_size	0x131ec		direct_call_BL	0x94000000
.local/legacy-firmware/work/extract/stock-rootfs/lib/modules/5.4.55/phy_10g.ko	142639c5e92e176bd35ba9894ba740ff5a5403b3cec39a229e88726a6513ed78	.rela.text	5412	.text	0x12c90	0x12c90	0x12ce8	R_AARCH64_CALL26	fiber_plug_reset	250	0	STT_FUNC	.text	0x23410	0x0	fiber_plug_reset	0x23410	en7581_gepon_phy_isr	0x12918	0x378	symbol_size	0x131ec		direct_call_BL	0x94000000
.local/legacy-firmware/work/extract/stock-rootfs/lib/modules/5.4.55/phy_10g.ko	142639c5e92e176bd35ba9894ba740ff5a5403b3cec39a229e88726a6513ed78	.rela.text	5466	.text	0x12e64	0x12e64	0x12ebc	R_AARCH64_CALL26	fiber_plug_reset	250	0	STT_FUNC	.text	0x23410	0x0	fiber_plug_reset	0x23410	en7581_gepon_phy_isr	0x12918	0x54c	symbol_size	0x131ec		direct_call_BL	0x94000000
.local/legacy-firmware/work/extract/stock-rootfs/lib/modules/5.4.55/phy_10g.ko	142639c5e92e176bd35ba9894ba740ff5a5403b3cec39a229e88726a6513ed78	.rela.text	5490	.text	0x12f28	0x12f28	0x12f80	R_AARCH64_CALL26	phy_pma_reset	175	0	STT_FUNC	.text	0xc028	0x0	phy_pma_reset	0xc028	en7581_gepon_phy_isr	0x12918	0x610	symbol_size	0x131ec		direct_call_BL	0x94000000
.local/legacy-firmware/work/extract/stock-rootfs/lib/modules/5.4.55/phy_10g.ko	142639c5e92e176bd35ba9894ba740ff5a5403b3cec39a229e88726a6513ed78	.rela.text	5615	.text	0x134b4	0x134b4	0x1350c	R_AARCH64_CALL26	fiber_plug_reset	250	0	STT_FUNC	.text	0x23410	0x0	fiber_plug_reset	0x23410	en7581_gepon_phy_event_poll	0x131ec	0x2c8	symbol_size	0x13804		direct_call_BL	0x94000000
.local/legacy-firmware/work/extract/stock-rootfs/lib/modules/5.4.55/phy_10g.ko	142639c5e92e176bd35ba9894ba740ff5a5403b3cec39a229e88726a6513ed78	.rela.text	5624	.text	0x134f0	0x134f0	0x13548	R_AARCH64_CALL26	phy_pma_reset	175	0	STT_FUNC	.text	0xc028	0x0	phy_pma_reset	0xc028	en7581_gepon_phy_event_poll	0x131ec	0x304	symbol_size	0x13804		direct_call_BL	0x94000000
.local/legacy-firmware/work/extract/stock-rootfs/lib/modules/5.4.55/phy_10g.ko	142639c5e92e176bd35ba9894ba740ff5a5403b3cec39a229e88726a6513ed78	.rela.text	5758	.text	0x13d10	0x13d10	0x13d68	R_AARCH64_CALL26	fiber_plug_reset	250	0	STT_FUNC	.text	0x23410	0x0	fiber_plug_reset	0x23410	en7581_gepon_phy_pma_reset	0x13c98	0x78	symbol_size	0x13d98		direct_call_BL	0x94000000
.local/legacy-firmware/work/extract/stock-rootfs/lib/modules/5.4.55/phy_10g.ko	142639c5e92e176bd35ba9894ba740ff5a5403b3cec39a229e88726a6513ed78	.rela.text	5765	.text	0x13d54	0x13d54	0x13dac	R_AARCH64_CALL26	fiber_plug_reset	250	0	STT_FUNC	.text	0x23410	0x0	fiber_plug_reset	0x23410	en7581_gepon_phy_pma_reset	0x13c98	0xbc	symbol_size	0x13d98		direct_call_BL	0x94000000
.local/legacy-firmware/work/extract/stock-rootfs/lib/modules/5.4.55/phy_10g.ko	142639c5e92e176bd35ba9894ba740ff5a5403b3cec39a229e88726a6513ed78	.rela.text	6012	.text	0x150f4	0x150f4	0x1514c	R_AARCH64_CALL26	fiber_plug_reset	250	0	STT_FUNC	.text	0x23410	0x0	fiber_plug_reset	0x23410	en7581_xgpon_phy_set_api_dispatch	0x14f44	0x1b0	symbol_size	0x16e8c		direct_call_BL	0x94000000
.local/legacy-firmware/work/extract/stock-rootfs/lib/modules/5.4.55/phy_10g.ko	142639c5e92e176bd35ba9894ba740ff5a5403b3cec39a229e88726a6513ed78	.rela.text	6023	.text	0x1515c	0x1515c	0x151b4	R_AARCH64_CALL26	phy_pma_reset	175	0	STT_FUNC	.text	0xc028	0x0	phy_pma_reset	0xc028	en7581_xgpon_phy_set_api_dispatch	0x14f44	0x218	symbol_size	0x16e8c		direct_call_BL	0x94000000
.local/legacy-firmware/work/extract/stock-rootfs/lib/modules/5.4.55/phy_10g.ko	142639c5e92e176bd35ba9894ba740ff5a5403b3cec39a229e88726a6513ed78	.rela.text	6041	.text	0x15204	0x15204	0x1525c	R_AARCH64_CALL26	xPON_Phy_Reset	104	0	STT_FUNC	.text	0xbec4	0x0	xPON_Phy_Reset	0xbec4	en7581_xgpon_phy_set_api_dispatch	0x14f44	0x2c0	symbol_size	0x16e8c		direct_call_BL	0x94000000
.local/legacy-firmware/work/extract/stock-rootfs/lib/modules/5.4.55/phy_10g.ko	142639c5e92e176bd35ba9894ba740ff5a5403b3cec39a229e88726a6513ed78	.rela.text	6141	.text	0x157e0	0x157e0	0x15838	R_AARCH64_CALL26	fiber_plug_reset	250	0	STT_FUNC	.text	0x23410	0x0	fiber_plug_reset	0x23410	en7581_xgpon_phy_set_api_dispatch	0x14f44	0x89c	symbol_size	0x16e8c		direct_call_BL	0x94000000
.local/legacy-firmware/work/extract/stock-rootfs/lib/modules/5.4.55/phy_10g.ko	142639c5e92e176bd35ba9894ba740ff5a5403b3cec39a229e88726a6513ed78	.rela.text	6148	.text	0x15820	0x15820	0x15878	R_AARCH64_CALL26	fiber_plug_reset	250	0	STT_FUNC	.text	0x23410	0x0	fiber_plug_reset	0x23410	en7581_xgpon_phy_set_api_dispatch	0x14f44	0x8dc	symbol_size	0x16e8c		direct_call_BL	0x94000000
.local/legacy-firmware/work/extract/stock-rootfs/lib/modules/5.4.55/phy_10g.ko	142639c5e92e176bd35ba9894ba740ff5a5403b3cec39a229e88726a6513ed78	.rela.text	6466	.text	0x1703c	0x1703c	0x17094	R_AARCH64_CALL26	fiber_plug_reset	250	0	STT_FUNC	.text	0x23410	0x0	fiber_plug_reset	0x23410	en7581_xgpon_phy_isr	0x16e8c	0x1b0	symbol_size	0x1796c		direct_call_BL	0x94000000
.local/legacy-firmware/work/extract/stock-rootfs/lib/modules/5.4.55/phy_10g.ko	142639c5e92e176bd35ba9894ba740ff5a5403b3cec39a229e88726a6513ed78	.rela.text	6525	.text	0x17228	0x17228	0x17280	R_AARCH64_CALL26	phy_pma_reset	175	0	STT_FUNC	.text	0xc028	0x0	phy_pma_reset	0xc028	en7581_xgpon_phy_isr	0x16e8c	0x39c	symbol_size	0x1796c		direct_call_BL	0x94000000
.local/legacy-firmware/work/extract/stock-rootfs/lib/modules/5.4.55/phy_10g.ko	142639c5e92e176bd35ba9894ba740ff5a5403b3cec39a229e88726a6513ed78	.rela.text	6584	.text	0x1743c	0x1743c	0x17494	R_AARCH64_CALL26	fiber_plug_reset	250	0	STT_FUNC	.text	0x23410	0x0	fiber_plug_reset	0x23410	en7581_xgpon_phy_isr	0x16e8c	0x5b0	symbol_size	0x1796c		direct_call_BL	0x94000000
.local/legacy-firmware/work/extract/stock-rootfs/lib/modules/5.4.55/phy_10g.ko	142639c5e92e176bd35ba9894ba740ff5a5403b3cec39a229e88726a6513ed78	.rela.text	6784	.text	0x17c14	0x17c14	0x17c6c	R_AARCH64_CALL26	fiber_plug_reset	250	0	STT_FUNC	.text	0x23410	0x0	fiber_plug_reset	0x23410	en7581_xgpon_phy_event_poll	0x1796c	0x2a8	symbol_size	0x180f4		direct_call_BL	0x94000000
.local/legacy-firmware/work/extract/stock-rootfs/lib/modules/5.4.55/phy_10g.ko	142639c5e92e176bd35ba9894ba740ff5a5403b3cec39a229e88726a6513ed78	.rela.text	6795	.text	0x17c7c	0x17c7c	0x17cd4	R_AARCH64_CALL26	phy_pma_reset	175	0	STT_FUNC	.text	0xc028	0x0	phy_pma_reset	0xc028	en7581_xgpon_phy_event_poll	0x1796c	0x310	symbol_size	0x180f4		direct_call_BL	0x94000000
.local/legacy-firmware/work/extract/stock-rootfs/lib/modules/5.4.55/phy_10g.ko	142639c5e92e176bd35ba9894ba740ff5a5403b3cec39a229e88726a6513ed78	.rela.text	6859	.text	0x17f38	0x17f38	0x17f90	R_AARCH64_CALL26	fiber_plug_reset	250	0	STT_FUNC	.text	0x23410	0x0	fiber_plug_reset	0x23410	en7581_xgpon_phy_event_poll	0x1796c	0x5cc	symbol_size	0x180f4		direct_call_BL	0x94000000
.local/legacy-firmware/work/extract/stock-rootfs/lib/modules/5.4.55/phy_10g.ko	142639c5e92e176bd35ba9894ba740ff5a5403b3cec39a229e88726a6513ed78	.rela.text	7287	.text	0x1a904	0x1a904	0x1a95c	R_AARCH64_CALL26	fiber_plug_reset	250	0	STT_FUNC	.text	0x23410	0x0	fiber_plug_reset	0x23410	en7581_xgpon_phy_pma_reset	0x1a86c	0x98	symbol_size	0x1aa08		direct_call_BL	0x94000000
.local/legacy-firmware/work/extract/stock-rootfs/lib/modules/5.4.55/phy_10g.ko	142639c5e92e176bd35ba9894ba740ff5a5403b3cec39a229e88726a6513ed78	.rela.text	7294	.text	0x1a948	0x1a948	0x1a9a0	R_AARCH64_CALL26	fiber_plug_reset	250	0	STT_FUNC	.text	0x23410	0x0	fiber_plug_reset	0x23410	en7581_xgpon_phy_pma_reset	0x1a86c	0xdc	symbol_size	0x1aa08		direct_call_BL	0x94000000
.local/legacy-firmware/work/extract/stock-rootfs/lib/modules/5.4.55/phy_10g.ko	142639c5e92e176bd35ba9894ba740ff5a5403b3cec39a229e88726a6513ed78	.rela.text	7474	.text	0x1b604	0x1b604	0x1b65c	R_AARCH64_CALL26	fiber_plug_reset	250	0	STT_FUNC	.text	0x23410	0x0	fiber_plug_reset	0x23410	en7581_xepon_phy_set_api_dispatch	0x1b4a8	0x15c	symbol_size	0x1c8ac		direct_call_BL	0x94000000
.local/legacy-firmware/work/extract/stock-rootfs/lib/modules/5.4.55/phy_10g.ko	142639c5e92e176bd35ba9894ba740ff5a5403b3cec39a229e88726a6513ed78	.rela.text	7481	.text	0x1b644	0x1b644	0x1b69c	R_AARCH64_CALL26	fiber_plug_reset	250	0	STT_FUNC	.text	0x23410	0x0	fiber_plug_reset	0x23410	en7581_xepon_phy_set_api_dispatch	0x1b4a8	0x19c	symbol_size	0x1c8ac		direct_call_BL	0x94000000
.local/legacy-firmware/work/extract/stock-rootfs/lib/modules/5.4.55/phy_10g.ko	142639c5e92e176bd35ba9894ba740ff5a5403b3cec39a229e88726a6513ed78	.rela.text	7700	.text	0x1c304	0x1c304	0x1c35c	R_AARCH64_CALL26	xPON_Phy_Reset	104	0	STT_FUNC	.text	0xbec4	0x0	xPON_Phy_Reset	0xbec4	en7581_xepon_phy_set_api_dispatch	0x1b4a8	0xe5c	symbol_size	0x1c8ac		direct_call_BL	0x94000000
.local/legacy-firmware/work/extract/stock-rootfs/lib/modules/5.4.55/phy_10g.ko	142639c5e92e176bd35ba9894ba740ff5a5403b3cec39a229e88726a6513ed78	.rela.text	7823	.text	0x1c9e0	0x1c9e0	0x1ca38	R_AARCH64_CALL26	phy_pma_reset	175	0	STT_FUNC	.text	0xc028	0x0	phy_pma_reset	0xc028	en7581_xepon_phy_isr	0x1c8ac	0x134	symbol_size	0x1d5dc		direct_call_BL	0x94000000
.local/legacy-firmware/work/extract/stock-rootfs/lib/modules/5.4.55/phy_10g.ko	142639c5e92e176bd35ba9894ba740ff5a5403b3cec39a229e88726a6513ed78	.rela.text	7841	.text	0x1ca78	0x1ca78	0x1cad0	R_AARCH64_CALL26	fiber_plug_reset	250	0	STT_FUNC	.text	0x23410	0x0	fiber_plug_reset	0x23410	en7581_xepon_phy_isr	0x1c8ac	0x1cc	symbol_size	0x1d5dc		direct_call_BL	0x94000000
.local/legacy-firmware/work/extract/stock-rootfs/lib/modules/5.4.55/phy_10g.ko	142639c5e92e176bd35ba9894ba740ff5a5403b3cec39a229e88726a6513ed78	.rela.text	7890	.text	0x1cc68	0x1cc68	0x1ccc0	R_AARCH64_CALL26	fiber_plug_reset	250	0	STT_FUNC	.text	0x23410	0x0	fiber_plug_reset	0x23410	en7581_xepon_phy_isr	0x1c8ac	0x3bc	symbol_size	0x1d5dc		direct_call_BL	0x94000000
.local/legacy-firmware/work/extract/stock-rootfs/lib/modules/5.4.55/phy_10g.ko	142639c5e92e176bd35ba9894ba740ff5a5403b3cec39a229e88726a6513ed78	.rela.text	7928	.text	0x1cdc8	0x1cdc8	0x1ce20	R_AARCH64_CALL26	phy_pma_reset	175	0	STT_FUNC	.text	0xc028	0x0	phy_pma_reset	0xc028	en7581_xepon_phy_isr	0x1c8ac	0x51c	symbol_size	0x1d5dc		direct_call_BL	0x94000000
.local/legacy-firmware/work/extract/stock-rootfs/lib/modules/5.4.55/phy_10g.ko	142639c5e92e176bd35ba9894ba740ff5a5403b3cec39a229e88726a6513ed78	.rela.text	7944	.text	0x1ce50	0x1ce50	0x1cea8	R_AARCH64_CALL26	fiber_plug_reset	250	0	STT_FUNC	.text	0x23410	0x0	fiber_plug_reset	0x23410	en7581_xepon_phy_isr	0x1c8ac	0x5a4	symbol_size	0x1d5dc		direct_call_BL	0x94000000
.local/legacy-firmware/work/extract/stock-rootfs/lib/modules/5.4.55/phy_10g.ko	142639c5e92e176bd35ba9894ba740ff5a5403b3cec39a229e88726a6513ed78	.rela.text	7979	.text	0x1cf90	0x1cf90	0x1cfe8	R_AARCH64_CALL26	fiber_plug_reset	250	0	STT_FUNC	.text	0x23410	0x0	fiber_plug_reset	0x23410	en7581_xepon_phy_isr	0x1c8ac	0x6e4	symbol_size	0x1d5dc		direct_call_BL	0x94000000
.local/legacy-firmware/work/extract/stock-rootfs/lib/modules/5.4.55/phy_10g.ko	142639c5e92e176bd35ba9894ba740ff5a5403b3cec39a229e88726a6513ed78	.rela.text	8178	.text	0x1d7f8	0x1d7f8	0x1d850	R_AARCH64_CALL26	fiber_plug_reset	250	0	STT_FUNC	.text	0x23410	0x0	fiber_plug_reset	0x23410	en7581_xepon_phy_event_poll	0x1d5dc	0x21c	symbol_size	0x1dc34		direct_call_BL	0x94000000
.local/legacy-firmware/work/extract/stock-rootfs/lib/modules/5.4.55/phy_10g.ko	142639c5e92e176bd35ba9894ba740ff5a5403b3cec39a229e88726a6513ed78	.rela.text	8181	.text	0x1d83c	0x1d83c	0x1d894	R_AARCH64_CALL26	phy_pma_reset	175	0	STT_FUNC	.text	0xc028	0x0	phy_pma_reset	0xc028	en7581_xepon_phy_event_poll	0x1d5dc	0x260	symbol_size	0x1dc34		direct_call_BL	0x94000000
.local/legacy-firmware/work/extract/stock-rootfs/lib/modules/5.4.55/phy_10g.ko	142639c5e92e176bd35ba9894ba740ff5a5403b3cec39a229e88726a6513ed78	.rela.text	8217	.text	0x1d9c4	0x1d9c4	0x1da1c	R_AARCH64_CALL26	fiber_plug_reset	250	0	STT_FUNC	.text	0x23410	0x0	fiber_plug_reset	0x23410	en7581_xepon_phy_event_poll	0x1d5dc	0x3e8	symbol_size	0x1dc34		direct_call_BL	0x94000000
.local/legacy-firmware/work/extract/stock-rootfs/lib/modules/5.4.55/phy_10g.ko	142639c5e92e176bd35ba9894ba740ff5a5403b3cec39a229e88726a6513ed78	.rela.text	8228	.text	0x1da40	0x1da40	0x1da98	R_AARCH64_CALL26	phy_pma_reset	175	0	STT_FUNC	.text	0xc028	0x0	phy_pma_reset	0xc028	en7581_xepon_phy_event_poll	0x1d5dc	0x464	symbol_size	0x1dc34		direct_call_BL	0x94000000
.local/legacy-firmware/work/extract/stock-rootfs/lib/modules/5.4.55/phy_10g.ko	142639c5e92e176bd35ba9894ba740ff5a5403b3cec39a229e88726a6513ed78	.rela.text	8995	.text	0x20a90	0x20a90	0x20ae8	R_AARCH64_CALL26	fiber_plug_reset	250	0	STT_FUNC	.text	0x23410	0x0	fiber_plug_reset	0x23410	en7581_xepon_phy_pma_reset	0x20a28	0x68	symbol_size	0x20b68		direct_call_BL	0x94000000
.local/legacy-firmware/work/extract/stock-rootfs/lib/modules/5.4.55/phy_10g.ko	142639c5e92e176bd35ba9894ba740ff5a5403b3cec39a229e88726a6513ed78	.rela.text	9002	.text	0x20ad4	0x20ad4	0x20b2c	R_AARCH64_CALL26	fiber_plug_reset	250	0	STT_FUNC	.text	0x23410	0x0	fiber_plug_reset	0x23410	en7581_xepon_phy_pma_reset	0x20a28	0xac	symbol_size	0x20b68		direct_call_BL	0x94000000
.local/legacy-firmware/work/extract/stock-rootfs/lib/modules/5.4.55/phy_10g.ko	142639c5e92e176bd35ba9894ba740ff5a5403b3cec39a229e88726a6513ed78	.rela.text	9245	.text	0x21660	0x21660	0x216b8	R_AARCH64_CALL26	fiber_plug_reset	250	0	STT_FUNC	.text	0x23410	0x0	fiber_plug_reset	0x23410	normal_rx_bist_check	0x21430	0x230	symbol_size	0x216ac		direct_call_BL	0x94000000
.local/legacy-firmware/work/extract/stock-rootfs/lib/modules/5.4.55/phy_10g.ko	142639c5e92e176bd35ba9894ba740ff5a5403b3cec39a229e88726a6513ed78	.rela.text	9721	.text	0x232c8	0x232c8	0x23320	R_AARCH64_CALL26	fiber_plug_reset	250	0	STT_FUNC	.text	0x23410	0x0	fiber_plug_reset	0x23410	xpon_pma_mode_init	0x23260	0x68	symbol_size	0x233bc		direct_call_BL	0x94000000
.local/legacy-firmware/work/extract/stock-rootfs/lib/modules/5.4.55/phy_10g.ko	142639c5e92e176bd35ba9894ba740ff5a5403b3cec39a229e88726a6513ed78	.rela.text	9725	.text	0x232f0	0x232f0	0x23348	R_AARCH64_CALL26	fiber_plug_reset	250	0	STT_FUNC	.text	0x23410	0x0	fiber_plug_reset	0x23410	xpon_pma_mode_init	0x23260	0x90	symbol_size	0x233bc		direct_call_BL	0x94000000
.local/legacy-firmware/work/extract/stock-rootfs/lib/modules/5.4.55/phy_10g.ko	142639c5e92e176bd35ba9894ba740ff5a5403b3cec39a229e88726a6513ed78	.rela.text	9731	.text	0x23330	0x23330	0x23388	R_AARCH64_CALL26	fiber_plug_reset	250	0	STT_FUNC	.text	0x23410	0x0	fiber_plug_reset	0x23410	xpon_pma_mode_init	0x23260	0xd0	symbol_size	0x233bc		direct_call_BL	0x94000000
.local/legacy-firmware/work/extract/stock-rootfs/lib/modules/5.4.55/phy_10g.ko	142639c5e92e176bd35ba9894ba740ff5a5403b3cec39a229e88726a6513ed78	.rela.text	9749	.text	0x23454	0x23454	0x234ac	R_AARCH64_CALL26	XPON_RX_preset	167	0	STT_FUNC	.text	0x262fc	0x0	XPON_RX_preset	0x262fc	fiber_plug_reset	0x23410	0x44	symbol_size	0x234f0		direct_call_BL	0x94000000
.local/legacy-firmware/work/extract/stock-rootfs/lib/modules/5.4.55/phy_10g.ko	142639c5e92e176bd35ba9894ba740ff5a5403b3cec39a229e88726a6513ed78	.rela.text	9759	.text	0x23480	0x23480	0x234d8	R_AARCH64_CALL26	XPON_DIG_reset	273	0	STT_FUNC	.text	0x275f8	0x0	XPON_DIG_reset	0x275f8	fiber_plug_reset	0x23410	0x70	symbol_size	0x234f0		direct_call_BL	0x94000000
.local/legacy-firmware/work/extract/stock-rootfs/lib/modules/5.4.55/phy_10g.ko	142639c5e92e176bd35ba9894ba740ff5a5403b3cec39a229e88726a6513ed78	.rela.text	9766	.text	0x234b0	0x234b0	0x23508	R_AARCH64_CALL26	XPON_DIG_reset	273	0	STT_FUNC	.text	0x275f8	0x0	XPON_DIG_reset	0x275f8	fiber_plug_reset	0x23410	0xa0	symbol_size	0x234f0		direct_call_BL	0x94000000
.local/legacy-firmware/work/extract/stock-rootfs/lib/modules/5.4.55/phy_10g.ko	142639c5e92e176bd35ba9894ba740ff5a5403b3cec39a229e88726a6513ed78	.rela.text	10665	.text	0x28cc0	0x28cc0	0x28d18	R_AARCH64_CALL26	XPON_RX_preset	167	0	STT_FUNC	.text	0x262fc	0x0	XPON_RX_preset	0x262fc	pon_Ext_T2R	0x28c98	0x28	symbol_size	0x28d24		direct_call_BL	0x94000000
.local/legacy-firmware/work/extract/stock-rootfs/lib/modules/5.4.55/phy_10g.ko	142639c5e92e176bd35ba9894ba740ff5a5403b3cec39a229e88726a6513ed78	.rela.text	10675	.text	0x28cec	0x28cec	0x28d44	R_AARCH64_CALL26	XPON_DIG_reset	273	0	STT_FUNC	.text	0x275f8	0x0	XPON_DIG_reset	0x275f8	pon_Ext_T2R	0x28c98	0x54	symbol_size	0x28d24		direct_call_BL	0x94000000
.local/legacy-firmware/work/extract/stock-rootfs/lib/modules/5.4.55/phy_10g.ko	142639c5e92e176bd35ba9894ba740ff5a5403b3cec39a229e88726a6513ed78	.rela.text	10687	.text	0x28d4c	0x28d4c	0x28da4	R_AARCH64_CALL26	XPON_RX_preset	167	0	STT_FUNC	.text	0x262fc	0x0	XPON_RX_preset	0x262fc	pon_Ext_R2T	0x28d24	0x28	symbol_size	0x28db8		direct_call_BL	0x94000000
.local/legacy-firmware/work/extract/stock-rootfs/lib/modules/5.4.55/phy_10g.ko	142639c5e92e176bd35ba9894ba740ff5a5403b3cec39a229e88726a6513ed78	.rela.text	10697	.text	0x28d78	0x28d78	0x28dd0	R_AARCH64_CALL26	XPON_DIG_reset	273	0	STT_FUNC	.text	0x275f8	0x0	XPON_DIG_reset	0x275f8	pon_Ext_R2T	0x28d24	0x54	symbol_size	0x28db8		direct_call_BL	0x94000000
.local/legacy-firmware/work/extract/stock-rootfs/lib/modules/5.4.55/phy_10g.ko	142639c5e92e176bd35ba9894ba740ff5a5403b3cec39a229e88726a6513ed78	.rela.eh_frame	67	.eh_frame	0x7e0	0x7e0	0x30ba8	R_AARCH64_PREL32		1	0	STT_SECTION	.text	0x0	0x1634	phy_reset_counter	0x1634							data_reference	
.local/legacy-firmware/work/extract/stock-rootfs/lib/modules/5.4.55/phy_10g.ko	142639c5e92e176bd35ba9894ba740ff5a5403b3cec39a229e88726a6513ed78	.rela.eh_frame	152	.eh_frame	0x1234	0x1234	0x315fc	R_AARCH64_PREL32		1	0	STT_SECTION	.text	0x0	0xbec4	xPON_Phy_Reset	0xbec4							data_reference	
.local/legacy-firmware/work/extract/stock-rootfs/lib/modules/5.4.55/phy_10g.ko	142639c5e92e176bd35ba9894ba740ff5a5403b3cec39a229e88726a6513ed78	.rela.eh_frame	163	.eh_frame	0x136c	0x136c	0x31734	R_AARCH64_PREL32		1	0	STT_SECTION	.text	0x0	0xc028	phy_pma_reset	0xc028							data_reference	
.local/legacy-firmware/work/extract/stock-rootfs/lib/modules/5.4.55/phy_10g.ko	142639c5e92e176bd35ba9894ba740ff5a5403b3cec39a229e88726a6513ed78	.rela.eh_frame	164	.eh_frame	0x138c	0x138c	0x31754	R_AARCH64_PREL32		1	0	STT_SECTION	.text	0x0	0xc100	phy_pcs_fpgaif_reset	0xc100							data_reference	
.local/legacy-firmware/work/extract/stock-rootfs/lib/modules/5.4.55/phy_10g.ko	142639c5e92e176bd35ba9894ba740ff5a5403b3cec39a229e88726a6513ed78	.rela.eh_frame	165	.eh_frame	0x13ac	0x13ac	0x31774	R_AARCH64_PREL32		1	0	STT_SECTION	.text	0x0	0xc11c	phy_pcs_reset	0xc11c							data_reference	
.local/legacy-firmware/work/extract/stock-rootfs/lib/modules/5.4.55/phy_10g.ko	142639c5e92e176bd35ba9894ba740ff5a5403b3cec39a229e88726a6513ed78	.rela.eh_frame	218	.eh_frame	0x1a1c	0x1a1c	0x31de4	R_AARCH64_PREL32		1	0	STT_SECTION	.text	0x0	0xf9e0	en7581_phy_reset_counter	0xf9e0							data_reference	
.local/legacy-firmware/work/extract/stock-rootfs/lib/modules/5.4.55/phy_10g.ko	142639c5e92e176bd35ba9894ba740ff5a5403b3cec39a229e88726a6513ed78	.rela.eh_frame	225	.eh_frame	0x1afc	0x1afc	0x31ec4	R_AARCH64_PREL32		1	0	STT_SECTION	.text	0x0	0x1028c	en7581_gepon_pon_phy_reset	0x1028c							data_reference	
.local/legacy-firmware/work/extract/stock-rootfs/lib/modules/5.4.55/phy_10g.ko	142639c5e92e176bd35ba9894ba740ff5a5403b3cec39a229e88726a6513ed78	.rela.eh_frame	234	.eh_frame	0x1c34	0x1c34	0x31ffc	R_AARCH64_PREL32		1	0	STT_SECTION	.text	0x0	0x13c98	en7581_gepon_phy_pma_reset	0x13c98							data_reference	
.local/legacy-firmware/work/extract/stock-rootfs/lib/modules/5.4.55/phy_10g.ko	142639c5e92e176bd35ba9894ba740ff5a5403b3cec39a229e88726a6513ed78	.rela.eh_frame	235	.eh_frame	0x1c54	0x1c54	0x3201c	R_AARCH64_PREL32		1	0	STT_SECTION	.text	0x0	0x13d98	en7581_xgpon_pon_phy_reset	0x13d98							data_reference	
.local/legacy-firmware/work/extract/stock-rootfs/lib/modules/5.4.55/phy_10g.ko	142639c5e92e176bd35ba9894ba740ff5a5403b3cec39a229e88726a6513ed78	.rela.eh_frame	244	.eh_frame	0x1d78	0x1d78	0x32140	R_AARCH64_PREL32		1	0	STT_SECTION	.text	0x0	0x1a86c	en7581_xgpon_phy_pma_reset	0x1a86c							data_reference	
.local/legacy-firmware/work/extract/stock-rootfs/lib/modules/5.4.55/phy_10g.ko	142639c5e92e176bd35ba9894ba740ff5a5403b3cec39a229e88726a6513ed78	.rela.eh_frame	245	.eh_frame	0x1d98	0x1d98	0x32160	R_AARCH64_PREL32		1	0	STT_SECTION	.text	0x0	0x1aa08	en7581_xepon_pon_phy_reset	0x1aa08							data_reference	
.local/legacy-firmware/work/extract/stock-rootfs/lib/modules/5.4.55/phy_10g.ko	142639c5e92e176bd35ba9894ba740ff5a5403b3cec39a229e88726a6513ed78	.rela.eh_frame	254	.eh_frame	0x1ebc	0x1ebc	0x32284	R_AARCH64_PREL32		1	0	STT_SECTION	.text	0x0	0x20a28	en7581_xepon_phy_pma_reset	0x20a28							data_reference	
.local/legacy-firmware/work/extract/stock-rootfs/lib/modules/5.4.55/phy_10g.ko	142639c5e92e176bd35ba9894ba740ff5a5403b3cec39a229e88726a6513ed78	.rela.eh_frame	271	.eh_frame	0x20dc	0x20dc	0x324a4	R_AARCH64_PREL32		1	0	STT_SECTION	.text	0x0	0x22e50	pma_reg_reset	0x22e50							data_reference	
.local/legacy-firmware/work/extract/stock-rootfs/lib/modules/5.4.55/phy_10g.ko	142639c5e92e176bd35ba9894ba740ff5a5403b3cec39a229e88726a6513ed78	.rela.eh_frame	277	.eh_frame	0x21b4	0x21b4	0x3257c	R_AARCH64_PREL32		1	0	STT_SECTION	.text	0x0	0x23410	fiber_plug_reset	0x23410							data_reference	
.local/legacy-firmware/work/extract/stock-rootfs/lib/modules/5.4.55/phy_10g.ko	142639c5e92e176bd35ba9894ba740ff5a5403b3cec39a229e88726a6513ed78	.rela.eh_frame	291	.eh_frame	0x236c	0x236c	0x32734	R_AARCH64_PREL32		1	0	STT_SECTION	.text	0x0	0x262fc	XPON_RX_preset	0x262fc							data_reference	
.local/legacy-firmware/work/extract/stock-rootfs/lib/modules/5.4.55/phy_10g.ko	142639c5e92e176bd35ba9894ba740ff5a5403b3cec39a229e88726a6513ed78	.rela.eh_frame	302	.eh_frame	0x24cc	0x24cc	0x32894	R_AARCH64_PREL32		1	0	STT_SECTION	.text	0x0	0x275f8	XPON_DIG_reset	0x275f8							data_reference	
.local/legacy-firmware/work/extract/stock-rootfs/lib/modules/5.4.55/phy_10g.ko	142639c5e92e176bd35ba9894ba740ff5a5403b3cec39a229e88726a6513ed78	.rela.data	3	.data	0xb2b0	0xb2b0	0x3dd60	R_AARCH64_ABS64	en7581_gepon_pon_phy_reset	158	0	STT_FUNC	.text	0x1028c	0x0	en7581_gepon_pon_phy_reset	0x1028c							data_reference	
.local/legacy-firmware/work/extract/stock-rootfs/lib/modules/5.4.55/phy_10g.ko	142639c5e92e176bd35ba9894ba740ff5a5403b3cec39a229e88726a6513ed78	.rela.data	12	.data	0xb2f8	0xb2f8	0x3dda8	R_AARCH64_ABS64	en7581_gepon_phy_pma_reset	274	0	STT_FUNC	.text	0x13c98	0x0	en7581_gepon_phy_pma_reset	0x13c98							data_reference	
.local/legacy-firmware/work/extract/stock-rootfs/lib/modules/5.4.55/phy_10g.ko	142639c5e92e176bd35ba9894ba740ff5a5403b3cec39a229e88726a6513ed78	.rela.data	13	.data	0xb300	0xb300	0x3ddb0	R_AARCH64_ABS64	en7581_xgpon_pon_phy_reset	217	0	STT_FUNC	.text	0x13d98	0x0	en7581_xgpon_pon_phy_reset	0x13d98							data_reference	
.local/legacy-firmware/work/extract/stock-rootfs/lib/modules/5.4.55/phy_10g.ko	142639c5e92e176bd35ba9894ba740ff5a5403b3cec39a229e88726a6513ed78	.rela.data	22	.data	0xb348	0xb348	0x3ddf8	R_AARCH64_ABS64	en7581_xgpon_phy_pma_reset	244	0	STT_FUNC	.text	0x1a86c	0x0	en7581_xgpon_phy_pma_reset	0x1a86c							data_reference	
.local/legacy-firmware/work/extract/stock-rootfs/lib/modules/5.4.55/phy_10g.ko	142639c5e92e176bd35ba9894ba740ff5a5403b3cec39a229e88726a6513ed78	.rela.data	23	.data	0xb350	0xb350	0x3de00	R_AARCH64_ABS64	en7581_xepon_pon_phy_reset	183	0	STT_FUNC	.text	0x1aa08	0x0	en7581_xepon_pon_phy_reset	0x1aa08							data_reference	
.local/legacy-firmware/work/extract/stock-rootfs/lib/modules/5.4.55/phy_10g.ko	142639c5e92e176bd35ba9894ba740ff5a5403b3cec39a229e88726a6513ed78	.rela.data	32	.data	0xb398	0xb398	0x3de48	R_AARCH64_ABS64	en7581_xepon_phy_pma_reset	143	0	STT_FUNC	.text	0x20a28	0x0	en7581_xepon_phy_pma_reset	0x20a28							data_reference	
.local/legacy-firmware/work/extract/stock-rootfs/lib/modules/5.4.55/qdma_lan.ko	cad7c2494eaeb9883bc0596839f17d650ab4ce93179c8271b91ae0f9953c02c2	.rela.eh_frame	159	.eh_frame	0x1340	0x1340	0x4be48	R_AARCH64_PREL32		1	0	STT_SECTION	.text	0x0	0x10984	qdma_reset	0x10984							data_reference	
.local/legacy-firmware/work/extract/stock-rootfs/lib/modules/5.4.55/qdma_lan.ko	cad7c2494eaeb9883bc0596839f17d650ab4ce93179c8271b91ae0f9953c02c2	.rela.data	156	.data	0x4e8	0x4e8	0x511c8	R_AARCH64_ABS64	qdma_reset	514	0	STT_FUNC	.text	0x10984	0x0	qdma_reset	0x10984							data_reference	
.local/legacy-firmware/work/extract/stock-rootfs/lib/modules/5.4.55/qdma_wan.ko	711cb5e8a1c7971b0eaee361382d9002e742696567d19131f03688259b933f11	.rela.eh_frame	69	.eh_frame	0x1268	0x1268	0x26c40	R_AARCH64_PREL32		1	0	STT_SECTION	.text	0x0	0x9370	qdma_reset	0x9370							data_reference	
.local/legacy-firmware/work/extract/stock-rootfs/lib/modules/5.4.55/qdma_wan.ko	711cb5e8a1c7971b0eaee361382d9002e742696567d19131f03688259b933f11	.rela.data	156	.data	0x4e8	0x4e8	0x2ac38	R_AARCH64_ABS64	qdma_reset	355	0	STT_FUNC	.text	0x9370	0x0	qdma_reset	0x9370							data_reference	
.local/legacy-firmware/work/extract/stock-rootfs/lib/modules/5.4.55/sch_hfsc.ko	602d5bfa7a315fcdc8fe67e6949a4a81f614e016131cf30350289b30f3d0fa66	.rela.text	0	.text	0x388	0x388	0x3e8	R_AARCH64_CALL26	qdisc_reset	90	1	STT_NOTYPE	SHN_UNDEF	0x0	0x0			unnamed@.text+0x324	0x324	0x64	eh_frame_FDE	0x490	0xe0	direct_call_BL	0x94000000
.local/legacy-firmware/work/extract/stock-rootfs/lib/modules/5.4.55/sch_hfsc.ko	602d5bfa7a315fcdc8fe67e6949a4a81f614e016131cf30350289b30f3d0fa66	.rela.text	98	.text	0x13a8	0x13a8	0x1408	R_AARCH64_CALL26	qdisc_reset	90	1	STT_NOTYPE	SHN_UNDEF	0x0	0x0			unnamed@.text+0x1284	0x1284	0x124	eh_frame_FDE	0x14f8	0x388	direct_call_BL	0x94000000
.local/legacy-firmware/work/extract/stock-rootfs/lib/modules/5.4.55/sch_hfsc.ko	602d5bfa7a315fcdc8fe67e6949a4a81f614e016131cf30350289b30f3d0fa66	.rela.text	236	.text	0x27e0	0x27e0	0x2840	R_AARCH64_CALL26	qdisc_reset	90	1	STT_NOTYPE	SHN_UNDEF	0x0	0x0			unnamed@.text+0x1e20	0x1e20	0x9c0	eh_frame_FDE	0x28dc	0x528	direct_call_BL	0x94000000
.local/legacy-firmware/work/extract/stock-rootfs/lib/modules/5.4.55/sch_htb.ko	c1832569e49445f5a5066e641b6296147a1c0301a3786dbfe13b5c61fea8fd45	.rela.text	69	.text	0xd54	0xd54	0xdb4	R_AARCH64_CALL26	qdisc_reset	116	1	STT_NOTYPE	SHN_UNDEF	0x0	0x0			unnamed@.text+0xd04	0xd04	0x50	eh_frame_FDE	0xe44	0x318	direct_call_BL	0x94000000
.local/legacy-firmware/work/extract/stock-rootfs/lib/modules/5.4.55/sch_htb.ko	c1832569e49445f5a5066e641b6296147a1c0301a3786dbfe13b5c61fea8fd45	.rela.text	153	.text	0x20bc	0x20bc	0x211c	R_AARCH64_CALL26	qdisc_reset	116	1	STT_NOTYPE	SHN_UNDEF	0x0	0x0			unnamed@.text+0x1de0	0x1de0	0x2dc	eh_frame_FDE	0x2180	0x58c	direct_call_BL	0x94000000
.local/legacy-firmware/work/extract/stock-rootfs/lib/modules/5.4.55/sch_htb.ko	c1832569e49445f5a5066e641b6296147a1c0301a3786dbfe13b5c61fea8fd45	.rela.text	241	.text	0x290c	0x290c	0x296c	R_AARCH64_CALL26	qdisc_reset	116	1	STT_NOTYPE	SHN_UNDEF	0x0	0x0			unnamed@.text+0x2180	0x2180	0x78c	eh_frame_FDE	0x2ad4	0x5f8	direct_call_BL	0x94000000
.local/legacy-firmware/work/extract/stock-rootfs/lib/modules/5.4.55/sch_tbf.ko	a777ade843ccb75749892f723827bc3e01b581346a141c2db8aea6b2aca63b5a	.rela.text	2	.text	0x114	0x114	0x174	R_AARCH64_CALL26	qdisc_reset	68	1	STT_NOTYPE	SHN_UNDEF	0x0	0x0			unnamed@.text+0x100	0x100	0x14	eh_frame_FDE	0x14c	0xa4	direct_call_BL	0x94000000
.local/legacy-firmware/work/extract/stock-rootfs/lib/modules/5.4.55/scsi_mod.ko	21f970dc56250baa08f1a293c48eb8628526d4637769091fb3815198a1ea8341	.rela.text	222	.text	0x1da4	0x1da4	0x1e04	R_AARCH64_CALL26	scsi_ioctl_reset	309	0	STT_FUNC	.text	0x5540	0x0	scsi_ioctl_reset	0x5540	scsi_ioctl	0x1c90	0x114	symbol_size	0x239c		direct_call_BL	0x94000000
.local/legacy-firmware/work/extract/stock-rootfs/lib/modules/5.4.55/scsi_mod.ko	21f970dc56250baa08f1a293c48eb8628526d4637769091fb3815198a1ea8341	.rela.text	529	.text	0x6658	0x6658	0x66b8	R_AARCH64_CALL26	scsi_device_quiesce	372	0	STT_FUNC	.text	0x6590	0x0	scsi_device_quiesce	0x6590	unnamed@.text+0x6650	0x6650	0x8	eh_frame_FDE	0x6664	0x1298	direct_call_BL	0x94000000
.local/legacy-firmware/work/extract/stock-rootfs/lib/modules/5.4.55/scsi_mod.ko	21f970dc56250baa08f1a293c48eb8628526d4637769091fb3815198a1ea8341	.rela.text	541	.text	0x6754	0x6754	0x67b4	R_AARCH64_CALL26	blk_mq_unquiesce_queue	464	1	STT_NOTYPE	SHN_UNDEF	0x0	0x0			scsi_internal_device_unblock_nowait	0x6714	0x40	symbol_size	0x67a0		direct_call_BL	0x94000000
.local/legacy-firmware/work/extract/stock-rootfs/lib/modules/5.4.55/scsi_mod.ko	21f970dc56250baa08f1a293c48eb8628526d4637769091fb3815198a1ea8341	.rela.text	542	.text	0x6788	0x6788	0x67e8	R_AARCH64_CALL26	blk_mq_unquiesce_queue	464	1	STT_NOTYPE	SHN_UNDEF	0x0	0x0			scsi_internal_device_unblock_nowait	0x6714	0x74	symbol_size	0x67a0		direct_call_BL	0x94000000
.local/legacy-firmware/work/extract/stock-rootfs/lib/modules/5.4.55/scsi_mod.ko	21f970dc56250baa08f1a293c48eb8628526d4637769091fb3815198a1ea8341	.rela.text	621	.text	0x7500	0x7500	0x7560	R_AARCH64_CALL26	blk_mq_quiesce_queue_nowait	611	1	STT_NOTYPE	SHN_UNDEF	0x0	0x0			unnamed@.text+0x74b0	0x74b0	0x50	eh_frame_FDE	0x7564	0x1610	direct_call_BL	0x94000000
.local/legacy-firmware/work/extract/stock-rootfs/lib/modules/5.4.55/scsi_mod.ko	21f970dc56250baa08f1a293c48eb8628526d4637769091fb3815198a1ea8341	.rela.text	622	.text	0x7508	0x7508	0x7568	R_AARCH64_CALL26	blk_mq_quiesce_queue	467	1	STT_NOTYPE	SHN_UNDEF	0x0	0x0			unnamed@.text+0x74b0	0x74b0	0x58	eh_frame_FDE	0x7564	0x1610	direct_call_BL	0x94000000
.local/legacy-firmware/work/extract/stock-rootfs/lib/modules/5.4.55/scsi_mod.ko	21f970dc56250baa08f1a293c48eb8628526d4637769091fb3815198a1ea8341	.rela.text	634	.text	0x76a4	0x76a4	0x7704	R_AARCH64_CALL26	blk_mq_quiesce_queue_nowait	611	1	STT_NOTYPE	SHN_UNDEF	0x0	0x0			scsi_internal_device_block_nowait	0x7660	0x44	symbol_size	0x76c0		direct_call_BL	0x94000000
.local/legacy-firmware/work/extract/stock-rootfs/lib/modules/5.4.55/scsi_mod.ko	21f970dc56250baa08f1a293c48eb8628526d4637769091fb3815198a1ea8341	.rela.text	796	.text	0x9550	0x9550	0x95b0	R_AARCH64_CALL26	blk_mq_unquiesce_queue	464	1	STT_NOTYPE	SHN_UNDEF	0x0	0x0			scsi_start_queue	0x9544	0xc	symbol_size	0x955c		direct_call_BL	0x94000000
.local/legacy-firmware/work/extract/stock-rootfs/lib/modules/5.4.55/scsi_mod.ko	21f970dc56250baa08f1a293c48eb8628526d4637769091fb3815198a1ea8341	.rela.text	1927	.text	0x108b8	0x108b8	0x10918	R_AARCH64_CALL26	scsi_device_quiesce	372	0	STT_FUNC	.text	0x6590	0x0	scsi_device_quiesce	0x6590	unnamed@.text+0x10870	0x10870	0x48	eh_frame_FDE	0x10944	0x3bd8	direct_call_BL	0x94000000
.local/legacy-firmware/work/extract/stock-rootfs/lib/modules/5.4.55/scsi_mod.ko	21f970dc56250baa08f1a293c48eb8628526d4637769091fb3815198a1ea8341	.rela.text	1932	.text	0x1092c	0x1092c	0x1098c	R_AARCH64_CALL26	scsi_device_quiesce	372	0	STT_FUNC	.text	0x6590	0x0	scsi_device_quiesce	0x6590	unnamed@.text+0x10870	0x10870	0xbc	eh_frame_FDE	0x10944	0x3bd8	direct_call_BL	0x94000000
.local/legacy-firmware/work/extract/stock-rootfs/lib/modules/5.4.55/scsi_mod.ko	21f970dc56250baa08f1a293c48eb8628526d4637769091fb3815198a1ea8341	.rela.text	1937	.text	0x1098c	0x1098c	0x109ec	R_AARCH64_CALL26	scsi_device_quiesce	372	0	STT_FUNC	.text	0x6590	0x0	scsi_device_quiesce	0x6590	unnamed@.text+0x10944	0x10944	0x48	eh_frame_FDE	0x10a14	0x3c24	direct_call_BL	0x94000000
.local/legacy-firmware/work/extract/stock-rootfs/lib/modules/5.4.55/scsi_mod.ko	21f970dc56250baa08f1a293c48eb8628526d4637769091fb3815198a1ea8341	.rela.text	1942	.text	0x109fc	0x109fc	0x10a5c	R_AARCH64_CALL26	scsi_device_quiesce	372	0	STT_FUNC	.text	0x6590	0x0	scsi_device_quiesce	0x6590	unnamed@.text+0x10944	0x10944	0xb8	eh_frame_FDE	0x10a14	0x3c24	direct_call_BL	0x94000000
.local/legacy-firmware/work/extract/stock-rootfs/lib/modules/5.4.55/scsi_mod.ko	21f970dc56250baa08f1a293c48eb8628526d4637769091fb3815198a1ea8341	.rela.text	1947	.text	0x10a5c	0x10a5c	0x10abc	R_AARCH64_CALL26	scsi_device_quiesce	372	0	STT_FUNC	.text	0x6590	0x0	scsi_device_quiesce	0x6590	unnamed@.text+0x10a14	0x10a14	0x48	eh_frame_FDE	0x10ae4	0x3c70	direct_call_BL	0x94000000
.local/legacy-firmware/work/extract/stock-rootfs/lib/modules/5.4.55/scsi_mod.ko	21f970dc56250baa08f1a293c48eb8628526d4637769091fb3815198a1ea8341	.rela.text	1952	.text	0x10acc	0x10acc	0x10b2c	R_AARCH64_CALL26	scsi_device_quiesce	372	0	STT_FUNC	.text	0x6590	0x0	scsi_device_quiesce	0x6590	unnamed@.text+0x10a14	0x10a14	0xb8	eh_frame_FDE	0x10ae4	0x3c70	direct_call_BL	0x94000000
.local/legacy-firmware/work/extract/stock-rootfs/lib/modules/5.4.55/scsi_mod.ko	21f970dc56250baa08f1a293c48eb8628526d4637769091fb3815198a1ea8341	.rela.fixup	4	.fixup	0x2c	0x2c	0x10e8c	R_AARCH64_JUMP26		1	0	STT_SECTION	.text	0x0	0x563c	scsi_ioctl_reset	0x563c							direct_branch_B	0x14000000
.local/legacy-firmware/work/extract/stock-rootfs/lib/modules/5.4.55/scsi_mod.ko	21f970dc56250baa08f1a293c48eb8628526d4637769091fb3815198a1ea8341	.rela__ksymtab	61	__ksymtab	0x2d0	0x2d0	0x11160	R_AARCH64_PREL32	scsi_report_bus_reset	271	0	STT_FUNC	.text	0x2854	0x0	scsi_report_bus_reset	0x2854							data_reference	
.local/legacy-firmware/work/extract/stock-rootfs/lib/modules/5.4.55/scsi_mod.ko	21f970dc56250baa08f1a293c48eb8628526d4637769091fb3815198a1ea8341	.rela__ksymtab	63	__ksymtab	0x2dc	0x2dc	0x1116c	R_AARCH64_PREL32	scsi_report_device_reset	251	0	STT_FUNC	.text	0x2894	0x0	scsi_report_device_reset	0x2894							data_reference	
.local/legacy-firmware/work/extract/stock-rootfs/lib/modules/5.4.55/scsi_mod.ko	21f970dc56250baa08f1a293c48eb8628526d4637769091fb3815198a1ea8341	.rela__ksymtab	83	__ksymtab	0x120	0x120	0x10fb0	R_AARCH64_PREL32	scsi_device_quiesce	372	0	STT_FUNC	.text	0x6590	0x0	scsi_device_quiesce	0x6590							data_reference	
.local/legacy-firmware/work/extract/stock-rootfs/lib/modules/5.4.55/scsi_mod.ko	21f970dc56250baa08f1a293c48eb8628526d4637769091fb3815198a1ea8341	.rela__ksymtab	87	__ksymtab	0x33c	0x33c	0x111cc	R_AARCH64_PREL32	scsi_target_quiesce	279	0	STT_FUNC	.text	0x66d4	0x0	scsi_target_quiesce	0x66d4							data_reference	
.local/legacy-firmware/work/extract/stock-rootfs/lib/modules/5.4.55/scsi_mod.ko	21f970dc56250baa08f1a293c48eb8628526d4637769091fb3815198a1ea8341	.rela.altinstructions	76	.altinstructions	0x1c8	0x1c8	0x11e08	R_AARCH64_PREL32		1	0	STT_SECTION	.text	0x0	0x5638	scsi_ioctl_reset	0x5638							data_reference	
.local/legacy-firmware/work/extract/stock-rootfs/lib/modules/5.4.55/scsi_mod.ko	21f970dc56250baa08f1a293c48eb8628526d4637769091fb3815198a1ea8341	.rela.altinstructions	78	.altinstructions	0x1d4	0x1d4	0x11e14	R_AARCH64_PREL32		1	0	STT_SECTION	.text	0x0	0x571c	scsi_ioctl_reset	0x571c							data_reference	
.local/legacy-firmware/work/extract/stock-rootfs/lib/modules/5.4.55/scsi_mod.ko	21f970dc56250baa08f1a293c48eb8628526d4637769091fb3815198a1ea8341	.rela.altinstructions	80	.altinstructions	0x1e0	0x1e0	0x11e20	R_AARCH64_PREL32		1	0	STT_SECTION	.text	0x0	0x57c8	scsi_ioctl_reset	0x57c8							data_reference	
.local/legacy-firmware/work/extract/stock-rootfs/lib/modules/5.4.55/scsi_mod.ko	21f970dc56250baa08f1a293c48eb8628526d4637769091fb3815198a1ea8341	.rela.altinstructions	82	.altinstructions	0x1ec	0x1ec	0x11e2c	R_AARCH64_PREL32		1	0	STT_SECTION	.text	0x0	0x5848	scsi_ioctl_reset	0x5848							data_reference	
.local/legacy-firmware/work/extract/stock-rootfs/lib/modules/5.4.55/scsi_mod.ko	21f970dc56250baa08f1a293c48eb8628526d4637769091fb3815198a1ea8341	.rela.altinstructions	84	.altinstructions	0x1f8	0x1f8	0x11e38	R_AARCH64_PREL32		1	0	STT_SECTION	.text	0x0	0x5890	scsi_ioctl_reset	0x5890							data_reference	
.local/legacy-firmware/work/extract/stock-rootfs/lib/modules/5.4.55/scsi_mod.ko	21f970dc56250baa08f1a293c48eb8628526d4637769091fb3815198a1ea8341	.rela__ex_table	8	__ex_table	0x20	0x20	0x15748	R_AARCH64_PREL32		1	0	STT_SECTION	.text	0x0	0x5638	scsi_ioctl_reset	0x5638							data_reference	
.local/legacy-firmware/work/extract/stock-rootfs/lib/modules/5.4.55/scsi_mod.ko	21f970dc56250baa08f1a293c48eb8628526d4637769091fb3815198a1ea8341	.rela.eh_frame	55	.eh_frame	0x920	0x920	0x16070	R_AARCH64_PREL32		1	0	STT_SECTION	.text	0x0	0x2854	scsi_report_bus_reset	0x2854							data_reference	
.local/legacy-firmware/work/extract/stock-rootfs/lib/modules/5.4.55/scsi_mod.ko	21f970dc56250baa08f1a293c48eb8628526d4637769091fb3815198a1ea8341	.rela.eh_frame	56	.eh_frame	0x934	0x934	0x16084	R_AARCH64_PREL32		1	0	STT_SECTION	.text	0x0	0x2894	scsi_report_device_reset	0x2894							data_reference	
.local/legacy-firmware/work/extract/stock-rootfs/lib/modules/5.4.55/scsi_mod.ko	21f970dc56250baa08f1a293c48eb8628526d4637769091fb3815198a1ea8341	.rela.eh_frame	85	.eh_frame	0xf20	0xf20	0x16670	R_AARCH64_PREL32		1	0	STT_SECTION	.text	0x0	0x5540	scsi_ioctl_reset	0x5540							data_reference	
.local/legacy-firmware/work/extract/stock-rootfs/lib/modules/5.4.55/scsi_mod.ko	21f970dc56250baa08f1a293c48eb8628526d4637769091fb3815198a1ea8341	.rela.eh_frame	106	.eh_frame	0x125c	0x125c	0x169ac	R_AARCH64_PREL32		1	0	STT_SECTION	.text	0x0	0x6590	scsi_device_quiesce	0x6590							data_reference	
.local/legacy-firmware/work/extract/stock-rootfs/lib/modules/5.4.55/scsi_mod.ko	21f970dc56250baa08f1a293c48eb8628526d4637769091fb3815198a1ea8341	.rela.eh_frame	109	.eh_frame	0x12f0	0x12f0	0x16a40	R_AARCH64_PREL32		1	0	STT_SECTION	.text	0x0	0x66d4	scsi_target_quiesce	0x66d4							data_reference	
.local/legacy-firmware/work/extract/stock-rootfs/lib/modules/5.4.55/scsi_mod.ko	21f970dc56250baa08f1a293c48eb8628526d4637769091fb3815198a1ea8341	.rela__bug_table	26	__bug_table	0x9c	0x9c	0x1a214	R_AARCH64_PREL32		1	0	STT_SECTION	.text	0x0	0x65bc	scsi_device_quiesce	0x65bc							data_reference	
.local/legacy-firmware/work/extract/stock-rootfs/lib/modules/5.4.55/speedtest.ko	2654ada906e418dc8320f4885996fda8ba4d4a6e06435220e5596cf7b8c94196	.rela.text	1489	.text	0x6020	0x6020	0x6080	R_AARCH64_ADR_PREL_PG_HI21	g_average_npu_rate_fin	110	0	STT_OBJECT	.bss	0x69a8	0x0		0x69a8	speed_test_reset	0x5c40	0x3e0	symbol_size	0x6654		executable_reference	0x90000004
.local/legacy-firmware/work/extract/stock-rootfs/lib/modules/5.4.55/speedtest.ko	2654ada906e418dc8320f4885996fda8ba4d4a6e06435220e5596cf7b8c94196	.rela.text	1492	.text	0x602c	0x602c	0x608c	R_AARCH64_ADR_PREL_PG_HI21	total_before_npu_total	246	0	STT_OBJECT	.bss	0x6508	0x0		0x6508	speed_test_reset	0x5c40	0x3ec	symbol_size	0x6654		executable_reference	0x90000006
.local/legacy-firmware/work/extract/stock-rootfs/lib/modules/5.4.55/speedtest.ko	2654ada906e418dc8320f4885996fda8ba4d4a6e06435220e5596cf7b8c94196	.rela.text	1493	.text	0x6030	0x6030	0x6090	R_AARCH64_ADR_PREL_PG_HI21	total_curr_npu_total	178	0	STT_OBJECT	.bss	0x6510	0x0		0x6510	speed_test_reset	0x5c40	0x3f0	symbol_size	0x6654		executable_reference	0x90000005
.local/legacy-firmware/work/extract/stock-rootfs/lib/modules/5.4.55/speedtest.ko	2654ada906e418dc8320f4885996fda8ba4d4a6e06435220e5596cf7b8c94196	.rela.text	1495	.text	0x603c	0x603c	0x609c	R_AARCH64_LDST64_ABS_LO12_NC	g_average_npu_rate_fin	110	0	STT_OBJECT	.bss	0x69a8	0x0		0x69a8	speed_test_reset	0x5c40	0x3fc	symbol_size	0x6654		executable_reference	0xf900009f
.local/legacy-firmware/work/extract/stock-rootfs/lib/modules/5.4.55/speedtest.ko	2654ada906e418dc8320f4885996fda8ba4d4a6e06435220e5596cf7b8c94196	.rela.text	1497	.text	0x6044	0x6044	0x60a4	R_AARCH64_ADR_PREL_PG_HI21	total_before_npu_cnt_total	49	0	STT_OBJECT	.bss	0x64f0	0x0		0x64f0	speed_test_reset	0x5c40	0x404	symbol_size	0x6654		executable_reference	0x90000004
.local/legacy-firmware/work/extract/stock-rootfs/lib/modules/5.4.55/speedtest.ko	2654ada906e418dc8320f4885996fda8ba4d4a6e06435220e5596cf7b8c94196	.rela.text	1499	.text	0x604c	0x604c	0x60ac	R_AARCH64_ADR_PREL_PG_HI21	total_curr_npu_cnt_total	326	0	STT_OBJECT	.bss	0x64f8	0x0		0x64f8	speed_test_reset	0x5c40	0x40c	symbol_size	0x6654		executable_reference	0x90000003
.local/legacy-firmware/work/extract/stock-rootfs/lib/modules/5.4.55/speedtest.ko	2654ada906e418dc8320f4885996fda8ba4d4a6e06435220e5596cf7b8c94196	.rela.text	1500	.text	0x6050	0x6050	0x60b0	R_AARCH64_LDST64_ABS_LO12_NC	total_before_npu_total	246	0	STT_OBJECT	.bss	0x6508	0x0		0x6508	speed_test_reset	0x5c40	0x410	symbol_size	0x6654		executable_reference	0xf90000df
.local/legacy-firmware/work/extract/stock-rootfs/lib/modules/5.4.55/speedtest.ko	2654ada906e418dc8320f4885996fda8ba4d4a6e06435220e5596cf7b8c94196	.rela.text	1501	.text	0x6054	0x6054	0x60b4	R_AARCH64_LDST64_ABS_LO12_NC	total_curr_npu_total	178	0	STT_OBJECT	.bss	0x6510	0x0		0x6510	speed_test_reset	0x5c40	0x414	symbol_size	0x6654		executable_reference	0xf90000bf
.local/legacy-firmware/work/extract/stock-rootfs/lib/modules/5.4.55/speedtest.ko	2654ada906e418dc8320f4885996fda8ba4d4a6e06435220e5596cf7b8c94196	.rela.text	1503	.text	0x6060	0x6060	0x60c0	R_AARCH64_LDST64_ABS_LO12_NC	total_before_npu_cnt_total	49	0	STT_OBJECT	.bss	0x64f0	0x0		0x64f0	speed_test_reset	0x5c40	0x420	symbol_size	0x6654		executable_reference	0xf9000080
.local/legacy-firmware/work/extract/stock-rootfs/lib/modules/5.4.55/speedtest.ko	2654ada906e418dc8320f4885996fda8ba4d4a6e06435220e5596cf7b8c94196	.rela.text	1504	.text	0x6064	0x6064	0x60c4	R_AARCH64_LDST64_ABS_LO12_NC	total_curr_npu_cnt_total	326	0	STT_OBJECT	.bss	0x64f8	0x0		0x64f8	speed_test_reset	0x5c40	0x424	symbol_size	0x6654		executable_reference	0xf9000060
.local/legacy-firmware/work/extract/stock-rootfs/lib/modules/5.4.55/speedtest.ko	2654ada906e418dc8320f4885996fda8ba4d4a6e06435220e5596cf7b8c94196	.rela.text	1675	.text	0x6430	0x6430	0x6490	R_AARCH64_ADR_PREL_PG_HI21	ratelimit_reset_flag	92	0	STT_OBJECT	.bss	0x7df8	0x0		0x7df8	speed_test_reset	0x5c40	0x7f0	symbol_size	0x6654		executable_reference	0x90000014
.local/legacy-firmware/work/extract/stock-rootfs/lib/modules/5.4.55/speedtest.ko	2654ada906e418dc8320f4885996fda8ba4d4a6e06435220e5596cf7b8c94196	.rela.text	1715	.text	0x6510	0x6510	0x6570	R_AARCH64_LDST32_ABS_LO12_NC	ratelimit_reset_flag	92	0	STT_OBJECT	.bss	0x7df8	0x0		0x7df8	speed_test_reset	0x5c40	0x8d0	symbol_size	0x6654		executable_reference	0xb9400280
.local/legacy-firmware/work/extract/stock-rootfs/lib/modules/5.4.55/speedtest.ko	2654ada906e418dc8320f4885996fda8ba4d4a6e06435220e5596cf7b8c94196	.rela.text	1728	.text	0x6548	0x6548	0x65a8	R_AARCH64_LDST32_ABS_LO12_NC	ratelimit_reset_flag	92	0	STT_OBJECT	.bss	0x7df8	0x0		0x7df8	speed_test_reset	0x5c40	0x908	symbol_size	0x6654		executable_reference	0xb900029f
.local/legacy-firmware/work/extract/stock-rootfs/lib/modules/5.4.55/speedtest.ko	2654ada906e418dc8320f4885996fda8ba4d4a6e06435220e5596cf7b8c94196	.rela.text	1918	.text	0x7274	0x7274	0x72d4	R_AARCH64_CALL26	speed_test_reset	299	0	STT_FUNC	.text	0x5c40	0x0	speed_test_reset	0x5c40	unnamed@.text+0x6654	0x6654	0xc20	eh_frame_FDE	0x906c	0x978	direct_call_BL	0x94000000
.local/legacy-firmware/work/extract/stock-rootfs/lib/modules/5.4.55/speedtest.ko	2654ada906e418dc8320f4885996fda8ba4d4a6e06435220e5596cf7b8c94196	.rela.text	3041	.text	0xa23c	0xa23c	0xa29c	R_AARCH64_ADR_PREL_PG_HI21	curr_npu_speed	188	0	STT_OBJECT	.bss	0x447b8	0x0		0x447b8	unnamed@.text+0x9d50	0x9d50	0x4ec	eh_frame_FDE	0xa5fc	0xef4	executable_reference	0x90000010
.local/legacy-firmware/work/extract/stock-rootfs/lib/modules/5.4.55/speedtest.ko	2654ada906e418dc8320f4885996fda8ba4d4a6e06435220e5596cf7b8c94196	.rela.text	3042	.text	0xa244	0xa244	0xa2a4	R_AARCH64_ADD_ABS_LO12_NC	curr_npu_speed	188	0	STT_OBJECT	.bss	0x447b8	0x0		0x447b8	unnamed@.text+0x9d50	0x9d50	0x4f4	eh_frame_FDE	0xa5fc	0xef4	executable_reference	0x91000210
.local/legacy-firmware/work/extract/stock-rootfs/lib/modules/5.4.55/speedtest.ko	2654ada906e418dc8320f4885996fda8ba4d4a6e06435220e5596cf7b8c94196	.rela.text	3258	.text	0xba7c	0xba7c	0xbadc	R_AARCH64_ADR_PREL_PG_HI21	curr_npu_speed	188	0	STT_OBJECT	.bss	0x447b8	0x0		0x447b8	speed_test_updata_speed_first_fin	0xb6e4	0x398	symbol_size	0xc6e4		executable_reference	0x90000000
.local/legacy-firmware/work/extract/stock-rootfs/lib/modules/5.4.55/speedtest.ko	2654ada906e418dc8320f4885996fda8ba4d4a6e06435220e5596cf7b8c94196	.rela.text	3259	.text	0xba88	0xba88	0xbae8	R_AARCH64_ADD_ABS_LO12_NC	curr_npu_speed	188	0	STT_OBJECT	.bss	0x447b8	0x0		0x447b8	speed_test_updata_speed_first_fin	0xb6e4	0x3a4	symbol_size	0xc6e4		executable_reference	0x91000000
.local/legacy-firmware/work/extract/stock-rootfs/lib/modules/5.4.55/speedtest.ko	2654ada906e418dc8320f4885996fda8ba4d4a6e06435220e5596cf7b8c94196	.rela.text	3299	.text	0xc550	0xc550	0xc5b0	R_AARCH64_ADD_ABS_LO12_NC	curr_npu_speed	188	0	STT_OBJECT	.bss	0x447b8	0x0		0x447b8	speed_test_updata_speed_first_fin	0xb6e4	0xe6c	symbol_size	0xc6e4		executable_reference	0x91000000
.local/legacy-firmware/work/extract/stock-rootfs/lib/modules/5.4.55/speedtest.ko	2654ada906e418dc8320f4885996fda8ba4d4a6e06435220e5596cf7b8c94196	.rela.text	3349	.text	0xc8fc	0xc8fc	0xc95c	R_AARCH64_CALL26	speed_test_reset	299	0	STT_FUNC	.text	0x5c40	0x0	speed_test_reset	0x5c40	unnamed@.text+0xc6e4	0xc6e4	0x218	eh_frame_FDE	0xc934	0x1344	direct_call_BL	0x94000000
.local/legacy-firmware/work/extract/stock-rootfs/lib/modules/5.4.55/speedtest.ko	2654ada906e418dc8320f4885996fda8ba4d4a6e06435220e5596cf7b8c94196	.rela.text	3939	.text	0x107ac	0x107ac	0x1080c	R_AARCH64_CALL26	get_ecnt_npu_dev	443	1	STT_NOTYPE	SHN_UNDEF	0x0	0x0			npu_wifi_offload_get_dbg_counter_address	0x10770	0x3c	symbol_size	0x109d8		direct_call_BL	0x94000000
.local/legacy-firmware/work/extract/stock-rootfs/lib/modules/5.4.55/speedtest.ko	2654ada906e418dc8320f4885996fda8ba4d4a6e06435220e5596cf7b8c94196	.rela.text	3942	.text	0x10824	0x10824	0x10884	R_AARCH64_CALL26	host_notify_npuMbox	396	1	STT_NOTYPE	SHN_UNDEF	0x0	0x0			npu_wifi_offload_get_dbg_counter_address	0x10770	0xb4	symbol_size	0x109d8		direct_call_BL	0x94000000
.local/legacy-firmware/work/extract/stock-rootfs/lib/modules/5.4.55/speedtest.ko	2654ada906e418dc8320f4885996fda8ba4d4a6e06435220e5596cf7b8c94196	.rela.text.unlikely	99	.text.unlikely	0x470	0x470	0x13974	R_AARCH64_CALL26	speed_test_set_reset_para	194	0	STT_FUNC	.text	0x12d54	0x0	speed_test_set_reset_para	0x12d54	init_module	0x2b4	0x1bc	symbol_size	0x8dc		direct_call_BL	0x94000000
.local/legacy-firmware/work/extract/stock-rootfs/lib/modules/5.4.55/speedtest.ko	2654ada906e418dc8320f4885996fda8ba4d4a6e06435220e5596cf7b8c94196	.rela.text.unlikely	189	.text.unlikely	0x8b8	0x8b8	0x13dbc	R_AARCH64_CALL26	npu_wifi_offload_get_dbg_counter_address	367	0	STT_FUNC	.text	0x10770	0x0	npu_wifi_offload_get_dbg_counter_address	0x10770	init_module	0x2b4	0x604	symbol_size	0x8dc		direct_call_BL	0x94000000
.local/legacy-firmware/work/extract/stock-rootfs/lib/modules/5.4.55/speedtest.ko	2654ada906e418dc8320f4885996fda8ba4d4a6e06435220e5596cf7b8c94196	.rela.eh_frame	41	.eh_frame	0x938	0x938	0x183e8	R_AARCH64_PREL32		1	0	STT_SECTION	.text	0x0	0x5c40	speed_test_reset	0x5c40							data_reference	
.local/legacy-firmware/work/extract/stock-rootfs/lib/modules/5.4.55/speedtest.ko	2654ada906e418dc8320f4885996fda8ba4d4a6e06435220e5596cf7b8c94196	.rela.eh_frame	120	.eh_frame	0x1c34	0x1c34	0x196e4	R_AARCH64_PREL32		1	0	STT_SECTION	.text	0x0	0x10770	npu_wifi_offload_get_dbg_counter_address	0x10770							data_reference	
.local/legacy-firmware/work/extract/stock-rootfs/lib/modules/5.4.55/speedtest.ko	2654ada906e418dc8320f4885996fda8ba4d4a6e06435220e5596cf7b8c94196	.rela.eh_frame	139	.eh_frame	0x21ec	0x21ec	0x19c9c	R_AARCH64_PREL32		1	0	STT_SECTION	.text	0x0	0x12d54	speed_test_set_reset_para	0x12d54							data_reference	
.local/legacy-firmware/work/extract/stock-rootfs/lib/modules/5.4.55/tccicmd.ko	9a0e081553d6d92ad198e8b346c28f97b63855dde181bde14f57575a2964ed45	.rela.text	101	.text	0xc44	0xc44	0xca4	R_AARCH64_CALL26	get_ecnt_npu_dev	129	1	STT_NOTYPE	SHN_UNDEF	0x0	0x0			unnamed@.text+0xb94	0xb94	0xb0	eh_frame_FDE	0xd58	0x2a4	direct_call_BL	0x94000000
.local/legacy-firmware/work/extract/stock-rootfs/lib/modules/5.4.55/tccicmd.ko	9a0e081553d6d92ad198e8b346c28f97b63855dde181bde14f57575a2964ed45	.rela.text	116	.text	0xd0c	0xd0c	0xd6c	R_AARCH64_CALL26	host_notify_npuMbox	109	1	STT_NOTYPE	SHN_UNDEF	0x0	0x0			unnamed@.text+0xb94	0xb94	0x178	eh_frame_FDE	0xd58	0x2a4	direct_call_BL	0x94000000
.local/legacy-firmware/work/extract/stock-rootfs/lib/modules/5.4.55/usb-storage.ko	47129d122443ed47088e328081d55d0229b2d7f93fa55ef6362b7edd1311843b	.rela.text	157	.text	0xab4	0xab4	0xb14	R_AARCH64_CALL26	usb_stor_port_reset	82	0	STT_FUNC	.text	0x22a0	0x0	usb_stor_port_reset	0x22a0	unnamed@.text+0xaa0	0xaa0	0x14	eh_frame_FDE	0xac8	0x168	direct_call_BL	0x94000000
.local/legacy-firmware/work/extract/stock-rootfs/lib/modules/5.4.55/usb-storage.ko	47129d122443ed47088e328081d55d0229b2d7f93fa55ef6362b7edd1311843b	.rela.text	172	.text	0xd80	0xd80	0xde0	R_AARCH64_CALL26	scsi_report_device_reset	128	1	STT_NOTYPE	SHN_UNDEF	0x0	0x0			usb_stor_report_device_reset	0xd60	0x20	symbol_size	0xdcc		direct_call_BL	0x94000000
.local/legacy-firmware/work/extract/stock-rootfs/lib/modules/5.4.55/usb-storage.ko	47129d122443ed47088e328081d55d0229b2d7f93fa55ef6362b7edd1311843b	.rela.text	173	.text	0xdac	0xdac	0xe0c	R_AARCH64_CALL26	scsi_report_device_reset	128	1	STT_NOTYPE	SHN_UNDEF	0x0	0x0			usb_stor_report_device_reset	0xd60	0x4c	symbol_size	0xdcc		direct_call_BL	0x94000000
.local/legacy-firmware/work/extract/stock-rootfs/lib/modules/5.4.55/usb-storage.ko	47129d122443ed47088e328081d55d0229b2d7f93fa55ef6362b7edd1311843b	.rela.text	174	.text	0xe18	0xe18	0xe78	R_AARCH64_CALL26	scsi_report_bus_reset	140	1	STT_NOTYPE	SHN_UNDEF	0x0	0x0			usb_stor_report_bus_reset	0xdd0	0x48	symbol_size	0xe48		direct_call_BL	0x94000000
.local/legacy-firmware/work/extract/stock-rootfs/lib/modules/5.4.55/usb-storage.ko	47129d122443ed47088e328081d55d0229b2d7f93fa55ef6362b7edd1311843b	.rela.text	209	.text	0x14d4	0x14d4	0x1534	R_AARCH64_CALL26	usb_reset_endpoint	206	1	STT_NOTYPE	SHN_UNDEF	0x0	0x0			usb_stor_clear_halt	0x1430	0xa4	symbol_size	0x14ec		direct_call_BL	0x94000000
.local/legacy-firmware/work/extract/stock-rootfs/lib/modules/5.4.55/usb-storage.ko	47129d122443ed47088e328081d55d0229b2d7f93fa55ef6362b7edd1311843b	.rela.text	250	.text	0x22c0	0x22c0	0x2320	R_AARCH64_CALL26	usb_lock_device_for_reset	186	1	STT_NOTYPE	SHN_UNDEF	0x0	0x0			usb_stor_port_reset	0x22a0	0x20	symbol_size	0x2310		direct_call_BL	0x94000000
.local/legacy-firmware/work/extract/stock-rootfs/lib/modules/5.4.55/usb-storage.ko	47129d122443ed47088e328081d55d0229b2d7f93fa55ef6362b7edd1311843b	.rela.text	252	.text	0x22f8	0x22f8	0x2358	R_AARCH64_CALL26	usb_reset_device	157	1	STT_NOTYPE	SHN_UNDEF	0x0	0x0			usb_stor_port_reset	0x22a0	0x58	symbol_size	0x2310		direct_call_BL	0x94000000
.local/legacy-firmware/work/extract/stock-rootfs/lib/modules/5.4.55/usb-storage.ko	47129d122443ed47088e328081d55d0229b2d7f93fa55ef6362b7edd1311843b	.rela.text	254	.text	0x2488	0x2488	0x24e8	R_AARCH64_CALL26	usb_stor_port_reset	82	0	STT_FUNC	.text	0x22a0	0x0	usb_stor_port_reset	0x22a0	usb_stor_invoke_transport	0x2310	0x178	symbol_size	0x28b4		direct_call_BL	0x94000000
.local/legacy-firmware/work/extract/stock-rootfs/lib/modules/5.4.55/usb-storage.ko	47129d122443ed47088e328081d55d0229b2d7f93fa55ef6362b7edd1311843b	.rela.text	258	.text	0x261c	0x261c	0x267c	R_AARCH64_CALL26	usb_stor_report_device_reset	115	0	STT_FUNC	.text	0xd60	0x0	usb_stor_report_device_reset	0xd60	usb_stor_invoke_transport	0x2310	0x30c	symbol_size	0x28b4		direct_call_BL	0x94000000
.local/legacy-firmware/work/extract/stock-rootfs/lib/modules/5.4.55/usb-storage.ko	47129d122443ed47088e328081d55d0229b2d7f93fa55ef6362b7edd1311843b	.rela.text	269	.text	0x298c	0x298c	0x29ec	R_AARCH64_CALL26	usb_stor_report_bus_reset	102	0	STT_FUNC	.text	0xdd0	0x0	usb_stor_report_bus_reset	0xdd0	usb_stor_reset_resume	0x2980	0xc	symbol_size	0x299c		direct_call_BL	0x94000000
.local/legacy-firmware/work/extract/stock-rootfs/lib/modules/5.4.55/usb-storage.ko	47129d122443ed47088e328081d55d0229b2d7f93fa55ef6362b7edd1311843b	.rela.text	270	.text	0x29b4	0x29b4	0x2a14	R_AARCH64_CALL26	usb_stor_report_bus_reset	102	0	STT_FUNC	.text	0xdd0	0x0	usb_stor_report_bus_reset	0xdd0	usb_stor_post_reset	0x29a0	0x14	symbol_size	0x29d0		direct_call_BL	0x94000000
.local/legacy-firmware/work/extract/stock-rootfs/lib/modules/5.4.55/usb-storage.ko	47129d122443ed47088e328081d55d0229b2d7f93fa55ef6362b7edd1311843b	.rela.text.unlikely	47	.text.unlikely	0x310	0x310	0x412c	R_AARCH64_ADR_PREL_PG_HI21	usb_stor_CB_reset	89	0	STT_FUNC	.text	0x1c00	0x0	usb_stor_CB_reset	0x1c00	usb_stor_probe1	0x0	0x310	symbol_size	0x45c		executable_reference	0x90000000
.local/legacy-firmware/work/extract/stock-rootfs/lib/modules/5.4.55/usb-storage.ko	47129d122443ed47088e328081d55d0229b2d7f93fa55ef6362b7edd1311843b	.rela.text.unlikely	48	.text.unlikely	0x318	0x318	0x4134	R_AARCH64_ADD_ABS_LO12_NC	usb_stor_CB_reset	89	0	STT_FUNC	.text	0x1c00	0x0	usb_stor_CB_reset	0x1c00	usb_stor_probe1	0x0	0x318	symbol_size	0x45c		executable_reference	0x91000000
.local/legacy-firmware/work/extract/stock-rootfs/lib/modules/5.4.55/usb-storage.ko	47129d122443ed47088e328081d55d0229b2d7f93fa55ef6362b7edd1311843b	.rela.text.unlikely	53	.text.unlikely	0x33c	0x33c	0x4158	R_AARCH64_ADR_PREL_PG_HI21	usb_stor_Bulk_reset	80	0	STT_FUNC	.text	0x1bd4	0x0	usb_stor_Bulk_reset	0x1bd4	usb_stor_probe1	0x0	0x33c	symbol_size	0x45c		executable_reference	0x90000000
.local/legacy-firmware/work/extract/stock-rootfs/lib/modules/5.4.55/usb-storage.ko	47129d122443ed47088e328081d55d0229b2d7f93fa55ef6362b7edd1311843b	.rela.text.unlikely	54	.text.unlikely	0x340	0x340	0x415c	R_AARCH64_ADD_ABS_LO12_NC	usb_stor_Bulk_reset	80	0	STT_FUNC	.text	0x1bd4	0x0	usb_stor_Bulk_reset	0x1bd4	usb_stor_probe1	0x0	0x340	symbol_size	0x45c		executable_reference	0x91000000
.local/legacy-firmware/work/extract/stock-rootfs/lib/modules/5.4.55/usb-storage.ko	47129d122443ed47088e328081d55d0229b2d7f93fa55ef6362b7edd1311843b	.rela__ksymtab_gpl	37	__ksymtab_gpl	0x24	0x24	0x4314	R_AARCH64_PREL32	usb_stor_CB_reset	89	0	STT_FUNC	.text	0x1c00	0x0	usb_stor_CB_reset	0x1c00							data_reference	
.local/legacy-firmware/work/extract/stock-rootfs/lib/modules/5.4.55/usb-storage.ko	47129d122443ed47088e328081d55d0229b2d7f93fa55ef6362b7edd1311843b	.rela__ksymtab_gpl	40	__ksymtab_gpl	0xc	0xc	0x42fc	R_AARCH64_PREL32	usb_stor_Bulk_reset	80	0	STT_FUNC	.text	0x1bd4	0x0	usb_stor_Bulk_reset	0x1bd4							data_reference	
.local/legacy-firmware/work/extract/stock-rootfs/lib/modules/5.4.55/usb-storage.ko	47129d122443ed47088e328081d55d0229b2d7f93fa55ef6362b7edd1311843b	.rela__ksymtab_gpl	49	__ksymtab_gpl	0xe4	0xe4	0x43d4	R_AARCH64_PREL32	usb_stor_reset_resume	93	0	STT_FUNC	.text	0x2980	0x0	usb_stor_reset_resume	0x2980							data_reference	
.local/legacy-firmware/work/extract/stock-rootfs/lib/modules/5.4.55/usb-storage.ko	47129d122443ed47088e328081d55d0229b2d7f93fa55ef6362b7edd1311843b	.rela__ksymtab_gpl	52	__ksymtab_gpl	0xc0	0xc0	0x43b0	R_AARCH64_PREL32	usb_stor_pre_reset	94	0	STT_FUNC	.text	0x28d0	0x0	usb_stor_pre_reset	0x28d0							data_reference	
.local/legacy-firmware/work/extract/stock-rootfs/lib/modules/5.4.55/usb-storage.ko	47129d122443ed47088e328081d55d0229b2d7f93fa55ef6362b7edd1311843b	.rela__ksymtab_gpl	55	__ksymtab_gpl	0xb4	0xb4	0x43a4	R_AARCH64_PREL32	usb_stor_post_reset	114	0	STT_FUNC	.text	0x29a0	0x0	usb_stor_post_reset	0x29a0							data_reference	
.local/legacy-firmware/work/extract/stock-rootfs/lib/modules/5.4.55/usb-storage.ko	47129d122443ed47088e328081d55d0229b2d7f93fa55ef6362b7edd1311843b	.rela.altinstructions	14	.altinstructions	0x54	0x54	0x61db	R_AARCH64_PREL32		1	0	STT_SECTION	.text	0x0	0xde8	usb_stor_report_bus_reset	0xde8							data_reference	
.local/legacy-firmware/work/extract/stock-rootfs/lib/modules/5.4.55/usb-storage.ko	47129d122443ed47088e328081d55d0229b2d7f93fa55ef6362b7edd1311843b	.rela.altinstructions	16	.altinstructions	0x60	0x60	0x61e7	R_AARCH64_PREL32		1	0	STT_SECTION	.text	0x0	0xe2c	usb_stor_report_bus_reset	0xe2c							data_reference	
.local/legacy-firmware/work/extract/stock-rootfs/lib/modules/5.4.55/usb-storage.ko	47129d122443ed47088e328081d55d0229b2d7f93fa55ef6362b7edd1311843b	.rela.eh_frame	13	.eh_frame	0x218	0x218	0xb3e8	R_AARCH64_PREL32		1	0	STT_SECTION	.text	0x0	0xd60	usb_stor_report_device_reset	0xd60							data_reference	
.local/legacy-firmware/work/extract/stock-rootfs/lib/modules/5.4.55/usb-storage.ko	47129d122443ed47088e328081d55d0229b2d7f93fa55ef6362b7edd1311843b	.rela.eh_frame	14	.eh_frame	0x23c	0x23c	0xb40c	R_AARCH64_PREL32		1	0	STT_SECTION	.text	0x0	0xdd0	usb_stor_report_bus_reset	0xdd0							data_reference	
.local/legacy-firmware/work/extract/stock-rootfs/lib/modules/5.4.55/usb-storage.ko	47129d122443ed47088e328081d55d0229b2d7f93fa55ef6362b7edd1311843b	.rela.eh_frame	31	.eh_frame	0x5d0	0x5d0	0xb7a0	R_AARCH64_PREL32		1	0	STT_SECTION	.text	0x0	0x1bd4	usb_stor_Bulk_reset	0x1bd4							data_reference	
.local/legacy-firmware/work/extract/stock-rootfs/lib/modules/5.4.55/usb-storage.ko	47129d122443ed47088e328081d55d0229b2d7f93fa55ef6362b7edd1311843b	.rela.eh_frame	32	.eh_frame	0x5f0	0x5f0	0xb7c0	R_AARCH64_PREL32		1	0	STT_SECTION	.text	0x0	0x1c00	usb_stor_CB_reset	0x1c00							data_reference	
.local/legacy-firmware/work/extract/stock-rootfs/lib/modules/5.4.55/usb-storage.ko	47129d122443ed47088e328081d55d0229b2d7f93fa55ef6362b7edd1311843b	.rela.eh_frame	38	.eh_frame	0x71c	0x71c	0xb8ec	R_AARCH64_PREL32		1	0	STT_SECTION	.text	0x0	0x22a0	usb_stor_port_reset	0x22a0							data_reference	
.local/legacy-firmware/work/extract/stock-rootfs/lib/modules/5.4.55/usb-storage.ko	47129d122443ed47088e328081d55d0229b2d7f93fa55ef6362b7edd1311843b	.rela.eh_frame	40	.eh_frame	0x824	0x824	0xb9f4	R_AARCH64_PREL32		1	0	STT_SECTION	.text	0x0	0x28d0	usb_stor_pre_reset	0x28d0							data_reference	
.local/legacy-firmware/work/extract/stock-rootfs/lib/modules/5.4.55/usb-storage.ko	47129d122443ed47088e328081d55d0229b2d7f93fa55ef6362b7edd1311843b	.rela.eh_frame	43	.eh_frame	0x88c	0x88c	0xba5c	R_AARCH64_PREL32		1	0	STT_SECTION	.text	0x0	0x2980	usb_stor_reset_resume	0x2980							data_reference	
.local/legacy-firmware/work/extract/stock-rootfs/lib/modules/5.4.55/usb-storage.ko	47129d122443ed47088e328081d55d0229b2d7f93fa55ef6362b7edd1311843b	.rela.eh_frame	44	.eh_frame	0x8ac	0x8ac	0xba7c	R_AARCH64_PREL32		1	0	STT_SECTION	.text	0x0	0x29a0	usb_stor_post_reset	0x29a0							data_reference	
.local/legacy-firmware/work/extract/stock-rootfs/lib/modules/5.4.55/usb-storage.ko	47129d122443ed47088e328081d55d0229b2d7f93fa55ef6362b7edd1311843b	.rela.data	9	.data	0xa0	0xa0	0xbf38	R_AARCH64_ABS64	usb_stor_reset_resume	93	0	STT_FUNC	.text	0x2980	0x0	usb_stor_reset_resume	0x2980							data_reference	
.local/legacy-firmware/work/extract/stock-rootfs/lib/modules/5.4.55/usb-storage.ko	47129d122443ed47088e328081d55d0229b2d7f93fa55ef6362b7edd1311843b	.rela.data	10	.data	0xa8	0xa8	0xbf40	R_AARCH64_ABS64	usb_stor_pre_reset	94	0	STT_FUNC	.text	0x28d0	0x0	usb_stor_pre_reset	0x28d0							data_reference	
.local/legacy-firmware/work/extract/stock-rootfs/lib/modules/5.4.55/usb-storage.ko	47129d122443ed47088e328081d55d0229b2d7f93fa55ef6362b7edd1311843b	.rela.data	11	.data	0xb0	0xb0	0xbf48	R_AARCH64_ABS64	usb_stor_post_reset	114	0	STT_FUNC	.text	0x29a0	0x0	usb_stor_post_reset	0x29a0							data_reference	
.local/legacy-firmware/work/extract/stock-rootfs/lib/modules/5.4.55/xpon.ko	2ab6770ce75db1323c7c717bd1d3454a8b18f80864efc6b5fe9b68edfb43e75c	.rela.text	472	.text	0x3568	0x3568	0x35c0	R_AARCH64_ADR_PREL_PG_HI21	gponRecovery	597	0	STT_OBJECT	.bss	0x2168	0x0		0x2168	unnamed@.text+0x3244	0x3244	0x324	eh_frame_FDE	0x8a1c	0xb40	executable_reference	0x90000000
.local/legacy-firmware/work/extract/stock-rootfs/lib/modules/5.4.55/xpon.ko	2ab6770ce75db1323c7c717bd1d3454a8b18f80864efc6b5fe9b68edfb43e75c	.rela.text	473	.text	0x356c	0x356c	0x35c4	R_AARCH64_ADD_ABS_LO12_NC	gponRecovery	597	0	STT_OBJECT	.bss	0x2168	0x0		0x2168	unnamed@.text+0x3244	0x3244	0x328	eh_frame_FDE	0x8a1c	0xb40	executable_reference	0x91000000
.local/legacy-firmware/work/extract/stock-rootfs/lib/modules/5.4.55/xpon.ko	2ab6770ce75db1323c7c717bd1d3454a8b18f80864efc6b5fe9b68edfb43e75c	.rela.text	474	.text	0x357c	0x357c	0x35d4	R_AARCH64_ADR_PREL_PG_HI21	gponRecovery	597	0	STT_OBJECT	.bss	0x2168	0x0		0x2168	unnamed@.text+0x3244	0x3244	0x338	eh_frame_FDE	0x8a1c	0xb40	executable_reference	0x90000000
.local/legacy-firmware/work/extract/stock-rootfs/lib/modules/5.4.55/xpon.ko	2ab6770ce75db1323c7c717bd1d3454a8b18f80864efc6b5fe9b68edfb43e75c	.rela.text	475	.text	0x3580	0x3580	0x35d8	R_AARCH64_ADD_ABS_LO12_NC	gponRecovery	597	0	STT_OBJECT	.bss	0x2168	0x0		0x2168	unnamed@.text+0x3244	0x3244	0x33c	eh_frame_FDE	0x8a1c	0xb40	executable_reference	0x91000000
.local/legacy-firmware/work/extract/stock-rootfs/lib/modules/5.4.55/xpon.ko	2ab6770ce75db1323c7c717bd1d3454a8b18f80864efc6b5fe9b68edfb43e75c	.rela.text	716	.text	0x3fb8	0x3fb8	0x4010	R_AARCH64_ADR_PREL_PG_HI21	no_epon_mac_reset	866	0	STT_OBJECT	.bss	0x31b8	0x0		0x31b8	unnamed@.text+0x3244	0x3244	0xd74	eh_frame_FDE	0x8a1c	0xb40	executable_reference	0x90000000
.local/legacy-firmware/work/extract/stock-rootfs/lib/modules/5.4.55/xpon.ko	2ab6770ce75db1323c7c717bd1d3454a8b18f80864efc6b5fe9b68edfb43e75c	.rela.text	717	.text	0x3fbc	0x3fbc	0x4014	R_AARCH64_ADD_ABS_LO12_NC	no_epon_mac_reset	866	0	STT_OBJECT	.bss	0x31b8	0x0		0x31b8	unnamed@.text+0x3244	0x3244	0xd78	eh_frame_FDE	0x8a1c	0xb40	executable_reference	0x91000000
.local/legacy-firmware/work/extract/stock-rootfs/lib/modules/5.4.55/xpon.ko	2ab6770ce75db1323c7c717bd1d3454a8b18f80864efc6b5fe9b68edfb43e75c	.rela.text	3514	.text	0xcf0c	0xcf0c	0xcf64	R_AARCH64_ADR_PREL_PG_HI21	gponRecovery	597	0	STT_OBJECT	.bss	0x2168	0x0		0x2168	xpon_exec_gem_recover	0xcf04	0x8	symbol_size	0xcf84		executable_reference	0x90000000
.local/legacy-firmware/work/extract/stock-rootfs/lib/modules/5.4.55/xpon.ko	2ab6770ce75db1323c7c717bd1d3454a8b18f80864efc6b5fe9b68edfb43e75c	.rela.text	3515	.text	0xcf10	0xcf10	0xcf68	R_AARCH64_ADD_ABS_LO12_NC	gponRecovery	597	0	STT_OBJECT	.bss	0x2168	0x0		0x2168	xpon_exec_gem_recover	0xcf04	0xc	symbol_size	0xcf84		executable_reference	0x91000000
.local/legacy-firmware/work/extract/stock-rootfs/lib/modules/5.4.55/xpon.ko	2ab6770ce75db1323c7c717bd1d3454a8b18f80864efc6b5fe9b68edfb43e75c	.rela.text	3526	.text	0xcf60	0xcf60	0xcfb8	R_AARCH64_CALL26	gpon_recover_create_gemport	925	0	STT_FUNC	.text	0x29f2c	0x0	gpon_recover_create_gemport	0x29f2c	xpon_exec_gem_recover	0xcf04	0x5c	symbol_size	0xcf84		direct_call_BL	0x94000000
.local/legacy-firmware/work/extract/stock-rootfs/lib/modules/5.4.55/xpon.ko	2ab6770ce75db1323c7c717bd1d3454a8b18f80864efc6b5fe9b68edfb43e75c	.rela.text	3761	.text	0xf7dc	0xf7dc	0xf834	R_AARCH64_CALL26	gponDevResetCtrl	400	0	STT_FUNC	.text	0x24f6c	0x0	gponDevResetCtrl	0x24f6c	handle_xpon_daemon_job_gpon_dev_reset	0xf754	0x88	symbol_size	0xf998		direct_call_BL	0x94000000
.local/legacy-firmware/work/extract/stock-rootfs/lib/modules/5.4.55/xpon.ko	2ab6770ce75db1323c7c717bd1d3454a8b18f80864efc6b5fe9b68edfb43e75c	.rela.text	3780	.text	0xf8cc	0xf8cc	0xf924	R_AARCH64_ADR_PREL_PG_HI21	gpon_dev_reset_with_o7_flag	525	0	STT_OBJECT	.bss	0x2144	0x0		0x2144	handle_xpon_daemon_job_gpon_dev_reset	0xf754	0x178	symbol_size	0xf998		executable_reference	0x90000000
.local/legacy-firmware/work/extract/stock-rootfs/lib/modules/5.4.55/xpon.ko	2ab6770ce75db1323c7c717bd1d3454a8b18f80864efc6b5fe9b68edfb43e75c	.rela.text	3781	.text	0xf8d0	0xf8d0	0xf928	R_AARCH64_ADD_ABS_LO12_NC	gpon_dev_reset_with_o7_flag	525	0	STT_OBJECT	.bss	0x2144	0x0		0x2144	handle_xpon_daemon_job_gpon_dev_reset	0xf754	0x17c	symbol_size	0xf998		executable_reference	0x91000000
.local/legacy-firmware/work/extract/stock-rootfs/lib/modules/5.4.55/xpon.ko	2ab6770ce75db1323c7c717bd1d3454a8b18f80864efc6b5fe9b68edfb43e75c	.rela.text	3782	.text	0xf8e0	0xf8e0	0xf938	R_AARCH64_ADR_PREL_PG_HI21	gpon_dev_reset_with_o7_flag	525	0	STT_OBJECT	.bss	0x2144	0x0		0x2144	handle_xpon_daemon_job_gpon_dev_reset	0xf754	0x18c	symbol_size	0xf998		executable_reference	0x90000000
.local/legacy-firmware/work/extract/stock-rootfs/lib/modules/5.4.55/xpon.ko	2ab6770ce75db1323c7c717bd1d3454a8b18f80864efc6b5fe9b68edfb43e75c	.rela.text	3783	.text	0xf8e4	0xf8e4	0xf93c	R_AARCH64_ADD_ABS_LO12_NC	gpon_dev_reset_with_o7_flag	525	0	STT_OBJECT	.bss	0x2144	0x0		0x2144	handle_xpon_daemon_job_gpon_dev_reset	0xf754	0x190	symbol_size	0xf998		executable_reference	0x91000000
.local/legacy-firmware/work/extract/stock-rootfs/lib/modules/5.4.55/xpon.ko	2ab6770ce75db1323c7c717bd1d3454a8b18f80864efc6b5fe9b68edfb43e75c	.rela.text	3795	.text	0xf9ec	0xf9ec	0xfa44	R_AARCH64_CALL26	handle_xpon_daemon_job_gpon_dev_reset	488	0	STT_FUNC	.text	0xf754	0x0	handle_xpon_daemon_job_gpon_dev_reset	0xf754	unnamed@.text+0xf998	0xf998	0x54	eh_frame_FDE	0xfa40	0x1ae4	direct_call_BL	0x94000000
.local/legacy-firmware/work/extract/stock-rootfs/lib/modules/5.4.55/xpon.ko	2ab6770ce75db1323c7c717bd1d3454a8b18f80864efc6b5fe9b68edfb43e75c	.rela.text	3953	.text	0x10cd4	0x10cd4	0x10d2c	R_AARCH64_CALL26	xpon_reset_qdma_tx_buf	463	0	STT_FUNC	.text	0x62120	0x0	xpon_reset_qdma_tx_buf	0x62120	unnamed@.text+0x10c94	0x10c94	0x40	eh_frame_FDE	0x10fc8	0x1f58	direct_call_BL	0x94000000
.local/legacy-firmware/work/extract/stock-rootfs/lib/modules/5.4.55/xpon.ko	2ab6770ce75db1323c7c717bd1d3454a8b18f80864efc6b5fe9b68edfb43e75c	.rela.text	3997	.text	0x10e20	0x10e20	0x10e78	R_AARCH64_CALL26	xpon_exec_gem_recover	579	0	STT_FUNC	.text	0xcf04	0x0	xpon_exec_gem_recover	0xcf04	unnamed@.text+0x10c94	0x10c94	0x18c	eh_frame_FDE	0x10fc8	0x1f58	direct_call_BL	0x94000000
.local/legacy-firmware/work/extract/stock-rootfs/lib/modules/5.4.55/xpon.ko	2ab6770ce75db1323c7c717bd1d3454a8b18f80864efc6b5fe9b68edfb43e75c	.rela.text	4418	.text	0x12604	0x12604	0x1265c	R_AARCH64_ADR_PREL_PG_HI21	gponRecovery	597	0	STT_OBJECT	.bss	0x2168	0x0		0x2168	unnamed@.text+0x1227c	0x1227c	0x388	eh_frame_FDE	0x12688	0x20d4	executable_reference	0x90000000
.local/legacy-firmware/work/extract/stock-rootfs/lib/modules/5.4.55/xpon.ko	2ab6770ce75db1323c7c717bd1d3454a8b18f80864efc6b5fe9b68edfb43e75c	.rela.text	4419	.text	0x12608	0x12608	0x12660	R_AARCH64_ADD_ABS_LO12_NC	gponRecovery	597	0	STT_OBJECT	.bss	0x2168	0x0		0x2168	unnamed@.text+0x1227c	0x1227c	0x38c	eh_frame_FDE	0x12688	0x20d4	executable_reference	0x91000000
.local/legacy-firmware/work/extract/stock-rootfs/lib/modules/5.4.55/xpon.ko	2ab6770ce75db1323c7c717bd1d3454a8b18f80864efc6b5fe9b68edfb43e75c	.rela.text	4424	.text	0x12628	0x12628	0x12680	R_AARCH64_ADR_PREL_PG_HI21	gponRecovery	597	0	STT_OBJECT	.bss	0x2168	0x0		0x2168	unnamed@.text+0x1227c	0x1227c	0x3ac	eh_frame_FDE	0x12688	0x20d4	executable_reference	0x90000001
.local/legacy-firmware/work/extract/stock-rootfs/lib/modules/5.4.55/xpon.ko	2ab6770ce75db1323c7c717bd1d3454a8b18f80864efc6b5fe9b68edfb43e75c	.rela.text	4425	.text	0x1262c	0x1262c	0x12684	R_AARCH64_ADD_ABS_LO12_NC	gponRecovery	597	0	STT_OBJECT	.bss	0x2168	0x0		0x2168	unnamed@.text+0x1227c	0x1227c	0x3b0	eh_frame_FDE	0x12688	0x20d4	executable_reference	0x91000021
.local/legacy-firmware/work/extract/stock-rootfs/lib/modules/5.4.55/xpon.ko	2ab6770ce75db1323c7c717bd1d3454a8b18f80864efc6b5fe9b68edfb43e75c	.rela.text	4426	.text	0x12634	0x12634	0x1268c	R_AARCH64_CALL26	gpon_recovery_init	516	0	STT_FUNC	.text	0x29580	0x0	gpon_recovery_init	0x29580	unnamed@.text+0x1227c	0x1227c	0x3b8	eh_frame_FDE	0x12688	0x20d4	direct_call_BL	0x94000000
.local/legacy-firmware/work/extract/stock-rootfs/lib/modules/5.4.55/xpon.ko	2ab6770ce75db1323c7c717bd1d3454a8b18f80864efc6b5fe9b68edfb43e75c	.rela.text	5975	.text	0x18ff0	0x18ff0	0x19048	R_AARCH64_ADR_PREL_PG_HI21	gpon_dev_and_phy_reset	508	0	STT_FUNC	.text	0x16cb8	0x0	gpon_dev_and_phy_reset	0x16cb8	ploam_init	0x18d34	0x2bc	symbol_size	0x19048		executable_reference	0x90000000
.local/legacy-firmware/work/extract/stock-rootfs/lib/modules/5.4.55/xpon.ko	2ab6770ce75db1323c7c717bd1d3454a8b18f80864efc6b5fe9b68edfb43e75c	.rela.text	5976	.text	0x18ff4	0x18ff4	0x1904c	R_AARCH64_ADD_ABS_LO12_NC	gpon_dev_and_phy_reset	508	0	STT_FUNC	.text	0x16cb8	0x0	gpon_dev_and_phy_reset	0x16cb8	ploam_init	0x18d34	0x2c0	symbol_size	0x19048		executable_reference	0x91000001
.local/legacy-firmware/work/extract/stock-rootfs/lib/modules/5.4.55/xpon.ko	2ab6770ce75db1323c7c717bd1d3454a8b18f80864efc6b5fe9b68edfb43e75c	.rela.text	6093	.text	0x1a29c	0x1a29c	0x1a2f4	R_AARCH64_ADR_PREL_PG_HI21	gpon_dev_reset_with_o7_flag	525	0	STT_OBJECT	.bss	0x2144	0x0		0x2144	gpon_disable_with_option	0x1a0f8	0x1a4	symbol_size	0x1a2c8		executable_reference	0x90000000
.local/legacy-firmware/work/extract/stock-rootfs/lib/modules/5.4.55/xpon.ko	2ab6770ce75db1323c7c717bd1d3454a8b18f80864efc6b5fe9b68edfb43e75c	.rela.text	6094	.text	0x1a2a0	0x1a2a0	0x1a2f8	R_AARCH64_ADD_ABS_LO12_NC	gpon_dev_reset_with_o7_flag	525	0	STT_OBJECT	.bss	0x2144	0x0		0x2144	gpon_disable_with_option	0x1a0f8	0x1a8	symbol_size	0x1a2c8		executable_reference	0x91000000
.local/legacy-firmware/work/extract/stock-rootfs/lib/modules/5.4.55/xpon.ko	2ab6770ce75db1323c7c717bd1d3454a8b18f80864efc6b5fe9b68edfb43e75c	.rela.text	6095	.text	0x1a2ac	0x1a2ac	0x1a304	R_AARCH64_CALL26	handle_xpon_daemon_job_gpon_dev_reset	488	0	STT_FUNC	.text	0xf754	0x0	handle_xpon_daemon_job_gpon_dev_reset	0xf754	gpon_disable_with_option	0x1a0f8	0x1b4	symbol_size	0x1a2c8		direct_call_BL	0x94000000
.local/legacy-firmware/work/extract/stock-rootfs/lib/modules/5.4.55/xpon.ko	2ab6770ce75db1323c7c717bd1d3454a8b18f80864efc6b5fe9b68edfb43e75c	.rela.text	6096	.text	0x1a2b8	0x1a2b8	0x1a310	R_AARCH64_CALL26	schedule_gpon_dev_reset	417	0	STT_FUNC	.text	0x1a040	0x0	schedule_gpon_dev_reset	0x1a040	gpon_disable_with_option	0x1a0f8	0x1c0	symbol_size	0x1a2c8		direct_call_BL	0x94000000
.local/legacy-firmware/work/extract/stock-rootfs/lib/modules/5.4.55/xpon.ko	2ab6770ce75db1323c7c717bd1d3454a8b18f80864efc6b5fe9b68edfb43e75c	.rela.text	6103	.text	0x1a334	0x1a334	0x1a38c	R_AARCH64_CALL26	gponDevResetCtrl	400	0	STT_FUNC	.text	0x24f6c	0x0	gponDevResetCtrl	0x24f6c	gpon_enable	0x1a2c8	0x6c	symbol_size	0x1a498		direct_call_BL	0x94000000
.local/legacy-firmware/work/extract/stock-rootfs/lib/modules/5.4.55/xpon.ko	2ab6770ce75db1323c7c717bd1d3454a8b18f80864efc6b5fe9b68edfb43e75c	.rela.text	6186	.text	0x1a780	0x1a780	0x1a7d8	R_AARCH64_CALL26	gponDevResetCtrl	400	0	STT_FUNC	.text	0x24f6c	0x0	gponDevResetCtrl	0x24f6c	gpon_detect_phy_ready	0x1a6a0	0xe0	symbol_size	0x1a7f4		direct_call_BL	0x94000000
.local/legacy-firmware/work/extract/stock-rootfs/lib/modules/5.4.55/xpon.ko	2ab6770ce75db1323c7c717bd1d3454a8b18f80864efc6b5fe9b68edfb43e75c	.rela.text	6214	.text	0x1a8b4	0x1a8b4	0x1a90c	R_AARCH64_CALL26	gponDevResetCtrl	400	0	STT_FUNC	.text	0x24f6c	0x0	gponDevResetCtrl	0x24f6c	gpon_typeb_dev_reset	0x1a824	0x90	symbol_size	0x1a970		direct_call_BL	0x94000000
.local/legacy-firmware/work/extract/stock-rootfs/lib/modules/5.4.55/xpon.ko	2ab6770ce75db1323c7c717bd1d3454a8b18f80864efc6b5fe9b68edfb43e75c	.rela.text	6316	.text	0x1ade0	0x1ade0	0x1ae38	R_AARCH64_CALL26	gpon_typeb_dev_reset_for_typeB	631	0	STT_FUNC	.text	0x25b98	0x0	gpon_typeb_dev_reset_for_typeB	0x25b98	gpon_detect_los_lof	0x1ab04	0x2dc	symbol_size	0x1ae18		direct_call_BL	0x94000000
.local/legacy-firmware/work/extract/stock-rootfs/lib/modules/5.4.55/xpon.ko	2ab6770ce75db1323c7c717bd1d3454a8b18f80864efc6b5fe9b68edfb43e75c	.rela.text	8635	.text	0x23cd8	0x23cd8	0x23d30	R_AARCH64_CALL26	gponDevResetGemInfo	500	0	STT_FUNC	.text	0x1e934	0x0	gponDevResetGemInfo	0x1e934	gponDevDeactiveOnu	0x23c30	0xa8	symbol_size	0x23ce8		direct_call_BL	0x94000000
.local/legacy-firmware/work/extract/stock-rootfs/lib/modules/5.4.55/xpon.ko	2ab6770ce75db1323c7c717bd1d3454a8b18f80864efc6b5fe9b68edfb43e75c	.rela.text	8870	.text	0x25180	0x25180	0x251d8	R_AARCH64_CALL26	gponDevSwReset	853	0	STT_FUNC	.text	0x20344	0x0	gponDevSwReset	0x20344	gponDevResetCtrl	0x24f6c	0x214	symbol_size	0x25258		direct_call_BL	0x94000000
.local/legacy-firmware/work/extract/stock-rootfs/lib/modules/5.4.55/xpon.ko	2ab6770ce75db1323c7c717bd1d3454a8b18f80864efc6b5fe9b68edfb43e75c	.rela.text	9098	.text	0x25ee4	0x25ee4	0x25f3c	R_AARCH64_CALL26	gponDevSwReset	853	0	STT_FUNC	.text	0x20344	0x0	gponDevSwReset	0x20344	gpon_typeb_dev_reset_for_typeB	0x25b98	0x34c	symbol_size	0x26030		direct_call_BL	0x94000000
.local/legacy-firmware/work/extract/stock-rootfs/lib/modules/5.4.55/xpon.ko	2ab6770ce75db1323c7c717bd1d3454a8b18f80864efc6b5fe9b68edfb43e75c	.rela.text	9210	.text	0x26938	0x26938	0x26990	R_AARCH64_CALL26	gponDevResetCtrl	400	0	STT_FUNC	.text	0x24f6c	0x0	gponDevResetCtrl	0x24f6c	gpon_dvt_gemport	0x26920	0x18	symbol_size	0x26bb4		direct_call_BL	0x94000000
.local/legacy-firmware/work/extract/stock-rootfs/lib/modules/5.4.55/xpon.ko	2ab6770ce75db1323c7c717bd1d3454a8b18f80864efc6b5fe9b68edfb43e75c	.rela.text	9231	.text	0x26bd4	0x26bd4	0x26c2c	R_AARCH64_CALL26	gponDevResetCtrl	400	0	STT_FUNC	.text	0x24f6c	0x0	gponDevResetCtrl	0x24f6c	gpon_index_table	0x26bb4	0x20	symbol_size	0x26e54		direct_call_BL	0x94000000
.local/legacy-firmware/work/extract/stock-rootfs/lib/modules/5.4.55/xpon.ko	2ab6770ce75db1323c7c717bd1d3454a8b18f80864efc6b5fe9b68edfb43e75c	.rela.text	9865	.text	0x28cb4	0x28cb4	0x28d0c	R_AARCH64_CALL26	gponDevSwReset	853	0	STT_FUNC	.text	0x20344	0x0	gponDevSwReset	0x20344	gpon_dvt_sw_reset	0x28c38	0x7c	symbol_size	0x28d34		direct_call_BL	0x94000000
.local/legacy-firmware/work/extract/stock-rootfs/lib/modules/5.4.55/xpon.ko	2ab6770ce75db1323c7c717bd1d3454a8b18f80864efc6b5fe9b68edfb43e75c	.rela.text	10019	.text	0x29418	0x29418	0x29470	R_AARCH64_ADR_PREL_PG_HI21	gponRecovery	597	0	STT_OBJECT	.bss	0x2168	0x0		0x2168	unnamed@.text+0x293f4	0x293f4	0x24	eh_frame_FDE	0x2945c	0x4e3c	executable_reference	0x90000000
.local/legacy-firmware/work/extract/stock-rootfs/lib/modules/5.4.55/xpon.ko	2ab6770ce75db1323c7c717bd1d3454a8b18f80864efc6b5fe9b68edfb43e75c	.rela.text	10020	.text	0x2941c	0x2941c	0x29474	R_AARCH64_ADD_ABS_LO12_NC	gponRecovery	597	0	STT_OBJECT	.bss	0x2168	0x0		0x2168	unnamed@.text+0x293f4	0x293f4	0x28	eh_frame_FDE	0x2945c	0x4e3c	executable_reference	0x91000000
.local/legacy-firmware/work/extract/stock-rootfs/lib/modules/5.4.55/xpon.ko	2ab6770ce75db1323c7c717bd1d3454a8b18f80864efc6b5fe9b68edfb43e75c	.rela.text	10029	.text	0x29474	0x29474	0x294cc	R_AARCH64_ADR_PREL_PG_HI21	gponRecovery	597	0	STT_OBJECT	.bss	0x2168	0x0		0x2168	unnamed@.text+0x2945c	0x2945c	0x18	eh_frame_FDE	0x294dc	0x4e5c	executable_reference	0x90000000
.local/legacy-firmware/work/extract/stock-rootfs/lib/modules/5.4.55/xpon.ko	2ab6770ce75db1323c7c717bd1d3454a8b18f80864efc6b5fe9b68edfb43e75c	.rela.text	10030	.text	0x29478	0x29478	0x294d0	R_AARCH64_ADD_ABS_LO12_NC	gponRecovery	597	0	STT_OBJECT	.bss	0x2168	0x0		0x2168	unnamed@.text+0x2945c	0x2945c	0x1c	eh_frame_FDE	0x294dc	0x4e5c	executable_reference	0x91000000
.local/legacy-firmware/work/extract/stock-rootfs/lib/modules/5.4.55/xpon.ko	2ab6770ce75db1323c7c717bd1d3454a8b18f80864efc6b5fe9b68edfb43e75c	.rela.text	10031	.text	0x29498	0x29498	0x294f0	R_AARCH64_ADR_PREL_PG_HI21	gponRecovery	597	0	STT_OBJECT	.bss	0x2168	0x0		0x2168	unnamed@.text+0x2945c	0x2945c	0x3c	eh_frame_FDE	0x294dc	0x4e5c	executable_reference	0x90000000
.local/legacy-firmware/work/extract/stock-rootfs/lib/modules/5.4.55/xpon.ko	2ab6770ce75db1323c7c717bd1d3454a8b18f80864efc6b5fe9b68edfb43e75c	.rela.text	10032	.text	0x2949c	0x2949c	0x294f4	R_AARCH64_ADD_ABS_LO12_NC	gponRecovery	597	0	STT_OBJECT	.bss	0x2168	0x0		0x2168	unnamed@.text+0x2945c	0x2945c	0x40	eh_frame_FDE	0x294dc	0x4e5c	executable_reference	0x91000000
.local/legacy-firmware/work/extract/stock-rootfs/lib/modules/5.4.55/xpon.ko	2ab6770ce75db1323c7c717bd1d3454a8b18f80864efc6b5fe9b68edfb43e75c	.rela.text	10033	.text	0x294b8	0x294b8	0x29510	R_AARCH64_ADR_PREL_PG_HI21	gponRecovery	597	0	STT_OBJECT	.bss	0x2168	0x0		0x2168	unnamed@.text+0x2945c	0x2945c	0x5c	eh_frame_FDE	0x294dc	0x4e5c	executable_reference	0x90000000
.local/legacy-firmware/work/extract/stock-rootfs/lib/modules/5.4.55/xpon.ko	2ab6770ce75db1323c7c717bd1d3454a8b18f80864efc6b5fe9b68edfb43e75c	.rela.text	10034	.text	0x294bc	0x294bc	0x29514	R_AARCH64_ADD_ABS_LO12_NC	gponRecovery	597	0	STT_OBJECT	.bss	0x2168	0x0		0x2168	unnamed@.text+0x2945c	0x2945c	0x60	eh_frame_FDE	0x294dc	0x4e5c	executable_reference	0x91000000
.local/legacy-firmware/work/extract/stock-rootfs/lib/modules/5.4.55/xpon.ko	2ab6770ce75db1323c7c717bd1d3454a8b18f80864efc6b5fe9b68edfb43e75c	.rela.text	10035	.text	0x294f4	0x294f4	0x2954c	R_AARCH64_ADR_PREL_PG_HI21	gponRecovery	597	0	STT_OBJECT	.bss	0x2168	0x0		0x2168	unnamed@.text+0x294dc	0x294dc	0x18	eh_frame_FDE	0x29580	0x4e74	executable_reference	0x90000000
.local/legacy-firmware/work/extract/stock-rootfs/lib/modules/5.4.55/xpon.ko	2ab6770ce75db1323c7c717bd1d3454a8b18f80864efc6b5fe9b68edfb43e75c	.rela.text	10036	.text	0x294f8	0x294f8	0x29550	R_AARCH64_ADD_ABS_LO12_NC	gponRecovery	597	0	STT_OBJECT	.bss	0x2168	0x0		0x2168	unnamed@.text+0x294dc	0x294dc	0x1c	eh_frame_FDE	0x29580	0x4e74	executable_reference	0x91000002
.local/legacy-firmware/work/extract/stock-rootfs/lib/modules/5.4.55/xpon.ko	2ab6770ce75db1323c7c717bd1d3454a8b18f80864efc6b5fe9b68edfb43e75c	.rela.text	10037	.text	0x2953c	0x2953c	0x29594	R_AARCH64_ADR_PREL_PG_HI21	gponRecovery	597	0	STT_OBJECT	.bss	0x2168	0x0		0x2168	unnamed@.text+0x294dc	0x294dc	0x60	eh_frame_FDE	0x29580	0x4e74	executable_reference	0x90000000
.local/legacy-firmware/work/extract/stock-rootfs/lib/modules/5.4.55/xpon.ko	2ab6770ce75db1323c7c717bd1d3454a8b18f80864efc6b5fe9b68edfb43e75c	.rela.text	10038	.text	0x29540	0x29540	0x29598	R_AARCH64_ADD_ABS_LO12_NC	gponRecovery	597	0	STT_OBJECT	.bss	0x2168	0x0		0x2168	unnamed@.text+0x294dc	0x294dc	0x64	eh_frame_FDE	0x29580	0x4e74	executable_reference	0x91000000
.local/legacy-firmware/work/extract/stock-rootfs/lib/modules/5.4.55/xpon.ko	2ab6770ce75db1323c7c717bd1d3454a8b18f80864efc6b5fe9b68edfb43e75c	.rela.text	10039	.text	0x2955c	0x2955c	0x295b4	R_AARCH64_ADR_PREL_PG_HI21	gponRecovery	597	0	STT_OBJECT	.bss	0x2168	0x0		0x2168	unnamed@.text+0x294dc	0x294dc	0x80	eh_frame_FDE	0x29580	0x4e74	executable_reference	0x90000000
.local/legacy-firmware/work/extract/stock-rootfs/lib/modules/5.4.55/xpon.ko	2ab6770ce75db1323c7c717bd1d3454a8b18f80864efc6b5fe9b68edfb43e75c	.rela.text	10040	.text	0x29560	0x29560	0x295b8	R_AARCH64_ADD_ABS_LO12_NC	gponRecovery	597	0	STT_OBJECT	.bss	0x2168	0x0		0x2168	unnamed@.text+0x294dc	0x294dc	0x84	eh_frame_FDE	0x29580	0x4e74	executable_reference	0x91000000
.local/legacy-firmware/work/extract/stock-rootfs/lib/modules/5.4.55/xpon.ko	2ab6770ce75db1323c7c717bd1d3454a8b18f80864efc6b5fe9b68edfb43e75c	.rela.text	10041	.text	0x29584	0x29584	0x295dc	R_AARCH64_ADR_PREL_PG_HI21	gponRecovery	597	0	STT_OBJECT	.bss	0x2168	0x0		0x2168	gpon_recovery_init	0x29580	0x4	symbol_size	0x295e8		executable_reference	0x90000000
.local/legacy-firmware/work/extract/stock-rootfs/lib/modules/5.4.55/xpon.ko	2ab6770ce75db1323c7c717bd1d3454a8b18f80864efc6b5fe9b68edfb43e75c	.rela.text	10042	.text	0x29588	0x29588	0x295e0	R_AARCH64_ADD_ABS_LO12_NC	gponRecovery	597	0	STT_OBJECT	.bss	0x2168	0x0		0x2168	gpon_recovery_init	0x29580	0x8	symbol_size	0x295e8		executable_reference	0x91000000
.local/legacy-firmware/work/extract/stock-rootfs/lib/modules/5.4.55/xpon.ko	2ab6770ce75db1323c7c717bd1d3454a8b18f80864efc6b5fe9b68edfb43e75c	.rela.text	10043	.text	0x29590	0x29590	0x295e8	R_AARCH64_ADR_PREL_PG_HI21	gponRecovery	597	0	STT_OBJECT	.bss	0x2168	0x0		0x2168	gpon_recovery_init	0x29580	0x10	symbol_size	0x295e8		executable_reference	0x90000000
.local/legacy-firmware/work/extract/stock-rootfs/lib/modules/5.4.55/xpon.ko	2ab6770ce75db1323c7c717bd1d3454a8b18f80864efc6b5fe9b68edfb43e75c	.rela.text	10044	.text	0x29594	0x29594	0x295ec	R_AARCH64_ADD_ABS_LO12_NC	gponRecovery	597	0	STT_OBJECT	.bss	0x2168	0x0		0x2168	gpon_recovery_init	0x29580	0x14	symbol_size	0x295e8		executable_reference	0x91000000
.local/legacy-firmware/work/extract/stock-rootfs/lib/modules/5.4.55/xpon.ko	2ab6770ce75db1323c7c717bd1d3454a8b18f80864efc6b5fe9b68edfb43e75c	.rela.text	10045	.text	0x295a4	0x295a4	0x295fc	R_AARCH64_ADR_PREL_PG_HI21	gponRecovery	597	0	STT_OBJECT	.bss	0x2168	0x0		0x2168	gpon_recovery_init	0x29580	0x24	symbol_size	0x295e8		executable_reference	0x90000000
.local/legacy-firmware/work/extract/stock-rootfs/lib/modules/5.4.55/xpon.ko	2ab6770ce75db1323c7c717bd1d3454a8b18f80864efc6b5fe9b68edfb43e75c	.rela.text	10046	.text	0x295a8	0x295a8	0x29600	R_AARCH64_ADD_ABS_LO12_NC	gponRecovery	597	0	STT_OBJECT	.bss	0x2168	0x0		0x2168	gpon_recovery_init	0x29580	0x28	symbol_size	0x295e8		executable_reference	0x91000000
.local/legacy-firmware/work/extract/stock-rootfs/lib/modules/5.4.55/xpon.ko	2ab6770ce75db1323c7c717bd1d3454a8b18f80864efc6b5fe9b68edfb43e75c	.rela.text	10047	.text	0x295d0	0x295d0	0x29628	R_AARCH64_ADR_PREL_PG_HI21	gponRecovery	597	0	STT_OBJECT	.bss	0x2168	0x0		0x2168	gpon_recovery_init	0x29580	0x50	symbol_size	0x295e8		executable_reference	0x90000000
.local/legacy-firmware/work/extract/stock-rootfs/lib/modules/5.4.55/xpon.ko	2ab6770ce75db1323c7c717bd1d3454a8b18f80864efc6b5fe9b68edfb43e75c	.rela.text	10048	.text	0x295d4	0x295d4	0x2962c	R_AARCH64_ADD_ABS_LO12_NC	gponRecovery	597	0	STT_OBJECT	.bss	0x2168	0x0		0x2168	gpon_recovery_init	0x29580	0x54	symbol_size	0x295e8		executable_reference	0x91000000
.local/legacy-firmware/work/extract/stock-rootfs/lib/modules/5.4.55/xpon.ko	2ab6770ce75db1323c7c717bd1d3454a8b18f80864efc6b5fe9b68edfb43e75c	.rela.text	10049	.text	0x2960c	0x2960c	0x29664	R_AARCH64_ADR_PREL_PG_HI21	gponRecovery	597	0	STT_OBJECT	.bss	0x2168	0x0		0x2168	gpon_recover_backup_allocId	0x295e8	0x24	symbol_size	0x296a4		executable_reference	0x90000000
.local/legacy-firmware/work/extract/stock-rootfs/lib/modules/5.4.55/xpon.ko	2ab6770ce75db1323c7c717bd1d3454a8b18f80864efc6b5fe9b68edfb43e75c	.rela.text	10050	.text	0x29610	0x29610	0x29668	R_AARCH64_ADD_ABS_LO12_NC	gponRecovery	597	0	STT_OBJECT	.bss	0x2168	0x0		0x2168	gpon_recover_backup_allocId	0x295e8	0x28	symbol_size	0x296a4		executable_reference	0x91000000
.local/legacy-firmware/work/extract/stock-rootfs/lib/modules/5.4.55/xpon.ko	2ab6770ce75db1323c7c717bd1d3454a8b18f80864efc6b5fe9b68edfb43e75c	.rela.text	10051	.text	0x2961c	0x2961c	0x29674	R_AARCH64_ADR_PREL_PG_HI21	gponRecovery	597	0	STT_OBJECT	.bss	0x2168	0x0		0x2168	gpon_recover_backup_allocId	0x295e8	0x34	symbol_size	0x296a4		executable_reference	0x90000000
.local/legacy-firmware/work/extract/stock-rootfs/lib/modules/5.4.55/xpon.ko	2ab6770ce75db1323c7c717bd1d3454a8b18f80864efc6b5fe9b68edfb43e75c	.rela.text	10052	.text	0x29620	0x29620	0x29678	R_AARCH64_ADD_ABS_LO12_NC	gponRecovery	597	0	STT_OBJECT	.bss	0x2168	0x0		0x2168	gpon_recover_backup_allocId	0x295e8	0x38	symbol_size	0x296a4		executable_reference	0x91000000
.local/legacy-firmware/work/extract/stock-rootfs/lib/modules/5.4.55/xpon.ko	2ab6770ce75db1323c7c717bd1d3454a8b18f80864efc6b5fe9b68edfb43e75c	.rela.text	10053	.text	0x2962c	0x2962c	0x29684	R_AARCH64_ADR_PREL_PG_HI21	gponRecovery	597	0	STT_OBJECT	.bss	0x2168	0x0		0x2168	gpon_recover_backup_allocId	0x295e8	0x44	symbol_size	0x296a4		executable_reference	0x90000000
.local/legacy-firmware/work/extract/stock-rootfs/lib/modules/5.4.55/xpon.ko	2ab6770ce75db1323c7c717bd1d3454a8b18f80864efc6b5fe9b68edfb43e75c	.rela.text	10054	.text	0x29630	0x29630	0x29688	R_AARCH64_ADD_ABS_LO12_NC	gponRecovery	597	0	STT_OBJECT	.bss	0x2168	0x0		0x2168	gpon_recover_backup_allocId	0x295e8	0x48	symbol_size	0x296a4		executable_reference	0x91000000
.local/legacy-firmware/work/extract/stock-rootfs/lib/modules/5.4.55/xpon.ko	2ab6770ce75db1323c7c717bd1d3454a8b18f80864efc6b5fe9b68edfb43e75c	.rela.text	10060	.text	0x29658	0x29658	0x296b0	R_AARCH64_ADR_PREL_PG_HI21	gponRecovery	597	0	STT_OBJECT	.bss	0x2168	0x0		0x2168	gpon_recover_backup_allocId	0x295e8	0x70	symbol_size	0x296a4		executable_reference	0x90000000
.local/legacy-firmware/work/extract/stock-rootfs/lib/modules/5.4.55/xpon.ko	2ab6770ce75db1323c7c717bd1d3454a8b18f80864efc6b5fe9b68edfb43e75c	.rela.text	10061	.text	0x2965c	0x2965c	0x296b4	R_AARCH64_ADD_ABS_LO12_NC	gponRecovery	597	0	STT_OBJECT	.bss	0x2168	0x0		0x2168	gpon_recover_backup_allocId	0x295e8	0x74	symbol_size	0x296a4		executable_reference	0x91000000
.local/legacy-firmware/work/extract/stock-rootfs/lib/modules/5.4.55/xpon.ko	2ab6770ce75db1323c7c717bd1d3454a8b18f80864efc6b5fe9b68edfb43e75c	.rela.text	10065	.text	0x2967c	0x2967c	0x296d4	R_AARCH64_ADR_PREL_PG_HI21	gponRecovery	597	0	STT_OBJECT	.bss	0x2168	0x0		0x2168	gpon_recover_backup_allocId	0x295e8	0x94	symbol_size	0x296a4		executable_reference	0x90000000
.local/legacy-firmware/work/extract/stock-rootfs/lib/modules/5.4.55/xpon.ko	2ab6770ce75db1323c7c717bd1d3454a8b18f80864efc6b5fe9b68edfb43e75c	.rela.text	10066	.text	0x29680	0x29680	0x296d8	R_AARCH64_ADD_ABS_LO12_NC	gponRecovery	597	0	STT_OBJECT	.bss	0x2168	0x0		0x2168	gpon_recover_backup_allocId	0x295e8	0x98	symbol_size	0x296a4		executable_reference	0x91000000
.local/legacy-firmware/work/extract/stock-rootfs/lib/modules/5.4.55/xpon.ko	2ab6770ce75db1323c7c717bd1d3454a8b18f80864efc6b5fe9b68edfb43e75c	.rela.text	10067	.text	0x2968c	0x2968c	0x296e4	R_AARCH64_ADR_PREL_PG_HI21	gponRecovery	597	0	STT_OBJECT	.bss	0x2168	0x0		0x2168	gpon_recover_backup_allocId	0x295e8	0xa4	symbol_size	0x296a4		executable_reference	0x90000000
.local/legacy-firmware/work/extract/stock-rootfs/lib/modules/5.4.55/xpon.ko	2ab6770ce75db1323c7c717bd1d3454a8b18f80864efc6b5fe9b68edfb43e75c	.rela.text	10068	.text	0x29690	0x29690	0x296e8	R_AARCH64_ADD_ABS_LO12_NC	gponRecovery	597	0	STT_OBJECT	.bss	0x2168	0x0		0x2168	gpon_recover_backup_allocId	0x295e8	0xa8	symbol_size	0x296a4		executable_reference	0x91000000
.local/legacy-firmware/work/extract/stock-rootfs/lib/modules/5.4.55/xpon.ko	2ab6770ce75db1323c7c717bd1d3454a8b18f80864efc6b5fe9b68edfb43e75c	.rela.text	10069	.text	0x296bc	0x296bc	0x29714	R_AARCH64_ADR_PREL_PG_HI21	gponRecovery	597	0	STT_OBJECT	.bss	0x2168	0x0		0x2168	gpon_recover_create_allocId	0x296a4	0x18	symbol_size	0x29768		executable_reference	0x90000000
.local/legacy-firmware/work/extract/stock-rootfs/lib/modules/5.4.55/xpon.ko	2ab6770ce75db1323c7c717bd1d3454a8b18f80864efc6b5fe9b68edfb43e75c	.rela.text	10070	.text	0x296c0	0x296c0	0x29718	R_AARCH64_ADD_ABS_LO12_NC	gponRecovery	597	0	STT_OBJECT	.bss	0x2168	0x0		0x2168	gpon_recover_create_allocId	0x296a4	0x1c	symbol_size	0x29768		executable_reference	0x91000000
.local/legacy-firmware/work/extract/stock-rootfs/lib/modules/5.4.55/xpon.ko	2ab6770ce75db1323c7c717bd1d3454a8b18f80864efc6b5fe9b68edfb43e75c	.rela.text	10072	.text	0x296e8	0x296e8	0x29740	R_AARCH64_ADR_PREL_PG_HI21	gponRecovery	597	0	STT_OBJECT	.bss	0x2168	0x0		0x2168	gpon_recover_create_allocId	0x296a4	0x44	symbol_size	0x29768		executable_reference	0x90000000
.local/legacy-firmware/work/extract/stock-rootfs/lib/modules/5.4.55/xpon.ko	2ab6770ce75db1323c7c717bd1d3454a8b18f80864efc6b5fe9b68edfb43e75c	.rela.text	10073	.text	0x296ec	0x296ec	0x29744	R_AARCH64_ADD_ABS_LO12_NC	gponRecovery	597	0	STT_OBJECT	.bss	0x2168	0x0		0x2168	gpon_recover_create_allocId	0x296a4	0x48	symbol_size	0x29768		executable_reference	0x91000000
.local/legacy-firmware/work/extract/stock-rootfs/lib/modules/5.4.55/xpon.ko	2ab6770ce75db1323c7c717bd1d3454a8b18f80864efc6b5fe9b68edfb43e75c	.rela.text	10079	.text	0x29714	0x29714	0x2976c	R_AARCH64_ADR_PREL_PG_HI21	gponRecovery	597	0	STT_OBJECT	.bss	0x2168	0x0		0x2168	gpon_recover_create_allocId	0x296a4	0x70	symbol_size	0x29768		executable_reference	0x90000000
.local/legacy-firmware/work/extract/stock-rootfs/lib/modules/5.4.55/xpon.ko	2ab6770ce75db1323c7c717bd1d3454a8b18f80864efc6b5fe9b68edfb43e75c	.rela.text	10080	.text	0x29718	0x29718	0x29770	R_AARCH64_ADD_ABS_LO12_NC	gponRecovery	597	0	STT_OBJECT	.bss	0x2168	0x0		0x2168	gpon_recover_create_allocId	0x296a4	0x74	symbol_size	0x29768		executable_reference	0x91000000
.local/legacy-firmware/work/extract/stock-rootfs/lib/modules/5.4.55/xpon.ko	2ab6770ce75db1323c7c717bd1d3454a8b18f80864efc6b5fe9b68edfb43e75c	.rela.text	10084	.text	0x29744	0x29744	0x2979c	R_AARCH64_ADR_PREL_PG_HI21	gponRecovery	597	0	STT_OBJECT	.bss	0x2168	0x0		0x2168	gpon_recover_create_allocId	0x296a4	0xa0	symbol_size	0x29768		executable_reference	0x90000000
.local/legacy-firmware/work/extract/stock-rootfs/lib/modules/5.4.55/xpon.ko	2ab6770ce75db1323c7c717bd1d3454a8b18f80864efc6b5fe9b68edfb43e75c	.rela.text	10085	.text	0x29748	0x29748	0x297a0	R_AARCH64_ADD_ABS_LO12_NC	gponRecovery	597	0	STT_OBJECT	.bss	0x2168	0x0		0x2168	gpon_recover_create_allocId	0x296a4	0xa4	symbol_size	0x29768		executable_reference	0x91000000
.local/legacy-firmware/work/extract/stock-rootfs/lib/modules/5.4.55/xpon.ko	2ab6770ce75db1323c7c717bd1d3454a8b18f80864efc6b5fe9b68edfb43e75c	.rela.text	10086	.text	0x29778	0x29778	0x297d0	R_AARCH64_ADR_PREL_PG_HI21	gponRecovery	597	0	STT_OBJECT	.bss	0x2168	0x80		0x21e8	gpon_recover_delete_allocId	0x29768	0x10	symbol_size	0x298ec		executable_reference	0x90000000
.local/legacy-firmware/work/extract/stock-rootfs/lib/modules/5.4.55/xpon.ko	2ab6770ce75db1323c7c717bd1d3454a8b18f80864efc6b5fe9b68edfb43e75c	.rela.text	10087	.text	0x2977c	0x2977c	0x297d4	R_AARCH64_ADD_ABS_LO12_NC	gponRecovery	597	0	STT_OBJECT	.bss	0x2168	0x80		0x21e8	gpon_recover_delete_allocId	0x29768	0x14	symbol_size	0x298ec		executable_reference	0x91000000
.local/legacy-firmware/work/extract/stock-rootfs/lib/modules/5.4.55/xpon.ko	2ab6770ce75db1323c7c717bd1d3454a8b18f80864efc6b5fe9b68edfb43e75c	.rela.text	10089	.text	0x2981c	0x2981c	0x29874	R_AARCH64_ADR_PREL_PG_HI21	gponRecovery	597	0	STT_OBJECT	.bss	0x2168	0x0		0x2168	gpon_recover_delete_allocId	0x29768	0xb4	symbol_size	0x298ec		executable_reference	0x90000000
.local/legacy-firmware/work/extract/stock-rootfs/lib/modules/5.4.55/xpon.ko	2ab6770ce75db1323c7c717bd1d3454a8b18f80864efc6b5fe9b68edfb43e75c	.rela.text	10090	.text	0x29820	0x29820	0x29878	R_AARCH64_ADD_ABS_LO12_NC	gponRecovery	597	0	STT_OBJECT	.bss	0x2168	0x0		0x2168	gpon_recover_delete_allocId	0x29768	0xb8	symbol_size	0x298ec		executable_reference	0x91000000
.local/legacy-firmware/work/extract/stock-rootfs/lib/modules/5.4.55/xpon.ko	2ab6770ce75db1323c7c717bd1d3454a8b18f80864efc6b5fe9b68edfb43e75c	.rela.text	10091	.text	0x29834	0x29834	0x2988c	R_AARCH64_ADR_PREL_PG_HI21	gponRecovery	597	0	STT_OBJECT	.bss	0x2168	0x0		0x2168	gpon_recover_delete_allocId	0x29768	0xcc	symbol_size	0x298ec		executable_reference	0x90000000
.local/legacy-firmware/work/extract/stock-rootfs/lib/modules/5.4.55/xpon.ko	2ab6770ce75db1323c7c717bd1d3454a8b18f80864efc6b5fe9b68edfb43e75c	.rela.text	10092	.text	0x29838	0x29838	0x29890	R_AARCH64_ADD_ABS_LO12_NC	gponRecovery	597	0	STT_OBJECT	.bss	0x2168	0x0		0x2168	gpon_recover_delete_allocId	0x29768	0xd0	symbol_size	0x298ec		executable_reference	0x91000000
.local/legacy-firmware/work/extract/stock-rootfs/lib/modules/5.4.55/xpon.ko	2ab6770ce75db1323c7c717bd1d3454a8b18f80864efc6b5fe9b68edfb43e75c	.rela.text	10101	.text	0x29878	0x29878	0x298d0	R_AARCH64_ADR_PREL_PG_HI21	gponRecovery	597	0	STT_OBJECT	.bss	0x2168	0x0		0x2168	gpon_recover_delete_allocId	0x29768	0x110	symbol_size	0x298ec		executable_reference	0x90000000
.local/legacy-firmware/work/extract/stock-rootfs/lib/modules/5.4.55/xpon.ko	2ab6770ce75db1323c7c717bd1d3454a8b18f80864efc6b5fe9b68edfb43e75c	.rela.text	10102	.text	0x2987c	0x2987c	0x298d4	R_AARCH64_ADD_ABS_LO12_NC	gponRecovery	597	0	STT_OBJECT	.bss	0x2168	0x0		0x2168	gpon_recover_delete_allocId	0x29768	0x114	symbol_size	0x298ec		executable_reference	0x91000000
.local/legacy-firmware/work/extract/stock-rootfs/lib/modules/5.4.55/xpon.ko	2ab6770ce75db1323c7c717bd1d3454a8b18f80864efc6b5fe9b68edfb43e75c	.rela.text	10103	.text	0x29888	0x29888	0x298e0	R_AARCH64_ADR_PREL_PG_HI21	gponRecovery	597	0	STT_OBJECT	.bss	0x2168	0x0		0x2168	gpon_recover_delete_allocId	0x29768	0x120	symbol_size	0x298ec		executable_reference	0x90000000
.local/legacy-firmware/work/extract/stock-rootfs/lib/modules/5.4.55/xpon.ko	2ab6770ce75db1323c7c717bd1d3454a8b18f80864efc6b5fe9b68edfb43e75c	.rela.text	10104	.text	0x2988c	0x2988c	0x298e4	R_AARCH64_ADD_ABS_LO12_NC	gponRecovery	597	0	STT_OBJECT	.bss	0x2168	0x0		0x2168	gpon_recover_delete_allocId	0x29768	0x124	symbol_size	0x298ec		executable_reference	0x91000000
.local/legacy-firmware/work/extract/stock-rootfs/lib/modules/5.4.55/xpon.ko	2ab6770ce75db1323c7c717bd1d3454a8b18f80864efc6b5fe9b68edfb43e75c	.rela.text	10105	.text	0x298a0	0x298a0	0x298f8	R_AARCH64_ADR_PREL_PG_HI21	gponRecovery	597	0	STT_OBJECT	.bss	0x2168	0x0		0x2168	gpon_recover_delete_allocId	0x29768	0x138	symbol_size	0x298ec		executable_reference	0x90000000
.local/legacy-firmware/work/extract/stock-rootfs/lib/modules/5.4.55/xpon.ko	2ab6770ce75db1323c7c717bd1d3454a8b18f80864efc6b5fe9b68edfb43e75c	.rela.text	10106	.text	0x298a4	0x298a4	0x298fc	R_AARCH64_ADD_ABS_LO12_NC	gponRecovery	597	0	STT_OBJECT	.bss	0x2168	0x0		0x2168	gpon_recover_delete_allocId	0x29768	0x13c	symbol_size	0x298ec		executable_reference	0x91000000
.local/legacy-firmware/work/extract/stock-rootfs/lib/modules/5.4.55/xpon.ko	2ab6770ce75db1323c7c717bd1d3454a8b18f80864efc6b5fe9b68edfb43e75c	.rela.text	10107	.text	0x298b0	0x298b0	0x29908	R_AARCH64_ADR_PREL_PG_HI21	gponRecovery	597	0	STT_OBJECT	.bss	0x2168	0x0		0x2168	gpon_recover_delete_allocId	0x29768	0x148	symbol_size	0x298ec		executable_reference	0x90000000
.local/legacy-firmware/work/extract/stock-rootfs/lib/modules/5.4.55/xpon.ko	2ab6770ce75db1323c7c717bd1d3454a8b18f80864efc6b5fe9b68edfb43e75c	.rela.text	10108	.text	0x298b4	0x298b4	0x2990c	R_AARCH64_ADD_ABS_LO12_NC	gponRecovery	597	0	STT_OBJECT	.bss	0x2168	0x0		0x2168	gpon_recover_delete_allocId	0x29768	0x14c	symbol_size	0x298ec		executable_reference	0x91000000
.local/legacy-firmware/work/extract/stock-rootfs/lib/modules/5.4.55/xpon.ko	2ab6770ce75db1323c7c717bd1d3454a8b18f80864efc6b5fe9b68edfb43e75c	.rela.text	10109	.text	0x298c4	0x298c4	0x2991c	R_AARCH64_ADR_PREL_PG_HI21	gponRecovery	597	0	STT_OBJECT	.bss	0x2168	0x0		0x2168	gpon_recover_delete_allocId	0x29768	0x15c	symbol_size	0x298ec		executable_reference	0x90000000
.local/legacy-firmware/work/extract/stock-rootfs/lib/modules/5.4.55/xpon.ko	2ab6770ce75db1323c7c717bd1d3454a8b18f80864efc6b5fe9b68edfb43e75c	.rela.text	10110	.text	0x298c8	0x298c8	0x29920	R_AARCH64_ADD_ABS_LO12_NC	gponRecovery	597	0	STT_OBJECT	.bss	0x2168	0x0		0x2168	gpon_recover_delete_allocId	0x29768	0x160	symbol_size	0x298ec		executable_reference	0x91000000
.local/legacy-firmware/work/extract/stock-rootfs/lib/modules/5.4.55/xpon.ko	2ab6770ce75db1323c7c717bd1d3454a8b18f80864efc6b5fe9b68edfb43e75c	.rela.text	10111	.text	0x298d4	0x298d4	0x2992c	R_AARCH64_ADR_PREL_PG_HI21	gponRecovery	597	0	STT_OBJECT	.bss	0x2168	0x0		0x2168	gpon_recover_delete_allocId	0x29768	0x16c	symbol_size	0x298ec		executable_reference	0x90000000
.local/legacy-firmware/work/extract/stock-rootfs/lib/modules/5.4.55/xpon.ko	2ab6770ce75db1323c7c717bd1d3454a8b18f80864efc6b5fe9b68edfb43e75c	.rela.text	10112	.text	0x298d8	0x298d8	0x29930	R_AARCH64_ADD_ABS_LO12_NC	gponRecovery	597	0	STT_OBJECT	.bss	0x2168	0x0		0x2168	gpon_recover_delete_allocId	0x29768	0x170	symbol_size	0x298ec		executable_reference	0x91000000
.local/legacy-firmware/work/extract/stock-rootfs/lib/modules/5.4.55/xpon.ko	2ab6770ce75db1323c7c717bd1d3454a8b18f80864efc6b5fe9b68edfb43e75c	.rela.text	10113	.text	0x29914	0x29914	0x2996c	R_AARCH64_ADR_PREL_PG_HI21	gponRecovery	597	0	STT_OBJECT	.bss	0x2168	0x0		0x2168	gpon_recover_backup_gemport	0x298ec	0x28	symbol_size	0x29bec		executable_reference	0x90000000
.local/legacy-firmware/work/extract/stock-rootfs/lib/modules/5.4.55/xpon.ko	2ab6770ce75db1323c7c717bd1d3454a8b18f80864efc6b5fe9b68edfb43e75c	.rela.text	10114	.text	0x29918	0x29918	0x29970	R_AARCH64_ADD_ABS_LO12_NC	gponRecovery	597	0	STT_OBJECT	.bss	0x2168	0x0		0x2168	gpon_recover_backup_gemport	0x298ec	0x2c	symbol_size	0x29bec		executable_reference	0x91000000
.local/legacy-firmware/work/extract/stock-rootfs/lib/modules/5.4.55/xpon.ko	2ab6770ce75db1323c7c717bd1d3454a8b18f80864efc6b5fe9b68edfb43e75c	.rela.text	10115	.text	0x29920	0x29920	0x29978	R_AARCH64_ADR_PREL_PG_HI21	gponRecovery	597	0	STT_OBJECT	.bss	0x2168	0x0		0x2168	gpon_recover_backup_gemport	0x298ec	0x34	symbol_size	0x29bec		executable_reference	0x90000000
.local/legacy-firmware/work/extract/stock-rootfs/lib/modules/5.4.55/xpon.ko	2ab6770ce75db1323c7c717bd1d3454a8b18f80864efc6b5fe9b68edfb43e75c	.rela.text	10116	.text	0x29924	0x29924	0x2997c	R_AARCH64_ADD_ABS_LO12_NC	gponRecovery	597	0	STT_OBJECT	.bss	0x2168	0x0		0x2168	gpon_recover_backup_gemport	0x298ec	0x38	symbol_size	0x29bec		executable_reference	0x91000002
.local/legacy-firmware/work/extract/stock-rootfs/lib/modules/5.4.55/xpon.ko	2ab6770ce75db1323c7c717bd1d3454a8b18f80864efc6b5fe9b68edfb43e75c	.rela.text	10117	.text	0x29958	0x29958	0x299b0	R_AARCH64_ADR_PREL_PG_HI21	gponRecovery	597	0	STT_OBJECT	.bss	0x2168	0x0		0x2168	gpon_recover_backup_gemport	0x298ec	0x6c	symbol_size	0x29bec		executable_reference	0x90000000
.local/legacy-firmware/work/extract/stock-rootfs/lib/modules/5.4.55/xpon.ko	2ab6770ce75db1323c7c717bd1d3454a8b18f80864efc6b5fe9b68edfb43e75c	.rela.text	10118	.text	0x2995c	0x2995c	0x299b4	R_AARCH64_ADD_ABS_LO12_NC	gponRecovery	597	0	STT_OBJECT	.bss	0x2168	0x0		0x2168	gpon_recover_backup_gemport	0x298ec	0x70	symbol_size	0x29bec		executable_reference	0x91000000
.local/legacy-firmware/work/extract/stock-rootfs/lib/modules/5.4.55/xpon.ko	2ab6770ce75db1323c7c717bd1d3454a8b18f80864efc6b5fe9b68edfb43e75c	.rela.text	10124	.text	0x29984	0x29984	0x299dc	R_AARCH64_ADR_PREL_PG_HI21	gponRecovery	597	0	STT_OBJECT	.bss	0x2168	0x0		0x2168	gpon_recover_backup_gemport	0x298ec	0x98	symbol_size	0x29bec		executable_reference	0x90000000
.local/legacy-firmware/work/extract/stock-rootfs/lib/modules/5.4.55/xpon.ko	2ab6770ce75db1323c7c717bd1d3454a8b18f80864efc6b5fe9b68edfb43e75c	.rela.text	10125	.text	0x29988	0x29988	0x299e0	R_AARCH64_ADD_ABS_LO12_NC	gponRecovery	597	0	STT_OBJECT	.bss	0x2168	0x0		0x2168	gpon_recover_backup_gemport	0x298ec	0x9c	symbol_size	0x29bec		executable_reference	0x91000000
.local/legacy-firmware/work/extract/stock-rootfs/lib/modules/5.4.55/xpon.ko	2ab6770ce75db1323c7c717bd1d3454a8b18f80864efc6b5fe9b68edfb43e75c	.rela.text	10126	.text	0x29990	0x29990	0x299e8	R_AARCH64_ADR_PREL_PG_HI21	gponRecovery	597	0	STT_OBJECT	.bss	0x2168	0x0		0x2168	gpon_recover_backup_gemport	0x298ec	0xa4	symbol_size	0x29bec		executable_reference	0x90000000
.local/legacy-firmware/work/extract/stock-rootfs/lib/modules/5.4.55/xpon.ko	2ab6770ce75db1323c7c717bd1d3454a8b18f80864efc6b5fe9b68edfb43e75c	.rela.text	10127	.text	0x29994	0x29994	0x299ec	R_AARCH64_ADD_ABS_LO12_NC	gponRecovery	597	0	STT_OBJECT	.bss	0x2168	0x0		0x2168	gpon_recover_backup_gemport	0x298ec	0xa8	symbol_size	0x29bec		executable_reference	0x91000000
.local/legacy-firmware/work/extract/stock-rootfs/lib/modules/5.4.55/xpon.ko	2ab6770ce75db1323c7c717bd1d3454a8b18f80864efc6b5fe9b68edfb43e75c	.rela.text	10128	.text	0x2999c	0x2999c	0x299f4	R_AARCH64_ADR_PREL_PG_HI21	gponRecovery	597	0	STT_OBJECT	.bss	0x2168	0x0		0x2168	gpon_recover_backup_gemport	0x298ec	0xb0	symbol_size	0x29bec		executable_reference	0x90000000
.local/legacy-firmware/work/extract/stock-rootfs/lib/modules/5.4.55/xpon.ko	2ab6770ce75db1323c7c717bd1d3454a8b18f80864efc6b5fe9b68edfb43e75c	.rela.text	10129	.text	0x299a0	0x299a0	0x299f8	R_AARCH64_ADD_ABS_LO12_NC	gponRecovery	597	0	STT_OBJECT	.bss	0x2168	0x0		0x2168	gpon_recover_backup_gemport	0x298ec	0xb4	symbol_size	0x29bec		executable_reference	0x91000002
.local/legacy-firmware/work/extract/stock-rootfs/lib/modules/5.4.55/xpon.ko	2ab6770ce75db1323c7c717bd1d3454a8b18f80864efc6b5fe9b68edfb43e75c	.rela.text	10133	.text	0x299d4	0x299d4	0x29a2c	R_AARCH64_ADR_PREL_PG_HI21	gponRecovery	597	0	STT_OBJECT	.bss	0x2168	0x0		0x2168	gpon_recover_backup_gemport	0x298ec	0xe8	symbol_size	0x29bec		executable_reference	0x90000000
.local/legacy-firmware/work/extract/stock-rootfs/lib/modules/5.4.55/xpon.ko	2ab6770ce75db1323c7c717bd1d3454a8b18f80864efc6b5fe9b68edfb43e75c	.rela.text	10134	.text	0x299d8	0x299d8	0x29a30	R_AARCH64_ADD_ABS_LO12_NC	gponRecovery	597	0	STT_OBJECT	.bss	0x2168	0x0		0x2168	gpon_recover_backup_gemport	0x298ec	0xec	symbol_size	0x29bec		executable_reference	0x91000000
.local/legacy-firmware/work/extract/stock-rootfs/lib/modules/5.4.55/xpon.ko	2ab6770ce75db1323c7c717bd1d3454a8b18f80864efc6b5fe9b68edfb43e75c	.rela.text	10140	.text	0x29a00	0x29a00	0x29a58	R_AARCH64_ADR_PREL_PG_HI21	gponRecovery	597	0	STT_OBJECT	.bss	0x2168	0x0		0x2168	gpon_recover_backup_gemport	0x298ec	0x114	symbol_size	0x29bec		executable_reference	0x90000000
.local/legacy-firmware/work/extract/stock-rootfs/lib/modules/5.4.55/xpon.ko	2ab6770ce75db1323c7c717bd1d3454a8b18f80864efc6b5fe9b68edfb43e75c	.rela.text	10141	.text	0x29a04	0x29a04	0x29a5c	R_AARCH64_ADD_ABS_LO12_NC	gponRecovery	597	0	STT_OBJECT	.bss	0x2168	0x0		0x2168	gpon_recover_backup_gemport	0x298ec	0x118	symbol_size	0x29bec		executable_reference	0x91000000
.local/legacy-firmware/work/extract/stock-rootfs/lib/modules/5.4.55/xpon.ko	2ab6770ce75db1323c7c717bd1d3454a8b18f80864efc6b5fe9b68edfb43e75c	.rela.text	10142	.text	0x29a0c	0x29a0c	0x29a64	R_AARCH64_ADR_PREL_PG_HI21	gponRecovery	597	0	STT_OBJECT	.bss	0x2168	0x0		0x2168	gpon_recover_backup_gemport	0x298ec	0x120	symbol_size	0x29bec		executable_reference	0x90000000
.local/legacy-firmware/work/extract/stock-rootfs/lib/modules/5.4.55/xpon.ko	2ab6770ce75db1323c7c717bd1d3454a8b18f80864efc6b5fe9b68edfb43e75c	.rela.text	10143	.text	0x29a10	0x29a10	0x29a68	R_AARCH64_ADD_ABS_LO12_NC	gponRecovery	597	0	STT_OBJECT	.bss	0x2168	0x0		0x2168	gpon_recover_backup_gemport	0x298ec	0x124	symbol_size	0x29bec		executable_reference	0x91000000
.local/legacy-firmware/work/extract/stock-rootfs/lib/modules/5.4.55/xpon.ko	2ab6770ce75db1323c7c717bd1d3454a8b18f80864efc6b5fe9b68edfb43e75c	.rela.text	10144	.text	0x29a18	0x29a18	0x29a70	R_AARCH64_ADR_PREL_PG_HI21	gponRecovery	597	0	STT_OBJECT	.bss	0x2168	0x0		0x2168	gpon_recover_backup_gemport	0x298ec	0x12c	symbol_size	0x29bec		executable_reference	0x90000000
.local/legacy-firmware/work/extract/stock-rootfs/lib/modules/5.4.55/xpon.ko	2ab6770ce75db1323c7c717bd1d3454a8b18f80864efc6b5fe9b68edfb43e75c	.rela.text	10145	.text	0x29a1c	0x29a1c	0x29a74	R_AARCH64_ADD_ABS_LO12_NC	gponRecovery	597	0	STT_OBJECT	.bss	0x2168	0x0		0x2168	gpon_recover_backup_gemport	0x298ec	0x130	symbol_size	0x29bec		executable_reference	0x91000002
.local/legacy-firmware/work/extract/stock-rootfs/lib/modules/5.4.55/xpon.ko	2ab6770ce75db1323c7c717bd1d3454a8b18f80864efc6b5fe9b68edfb43e75c	.rela.text	10149	.text	0x29a50	0x29a50	0x29aa8	R_AARCH64_ADR_PREL_PG_HI21	gponRecovery	597	0	STT_OBJECT	.bss	0x2168	0x0		0x2168	gpon_recover_backup_gemport	0x298ec	0x164	symbol_size	0x29bec		executable_reference	0x90000000
.local/legacy-firmware/work/extract/stock-rootfs/lib/modules/5.4.55/xpon.ko	2ab6770ce75db1323c7c717bd1d3454a8b18f80864efc6b5fe9b68edfb43e75c	.rela.text	10150	.text	0x29a54	0x29a54	0x29aac	R_AARCH64_ADD_ABS_LO12_NC	gponRecovery	597	0	STT_OBJECT	.bss	0x2168	0x0		0x2168	gpon_recover_backup_gemport	0x298ec	0x168	symbol_size	0x29bec		executable_reference	0x91000000
.local/legacy-firmware/work/extract/stock-rootfs/lib/modules/5.4.55/xpon.ko	2ab6770ce75db1323c7c717bd1d3454a8b18f80864efc6b5fe9b68edfb43e75c	.rela.text	10156	.text	0x29a7c	0x29a7c	0x29ad4	R_AARCH64_ADR_PREL_PG_HI21	gponRecovery	597	0	STT_OBJECT	.bss	0x2168	0x0		0x2168	gpon_recover_backup_gemport	0x298ec	0x190	symbol_size	0x29bec		executable_reference	0x90000000
.local/legacy-firmware/work/extract/stock-rootfs/lib/modules/5.4.55/xpon.ko	2ab6770ce75db1323c7c717bd1d3454a8b18f80864efc6b5fe9b68edfb43e75c	.rela.text	10157	.text	0x29a80	0x29a80	0x29ad8	R_AARCH64_ADD_ABS_LO12_NC	gponRecovery	597	0	STT_OBJECT	.bss	0x2168	0x0		0x2168	gpon_recover_backup_gemport	0x298ec	0x194	symbol_size	0x29bec		executable_reference	0x91000000
.local/legacy-firmware/work/extract/stock-rootfs/lib/modules/5.4.55/xpon.ko	2ab6770ce75db1323c7c717bd1d3454a8b18f80864efc6b5fe9b68edfb43e75c	.rela.text	10158	.text	0x29a88	0x29a88	0x29ae0	R_AARCH64_ADR_PREL_PG_HI21	gponRecovery	597	0	STT_OBJECT	.bss	0x2168	0x0		0x2168	gpon_recover_backup_gemport	0x298ec	0x19c	symbol_size	0x29bec		executable_reference	0x90000000
.local/legacy-firmware/work/extract/stock-rootfs/lib/modules/5.4.55/xpon.ko	2ab6770ce75db1323c7c717bd1d3454a8b18f80864efc6b5fe9b68edfb43e75c	.rela.text	10159	.text	0x29a8c	0x29a8c	0x29ae4	R_AARCH64_ADD_ABS_LO12_NC	gponRecovery	597	0	STT_OBJECT	.bss	0x2168	0x0		0x2168	gpon_recover_backup_gemport	0x298ec	0x1a0	symbol_size	0x29bec		executable_reference	0x91000000
.local/legacy-firmware/work/extract/stock-rootfs/lib/modules/5.4.55/xpon.ko	2ab6770ce75db1323c7c717bd1d3454a8b18f80864efc6b5fe9b68edfb43e75c	.rela.text	10160	.text	0x29a94	0x29a94	0x29aec	R_AARCH64_ADR_PREL_PG_HI21	gponRecovery	597	0	STT_OBJECT	.bss	0x2168	0x0		0x2168	gpon_recover_backup_gemport	0x298ec	0x1a8	symbol_size	0x29bec		executable_reference	0x90000000
.local/legacy-firmware/work/extract/stock-rootfs/lib/modules/5.4.55/xpon.ko	2ab6770ce75db1323c7c717bd1d3454a8b18f80864efc6b5fe9b68edfb43e75c	.rela.text	10161	.text	0x29a98	0x29a98	0x29af0	R_AARCH64_ADD_ABS_LO12_NC	gponRecovery	597	0	STT_OBJECT	.bss	0x2168	0x0		0x2168	gpon_recover_backup_gemport	0x298ec	0x1ac	symbol_size	0x29bec		executable_reference	0x91000002
.local/legacy-firmware/work/extract/stock-rootfs/lib/modules/5.4.55/xpon.ko	2ab6770ce75db1323c7c717bd1d3454a8b18f80864efc6b5fe9b68edfb43e75c	.rela.text	10165	.text	0x29acc	0x29acc	0x29b24	R_AARCH64_ADR_PREL_PG_HI21	gponRecovery	597	0	STT_OBJECT	.bss	0x2168	0x0		0x2168	gpon_recover_backup_gemport	0x298ec	0x1e0	symbol_size	0x29bec		executable_reference	0x90000000
.local/legacy-firmware/work/extract/stock-rootfs/lib/modules/5.4.55/xpon.ko	2ab6770ce75db1323c7c717bd1d3454a8b18f80864efc6b5fe9b68edfb43e75c	.rela.text	10166	.text	0x29ad0	0x29ad0	0x29b28	R_AARCH64_ADD_ABS_LO12_NC	gponRecovery	597	0	STT_OBJECT	.bss	0x2168	0x0		0x2168	gpon_recover_backup_gemport	0x298ec	0x1e4	symbol_size	0x29bec		executable_reference	0x91000000
.local/legacy-firmware/work/extract/stock-rootfs/lib/modules/5.4.55/xpon.ko	2ab6770ce75db1323c7c717bd1d3454a8b18f80864efc6b5fe9b68edfb43e75c	.rela.text	10172	.text	0x29af8	0x29af8	0x29b50	R_AARCH64_ADR_PREL_PG_HI21	gponRecovery	597	0	STT_OBJECT	.bss	0x2168	0x0		0x2168	gpon_recover_backup_gemport	0x298ec	0x20c	symbol_size	0x29bec		executable_reference	0x90000000
.local/legacy-firmware/work/extract/stock-rootfs/lib/modules/5.4.55/xpon.ko	2ab6770ce75db1323c7c717bd1d3454a8b18f80864efc6b5fe9b68edfb43e75c	.rela.text	10173	.text	0x29afc	0x29afc	0x29b54	R_AARCH64_ADD_ABS_LO12_NC	gponRecovery	597	0	STT_OBJECT	.bss	0x2168	0x0		0x2168	gpon_recover_backup_gemport	0x298ec	0x210	symbol_size	0x29bec		executable_reference	0x91000000
.local/legacy-firmware/work/extract/stock-rootfs/lib/modules/5.4.55/xpon.ko	2ab6770ce75db1323c7c717bd1d3454a8b18f80864efc6b5fe9b68edfb43e75c	.rela.text	10174	.text	0x29b04	0x29b04	0x29b5c	R_AARCH64_ADR_PREL_PG_HI21	gponRecovery	597	0	STT_OBJECT	.bss	0x2168	0x0		0x2168	gpon_recover_backup_gemport	0x298ec	0x218	symbol_size	0x29bec		executable_reference	0x90000000
.local/legacy-firmware/work/extract/stock-rootfs/lib/modules/5.4.55/xpon.ko	2ab6770ce75db1323c7c717bd1d3454a8b18f80864efc6b5fe9b68edfb43e75c	.rela.text	10175	.text	0x29b08	0x29b08	0x29b60	R_AARCH64_ADD_ABS_LO12_NC	gponRecovery	597	0	STT_OBJECT	.bss	0x2168	0x0		0x2168	gpon_recover_backup_gemport	0x298ec	0x21c	symbol_size	0x29bec		executable_reference	0x91000000
.local/legacy-firmware/work/extract/stock-rootfs/lib/modules/5.4.55/xpon.ko	2ab6770ce75db1323c7c717bd1d3454a8b18f80864efc6b5fe9b68edfb43e75c	.rela.text	10176	.text	0x29b10	0x29b10	0x29b68	R_AARCH64_ADR_PREL_PG_HI21	gponRecovery	597	0	STT_OBJECT	.bss	0x2168	0x0		0x2168	gpon_recover_backup_gemport	0x298ec	0x224	symbol_size	0x29bec		executable_reference	0x90000000
.local/legacy-firmware/work/extract/stock-rootfs/lib/modules/5.4.55/xpon.ko	2ab6770ce75db1323c7c717bd1d3454a8b18f80864efc6b5fe9b68edfb43e75c	.rela.text	10177	.text	0x29b14	0x29b14	0x29b6c	R_AARCH64_ADD_ABS_LO12_NC	gponRecovery	597	0	STT_OBJECT	.bss	0x2168	0x0		0x2168	gpon_recover_backup_gemport	0x298ec	0x228	symbol_size	0x29bec		executable_reference	0x91000002
.local/legacy-firmware/work/extract/stock-rootfs/lib/modules/5.4.55/xpon.ko	2ab6770ce75db1323c7c717bd1d3454a8b18f80864efc6b5fe9b68edfb43e75c	.rela.text	10181	.text	0x29b48	0x29b48	0x29ba0	R_AARCH64_ADR_PREL_PG_HI21	gponRecovery	597	0	STT_OBJECT	.bss	0x2168	0x0		0x2168	gpon_recover_backup_gemport	0x298ec	0x25c	symbol_size	0x29bec		executable_reference	0x90000000
.local/legacy-firmware/work/extract/stock-rootfs/lib/modules/5.4.55/xpon.ko	2ab6770ce75db1323c7c717bd1d3454a8b18f80864efc6b5fe9b68edfb43e75c	.rela.text	10182	.text	0x29b4c	0x29b4c	0x29ba4	R_AARCH64_ADD_ABS_LO12_NC	gponRecovery	597	0	STT_OBJECT	.bss	0x2168	0x0		0x2168	gpon_recover_backup_gemport	0x298ec	0x260	symbol_size	0x29bec		executable_reference	0x91000000
.local/legacy-firmware/work/extract/stock-rootfs/lib/modules/5.4.55/xpon.ko	2ab6770ce75db1323c7c717bd1d3454a8b18f80864efc6b5fe9b68edfb43e75c	.rela.text	10188	.text	0x29b74	0x29b74	0x29bcc	R_AARCH64_ADR_PREL_PG_HI21	gponRecovery	597	0	STT_OBJECT	.bss	0x2168	0x0		0x2168	gpon_recover_backup_gemport	0x298ec	0x288	symbol_size	0x29bec		executable_reference	0x90000000
.local/legacy-firmware/work/extract/stock-rootfs/lib/modules/5.4.55/xpon.ko	2ab6770ce75db1323c7c717bd1d3454a8b18f80864efc6b5fe9b68edfb43e75c	.rela.text	10189	.text	0x29b78	0x29b78	0x29bd0	R_AARCH64_ADD_ABS_LO12_NC	gponRecovery	597	0	STT_OBJECT	.bss	0x2168	0x0		0x2168	gpon_recover_backup_gemport	0x298ec	0x28c	symbol_size	0x29bec		executable_reference	0x91000000
.local/legacy-firmware/work/extract/stock-rootfs/lib/modules/5.4.55/xpon.ko	2ab6770ce75db1323c7c717bd1d3454a8b18f80864efc6b5fe9b68edfb43e75c	.rela.text	10190	.text	0x29b80	0x29b80	0x29bd8	R_AARCH64_ADR_PREL_PG_HI21	gponRecovery	597	0	STT_OBJECT	.bss	0x2168	0x0		0x2168	gpon_recover_backup_gemport	0x298ec	0x294	symbol_size	0x29bec		executable_reference	0x90000000
.local/legacy-firmware/work/extract/stock-rootfs/lib/modules/5.4.55/xpon.ko	2ab6770ce75db1323c7c717bd1d3454a8b18f80864efc6b5fe9b68edfb43e75c	.rela.text	10191	.text	0x29b84	0x29b84	0x29bdc	R_AARCH64_ADD_ABS_LO12_NC	gponRecovery	597	0	STT_OBJECT	.bss	0x2168	0x0		0x2168	gpon_recover_backup_gemport	0x298ec	0x298	symbol_size	0x29bec		executable_reference	0x91000000
.local/legacy-firmware/work/extract/stock-rootfs/lib/modules/5.4.55/xpon.ko	2ab6770ce75db1323c7c717bd1d3454a8b18f80864efc6b5fe9b68edfb43e75c	.rela.text	10192	.text	0x29b8c	0x29b8c	0x29be4	R_AARCH64_ADR_PREL_PG_HI21	gponRecovery	597	0	STT_OBJECT	.bss	0x2168	0x0		0x2168	gpon_recover_backup_gemport	0x298ec	0x2a0	symbol_size	0x29bec		executable_reference	0x90000000
.local/legacy-firmware/work/extract/stock-rootfs/lib/modules/5.4.55/xpon.ko	2ab6770ce75db1323c7c717bd1d3454a8b18f80864efc6b5fe9b68edfb43e75c	.rela.text	10193	.text	0x29b90	0x29b90	0x29be8	R_AARCH64_ADD_ABS_LO12_NC	gponRecovery	597	0	STT_OBJECT	.bss	0x2168	0x0		0x2168	gpon_recover_backup_gemport	0x298ec	0x2a4	symbol_size	0x29bec		executable_reference	0x91000002
.local/legacy-firmware/work/extract/stock-rootfs/lib/modules/5.4.55/xpon.ko	2ab6770ce75db1323c7c717bd1d3454a8b18f80864efc6b5fe9b68edfb43e75c	.rela.text	10197	.text	0x29bc4	0x29bc4	0x29c1c	R_AARCH64_ADR_PREL_PG_HI21	gponRecovery	597	0	STT_OBJECT	.bss	0x2168	0x0		0x2168	gpon_recover_backup_gemport	0x298ec	0x2d8	symbol_size	0x29bec		executable_reference	0x90000000
.local/legacy-firmware/work/extract/stock-rootfs/lib/modules/5.4.55/xpon.ko	2ab6770ce75db1323c7c717bd1d3454a8b18f80864efc6b5fe9b68edfb43e75c	.rela.text	10198	.text	0x29bc8	0x29bc8	0x29c20	R_AARCH64_ADD_ABS_LO12_NC	gponRecovery	597	0	STT_OBJECT	.bss	0x2168	0x0		0x2168	gpon_recover_backup_gemport	0x298ec	0x2dc	symbol_size	0x29bec		executable_reference	0x91000000
.local/legacy-firmware/work/extract/stock-rootfs/lib/modules/5.4.55/xpon.ko	2ab6770ce75db1323c7c717bd1d3454a8b18f80864efc6b5fe9b68edfb43e75c	.rela.text	10199	.text	0x29bd4	0x29bd4	0x29c2c	R_AARCH64_ADR_PREL_PG_HI21	gponRecovery	597	0	STT_OBJECT	.bss	0x2168	0x0		0x2168	gpon_recover_backup_gemport	0x298ec	0x2e8	symbol_size	0x29bec		executable_reference	0x90000000
.local/legacy-firmware/work/extract/stock-rootfs/lib/modules/5.4.55/xpon.ko	2ab6770ce75db1323c7c717bd1d3454a8b18f80864efc6b5fe9b68edfb43e75c	.rela.text	10200	.text	0x29bd8	0x29bd8	0x29c30	R_AARCH64_ADD_ABS_LO12_NC	gponRecovery	597	0	STT_OBJECT	.bss	0x2168	0x0		0x2168	gpon_recover_backup_gemport	0x298ec	0x2ec	symbol_size	0x29bec		executable_reference	0x91000000
.local/legacy-firmware/work/extract/stock-rootfs/lib/modules/5.4.55/xpon.ko	2ab6770ce75db1323c7c717bd1d3454a8b18f80864efc6b5fe9b68edfb43e75c	.rela.text	10201	.text	0x29c0c	0x29c0c	0x29c64	R_AARCH64_ADR_PREL_PG_HI21	gponRecovery	597	0	STT_OBJECT	.bss	0x2168	0x0		0x2168	gpon_recovery_set_ani	0x29bec	0x20	symbol_size	0x29cb0		executable_reference	0x90000000
.local/legacy-firmware/work/extract/stock-rootfs/lib/modules/5.4.55/xpon.ko	2ab6770ce75db1323c7c717bd1d3454a8b18f80864efc6b5fe9b68edfb43e75c	.rela.text	10202	.text	0x29c10	0x29c10	0x29c68	R_AARCH64_ADD_ABS_LO12_NC	gponRecovery	597	0	STT_OBJECT	.bss	0x2168	0x0		0x2168	gpon_recovery_set_ani	0x29bec	0x24	symbol_size	0x29cb0		executable_reference	0x91000000
.local/legacy-firmware/work/extract/stock-rootfs/lib/modules/5.4.55/xpon.ko	2ab6770ce75db1323c7c717bd1d3454a8b18f80864efc6b5fe9b68edfb43e75c	.rela.text	10211	.text	0x29c6c	0x29c6c	0x29cc4	R_AARCH64_ADR_PREL_PG_HI21	gponRecovery	597	0	STT_OBJECT	.bss	0x2168	0x0		0x2168	gpon_recovery_set_ani	0x29bec	0x80	symbol_size	0x29cb0		executable_reference	0x90000000
.local/legacy-firmware/work/extract/stock-rootfs/lib/modules/5.4.55/xpon.ko	2ab6770ce75db1323c7c717bd1d3454a8b18f80864efc6b5fe9b68edfb43e75c	.rela.text	10212	.text	0x29c70	0x29c70	0x29cc8	R_AARCH64_ADD_ABS_LO12_NC	gponRecovery	597	0	STT_OBJECT	.bss	0x2168	0x0		0x2168	gpon_recovery_set_ani	0x29bec	0x84	symbol_size	0x29cb0		executable_reference	0x91000000
.local/legacy-firmware/work/extract/stock-rootfs/lib/modules/5.4.55/xpon.ko	2ab6770ce75db1323c7c717bd1d3454a8b18f80864efc6b5fe9b68edfb43e75c	.rela.text	10229	.text	0x29e84	0x29e84	0x29edc	R_AARCH64_ADR_PREL_PG_HI21	gponRecovery	597	0	STT_OBJECT	.bss	0x2168	0x0		0x2168	gpon_recovery_set_channel	0x29e64	0x20	symbol_size	0x29f2c		executable_reference	0x90000000
.local/legacy-firmware/work/extract/stock-rootfs/lib/modules/5.4.55/xpon.ko	2ab6770ce75db1323c7c717bd1d3454a8b18f80864efc6b5fe9b68edfb43e75c	.rela.text	10230	.text	0x29e88	0x29e88	0x29ee0	R_AARCH64_ADD_ABS_LO12_NC	gponRecovery	597	0	STT_OBJECT	.bss	0x2168	0x0		0x2168	gpon_recovery_set_channel	0x29e64	0x24	symbol_size	0x29f2c		executable_reference	0x91000000
.local/legacy-firmware/work/extract/stock-rootfs/lib/modules/5.4.55/xpon.ko	2ab6770ce75db1323c7c717bd1d3454a8b18f80864efc6b5fe9b68edfb43e75c	.rela.text	10239	.text	0x29ee8	0x29ee8	0x29f40	R_AARCH64_ADR_PREL_PG_HI21	gponRecovery	597	0	STT_OBJECT	.bss	0x2168	0x0		0x2168	gpon_recovery_set_channel	0x29e64	0x84	symbol_size	0x29f2c		executable_reference	0x90000000
.local/legacy-firmware/work/extract/stock-rootfs/lib/modules/5.4.55/xpon.ko	2ab6770ce75db1323c7c717bd1d3454a8b18f80864efc6b5fe9b68edfb43e75c	.rela.text	10240	.text	0x29eec	0x29eec	0x29f44	R_AARCH64_ADD_ABS_LO12_NC	gponRecovery	597	0	STT_OBJECT	.bss	0x2168	0x0		0x2168	gpon_recovery_set_channel	0x29e64	0x88	symbol_size	0x29f2c		executable_reference	0x91000000
.local/legacy-firmware/work/extract/stock-rootfs/lib/modules/5.4.55/xpon.ko	2ab6770ce75db1323c7c717bd1d3454a8b18f80864efc6b5fe9b68edfb43e75c	.rela.text	10249	.text	0x29f3c	0x29f3c	0x29f94	R_AARCH64_ADR_PREL_PG_HI21	gponRecovery	597	0	STT_OBJECT	.bss	0x2168	0x0		0x2168	gpon_recover_create_gemport	0x29f2c	0x10	symbol_size	0x2a33c		executable_reference	0x90000000
.local/legacy-firmware/work/extract/stock-rootfs/lib/modules/5.4.55/xpon.ko	2ab6770ce75db1323c7c717bd1d3454a8b18f80864efc6b5fe9b68edfb43e75c	.rela.text	10250	.text	0x29f40	0x29f40	0x29f98	R_AARCH64_ADD_ABS_LO12_NC	gponRecovery	597	0	STT_OBJECT	.bss	0x2168	0x0		0x2168	gpon_recover_create_gemport	0x29f2c	0x14	symbol_size	0x2a33c		executable_reference	0x91000000
.local/legacy-firmware/work/extract/stock-rootfs/lib/modules/5.4.55/xpon.ko	2ab6770ce75db1323c7c717bd1d3454a8b18f80864efc6b5fe9b68edfb43e75c	.rela.text	10256	.text	0x29f68	0x29f68	0x29fc0	R_AARCH64_ADR_PREL_PG_HI21	gponRecovery	597	0	STT_OBJECT	.bss	0x2168	0x0		0x2168	gpon_recover_create_gemport	0x29f2c	0x3c	symbol_size	0x2a33c		executable_reference	0x90000000
.local/legacy-firmware/work/extract/stock-rootfs/lib/modules/5.4.55/xpon.ko	2ab6770ce75db1323c7c717bd1d3454a8b18f80864efc6b5fe9b68edfb43e75c	.rela.text	10257	.text	0x29f6c	0x29f6c	0x29fc4	R_AARCH64_ADD_ABS_LO12_NC	gponRecovery	597	0	STT_OBJECT	.bss	0x2168	0x0		0x2168	gpon_recover_create_gemport	0x29f2c	0x40	symbol_size	0x2a33c		executable_reference	0x91000000
.local/legacy-firmware/work/extract/stock-rootfs/lib/modules/5.4.55/xpon.ko	2ab6770ce75db1323c7c717bd1d3454a8b18f80864efc6b5fe9b68edfb43e75c	.rela.text	10261	.text	0x29fa4	0x29fa4	0x29ffc	R_AARCH64_ADR_PREL_PG_HI21	gponRecovery	597	0	STT_OBJECT	.bss	0x2168	0x0		0x2168	gpon_recover_create_gemport	0x29f2c	0x78	symbol_size	0x2a33c		executable_reference	0x90000000
.local/legacy-firmware/work/extract/stock-rootfs/lib/modules/5.4.55/xpon.ko	2ab6770ce75db1323c7c717bd1d3454a8b18f80864efc6b5fe9b68edfb43e75c	.rela.text	10262	.text	0x29fa8	0x29fa8	0x2a000	R_AARCH64_ADD_ABS_LO12_NC	gponRecovery	597	0	STT_OBJECT	.bss	0x2168	0x0		0x2168	gpon_recover_create_gemport	0x29f2c	0x7c	symbol_size	0x2a33c		executable_reference	0x91000000
.local/legacy-firmware/work/extract/stock-rootfs/lib/modules/5.4.55/xpon.ko	2ab6770ce75db1323c7c717bd1d3454a8b18f80864efc6b5fe9b68edfb43e75c	.rela.text	10264	.text	0x29fc8	0x29fc8	0x2a020	R_AARCH64_ADR_PREL_PG_HI21	gponRecovery	597	0	STT_OBJECT	.bss	0x2168	0x0		0x2168	gpon_recover_create_gemport	0x29f2c	0x9c	symbol_size	0x2a33c		executable_reference	0x90000000
.local/legacy-firmware/work/extract/stock-rootfs/lib/modules/5.4.55/xpon.ko	2ab6770ce75db1323c7c717bd1d3454a8b18f80864efc6b5fe9b68edfb43e75c	.rela.text	10265	.text	0x29fcc	0x29fcc	0x2a024	R_AARCH64_ADD_ABS_LO12_NC	gponRecovery	597	0	STT_OBJECT	.bss	0x2168	0x0		0x2168	gpon_recover_create_gemport	0x29f2c	0xa0	symbol_size	0x2a33c		executable_reference	0x91000000
.local/legacy-firmware/work/extract/stock-rootfs/lib/modules/5.4.55/xpon.ko	2ab6770ce75db1323c7c717bd1d3454a8b18f80864efc6b5fe9b68edfb43e75c	.rela.text	10271	.text	0x29ff4	0x29ff4	0x2a04c	R_AARCH64_ADR_PREL_PG_HI21	gponRecovery	597	0	STT_OBJECT	.bss	0x2168	0x0		0x2168	gpon_recover_create_gemport	0x29f2c	0xc8	symbol_size	0x2a33c		executable_reference	0x90000000
.local/legacy-firmware/work/extract/stock-rootfs/lib/modules/5.4.55/xpon.ko	2ab6770ce75db1323c7c717bd1d3454a8b18f80864efc6b5fe9b68edfb43e75c	.rela.text	10272	.text	0x29ff8	0x29ff8	0x2a050	R_AARCH64_ADD_ABS_LO12_NC	gponRecovery	597	0	STT_OBJECT	.bss	0x2168	0x0		0x2168	gpon_recover_create_gemport	0x29f2c	0xcc	symbol_size	0x2a33c		executable_reference	0x91000002
.local/legacy-firmware/work/extract/stock-rootfs/lib/modules/5.4.55/xpon.ko	2ab6770ce75db1323c7c717bd1d3454a8b18f80864efc6b5fe9b68edfb43e75c	.rela.text	10277	.text	0x2a060	0x2a060	0x2a0b8	R_AARCH64_ADR_PREL_PG_HI21	gponRecovery	597	0	STT_OBJECT	.bss	0x2168	0x0		0x2168	gpon_recover_create_gemport	0x29f2c	0x134	symbol_size	0x2a33c		executable_reference	0x90000000
.local/legacy-firmware/work/extract/stock-rootfs/lib/modules/5.4.55/xpon.ko	2ab6770ce75db1323c7c717bd1d3454a8b18f80864efc6b5fe9b68edfb43e75c	.rela.text	10278	.text	0x2a064	0x2a064	0x2a0bc	R_AARCH64_ADD_ABS_LO12_NC	gponRecovery	597	0	STT_OBJECT	.bss	0x2168	0x0		0x2168	gpon_recover_create_gemport	0x29f2c	0x138	symbol_size	0x2a33c		executable_reference	0x91000000
.local/legacy-firmware/work/extract/stock-rootfs/lib/modules/5.4.55/xpon.ko	2ab6770ce75db1323c7c717bd1d3454a8b18f80864efc6b5fe9b68edfb43e75c	.rela.text	10288	.text	0x2a0c4	0x2a0c4	0x2a11c	R_AARCH64_ADR_PREL_PG_HI21	gponRecovery	597	0	STT_OBJECT	.bss	0x2168	0x0		0x2168	gpon_recover_create_gemport	0x29f2c	0x198	symbol_size	0x2a33c		executable_reference	0x90000000
.local/legacy-firmware/work/extract/stock-rootfs/lib/modules/5.4.55/xpon.ko	2ab6770ce75db1323c7c717bd1d3454a8b18f80864efc6b5fe9b68edfb43e75c	.rela.text	10289	.text	0x2a0c8	0x2a0c8	0x2a120	R_AARCH64_ADD_ABS_LO12_NC	gponRecovery	597	0	STT_OBJECT	.bss	0x2168	0x0		0x2168	gpon_recover_create_gemport	0x29f2c	0x19c	symbol_size	0x2a33c		executable_reference	0x91000000
.local/legacy-firmware/work/extract/stock-rootfs/lib/modules/5.4.55/xpon.ko	2ab6770ce75db1323c7c717bd1d3454a8b18f80864efc6b5fe9b68edfb43e75c	.rela.text	10298	.text	0x2a100	0x2a100	0x2a158	R_AARCH64_ADR_PREL_PG_HI21	gponRecovery	597	0	STT_OBJECT	.bss	0x2168	0x0		0x2168	gpon_recover_create_gemport	0x29f2c	0x1d4	symbol_size	0x2a33c		executable_reference	0x90000000
.local/legacy-firmware/work/extract/stock-rootfs/lib/modules/5.4.55/xpon.ko	2ab6770ce75db1323c7c717bd1d3454a8b18f80864efc6b5fe9b68edfb43e75c	.rela.text	10299	.text	0x2a104	0x2a104	0x2a15c	R_AARCH64_ADD_ABS_LO12_NC	gponRecovery	597	0	STT_OBJECT	.bss	0x2168	0x0		0x2168	gpon_recover_create_gemport	0x29f2c	0x1d8	symbol_size	0x2a33c		executable_reference	0x91000000
.local/legacy-firmware/work/extract/stock-rootfs/lib/modules/5.4.55/xpon.ko	2ab6770ce75db1323c7c717bd1d3454a8b18f80864efc6b5fe9b68edfb43e75c	.rela.text	10305	.text	0x2a12c	0x2a12c	0x2a184	R_AARCH64_ADR_PREL_PG_HI21	gponRecovery	597	0	STT_OBJECT	.bss	0x2168	0x0		0x2168	gpon_recover_create_gemport	0x29f2c	0x200	symbol_size	0x2a33c		executable_reference	0x90000000
.local/legacy-firmware/work/extract/stock-rootfs/lib/modules/5.4.55/xpon.ko	2ab6770ce75db1323c7c717bd1d3454a8b18f80864efc6b5fe9b68edfb43e75c	.rela.text	10306	.text	0x2a130	0x2a130	0x2a188	R_AARCH64_ADD_ABS_LO12_NC	gponRecovery	597	0	STT_OBJECT	.bss	0x2168	0x0		0x2168	gpon_recover_create_gemport	0x29f2c	0x204	symbol_size	0x2a33c		executable_reference	0x91000002
.local/legacy-firmware/work/extract/stock-rootfs/lib/modules/5.4.55/xpon.ko	2ab6770ce75db1323c7c717bd1d3454a8b18f80864efc6b5fe9b68edfb43e75c	.rela.text	10310	.text	0x2a164	0x2a164	0x2a1bc	R_AARCH64_ADR_PREL_PG_HI21	gponRecovery	597	0	STT_OBJECT	.bss	0x2168	0x0		0x2168	gpon_recover_create_gemport	0x29f2c	0x238	symbol_size	0x2a33c		executable_reference	0x90000000
.local/legacy-firmware/work/extract/stock-rootfs/lib/modules/5.4.55/xpon.ko	2ab6770ce75db1323c7c717bd1d3454a8b18f80864efc6b5fe9b68edfb43e75c	.rela.text	10311	.text	0x2a168	0x2a168	0x2a1c0	R_AARCH64_ADD_ABS_LO12_NC	gponRecovery	597	0	STT_OBJECT	.bss	0x2168	0x0		0x2168	gpon_recover_create_gemport	0x29f2c	0x23c	symbol_size	0x2a33c		executable_reference	0x91000000
.local/legacy-firmware/work/extract/stock-rootfs/lib/modules/5.4.55/xpon.ko	2ab6770ce75db1323c7c717bd1d3454a8b18f80864efc6b5fe9b68edfb43e75c	.rela.text	10317	.text	0x2a190	0x2a190	0x2a1e8	R_AARCH64_ADR_PREL_PG_HI21	gponRecovery	597	0	STT_OBJECT	.bss	0x2168	0x0		0x2168	gpon_recover_create_gemport	0x29f2c	0x264	symbol_size	0x2a33c		executable_reference	0x90000000
.local/legacy-firmware/work/extract/stock-rootfs/lib/modules/5.4.55/xpon.ko	2ab6770ce75db1323c7c717bd1d3454a8b18f80864efc6b5fe9b68edfb43e75c	.rela.text	10318	.text	0x2a194	0x2a194	0x2a1ec	R_AARCH64_ADD_ABS_LO12_NC	gponRecovery	597	0	STT_OBJECT	.bss	0x2168	0x0		0x2168	gpon_recover_create_gemport	0x29f2c	0x268	symbol_size	0x2a33c		executable_reference	0x91000002
.local/legacy-firmware/work/extract/stock-rootfs/lib/modules/5.4.55/xpon.ko	2ab6770ce75db1323c7c717bd1d3454a8b18f80864efc6b5fe9b68edfb43e75c	.rela.text	10322	.text	0x2a1c8	0x2a1c8	0x2a220	R_AARCH64_ADR_PREL_PG_HI21	gponRecovery	597	0	STT_OBJECT	.bss	0x2168	0x0		0x2168	gpon_recover_create_gemport	0x29f2c	0x29c	symbol_size	0x2a33c		executable_reference	0x90000000
.local/legacy-firmware/work/extract/stock-rootfs/lib/modules/5.4.55/xpon.ko	2ab6770ce75db1323c7c717bd1d3454a8b18f80864efc6b5fe9b68edfb43e75c	.rela.text	10323	.text	0x2a1cc	0x2a1cc	0x2a224	R_AARCH64_ADD_ABS_LO12_NC	gponRecovery	597	0	STT_OBJECT	.bss	0x2168	0x0		0x2168	gpon_recover_create_gemport	0x29f2c	0x2a0	symbol_size	0x2a33c		executable_reference	0x91000000
.local/legacy-firmware/work/extract/stock-rootfs/lib/modules/5.4.55/xpon.ko	2ab6770ce75db1323c7c717bd1d3454a8b18f80864efc6b5fe9b68edfb43e75c	.rela.text	10329	.text	0x2a1f4	0x2a1f4	0x2a24c	R_AARCH64_ADR_PREL_PG_HI21	gponRecovery	597	0	STT_OBJECT	.bss	0x2168	0x0		0x2168	gpon_recover_create_gemport	0x29f2c	0x2c8	symbol_size	0x2a33c		executable_reference	0x90000000
.local/legacy-firmware/work/extract/stock-rootfs/lib/modules/5.4.55/xpon.ko	2ab6770ce75db1323c7c717bd1d3454a8b18f80864efc6b5fe9b68edfb43e75c	.rela.text	10330	.text	0x2a1f8	0x2a1f8	0x2a250	R_AARCH64_ADD_ABS_LO12_NC	gponRecovery	597	0	STT_OBJECT	.bss	0x2168	0x0		0x2168	gpon_recover_create_gemport	0x29f2c	0x2cc	symbol_size	0x2a33c		executable_reference	0x91000002
.local/legacy-firmware/work/extract/stock-rootfs/lib/modules/5.4.55/xpon.ko	2ab6770ce75db1323c7c717bd1d3454a8b18f80864efc6b5fe9b68edfb43e75c	.rela.text	10334	.text	0x2a22c	0x2a22c	0x2a284	R_AARCH64_ADR_PREL_PG_HI21	gponRecovery	597	0	STT_OBJECT	.bss	0x2168	0x0		0x2168	gpon_recover_create_gemport	0x29f2c	0x300	symbol_size	0x2a33c		executable_reference	0x90000000
.local/legacy-firmware/work/extract/stock-rootfs/lib/modules/5.4.55/xpon.ko	2ab6770ce75db1323c7c717bd1d3454a8b18f80864efc6b5fe9b68edfb43e75c	.rela.text	10335	.text	0x2a230	0x2a230	0x2a288	R_AARCH64_ADD_ABS_LO12_NC	gponRecovery	597	0	STT_OBJECT	.bss	0x2168	0x0		0x2168	gpon_recover_create_gemport	0x29f2c	0x304	symbol_size	0x2a33c		executable_reference	0x91000000
.local/legacy-firmware/work/extract/stock-rootfs/lib/modules/5.4.55/xpon.ko	2ab6770ce75db1323c7c717bd1d3454a8b18f80864efc6b5fe9b68edfb43e75c	.rela.text	10341	.text	0x2a258	0x2a258	0x2a2b0	R_AARCH64_ADR_PREL_PG_HI21	gponRecovery	597	0	STT_OBJECT	.bss	0x2168	0x0		0x2168	gpon_recover_create_gemport	0x29f2c	0x32c	symbol_size	0x2a33c		executable_reference	0x90000000
.local/legacy-firmware/work/extract/stock-rootfs/lib/modules/5.4.55/xpon.ko	2ab6770ce75db1323c7c717bd1d3454a8b18f80864efc6b5fe9b68edfb43e75c	.rela.text	10342	.text	0x2a25c	0x2a25c	0x2a2b4	R_AARCH64_ADD_ABS_LO12_NC	gponRecovery	597	0	STT_OBJECT	.bss	0x2168	0x0		0x2168	gpon_recover_create_gemport	0x29f2c	0x330	symbol_size	0x2a33c		executable_reference	0x91000002
.local/legacy-firmware/work/extract/stock-rootfs/lib/modules/5.4.55/xpon.ko	2ab6770ce75db1323c7c717bd1d3454a8b18f80864efc6b5fe9b68edfb43e75c	.rela.text	10346	.text	0x2a290	0x2a290	0x2a2e8	R_AARCH64_ADR_PREL_PG_HI21	gponRecovery	597	0	STT_OBJECT	.bss	0x2168	0x0		0x2168	gpon_recover_create_gemport	0x29f2c	0x364	symbol_size	0x2a33c		executable_reference	0x90000000
.local/legacy-firmware/work/extract/stock-rootfs/lib/modules/5.4.55/xpon.ko	2ab6770ce75db1323c7c717bd1d3454a8b18f80864efc6b5fe9b68edfb43e75c	.rela.text	10347	.text	0x2a294	0x2a294	0x2a2ec	R_AARCH64_ADD_ABS_LO12_NC	gponRecovery	597	0	STT_OBJECT	.bss	0x2168	0x0		0x2168	gpon_recover_create_gemport	0x29f2c	0x368	symbol_size	0x2a33c		executable_reference	0x91000000
.local/legacy-firmware/work/extract/stock-rootfs/lib/modules/5.4.55/xpon.ko	2ab6770ce75db1323c7c717bd1d3454a8b18f80864efc6b5fe9b68edfb43e75c	.rela.text	10353	.text	0x2a2bc	0x2a2bc	0x2a314	R_AARCH64_ADR_PREL_PG_HI21	gponRecovery	597	0	STT_OBJECT	.bss	0x2168	0x0		0x2168	gpon_recover_create_gemport	0x29f2c	0x390	symbol_size	0x2a33c		executable_reference	0x90000000
.local/legacy-firmware/work/extract/stock-rootfs/lib/modules/5.4.55/xpon.ko	2ab6770ce75db1323c7c717bd1d3454a8b18f80864efc6b5fe9b68edfb43e75c	.rela.text	10354	.text	0x2a2c0	0x2a2c0	0x2a318	R_AARCH64_ADD_ABS_LO12_NC	gponRecovery	597	0	STT_OBJECT	.bss	0x2168	0x0		0x2168	gpon_recover_create_gemport	0x29f2c	0x394	symbol_size	0x2a33c		executable_reference	0x91000002
.local/legacy-firmware/work/extract/stock-rootfs/lib/modules/5.4.55/xpon.ko	2ab6770ce75db1323c7c717bd1d3454a8b18f80864efc6b5fe9b68edfb43e75c	.rela.text	10358	.text	0x2a318	0x2a318	0x2a370	R_AARCH64_ADR_PREL_PG_HI21	gponRecovery	597	0	STT_OBJECT	.bss	0x2168	0x0		0x2168	gpon_recover_create_gemport	0x29f2c	0x3ec	symbol_size	0x2a33c		executable_reference	0x90000000
.local/legacy-firmware/work/extract/stock-rootfs/lib/modules/5.4.55/xpon.ko	2ab6770ce75db1323c7c717bd1d3454a8b18f80864efc6b5fe9b68edfb43e75c	.rela.text	10359	.text	0x2a31c	0x2a31c	0x2a374	R_AARCH64_ADD_ABS_LO12_NC	gponRecovery	597	0	STT_OBJECT	.bss	0x2168	0x0		0x2168	gpon_recover_create_gemport	0x29f2c	0x3f0	symbol_size	0x2a33c		executable_reference	0x91000000
.local/legacy-firmware/work/extract/stock-rootfs/lib/modules/5.4.55/xpon.ko	2ab6770ce75db1323c7c717bd1d3454a8b18f80864efc6b5fe9b68edfb43e75c	.rela.text	10360	.text	0x2a348	0x2a348	0x2a3a0	R_AARCH64_ADR_PREL_PG_HI21	gponRecovery	597	0	STT_OBJECT	.bss	0x2168	0x80		0x21e8	gpon_recover_delete_gemport	0x2a33c	0xc	symbol_size	0x2a498		executable_reference	0x90000000
.local/legacy-firmware/work/extract/stock-rootfs/lib/modules/5.4.55/xpon.ko	2ab6770ce75db1323c7c717bd1d3454a8b18f80864efc6b5fe9b68edfb43e75c	.rela.text	10361	.text	0x2a34c	0x2a34c	0x2a3a4	R_AARCH64_ADD_ABS_LO12_NC	gponRecovery	597	0	STT_OBJECT	.bss	0x2168	0x80		0x21e8	gpon_recover_delete_gemport	0x2a33c	0x10	symbol_size	0x2a498		executable_reference	0x91000000
.local/legacy-firmware/work/extract/stock-rootfs/lib/modules/5.4.55/xpon.ko	2ab6770ce75db1323c7c717bd1d3454a8b18f80864efc6b5fe9b68edfb43e75c	.rela.text	10362	.text	0x2a37c	0x2a37c	0x2a3d4	R_AARCH64_ADR_PREL_PG_HI21	gponRecovery	597	0	STT_OBJECT	.bss	0x2168	0x80		0x21e8	gpon_recover_delete_gemport	0x2a33c	0x40	symbol_size	0x2a498		executable_reference	0x90000000
.local/legacy-firmware/work/extract/stock-rootfs/lib/modules/5.4.55/xpon.ko	2ab6770ce75db1323c7c717bd1d3454a8b18f80864efc6b5fe9b68edfb43e75c	.rela.text	10363	.text	0x2a380	0x2a380	0x2a3d8	R_AARCH64_ADD_ABS_LO12_NC	gponRecovery	597	0	STT_OBJECT	.bss	0x2168	0x80		0x21e8	gpon_recover_delete_gemport	0x2a33c	0x44	symbol_size	0x2a498		executable_reference	0x91000000
.local/legacy-firmware/work/extract/stock-rootfs/lib/modules/5.4.55/xpon.ko	2ab6770ce75db1323c7c717bd1d3454a8b18f80864efc6b5fe9b68edfb43e75c	.rela.text	10364	.text	0x2a39c	0x2a39c	0x2a3f4	R_AARCH64_ADR_PREL_PG_HI21	gponRecovery	597	0	STT_OBJECT	.bss	0x2168	0x0		0x2168	gpon_recover_delete_gemport	0x2a33c	0x60	symbol_size	0x2a498		executable_reference	0x90000000
.local/legacy-firmware/work/extract/stock-rootfs/lib/modules/5.4.55/xpon.ko	2ab6770ce75db1323c7c717bd1d3454a8b18f80864efc6b5fe9b68edfb43e75c	.rela.text	10365	.text	0x2a3a0	0x2a3a0	0x2a3f8	R_AARCH64_ADD_ABS_LO12_NC	gponRecovery	597	0	STT_OBJECT	.bss	0x2168	0x0		0x2168	gpon_recover_delete_gemport	0x2a33c	0x64	symbol_size	0x2a498		executable_reference	0x91000000
.local/legacy-firmware/work/extract/stock-rootfs/lib/modules/5.4.55/xpon.ko	2ab6770ce75db1323c7c717bd1d3454a8b18f80864efc6b5fe9b68edfb43e75c	.rela.text	10366	.text	0x2a3b8	0x2a3b8	0x2a410	R_AARCH64_ADR_PREL_PG_HI21	gponRecovery	597	0	STT_OBJECT	.bss	0x2168	0x0		0x2168	gpon_recover_delete_gemport	0x2a33c	0x7c	symbol_size	0x2a498		executable_reference	0x90000000
.local/legacy-firmware/work/extract/stock-rootfs/lib/modules/5.4.55/xpon.ko	2ab6770ce75db1323c7c717bd1d3454a8b18f80864efc6b5fe9b68edfb43e75c	.rela.text	10367	.text	0x2a3bc	0x2a3bc	0x2a414	R_AARCH64_ADD_ABS_LO12_NC	gponRecovery	597	0	STT_OBJECT	.bss	0x2168	0x0		0x2168	gpon_recover_delete_gemport	0x2a33c	0x80	symbol_size	0x2a498		executable_reference	0x91000000
.local/legacy-firmware/work/extract/stock-rootfs/lib/modules/5.4.55/xpon.ko	2ab6770ce75db1323c7c717bd1d3454a8b18f80864efc6b5fe9b68edfb43e75c	.rela.text	10376	.text	0x2a3fc	0x2a3fc	0x2a454	R_AARCH64_ADR_PREL_PG_HI21	gponRecovery	597	0	STT_OBJECT	.bss	0x2168	0x0		0x2168	gpon_recover_delete_gemport	0x2a33c	0xc0	symbol_size	0x2a498		executable_reference	0x90000000
.local/legacy-firmware/work/extract/stock-rootfs/lib/modules/5.4.55/xpon.ko	2ab6770ce75db1323c7c717bd1d3454a8b18f80864efc6b5fe9b68edfb43e75c	.rela.text	10377	.text	0x2a400	0x2a400	0x2a458	R_AARCH64_ADD_ABS_LO12_NC	gponRecovery	597	0	STT_OBJECT	.bss	0x2168	0x0		0x2168	gpon_recover_delete_gemport	0x2a33c	0xc4	symbol_size	0x2a498		executable_reference	0x91000000
.local/legacy-firmware/work/extract/stock-rootfs/lib/modules/5.4.55/xpon.ko	2ab6770ce75db1323c7c717bd1d3454a8b18f80864efc6b5fe9b68edfb43e75c	.rela.text	10379	.text	0x2a43c	0x2a43c	0x2a494	R_AARCH64_ADR_PREL_PG_HI21	gponRecovery	597	0	STT_OBJECT	.bss	0x2168	0x0		0x2168	gpon_recover_delete_gemport	0x2a33c	0x100	symbol_size	0x2a498		executable_reference	0x90000000
.local/legacy-firmware/work/extract/stock-rootfs/lib/modules/5.4.55/xpon.ko	2ab6770ce75db1323c7c717bd1d3454a8b18f80864efc6b5fe9b68edfb43e75c	.rela.text	10380	.text	0x2a440	0x2a440	0x2a498	R_AARCH64_ADD_ABS_LO12_NC	gponRecovery	597	0	STT_OBJECT	.bss	0x2168	0x0		0x2168	gpon_recover_delete_gemport	0x2a33c	0x104	symbol_size	0x2a498		executable_reference	0x91000000
.local/legacy-firmware/work/extract/stock-rootfs/lib/modules/5.4.55/xpon.ko	2ab6770ce75db1323c7c717bd1d3454a8b18f80864efc6b5fe9b68edfb43e75c	.rela.text	10381	.text	0x2a470	0x2a470	0x2a4c8	R_AARCH64_ADR_PREL_PG_HI21	gponRecovery	597	0	STT_OBJECT	.bss	0x2168	0x0		0x2168	gpon_recover_delete_gemport	0x2a33c	0x134	symbol_size	0x2a498		executable_reference	0x90000000
.local/legacy-firmware/work/extract/stock-rootfs/lib/modules/5.4.55/xpon.ko	2ab6770ce75db1323c7c717bd1d3454a8b18f80864efc6b5fe9b68edfb43e75c	.rela.text	10382	.text	0x2a474	0x2a474	0x2a4cc	R_AARCH64_ADD_ABS_LO12_NC	gponRecovery	597	0	STT_OBJECT	.bss	0x2168	0x0		0x2168	gpon_recover_delete_gemport	0x2a33c	0x138	symbol_size	0x2a498		executable_reference	0x91000000
.local/legacy-firmware/work/extract/stock-rootfs/lib/modules/5.4.55/xpon.ko	2ab6770ce75db1323c7c717bd1d3454a8b18f80864efc6b5fe9b68edfb43e75c	.rela.text	10383	.text	0x2a480	0x2a480	0x2a4d8	R_AARCH64_ADR_PREL_PG_HI21	gponRecovery	597	0	STT_OBJECT	.bss	0x2168	0x0		0x2168	gpon_recover_delete_gemport	0x2a33c	0x144	symbol_size	0x2a498		executable_reference	0x90000000
.local/legacy-firmware/work/extract/stock-rootfs/lib/modules/5.4.55/xpon.ko	2ab6770ce75db1323c7c717bd1d3454a8b18f80864efc6b5fe9b68edfb43e75c	.rela.text	10384	.text	0x2a484	0x2a484	0x2a4dc	R_AARCH64_ADD_ABS_LO12_NC	gponRecovery	597	0	STT_OBJECT	.bss	0x2168	0x0		0x2168	gpon_recover_delete_gemport	0x2a33c	0x148	symbol_size	0x2a498		executable_reference	0x91000000
.local/legacy-firmware/work/extract/stock-rootfs/lib/modules/5.4.55/xpon.ko	2ab6770ce75db1323c7c717bd1d3454a8b18f80864efc6b5fe9b68edfb43e75c	.rela.text	11182	.text	0x2f6d4	0x2f6d4	0x2f72c	R_AARCH64_CALL26	eponWanResetWithChannelRetire	691	0	STT_FUNC	.text	0x31de0	0x0	eponWanResetWithChannelRetire	0x31de0	unnamed@.text+0x2f6c0	0x2f6c0	0x14	eh_frame_FDE	0x2f6f4	0x60bc	direct_call_BL	0x94000000
.local/legacy-firmware/work/extract/stock-rootfs/lib/modules/5.4.55/xpon.ko	2ab6770ce75db1323c7c717bd1d3454a8b18f80864efc6b5fe9b68edfb43e75c	.rela.text	11582	.text	0x30f50	0x30f50	0x30fa8	R_AARCH64_CALL26	xpon_reset_qdma_tx_buf	463	0	STT_FUNC	.text	0x62120	0x0	xpon_reset_qdma_tx_buf	0x62120	unnamed@.text+0x30ea4	0x30ea4	0xac	eh_frame_FDE	0x310d4	0x63d8	direct_call_BL	0x94000000
.local/legacy-firmware/work/extract/stock-rootfs/lib/modules/5.4.55/xpon.ko	2ab6770ce75db1323c7c717bd1d3454a8b18f80864efc6b5fe9b68edfb43e75c	.rela.text	11705	.text	0x317bc	0x317bc	0x31814	R_AARCH64_ADR_PREL_PG_HI21	no_epon_mac_reset	866	0	STT_OBJECT	.bss	0x31b8	0x0		0x31b8	eponMacSwReset	0x317a0	0x1c	symbol_size	0x31a2c		executable_reference	0x90000000
.local/legacy-firmware/work/extract/stock-rootfs/lib/modules/5.4.55/xpon.ko	2ab6770ce75db1323c7c717bd1d3454a8b18f80864efc6b5fe9b68edfb43e75c	.rela.text	11706	.text	0x317c0	0x317c0	0x31818	R_AARCH64_ADD_ABS_LO12_NC	no_epon_mac_reset	866	0	STT_OBJECT	.bss	0x31b8	0x0		0x31b8	eponMacSwReset	0x317a0	0x20	symbol_size	0x31a2c		executable_reference	0x91000000
.local/legacy-firmware/work/extract/stock-rootfs/lib/modules/5.4.55/xpon.ko	2ab6770ce75db1323c7c717bd1d3454a8b18f80864efc6b5fe9b68edfb43e75c	.rela.text	11764	.text	0x31a48	0x31a48	0x31aa0	R_AARCH64_CALL26	eponMacSwReset	422	0	STT_FUNC	.text	0x317a0	0x0	eponMacSwReset	0x317a0	eponMacStop	0x31a2c	0x1c	symbol_size	0x31a80		direct_call_BL	0x94000000
.local/legacy-firmware/work/extract/stock-rootfs/lib/modules/5.4.55/xpon.ko	2ab6770ce75db1323c7c717bd1d3454a8b18f80864efc6b5fe9b68edfb43e75c	.rela.text	11771	.text	0x31ab0	0x31ab0	0x31b08	R_AARCH64_CALL26	eponMacSwReset	422	0	STT_FUNC	.text	0x317a0	0x0	eponMacSwReset	0x317a0	eponMacRestart	0x31a80	0x30	symbol_size	0x31b84		direct_call_BL	0x94000000
.local/legacy-firmware/work/extract/stock-rootfs/lib/modules/5.4.55/xpon.ko	2ab6770ce75db1323c7c717bd1d3454a8b18f80864efc6b5fe9b68edfb43e75c	.rela.text	11899	.text	0x32254	0x32254	0x322ac	R_AARCH64_CALL26	eponWanResetWithChannelRetire	691	0	STT_FUNC	.text	0x31de0	0x0	eponWanResetWithChannelRetire	0x31de0	eponEnable	0x3224c	0x8	symbol_size	0x32268		direct_call_BL	0x94000000
.local/legacy-firmware/work/extract/stock-rootfs/lib/modules/5.4.55/xpon.ko	2ab6770ce75db1323c7c717bd1d3454a8b18f80864efc6b5fe9b68edfb43e75c	.rela.text	11922	.text	0x323b8	0x323b8	0x32410	R_AARCH64_CALL26	eponFirmwareSetMode	501	0	STT_FUNC	.text	0x3229c	0x0	eponFirmwareSetMode	0x3229c	eponStart	0x32394	0x24	symbol_size	0x324e8		direct_call_BL	0x94000000
.local/legacy-firmware/work/extract/stock-rootfs/lib/modules/5.4.55/xpon.ko	2ab6770ce75db1323c7c717bd1d3454a8b18f80864efc6b5fe9b68edfb43e75c	.rela.text	12045	.text	0x32c38	0x32c38	0x32c90	R_AARCH64_CALL26	xpon_reset_qdma_tx_buf	463	0	STT_FUNC	.text	0x62120	0x0	xpon_reset_qdma_tx_buf	0x62120	eponDetectPhyLosHandler	0x32b98	0xa0	symbol_size	0x32c68		direct_call_BL	0x94000000
.local/legacy-firmware/work/extract/stock-rootfs/lib/modules/5.4.55/xpon.ko	2ab6770ce75db1323c7c717bd1d3454a8b18f80864efc6b5fe9b68edfb43e75c	.rela.text	12048	.text	0x32c54	0x32c54	0x32cac	R_AARCH64_CALL26	eponFirmwareSetMode	501	0	STT_FUNC	.text	0x3229c	0x0	eponFirmwareSetMode	0x3229c	eponDetectPhyLosHandler	0x32b98	0xbc	symbol_size	0x32c68		direct_call_BL	0x94000000
.local/legacy-firmware/work/extract/stock-rootfs/lib/modules/5.4.55/xpon.ko	2ab6770ce75db1323c7c717bd1d3454a8b18f80864efc6b5fe9b68edfb43e75c	.rela.text	12126	.text	0x32fb4	0x32fb4	0x3300c	R_AARCH64_CALL26	eponFirmwareSetMode	501	0	STT_FUNC	.text	0x3229c	0x0	eponFirmwareSetMode	0x3229c	eponDetectPhyReady	0x32f2c	0x88	symbol_size	0x33038		direct_call_BL	0x94000000
.local/legacy-firmware/work/extract/stock-rootfs/lib/modules/5.4.55/xpon.ko	2ab6770ce75db1323c7c717bd1d3454a8b18f80864efc6b5fe9b68edfb43e75c	.rela.text	12260	.text	0x336e8	0x336e8	0x33740	R_AARCH64_CALL26	eponFirmwareSetMode	501	0	STT_FUNC	.text	0x3229c	0x0	eponFirmwareSetMode	0x3229c	eponInit	0x33640	0xa8	symbol_size	0x33868		direct_call_BL	0x94000000
.local/legacy-firmware/work/extract/stock-rootfs/lib/modules/5.4.55/xpon.ko	2ab6770ce75db1323c7c717bd1d3454a8b18f80864efc6b5fe9b68edfb43e75c	.rela.text	13301	.text	0x384d4	0x384d4	0x3852c	R_AARCH64_CALL26	eponMacSwReset	422	0	STT_FUNC	.text	0x317a0	0x0	eponMacSwReset	0x317a0	unnamed@.text+0x384bc	0x384bc	0x18	eh_frame_FDE	0x38528	0x6afc	direct_call_BL	0x94000000
.local/legacy-firmware/work/extract/stock-rootfs/lib/modules/5.4.55/xpon.ko	2ab6770ce75db1323c7c717bd1d3454a8b18f80864efc6b5fe9b68edfb43e75c	.rela.text	13396	.text	0x39dcc	0x39dcc	0x39e24	R_AARCH64_ADR_PREL_PG_HI21	gFeResetRetryCnt	614	0	STT_OBJECT	.bss	0xbc24	0x0		0xbc24	max_dscv_gate_write_proc	0x39c20	0x1ac	symbol_size	0x39e18		executable_reference	0x90000000
.local/legacy-firmware/work/extract/stock-rootfs/lib/modules/5.4.55/xpon.ko	2ab6770ce75db1323c7c717bd1d3454a8b18f80864efc6b5fe9b68edfb43e75c	.rela.text	13397	.text	0x39dd0	0x39dd0	0x39e28	R_AARCH64_ADD_ABS_LO12_NC	gFeResetRetryCnt	614	0	STT_OBJECT	.bss	0xbc24	0x0		0xbc24	max_dscv_gate_write_proc	0x39c20	0x1b0	symbol_size	0x39e18		executable_reference	0x91000000
.local/legacy-firmware/work/extract/stock-rootfs/lib/modules/5.4.55/xpon.ko	2ab6770ce75db1323c7c717bd1d3454a8b18f80864efc6b5fe9b68edfb43e75c	.rela.text	13518	.text	0x3a44c	0x3a44c	0x3a4a4	R_AARCH64_ADR_PREL_PG_HI21	gFeResetRetryCnt	614	0	STT_OBJECT	.bss	0xbc24	0x0		0xbc24	eponMpcpDiscvGateIntHandler	0x3a0bc	0x390	symbol_size	0x3a8e8		executable_reference	0x90000000
.local/legacy-firmware/work/extract/stock-rootfs/lib/modules/5.4.55/xpon.ko	2ab6770ce75db1323c7c717bd1d3454a8b18f80864efc6b5fe9b68edfb43e75c	.rela.text	13519	.text	0x3a450	0x3a450	0x3a4a8	R_AARCH64_ADD_ABS_LO12_NC	gFeResetRetryCnt	614	0	STT_OBJECT	.bss	0xbc24	0x0		0xbc24	eponMpcpDiscvGateIntHandler	0x3a0bc	0x394	symbol_size	0x3a8e8		executable_reference	0x91000000
.local/legacy-firmware/work/extract/stock-rootfs/lib/modules/5.4.55/xpon.ko	2ab6770ce75db1323c7c717bd1d3454a8b18f80864efc6b5fe9b68edfb43e75c	.rela.text	13527	.text	0x3a490	0x3a490	0x3a4e8	R_AARCH64_ADR_PREL_PG_HI21	gFeResetRetryCnt	614	0	STT_OBJECT	.bss	0xbc24	0x0		0xbc24	eponMpcpDiscvGateIntHandler	0x3a0bc	0x3d4	symbol_size	0x3a8e8		executable_reference	0x90000000
.local/legacy-firmware/work/extract/stock-rootfs/lib/modules/5.4.55/xpon.ko	2ab6770ce75db1323c7c717bd1d3454a8b18f80864efc6b5fe9b68edfb43e75c	.rela.text	13528	.text	0x3a494	0x3a494	0x3a4ec	R_AARCH64_ADD_ABS_LO12_NC	gFeResetRetryCnt	614	0	STT_OBJECT	.bss	0xbc24	0x0		0xbc24	eponMpcpDiscvGateIntHandler	0x3a0bc	0x3d8	symbol_size	0x3a8e8		executable_reference	0x91000000
.local/legacy-firmware/work/extract/stock-rootfs/lib/modules/5.4.55/xpon.ko	2ab6770ce75db1323c7c717bd1d3454a8b18f80864efc6b5fe9b68edfb43e75c	.rela.text	13529	.text	0x3a4a4	0x3a4a4	0x3a4fc	R_AARCH64_ADR_PREL_PG_HI21	gFeResetRetryCnt	614	0	STT_OBJECT	.bss	0xbc24	0x0		0xbc24	eponMpcpDiscvGateIntHandler	0x3a0bc	0x3e8	symbol_size	0x3a8e8		executable_reference	0x90000000
.local/legacy-firmware/work/extract/stock-rootfs/lib/modules/5.4.55/xpon.ko	2ab6770ce75db1323c7c717bd1d3454a8b18f80864efc6b5fe9b68edfb43e75c	.rela.text	13530	.text	0x3a4a8	0x3a4a8	0x3a500	R_AARCH64_ADD_ABS_LO12_NC	gFeResetRetryCnt	614	0	STT_OBJECT	.bss	0xbc24	0x0		0xbc24	eponMpcpDiscvGateIntHandler	0x3a0bc	0x3ec	symbol_size	0x3a8e8		executable_reference	0x91000000
.local/legacy-firmware/work/extract/stock-rootfs/lib/modules/5.4.55/xpon.ko	2ab6770ce75db1323c7c717bd1d3454a8b18f80864efc6b5fe9b68edfb43e75c	.rela.text	13531	.text	0x3a4b4	0x3a4b4	0x3a50c	R_AARCH64_ADR_PREL_PG_HI21	gFeResetRetryCnt	614	0	STT_OBJECT	.bss	0xbc24	0x0		0xbc24	eponMpcpDiscvGateIntHandler	0x3a0bc	0x3f8	symbol_size	0x3a8e8		executable_reference	0x90000000
.local/legacy-firmware/work/extract/stock-rootfs/lib/modules/5.4.55/xpon.ko	2ab6770ce75db1323c7c717bd1d3454a8b18f80864efc6b5fe9b68edfb43e75c	.rela.text	13532	.text	0x3a4b8	0x3a4b8	0x3a510	R_AARCH64_ADD_ABS_LO12_NC	gFeResetRetryCnt	614	0	STT_OBJECT	.bss	0xbc24	0x0		0xbc24	eponMpcpDiscvGateIntHandler	0x3a0bc	0x3fc	symbol_size	0x3a8e8		executable_reference	0x91000000
.local/legacy-firmware/work/extract/stock-rootfs/lib/modules/5.4.55/xpon.ko	2ab6770ce75db1323c7c717bd1d3454a8b18f80864efc6b5fe9b68edfb43e75c	.rela.text	13562	.text	0x3a61c	0x3a61c	0x3a674	R_AARCH64_CALL26	eponFirmwareSetMode	501	0	STT_FUNC	.text	0x3229c	0x0	eponFirmwareSetMode	0x3229c	eponMpcpDiscvGateIntHandler	0x3a0bc	0x560	symbol_size	0x3a8e8		direct_call_BL	0x94000000
.local/legacy-firmware/work/extract/stock-rootfs/lib/modules/5.4.55/xpon.ko	2ab6770ce75db1323c7c717bd1d3454a8b18f80864efc6b5fe9b68edfb43e75c	.rela.text	13610	.text	0x3a828	0x3a828	0x3a880	R_AARCH64_CALL26	eponFirmwareSetMode	501	0	STT_FUNC	.text	0x3229c	0x0	eponFirmwareSetMode	0x3229c	eponMpcpDiscvGateIntHandler	0x3a0bc	0x76c	symbol_size	0x3a8e8		direct_call_BL	0x94000000
.local/legacy-firmware/work/extract/stock-rootfs/lib/modules/5.4.55/xpon.ko	2ab6770ce75db1323c7c717bd1d3454a8b18f80864efc6b5fe9b68edfb43e75c	.rela.text	13621	.text	0x3a8f4	0x3a8f4	0x3a94c	R_AARCH64_CALL26	eponFirmwareSetMode	501	0	STT_FUNC	.text	0x3229c	0x0	eponFirmwareSetMode	0x3229c	unnamed@.text+0x3a8e8	0x3a8e8	0xc	eh_frame_FDE	0x3a904	0x7340	direct_call_BL	0x94000000
.local/legacy-firmware/work/extract/stock-rootfs/lib/modules/5.4.55/xpon.ko	2ab6770ce75db1323c7c717bd1d3454a8b18f80864efc6b5fe9b68edfb43e75c	.rela.text	13624	.text	0x3a910	0x3a910	0x3a968	R_AARCH64_ADR_PREL_PG_HI21	gFeResetRetryCnt	614	0	STT_OBJECT	.bss	0xbc24	0x0		0xbc24	eponClearRetryCounter	0x3a904	0xc	symbol_size	0x3a924		executable_reference	0x90000000
.local/legacy-firmware/work/extract/stock-rootfs/lib/modules/5.4.55/xpon.ko	2ab6770ce75db1323c7c717bd1d3454a8b18f80864efc6b5fe9b68edfb43e75c	.rela.text	13625	.text	0x3a914	0x3a914	0x3a96c	R_AARCH64_ADD_ABS_LO12_NC	gFeResetRetryCnt	614	0	STT_OBJECT	.bss	0xbc24	0x0		0xbc24	eponClearRetryCounter	0x3a904	0x10	symbol_size	0x3a924		executable_reference	0x91000000
.local/legacy-firmware/work/extract/stock-rootfs/lib/modules/5.4.55/xpon.ko	2ab6770ce75db1323c7c717bd1d3454a8b18f80864efc6b5fe9b68edfb43e75c	.rela.text	13654	.text	0x3ab10	0x3ab10	0x3ab68	R_AARCH64_CALL26	eponFirmwareSetMode	501	0	STT_FUNC	.text	0x3229c	0x0	eponFirmwareSetMode	0x3229c	eponMpcpRgstAckIntHandler	0x3a9c0	0x150	symbol_size	0x3ab40		direct_call_BL	0x94000000
.local/legacy-firmware/work/extract/stock-rootfs/lib/modules/5.4.55/xpon.ko	2ab6770ce75db1323c7c717bd1d3454a8b18f80864efc6b5fe9b68edfb43e75c	.rela.text	13697	.text	0x3ada4	0x3ada4	0x3adfc	R_AARCH64_CALL26	eponWanResetWithChannelRetire	691	0	STT_FUNC	.text	0x31de0	0x0	eponWanResetWithChannelRetire	0x31de0	unnamed@.text+0x3ab40	0x3ab40	0x264	eh_frame_FDE	0x3b010	0x73b4	direct_call_BL	0x94000000
.local/legacy-firmware/work/extract/stock-rootfs/lib/modules/5.4.55/xpon.ko	2ab6770ce75db1323c7c717bd1d3454a8b18f80864efc6b5fe9b68edfb43e75c	.rela.text	13724	.text	0x3af64	0x3af64	0x3afbc	R_AARCH64_CALL26	eponFirmwareSetMode	501	0	STT_FUNC	.text	0x3229c	0x0	eponFirmwareSetMode	0x3229c	unnamed@.text+0x3ab40	0x3ab40	0x424	eh_frame_FDE	0x3b010	0x73b4	direct_call_BL	0x94000000
.local/legacy-firmware/work/extract/stock-rootfs/lib/modules/5.4.55/xpon.ko	2ab6770ce75db1323c7c717bd1d3454a8b18f80864efc6b5fe9b68edfb43e75c	.rela.text	13734	.text	0x3afd4	0x3afd4	0x3b02c	R_AARCH64_CALL26	eponWanResetWithChannelRetire	691	0	STT_FUNC	.text	0x31de0	0x0	eponWanResetWithChannelRetire	0x31de0	unnamed@.text+0x3ab40	0x3ab40	0x494	eh_frame_FDE	0x3b010	0x73b4	direct_call_BL	0x94000000
.local/legacy-firmware/work/extract/stock-rootfs/lib/modules/5.4.55/xpon.ko	2ab6770ce75db1323c7c717bd1d3454a8b18f80864efc6b5fe9b68edfb43e75c	.rela.text	13802	.text	0x3b394	0x3b394	0x3b3ec	R_AARCH64_ADR_PREL_PG_HI21	gFeResetRetryCnt	614	0	STT_OBJECT	.bss	0xbc24	0x0		0xbc24	eponMpcpRgstIntHandler	0x3b010	0x384	symbol_size	0x3b6bc		executable_reference	0x90000000
.local/legacy-firmware/work/extract/stock-rootfs/lib/modules/5.4.55/xpon.ko	2ab6770ce75db1323c7c717bd1d3454a8b18f80864efc6b5fe9b68edfb43e75c	.rela.text	13803	.text	0x3b398	0x3b398	0x3b3f0	R_AARCH64_ADD_ABS_LO12_NC	gFeResetRetryCnt	614	0	STT_OBJECT	.bss	0xbc24	0x0		0xbc24	eponMpcpRgstIntHandler	0x3b010	0x388	symbol_size	0x3b6bc		executable_reference	0x91000000
.local/legacy-firmware/work/extract/stock-rootfs/lib/modules/5.4.55/xpon.ko	2ab6770ce75db1323c7c717bd1d3454a8b18f80864efc6b5fe9b68edfb43e75c	.rela.text	13876	.text	0x3b6ac	0x3b6ac	0x3b704	R_AARCH64_CALL26	eponFirmwareSetMode	501	0	STT_FUNC	.text	0x3229c	0x0	eponFirmwareSetMode	0x3229c	eponMpcpRgstIntHandler	0x3b010	0x69c	symbol_size	0x3b6bc		direct_call_BL	0x94000000
.local/legacy-firmware/work/extract/stock-rootfs/lib/modules/5.4.55/xpon.ko	2ab6770ce75db1323c7c717bd1d3454a8b18f80864efc6b5fe9b68edfb43e75c	.rela.text	13892	.text	0x3b7c4	0x3b7c4	0x3b81c	R_AARCH64_CALL26	eponFirmwareSetMode	501	0	STT_FUNC	.text	0x3229c	0x0	eponFirmwareSetMode	0x3229c	eponMpcpLocalDergstr	0x3b6bc	0x108	symbol_size	0x3b8e4		direct_call_BL	0x94000000
.local/legacy-firmware/work/extract/stock-rootfs/lib/modules/5.4.55/xpon.ko	2ab6770ce75db1323c7c717bd1d3454a8b18f80864efc6b5fe9b68edfb43e75c	.rela.text	13906	.text	0x3b8b4	0x3b8b4	0x3b90c	R_AARCH64_CALL26	eponFirmwareSetMode	501	0	STT_FUNC	.text	0x3229c	0x0	eponFirmwareSetMode	0x3229c	eponMpcpLocalDergstr	0x3b6bc	0x1f8	symbol_size	0x3b8e4		direct_call_BL	0x94000000
.local/legacy-firmware/work/extract/stock-rootfs/lib/modules/5.4.55/xpon.ko	2ab6770ce75db1323c7c717bd1d3454a8b18f80864efc6b5fe9b68edfb43e75c	.rela.text	13944	.text	0x3ba6c	0x3ba6c	0x3bac4	R_AARCH64_CALL26	eponWanResetWithChannelRetire	691	0	STT_FUNC	.text	0x31de0	0x0	eponWanResetWithChannelRetire	0x31de0	eponTimeDrftIntHandler	0x3b948	0x124	symbol_size	0x3ba98		direct_call_BL	0x94000000
.local/legacy-firmware/work/extract/stock-rootfs/lib/modules/5.4.55/xpon.ko	2ab6770ce75db1323c7c717bd1d3454a8b18f80864efc6b5fe9b68edfb43e75c	.rela.text	13963	.text	0x3bbd8	0x3bbd8	0x3bc30	R_AARCH64_CALL26	eponWanResetWithChannelRetire	691	0	STT_FUNC	.text	0x31de0	0x0	eponWanResetWithChannelRetire	0x31de0	eponMpcpTmOutIntHandler	0x3ba98	0x140	symbol_size	0x3bc08		direct_call_BL	0x94000000
.local/legacy-firmware/work/extract/stock-rootfs/lib/modules/5.4.55/xpon.ko	2ab6770ce75db1323c7c717bd1d3454a8b18f80864efc6b5fe9b68edfb43e75c	.rela.text	13966	.text	0x3bbf8	0x3bbf8	0x3bc50	R_AARCH64_CALL26	eponWanResetWithChannelRetire	691	0	STT_FUNC	.text	0x31de0	0x0	eponWanResetWithChannelRetire	0x31de0	eponMpcpTmOutIntHandler	0x3ba98	0x160	symbol_size	0x3bc08		direct_call_BL	0x94000000
.local/legacy-firmware/work/extract/stock-rootfs/lib/modules/5.4.55/xpon.ko	2ab6770ce75db1323c7c717bd1d3454a8b18f80864efc6b5fe9b68edfb43e75c	.rela.text	14392	.text	0x3efd4	0x3efd4	0x3f02c	R_AARCH64_CALL26	eponWanResetWithChannelRetire	691	0	STT_FUNC	.text	0x31de0	0x0	eponWanResetWithChannelRetire	0x31de0	eponMacIoctl	0x3eac4	0x510	symbol_size	0x3f5d0		direct_call_BL	0x94000000
.local/legacy-firmware/work/extract/stock-rootfs/lib/modules/5.4.55/xpon.ko	2ab6770ce75db1323c7c717bd1d3454a8b18f80864efc6b5fe9b68edfb43e75c	.rela.text	16628	.text	0x4aa28	0x4aa28	0x4aa80	R_AARCH64_ADR_PREL_PG_HI21	gponRecovery	597	0	STT_OBJECT	.bss	0x2168	0x0		0x2168	unnamed@.text+0x4aa10	0x4aa10	0x18	eh_frame_FDE	0x4aab4	0x8470	executable_reference	0x90000000
.local/legacy-firmware/work/extract/stock-rootfs/lib/modules/5.4.55/xpon.ko	2ab6770ce75db1323c7c717bd1d3454a8b18f80864efc6b5fe9b68edfb43e75c	.rela.text	16629	.text	0x4aa2c	0x4aa2c	0x4aa84	R_AARCH64_ADD_ABS_LO12_NC	gponRecovery	597	0	STT_OBJECT	.bss	0x2168	0x0		0x2168	unnamed@.text+0x4aa10	0x4aa10	0x1c	eh_frame_FDE	0x4aab4	0x8470	executable_reference	0x91000002
.local/legacy-firmware/work/extract/stock-rootfs/lib/modules/5.4.55/xpon.ko	2ab6770ce75db1323c7c717bd1d3454a8b18f80864efc6b5fe9b68edfb43e75c	.rela.text	16630	.text	0x4aa70	0x4aa70	0x4aac8	R_AARCH64_ADR_PREL_PG_HI21	gponRecovery	597	0	STT_OBJECT	.bss	0x2168	0x0		0x2168	unnamed@.text+0x4aa10	0x4aa10	0x60	eh_frame_FDE	0x4aab4	0x8470	executable_reference	0x90000000
.local/legacy-firmware/work/extract/stock-rootfs/lib/modules/5.4.55/xpon.ko	2ab6770ce75db1323c7c717bd1d3454a8b18f80864efc6b5fe9b68edfb43e75c	.rela.text	16631	.text	0x4aa74	0x4aa74	0x4aacc	R_AARCH64_ADD_ABS_LO12_NC	gponRecovery	597	0	STT_OBJECT	.bss	0x2168	0x0		0x2168	unnamed@.text+0x4aa10	0x4aa10	0x64	eh_frame_FDE	0x4aab4	0x8470	executable_reference	0x91000000
.local/legacy-firmware/work/extract/stock-rootfs/lib/modules/5.4.55/xpon.ko	2ab6770ce75db1323c7c717bd1d3454a8b18f80864efc6b5fe9b68edfb43e75c	.rela.text	16632	.text	0x4aa90	0x4aa90	0x4aae8	R_AARCH64_ADR_PREL_PG_HI21	gponRecovery	597	0	STT_OBJECT	.bss	0x2168	0x0		0x2168	unnamed@.text+0x4aa10	0x4aa10	0x80	eh_frame_FDE	0x4aab4	0x8470	executable_reference	0x90000000
.local/legacy-firmware/work/extract/stock-rootfs/lib/modules/5.4.55/xpon.ko	2ab6770ce75db1323c7c717bd1d3454a8b18f80864efc6b5fe9b68edfb43e75c	.rela.text	16633	.text	0x4aa94	0x4aa94	0x4aaec	R_AARCH64_ADD_ABS_LO12_NC	gponRecovery	597	0	STT_OBJECT	.bss	0x2168	0x0		0x2168	unnamed@.text+0x4aa10	0x4aa10	0x84	eh_frame_FDE	0x4aab4	0x8470	executable_reference	0x91000000
.local/legacy-firmware/work/extract/stock-rootfs/lib/modules/5.4.55/xpon.ko	2ab6770ce75db1323c7c717bd1d3454a8b18f80864efc6b5fe9b68edfb43e75c	.rela.text	17044	.text	0x4d09c	0x4d09c	0x4d0f4	R_AARCH64_CALL26	gpon_recovery_set_channel	668	0	STT_FUNC	.text	0x29e64	0x0	gpon_recovery_set_channel	0x29e64	gwan_create_new_tcont	0x4cf5c	0x140	symbol_size	0x4d1ac		direct_call_BL	0x94000000
.local/legacy-firmware/work/extract/stock-rootfs/lib/modules/5.4.55/xpon.ko	2ab6770ce75db1323c7c717bd1d3454a8b18f80864efc6b5fe9b68edfb43e75c	.rela.text	17051	.text	0x4d194	0x4d194	0x4d1ec	R_AARCH64_CALL26	gpon_recover_backup_allocId	927	0	STT_FUNC	.text	0x295e8	0x0	gpon_recover_backup_allocId	0x295e8	gwan_create_new_tcont	0x4cf5c	0x238	symbol_size	0x4d1ac		direct_call_BL	0x94000000
.local/legacy-firmware/work/extract/stock-rootfs/lib/modules/5.4.55/xpon.ko	2ab6770ce75db1323c7c717bd1d3454a8b18f80864efc6b5fe9b68edfb43e75c	.rela.text	17069	.text	0x4d2f4	0x4d2f4	0x4d34c	R_AARCH64_CALL26	gpon_recover_delete_allocId	568	0	STT_FUNC	.text	0x29768	0x0	gpon_recover_delete_allocId	0x29768	gwan_remove_tcont	0x4d1ac	0x148	symbol_size	0x4d324		direct_call_BL	0x94000000
.local/legacy-firmware/work/extract/stock-rootfs/lib/modules/5.4.55/xpon.ko	2ab6770ce75db1323c7c717bd1d3454a8b18f80864efc6b5fe9b68edfb43e75c	.rela.text	17151	.text	0x4dc48	0x4dc48	0x4dca0	R_AARCH64_CALL26	gpon_recover_backup_gemport	487	0	STT_FUNC	.text	0x298ec	0x0	gpon_recover_backup_gemport	0x298ec	gwan_create_new_gemport	0x4d7b4	0x494	symbol_size	0x4dd04		direct_call_BL	0x94000000
.local/legacy-firmware/work/extract/stock-rootfs/lib/modules/5.4.55/xpon.ko	2ab6770ce75db1323c7c717bd1d3454a8b18f80864efc6b5fe9b68edfb43e75c	.rela.text	17168	.text	0x4de60	0x4de60	0x4deb8	R_AARCH64_ADR_PREL_PG_HI21	gponRecovery	597	0	STT_OBJECT	.bss	0x2168	0x0		0x2168	gwan_config_gemport	0x4dd04	0x15c	symbol_size	0x4e3e0		executable_reference	0x90000000
.local/legacy-firmware/work/extract/stock-rootfs/lib/modules/5.4.55/xpon.ko	2ab6770ce75db1323c7c717bd1d3454a8b18f80864efc6b5fe9b68edfb43e75c	.rela.text	17169	.text	0x4de64	0x4de64	0x4debc	R_AARCH64_ADD_ABS_LO12_NC	gponRecovery	597	0	STT_OBJECT	.bss	0x2168	0x0		0x2168	gwan_config_gemport	0x4dd04	0x160	symbol_size	0x4e3e0		executable_reference	0x91000000
.local/legacy-firmware/work/extract/stock-rootfs/lib/modules/5.4.55/xpon.ko	2ab6770ce75db1323c7c717bd1d3454a8b18f80864efc6b5fe9b68edfb43e75c	.rela.text	17184	.text	0x4df94	0x4df94	0x4dfec	R_AARCH64_CALL26	gpon_recovery_set_ani	922	0	STT_FUNC	.text	0x29bec	0x0	gpon_recovery_set_ani	0x29bec	gwan_config_gemport	0x4dd04	0x290	symbol_size	0x4e3e0		direct_call_BL	0x94000000
.local/legacy-firmware/work/extract/stock-rootfs/lib/modules/5.4.55/xpon.ko	2ab6770ce75db1323c7c717bd1d3454a8b18f80864efc6b5fe9b68edfb43e75c	.rela.text	17185	.text	0x4df9c	0x4df9c	0x4dff4	R_AARCH64_ADR_PREL_PG_HI21	gponRecovery	597	0	STT_OBJECT	.bss	0x2168	0x0		0x2168	gwan_config_gemport	0x4dd04	0x298	symbol_size	0x4e3e0		executable_reference	0x90000000
.local/legacy-firmware/work/extract/stock-rootfs/lib/modules/5.4.55/xpon.ko	2ab6770ce75db1323c7c717bd1d3454a8b18f80864efc6b5fe9b68edfb43e75c	.rela.text	17186	.text	0x4dfa0	0x4dfa0	0x4dff8	R_AARCH64_ADD_ABS_LO12_NC	gponRecovery	597	0	STT_OBJECT	.bss	0x2168	0x0		0x2168	gwan_config_gemport	0x4dd04	0x29c	symbol_size	0x4e3e0		executable_reference	0x91000000
.local/legacy-firmware/work/extract/stock-rootfs/lib/modules/5.4.55/xpon.ko	2ab6770ce75db1323c7c717bd1d3454a8b18f80864efc6b5fe9b68edfb43e75c	.rela.text	17201	.text	0x4e0e4	0x4e0e4	0x4e13c	R_AARCH64_ADR_PREL_PG_HI21	gponRecovery	597	0	STT_OBJECT	.bss	0x2168	0x0		0x2168	gwan_config_gemport	0x4dd04	0x3e0	symbol_size	0x4e3e0		executable_reference	0x90000000
.local/legacy-firmware/work/extract/stock-rootfs/lib/modules/5.4.55/xpon.ko	2ab6770ce75db1323c7c717bd1d3454a8b18f80864efc6b5fe9b68edfb43e75c	.rela.text	17202	.text	0x4e0e8	0x4e0e8	0x4e140	R_AARCH64_ADD_ABS_LO12_NC	gponRecovery	597	0	STT_OBJECT	.bss	0x2168	0x0		0x2168	gwan_config_gemport	0x4dd04	0x3e4	symbol_size	0x4e3e0		executable_reference	0x91000000
.local/legacy-firmware/work/extract/stock-rootfs/lib/modules/5.4.55/xpon.ko	2ab6770ce75db1323c7c717bd1d3454a8b18f80864efc6b5fe9b68edfb43e75c	.rela.text	17213	.text	0x4e144	0x4e144	0x4e19c	R_AARCH64_ADR_PREL_PG_HI21	gponRecovery	597	0	STT_OBJECT	.bss	0x2168	0x0		0x2168	gwan_config_gemport	0x4dd04	0x440	symbol_size	0x4e3e0		executable_reference	0x90000000
.local/legacy-firmware/work/extract/stock-rootfs/lib/modules/5.4.55/xpon.ko	2ab6770ce75db1323c7c717bd1d3454a8b18f80864efc6b5fe9b68edfb43e75c	.rela.text	17214	.text	0x4e148	0x4e148	0x4e1a0	R_AARCH64_ADD_ABS_LO12_NC	gponRecovery	597	0	STT_OBJECT	.bss	0x2168	0x0		0x2168	gwan_config_gemport	0x4dd04	0x444	symbol_size	0x4e3e0		executable_reference	0x91000000
.local/legacy-firmware/work/extract/stock-rootfs/lib/modules/5.4.55/xpon.ko	2ab6770ce75db1323c7c717bd1d3454a8b18f80864efc6b5fe9b68edfb43e75c	.rela.text	17229	.text	0x4e29c	0x4e29c	0x4e2f4	R_AARCH64_ADR_PREL_PG_HI21	gponRecovery	597	0	STT_OBJECT	.bss	0x2168	0x0		0x2168	gwan_config_gemport	0x4dd04	0x598	symbol_size	0x4e3e0		executable_reference	0x90000000
.local/legacy-firmware/work/extract/stock-rootfs/lib/modules/5.4.55/xpon.ko	2ab6770ce75db1323c7c717bd1d3454a8b18f80864efc6b5fe9b68edfb43e75c	.rela.text	17230	.text	0x4e2a0	0x4e2a0	0x4e2f8	R_AARCH64_ADD_ABS_LO12_NC	gponRecovery	597	0	STT_OBJECT	.bss	0x2168	0x0		0x2168	gwan_config_gemport	0x4dd04	0x59c	symbol_size	0x4e3e0		executable_reference	0x91000000
.local/legacy-firmware/work/extract/stock-rootfs/lib/modules/5.4.55/xpon.ko	2ab6770ce75db1323c7c717bd1d3454a8b18f80864efc6b5fe9b68edfb43e75c	.rela.text	17268	.text	0x4e600	0x4e600	0x4e658	R_AARCH64_CALL26	gpon_recover_delete_gemport	547	0	STT_FUNC	.text	0x2a33c	0x0	gpon_recover_delete_gemport	0x2a33c	gwan_remove_gemport	0x4e3e0	0x220	symbol_size	0x4e654		direct_call_BL	0x94000000
.local/legacy-firmware/work/extract/stock-rootfs/lib/modules/5.4.55/xpon.ko	2ab6770ce75db1323c7c717bd1d3454a8b18f80864efc6b5fe9b68edfb43e75c	.rela.text	17318	.text	0x4ea5c	0x4ea5c	0x4eab4	R_AARCH64_CALL26	gponDevResetGemInfo	500	0	STT_FUNC	.text	0x1e934	0x0	gponDevResetGemInfo	0x1e934	gwan_remove_all_gemport	0x4e878	0x1e4	symbol_size	0x4eab8		direct_call_BL	0x94000000
.local/legacy-firmware/work/extract/stock-rootfs/lib/modules/5.4.55/xpon.ko	2ab6770ce75db1323c7c717bd1d3454a8b18f80864efc6b5fe9b68edfb43e75c	.rela.text	17367	.text	0x4efe4	0x4efe4	0x4f03c	R_AARCH64_CALL26	xpon_reset_qdma_tx_buf	463	0	STT_FUNC	.text	0x62120	0x0	xpon_reset_qdma_tx_buf	0x62120	gpon_set_qdma_tx_buf_timer_expires	0x4efd8	0xc	symbol_size	0x4eff4		direct_call_BL	0x94000000
.local/legacy-firmware/work/extract/stock-rootfs/lib/modules/5.4.55/xpon.ko	2ab6770ce75db1323c7c717bd1d3454a8b18f80864efc6b5fe9b68edfb43e75c	.rela.text	18533	.text	0x57038	0x57038	0x57090	R_AARCH64_ADR_PREL_PG_HI21	gponRecovery	597	0	STT_OBJECT	.bss	0x2168	0x0		0x2168	unnamed@.text+0x56fe0	0x56fe0	0x58	eh_frame_FDE	0x57118	0xa250	executable_reference	0x90000000
.local/legacy-firmware/work/extract/stock-rootfs/lib/modules/5.4.55/xpon.ko	2ab6770ce75db1323c7c717bd1d3454a8b18f80864efc6b5fe9b68edfb43e75c	.rela.text	18534	.text	0x5703c	0x5703c	0x57094	R_AARCH64_ADD_ABS_LO12_NC	gponRecovery	597	0	STT_OBJECT	.bss	0x2168	0x0		0x2168	unnamed@.text+0x56fe0	0x56fe0	0x5c	eh_frame_FDE	0x57118	0xa250	executable_reference	0x91000000
.local/legacy-firmware/work/extract/stock-rootfs/lib/modules/5.4.55/xpon.ko	2ab6770ce75db1323c7c717bd1d3454a8b18f80864efc6b5fe9b68edfb43e75c	.rela.text	18541	.text	0x570b8	0x570b8	0x57110	R_AARCH64_ADR_PREL_PG_HI21	gponRecovery	597	0	STT_OBJECT	.bss	0x2168	0x0		0x2168	unnamed@.text+0x56fe0	0x56fe0	0xd8	eh_frame_FDE	0x57118	0xa250	executable_reference	0x90000000
.local/legacy-firmware/work/extract/stock-rootfs/lib/modules/5.4.55/xpon.ko	2ab6770ce75db1323c7c717bd1d3454a8b18f80864efc6b5fe9b68edfb43e75c	.rela.text	18542	.text	0x570bc	0x570bc	0x57114	R_AARCH64_ADD_ABS_LO12_NC	gponRecovery	597	0	STT_OBJECT	.bss	0x2168	0x0		0x2168	unnamed@.text+0x56fe0	0x56fe0	0xdc	eh_frame_FDE	0x57118	0xa250	executable_reference	0x91000000
.local/legacy-firmware/work/extract/stock-rootfs/lib/modules/5.4.55/xpon.ko	2ab6770ce75db1323c7c717bd1d3454a8b18f80864efc6b5fe9b68edfb43e75c	.rela.text	18577	.text	0x5740c	0x5740c	0x57464	R_AARCH64_CALL26	gpon_dvt_sw_reset	736	0	STT_FUNC	.text	0x28c38	0x0	gpon_dvt_sw_reset	0x28c38	unnamed@.text+0x57404	0x57404	0x8	eh_frame_FDE	0x57418	0xa5b0	direct_call_BL	0x94000000
.local/legacy-firmware/work/extract/stock-rootfs/lib/modules/5.4.55/xpon.ko	2ab6770ce75db1323c7c717bd1d3454a8b18f80864efc6b5fe9b68edfb43e75c	.rela.text	19628	.text	0x632fc	0x632fc	0x63354	R_AARCH64_CALL26	xpon_reset_qdma_tx_buf	463	0	STT_FUNC	.text	0x62120	0x0	xpon_reset_qdma_tx_buf	0x62120	xmcs_remove_tcont_info	0x6327c	0x80	symbol_size	0x63314		direct_call_BL	0x94000000
.local/legacy-firmware/work/extract/stock-rootfs/lib/modules/5.4.55/xpon.ko	2ab6770ce75db1323c7c717bd1d3454a8b18f80864efc6b5fe9b68edfb43e75c	.rela.text	19641	.text	0x633d0	0x633d0	0x63428	R_AARCH64_CALL26	xpon_reset_qdma_tx_buf	463	0	STT_FUNC	.text	0x62120	0x0	xpon_reset_qdma_tx_buf	0x62120	xmcs_create_tcont_info	0x63314	0xbc	symbol_size	0x633e0		direct_call_BL	0x94000000
.local/legacy-firmware/work/extract/stock-rootfs/lib/modules/5.4.55/xpon.ko	2ab6770ce75db1323c7c717bd1d3454a8b18f80864efc6b5fe9b68edfb43e75c	.rela__ksymtab	44	__ksymtab	0x108	0x108	0x6c16c	R_AARCH64_PREL32	xpon_reset_qdma_tx_buf	463	0	STT_FUNC	.text	0x62120	0x0	xpon_reset_qdma_tx_buf	0x62120							data_reference	
.local/legacy-firmware/work/extract/stock-rootfs/lib/modules/5.4.55/xpon.ko	2ab6770ce75db1323c7c717bd1d3454a8b18f80864efc6b5fe9b68edfb43e75c	.rela.eh_frame	101	.eh_frame	0xc2c	0xc2c	0x8099c	R_AARCH64_PREL32		1	0	STT_SECTION	.text	0x0	0x913c	schedule_fe_reset	0x913c							data_reference	
.local/legacy-firmware/work/extract/stock-rootfs/lib/modules/5.4.55/xpon.ko	2ab6770ce75db1323c7c717bd1d3454a8b18f80864efc6b5fe9b68edfb43e75c	.rela.eh_frame	135	.eh_frame	0x1030	0x1030	0x80da0	R_AARCH64_PREL32		1	0	STT_SECTION	.text	0x0	0xcf04	xpon_exec_gem_recover	0xcf04							data_reference	
.local/legacy-firmware/work/extract/stock-rootfs/lib/modules/5.4.55/xpon.ko	2ab6770ce75db1323c7c717bd1d3454a8b18f80864efc6b5fe9b68edfb43e75c	.rela.eh_frame	225	.eh_frame	0x1acc	0x1acc	0x8183c	R_AARCH64_PREL32		1	0	STT_SECTION	.text	0x0	0xf754	handle_xpon_daemon_job_gpon_dev_reset	0xf754							data_reference	
.local/legacy-firmware/work/extract/stock-rootfs/lib/modules/5.4.55/xpon.ko	2ab6770ce75db1323c7c717bd1d3454a8b18f80864efc6b5fe9b68edfb43e75c	.rela.eh_frame	369	.eh_frame	0x2c84	0x2c84	0x829f4	R_AARCH64_PREL32		1	0	STT_SECTION	.text	0x0	0x16cb8	gpon_dev_and_phy_reset	0x16cb8							data_reference	
.local/legacy-firmware/work/extract/stock-rootfs/lib/modules/5.4.55/xpon.ko	2ab6770ce75db1323c7c717bd1d3454a8b18f80864efc6b5fe9b68edfb43e75c	.rela.eh_frame	432	.eh_frame	0x3488	0x3488	0x831f8	R_AARCH64_PREL32		1	0	STT_SECTION	.text	0x0	0x1a040	schedule_gpon_dev_reset	0x1a040							data_reference	
.local/legacy-firmware/work/extract/stock-rootfs/lib/modules/5.4.55/xpon.ko	2ab6770ce75db1323c7c717bd1d3454a8b18f80864efc6b5fe9b68edfb43e75c	.rela.eh_frame	438	.eh_frame	0x3548	0x3548	0x832b8	R_AARCH64_PREL32		1	0	STT_SECTION	.text	0x0	0x1a824	gpon_typeb_dev_reset	0x1a824							data_reference	
.local/legacy-firmware/work/extract/stock-rootfs/lib/modules/5.4.55/xpon.ko	2ab6770ce75db1323c7c717bd1d3454a8b18f80864efc6b5fe9b68edfb43e75c	.rela.eh_frame	505	.eh_frame	0x3d64	0x3d64	0x83ad4	R_AARCH64_PREL32		1	0	STT_SECTION	.text	0x0	0x1e934	gponDevResetGemInfo	0x1e934							data_reference	
.local/legacy-firmware/work/extract/stock-rootfs/lib/modules/5.4.55/xpon.ko	2ab6770ce75db1323c7c717bd1d3454a8b18f80864efc6b5fe9b68edfb43e75c	.rela.eh_frame	516	.eh_frame	0x3ec4	0x3ec4	0x83c34	R_AARCH64_PREL32		1	0	STT_SECTION	.text	0x0	0x1f43c	gponDevResetAllocId	0x1f43c							data_reference	
.local/legacy-firmware/work/extract/stock-rootfs/lib/modules/5.4.55/xpon.ko	2ab6770ce75db1323c7c717bd1d3454a8b18f80864efc6b5fe9b68edfb43e75c	.rela.eh_frame	522	.eh_frame	0x3f84	0x3f84	0x83cf4	R_AARCH64_PREL32		1	0	STT_SECTION	.text	0x0	0x20344	gponDevSwReset	0x20344							data_reference	
.local/legacy-firmware/work/extract/stock-rootfs/lib/modules/5.4.55/xpon.ko	2ab6770ce75db1323c7c717bd1d3454a8b18f80864efc6b5fe9b68edfb43e75c	.rela.eh_frame	596	.eh_frame	0x48c4	0x48c4	0x84634	R_AARCH64_PREL32		1	0	STT_SECTION	.text	0x0	0x24f6c	gponDevResetCtrl	0x24f6c							data_reference	
.local/legacy-firmware/work/extract/stock-rootfs/lib/modules/5.4.55/xpon.ko	2ab6770ce75db1323c7c717bd1d3454a8b18f80864efc6b5fe9b68edfb43e75c	.rela.eh_frame	603	.eh_frame	0x49a4	0x49a4	0x84714	R_AARCH64_PREL32		1	0	STT_SECTION	.text	0x0	0x25b98	gpon_typeb_dev_reset_for_typeB	0x25b98							data_reference	
.local/legacy-firmware/work/extract/stock-rootfs/lib/modules/5.4.55/xpon.ko	2ab6770ce75db1323c7c717bd1d3454a8b18f80864efc6b5fe9b68edfb43e75c	.rela.eh_frame	633	.eh_frame	0x4d84	0x4d84	0x84af4	R_AARCH64_PREL32		1	0	STT_SECTION	.text	0x0	0x28c38	gpon_dvt_sw_reset	0x28c38							data_reference	
.local/legacy-firmware/work/extract/stock-rootfs/lib/modules/5.4.55/xpon.ko	2ab6770ce75db1323c7c717bd1d3454a8b18f80864efc6b5fe9b68edfb43e75c	.rela.eh_frame	642	.eh_frame	0x4e94	0x4e94	0x84c04	R_AARCH64_PREL32		1	0	STT_SECTION	.text	0x0	0x29580	gpon_recovery_init	0x29580							data_reference	
.local/legacy-firmware/work/extract/stock-rootfs/lib/modules/5.4.55/xpon.ko	2ab6770ce75db1323c7c717bd1d3454a8b18f80864efc6b5fe9b68edfb43e75c	.rela.eh_frame	643	.eh_frame	0x4eac	0x4eac	0x84c1c	R_AARCH64_PREL32		1	0	STT_SECTION	.text	0x0	0x295e8	gpon_recover_backup_allocId	0x295e8							data_reference	
.local/legacy-firmware/work/extract/stock-rootfs/lib/modules/5.4.55/xpon.ko	2ab6770ce75db1323c7c717bd1d3454a8b18f80864efc6b5fe9b68edfb43e75c	.rela.eh_frame	644	.eh_frame	0x4ecc	0x4ecc	0x84c3c	R_AARCH64_PREL32		1	0	STT_SECTION	.text	0x0	0x296a4	gpon_recover_create_allocId	0x296a4							data_reference	
.local/legacy-firmware/work/extract/stock-rootfs/lib/modules/5.4.55/xpon.ko	2ab6770ce75db1323c7c717bd1d3454a8b18f80864efc6b5fe9b68edfb43e75c	.rela.eh_frame	645	.eh_frame	0x4eec	0x4eec	0x84c5c	R_AARCH64_PREL32		1	0	STT_SECTION	.text	0x0	0x29768	gpon_recover_delete_allocId	0x29768							data_reference	
.local/legacy-firmware/work/extract/stock-rootfs/lib/modules/5.4.55/xpon.ko	2ab6770ce75db1323c7c717bd1d3454a8b18f80864efc6b5fe9b68edfb43e75c	.rela.eh_frame	646	.eh_frame	0x4f0c	0x4f0c	0x84c7c	R_AARCH64_PREL32		1	0	STT_SECTION	.text	0x0	0x298ec	gpon_recover_backup_gemport	0x298ec							data_reference	
.local/legacy-firmware/work/extract/stock-rootfs/lib/modules/5.4.55/xpon.ko	2ab6770ce75db1323c7c717bd1d3454a8b18f80864efc6b5fe9b68edfb43e75c	.rela.eh_frame	647	.eh_frame	0x4f2c	0x4f2c	0x84c9c	R_AARCH64_PREL32		1	0	STT_SECTION	.text	0x0	0x29bec	gpon_recovery_set_ani	0x29bec							data_reference	
.local/legacy-firmware/work/extract/stock-rootfs/lib/modules/5.4.55/xpon.ko	2ab6770ce75db1323c7c717bd1d3454a8b18f80864efc6b5fe9b68edfb43e75c	.rela.eh_frame	648	.eh_frame	0x4f4c	0x4f4c	0x84cbc	R_AARCH64_PREL32		1	0	STT_SECTION	.text	0x0	0x29cb0	gpon_recover_get_real_channel	0x29cb0							data_reference	
.local/legacy-firmware/work/extract/stock-rootfs/lib/modules/5.4.55/xpon.ko	2ab6770ce75db1323c7c717bd1d3454a8b18f80864efc6b5fe9b68edfb43e75c	.rela.eh_frame	651	.eh_frame	0x4f94	0x4f94	0x84d04	R_AARCH64_PREL32		1	0	STT_SECTION	.text	0x0	0x29e64	gpon_recovery_set_channel	0x29e64							data_reference	
.local/legacy-firmware/work/extract/stock-rootfs/lib/modules/5.4.55/xpon.ko	2ab6770ce75db1323c7c717bd1d3454a8b18f80864efc6b5fe9b68edfb43e75c	.rela.eh_frame	652	.eh_frame	0x4fb4	0x4fb4	0x84d24	R_AARCH64_PREL32		1	0	STT_SECTION	.text	0x0	0x29f2c	gpon_recover_create_gemport	0x29f2c							data_reference	
.local/legacy-firmware/work/extract/stock-rootfs/lib/modules/5.4.55/xpon.ko	2ab6770ce75db1323c7c717bd1d3454a8b18f80864efc6b5fe9b68edfb43e75c	.rela.eh_frame	653	.eh_frame	0x4fd4	0x4fd4	0x84d44	R_AARCH64_PREL32		1	0	STT_SECTION	.text	0x0	0x2a33c	gpon_recover_delete_gemport	0x2a33c							data_reference	
.local/legacy-firmware/work/extract/stock-rootfs/lib/modules/5.4.55/xpon.ko	2ab6770ce75db1323c7c717bd1d3454a8b18f80864efc6b5fe9b68edfb43e75c	.rela.eh_frame	835	.eh_frame	0x6570	0x6570	0x862e0	R_AARCH64_PREL32		1	0	STT_SECTION	.text	0x0	0x317a0	eponMacSwReset	0x317a0							data_reference	
.local/legacy-firmware/work/extract/stock-rootfs/lib/modules/5.4.55/xpon.ko	2ab6770ce75db1323c7c717bd1d3454a8b18f80864efc6b5fe9b68edfb43e75c	.rela.eh_frame	843	.eh_frame	0x6674	0x6674	0x863e4	R_AARCH64_PREL32		1	0	STT_SECTION	.text	0x0	0x31de0	eponWanResetWithChannelRetire	0x31de0							data_reference	
.local/legacy-firmware/work/extract/stock-rootfs/lib/modules/5.4.55/xpon.ko	2ab6770ce75db1323c7c717bd1d3454a8b18f80864efc6b5fe9b68edfb43e75c	.rela.eh_frame	849	.eh_frame	0x672c	0x672c	0x8649c	R_AARCH64_PREL32		1	0	STT_SECTION	.text	0x0	0x3229c	eponFirmwareSetMode	0x3229c							data_reference	
.local/legacy-firmware/work/extract/stock-rootfs/lib/modules/5.4.55/xpon.ko	2ab6770ce75db1323c7c717bd1d3454a8b18f80864efc6b5fe9b68edfb43e75c	.rela.eh_frame	1490	.eh_frame	0xb2f0	0xb2f0	0x8b060	R_AARCH64_PREL32		1	0	STT_SECTION	.text	0x0	0x62120	xpon_reset_qdma_tx_buf	0x62120							data_reference	
.local/legacy-firmware/work/extract/stock-rootfs/lib/modules/5.4.55/xpon_10g.ko	4c59bdfaedbb2c704c33ec66dbb438bdd3866af48fdd47fb73042369834d55ac	.rela.text	330	.text	0x17d0	0x17d0	0x1828	R_AARCH64_CALL26	epon_reset	419	0	STT_FUNC	.text	0x3747c	0x0	epon_reset	0x3747c	unnamed@.text+0x15f4	0x15f4	0x1dc	eh_frame_FDE	0x18cc	0x3f0	direct_call_BL	0x94000000
.local/legacy-firmware/work/extract/stock-rootfs/lib/modules/5.4.55/xpon_10g.ko	4c59bdfaedbb2c704c33ec66dbb438bdd3866af48fdd47fb73042369834d55ac	.rela.text	833	.text	0x5378	0x5378	0x53d0	R_AARCH64_CALL26	gpon_exec_gem_recover	474	0	STT_FUNC	.text	0x2efd8	0x0	gpon_exec_gem_recover	0x2efd8	unnamed@.text+0x51c0	0x51c0	0x1b8	eh_frame_FDE	0x53f0	0x11b0	direct_call_BL	0x94000000
.local/legacy-firmware/work/extract/stock-rootfs/lib/modules/5.4.55/xpon_10g.ko	4c59bdfaedbb2c704c33ec66dbb438bdd3866af48fdd47fb73042369834d55ac	.rela.text	1238	.text	0x6db8	0x6db8	0x6e10	R_AARCH64_ADR_PREL_PG_HI21	gponRecovery	651	0	STT_OBJECT	.bss	0x12f0	0x0		0x12f0	unnamed@.text+0x69fc	0x69fc	0x3bc	eh_frame_FDE	0x6e58	0x1410	executable_reference	0x90000000
.local/legacy-firmware/work/extract/stock-rootfs/lib/modules/5.4.55/xpon_10g.ko	4c59bdfaedbb2c704c33ec66dbb438bdd3866af48fdd47fb73042369834d55ac	.rela.text	1239	.text	0x6dbc	0x6dbc	0x6e14	R_AARCH64_ADD_ABS_LO12_NC	gponRecovery	651	0	STT_OBJECT	.bss	0x12f0	0x0		0x12f0	unnamed@.text+0x69fc	0x69fc	0x3c0	eh_frame_FDE	0x6e58	0x1410	executable_reference	0x91000000
.local/legacy-firmware/work/extract/stock-rootfs/lib/modules/5.4.55/xpon_10g.ko	4c59bdfaedbb2c704c33ec66dbb438bdd3866af48fdd47fb73042369834d55ac	.rela.text	1241	.text	0x6dc4	0x6dc4	0x6e1c	R_AARCH64_CALL26	gpon_recovery_init	541	0	STT_FUNC	.text	0x2e4ac	0x0	gpon_recovery_init	0x2e4ac	unnamed@.text+0x69fc	0x69fc	0x3c8	eh_frame_FDE	0x6e58	0x1410	direct_call_BL	0x94000000
.local/legacy-firmware/work/extract/stock-rootfs/lib/modules/5.4.55/xpon_10g.ko	4c59bdfaedbb2c704c33ec66dbb438bdd3866af48fdd47fb73042369834d55ac	.rela.text	1242	.text	0x6dc8	0x6dc8	0x6e20	R_AARCH64_CALL26	ng2_system_config_reset	977	0	STT_FUNC	.text	0xf390	0x0	ng2_system_config_reset	0xf390	unnamed@.text+0x69fc	0x69fc	0x3cc	eh_frame_FDE	0x6e58	0x1410	direct_call_BL	0x94000000
.local/legacy-firmware/work/extract/stock-rootfs/lib/modules/5.4.55/xpon_10g.ko	4c59bdfaedbb2c704c33ec66dbb438bdd3866af48fdd47fb73042369834d55ac	.rela.text	1294	.text	0x7000	0x7000	0x7058	R_AARCH64_CALL26	gponDevResetCtrl	401	0	STT_FUNC	.text	0x172ac	0x0	gponDevResetCtrl	0x172ac	gpon_init	0x6e58	0x1a8	symbol_size	0x7010		direct_call_BL	0x94000000
.local/legacy-firmware/work/extract/stock-rootfs/lib/modules/5.4.55/xpon_10g.ko	4c59bdfaedbb2c704c33ec66dbb438bdd3866af48fdd47fb73042369834d55ac	.rela.text	2963	.text	0xd0f4	0xd0f4	0xd14c	R_AARCH64_CALL26	gponDevResetCtrl	401	0	STT_FUNC	.text	0x172ac	0x0	gponDevResetCtrl	0x172ac	gpon_phy_ready_handler	0xcec4	0x230	symbol_size	0xd280		direct_call_BL	0x94000000
.local/legacy-firmware/work/extract/stock-rootfs/lib/modules/5.4.55/xpon_10g.ko	4c59bdfaedbb2c704c33ec66dbb438bdd3866af48fdd47fb73042369834d55ac	.rela.text	2982	.text	0xd1b0	0xd1b0	0xd208	R_AARCH64_CALL26	gponDevResetCtrl	401	0	STT_FUNC	.text	0x172ac	0x0	gponDevResetCtrl	0x172ac	gpon_phy_ready_handler	0xcec4	0x2ec	symbol_size	0xd280		direct_call_BL	0x94000000
.local/legacy-firmware/work/extract/stock-rootfs/lib/modules/5.4.55/xpon_10g.ko	4c59bdfaedbb2c704c33ec66dbb438bdd3866af48fdd47fb73042369834d55ac	.rela.text	3030	.text	0xd3c0	0xd3c0	0xd418	R_AARCH64_CALL26	gponDevResetCtrl	401	0	STT_FUNC	.text	0x172ac	0x0	gponDevResetCtrl	0x172ac	gpon_phy_loss_handler	0xd280	0x140	symbol_size	0xd41c		direct_call_BL	0x94000000
.local/legacy-firmware/work/extract/stock-rootfs/lib/modules/5.4.55/xpon_10g.ko	4c59bdfaedbb2c704c33ec66dbb438bdd3866af48fdd47fb73042369834d55ac	.rela.text	3051	.text	0xd4ac	0xd4ac	0xd504	R_AARCH64_CALL26	gponDevResetCtrl	401	0	STT_FUNC	.text	0x172ac	0x0	gponDevResetCtrl	0x172ac	gpon_enable	0xd41c	0x90	symbol_size	0xd4d8		direct_call_BL	0x94000000
.local/legacy-firmware/work/extract/stock-rootfs/lib/modules/5.4.55/xpon_10g.ko	4c59bdfaedbb2c704c33ec66dbb438bdd3866af48fdd47fb73042369834d55ac	.rela.text	3098	.text	0xd660	0xd660	0xd6b8	R_AARCH64_CALL26	gponDevResetCtrl	401	0	STT_FUNC	.text	0x172ac	0x0	gponDevResetCtrl	0x172ac	gpon_disable	0xd4d8	0x188	symbol_size	0xd74c		direct_call_BL	0x94000000
.local/legacy-firmware/work/extract/stock-rootfs/lib/modules/5.4.55/xpon_10g.ko	4c59bdfaedbb2c704c33ec66dbb438bdd3866af48fdd47fb73042369834d55ac	.rela.text	3346	.text	0xe2bc	0xe2bc	0xe314	R_AARCH64_CALL26	gponDevResetCtrl	401	0	STT_FUNC	.text	0x172ac	0x0	gponDevResetCtrl	0x172ac	gpon_sw_resync	0xe278	0x44	symbol_size	0xe32c		direct_call_BL	0x94000000
.local/legacy-firmware/work/extract/stock-rootfs/lib/modules/5.4.55/xpon_10g.ko	4c59bdfaedbb2c704c33ec66dbb438bdd3866af48fdd47fb73042369834d55ac	.rela.text	3347	.text	0xe2cc	0xe2cc	0xe324	R_AARCH64_CALL26	gponDevResetCtrl	401	0	STT_FUNC	.text	0x172ac	0x0	gponDevResetCtrl	0x172ac	gpon_sw_resync	0xe278	0x54	symbol_size	0xe32c		direct_call_BL	0x94000000
.local/legacy-firmware/work/extract/stock-rootfs/lib/modules/5.4.55/xpon_10g.ko	4c59bdfaedbb2c704c33ec66dbb438bdd3866af48fdd47fb73042369834d55ac	.rela.text	4039	.text	0x11c40	0x11c40	0x11c98	R_AARCH64_CALL26	xpon_reset_qdma_tx_buf	487	0	STT_FUNC	.text	0x53420	0x0	xpon_reset_qdma_tx_buf	0x53420	gponDevAssignNewAllocId	0x11b78	0xc8	symbol_size	0x11d20		direct_call_BL	0x94000000
.local/legacy-firmware/work/extract/stock-rootfs/lib/modules/5.4.55/xpon_10g.ko	4c59bdfaedbb2c704c33ec66dbb438bdd3866af48fdd47fb73042369834d55ac	.rela.text	5197	.text	0x17350	0x17350	0x173a8	R_AARCH64_CALL26	gponDevMacReset	832	0	STT_FUNC	.text	0x17220	0x0	gponDevMacReset	0x17220	gponDevResetCtrl	0x172ac	0xa4	symbol_size	0x173f0		direct_call_BL	0x94000000
.local/legacy-firmware/work/extract/stock-rootfs/lib/modules/5.4.55/xpon_10g.ko	4c59bdfaedbb2c704c33ec66dbb438bdd3866af48fdd47fb73042369834d55ac	.rela.text	5205	.text	0x173a4	0x173a4	0x173fc	R_AARCH64_CALL26	gponDevMacReset	832	0	STT_FUNC	.text	0x17220	0x0	gponDevMacReset	0x17220	gponDevResetCtrl	0x172ac	0xf8	symbol_size	0x173f0		direct_call_BL	0x94000000
.local/legacy-firmware/work/extract/stock-rootfs/lib/modules/5.4.55/xpon_10g.ko	4c59bdfaedbb2c704c33ec66dbb438bdd3866af48fdd47fb73042369834d55ac	.rela.text	5830	.text	0x1a590	0x1a590	0x1a5e8	R_AARCH64_CALL26	gponDevResetAesRxKey	662	0	STT_FUNC	.text	0x16374	0x0	gponDevResetAesRxKey	0x16374	gpon_dev_init	0x1a4f8	0x98	symbol_size	0x1a5c0		direct_call_BL	0x94000000
.local/legacy-firmware/work/extract/stock-rootfs/lib/modules/5.4.55/xpon_10g.ko	4c59bdfaedbb2c704c33ec66dbb438bdd3866af48fdd47fb73042369834d55ac	.rela.text	6086	.text	0x1bb24	0x1bb24	0x1bb7c	R_AARCH64_ADR_PREL_PG_HI21	gponRecovery	651	0	STT_OBJECT	.bss	0x12f0	0x0		0x12f0	gpon_act_change_state	0x1b9d4	0x150	symbol_size	0x1c2c4		executable_reference	0x90000000
.local/legacy-firmware/work/extract/stock-rootfs/lib/modules/5.4.55/xpon_10g.ko	4c59bdfaedbb2c704c33ec66dbb438bdd3866af48fdd47fb73042369834d55ac	.rela.text	6087	.text	0x1bb28	0x1bb28	0x1bb80	R_AARCH64_ADD_ABS_LO12_NC	gponRecovery	651	0	STT_OBJECT	.bss	0x12f0	0x0		0x12f0	gpon_act_change_state	0x1b9d4	0x154	symbol_size	0x1c2c4		executable_reference	0x91000000
.local/legacy-firmware/work/extract/stock-rootfs/lib/modules/5.4.55/xpon_10g.ko	4c59bdfaedbb2c704c33ec66dbb438bdd3866af48fdd47fb73042369834d55ac	.rela.text	6099	.text	0x1bbd4	0x1bbd4	0x1bc2c	R_AARCH64_CALL26	ng2_system_config_reset	977	0	STT_FUNC	.text	0xf390	0x0	ng2_system_config_reset	0xf390	gpon_act_change_state	0x1b9d4	0x200	symbol_size	0x1c2c4		direct_call_BL	0x94000000
.local/legacy-firmware/work/extract/stock-rootfs/lib/modules/5.4.55/xpon_10g.ko	4c59bdfaedbb2c704c33ec66dbb438bdd3866af48fdd47fb73042369834d55ac	.rela.text	6403	.text	0x1d284	0x1d284	0x1d2dc	R_AARCH64_CALL26	gponDevResetCtrl	401	0	STT_FUNC	.text	0x172ac	0x0	gponDevResetCtrl	0x172ac	gpon_dvt_gemport	0x1d250	0x34	symbol_size	0x1d728		direct_call_BL	0x94000000
.local/legacy-firmware/work/extract/stock-rootfs/lib/modules/5.4.55/xpon_10g.ko	4c59bdfaedbb2c704c33ec66dbb438bdd3866af48fdd47fb73042369834d55ac	.rela.text	6404	.text	0x1d288	0x1d288	0x1d2e0	R_AARCH64_CALL26	gponDevResetGemInfo	526	0	STT_FUNC	.text	0x11d20	0x0	gponDevResetGemInfo	0x11d20	gpon_dvt_gemport	0x1d250	0x38	symbol_size	0x1d728		direct_call_BL	0x94000000
.local/legacy-firmware/work/extract/stock-rootfs/lib/modules/5.4.55/xpon_10g.ko	4c59bdfaedbb2c704c33ec66dbb438bdd3866af48fdd47fb73042369834d55ac	.rela.text	6426	.text	0x1d6e8	0x1d6e8	0x1d740	R_AARCH64_CALL26	gponDevResetGemInfo	526	0	STT_FUNC	.text	0x11d20	0x0	gponDevResetGemInfo	0x11d20	gpon_dvt_gemport	0x1d250	0x498	symbol_size	0x1d728		direct_call_BL	0x94000000
.local/legacy-firmware/work/extract/stock-rootfs/lib/modules/5.4.55/xpon_10g.ko	4c59bdfaedbb2c704c33ec66dbb438bdd3866af48fdd47fb73042369834d55ac	.rela.text	6431	.text	0x1d75c	0x1d75c	0x1d7b4	R_AARCH64_CALL26	gponDevResetCtrl	401	0	STT_FUNC	.text	0x172ac	0x0	gponDevResetCtrl	0x172ac	gpon_index_table	0x1d728	0x34	symbol_size	0x1da80		direct_call_BL	0x94000000
.local/legacy-firmware/work/extract/stock-rootfs/lib/modules/5.4.55/xpon_10g.ko	4c59bdfaedbb2c704c33ec66dbb438bdd3866af48fdd47fb73042369834d55ac	.rela.text	9034	.text	0x25678	0x25678	0x256d0	R_AARCH64_CALL26	gponDevMacReset	832	0	STT_FUNC	.text	0x17220	0x0	gponDevMacReset	0x17220	gpon_dvt_sw_reset	0x2566c	0xc	symbol_size	0x25780		direct_call_BL	0x94000000
.local/legacy-firmware/work/extract/stock-rootfs/lib/modules/5.4.55/xpon_10g.ko	4c59bdfaedbb2c704c33ec66dbb438bdd3866af48fdd47fb73042369834d55ac	.rela.text	9048	.text	0x256f4	0x256f4	0x2574c	R_AARCH64_CALL26	gponDevMacReset	832	0	STT_FUNC	.text	0x17220	0x0	gponDevMacReset	0x17220	gpon_dvt_sw_reset	0x2566c	0x88	symbol_size	0x25780		direct_call_BL	0x94000000
.local/legacy-firmware/work/extract/stock-rootfs/lib/modules/5.4.55/xpon_10g.ko	4c59bdfaedbb2c704c33ec66dbb438bdd3866af48fdd47fb73042369834d55ac	.rela.text	9050	.text	0x25704	0x25704	0x2575c	R_AARCH64_CALL26	gponDevMacReset	832	0	STT_FUNC	.text	0x17220	0x0	gponDevMacReset	0x17220	gpon_dvt_sw_reset	0x2566c	0x98	symbol_size	0x25780		direct_call_BL	0x94000000
.local/legacy-firmware/work/extract/stock-rootfs/lib/modules/5.4.55/xpon_10g.ko	4c59bdfaedbb2c704c33ec66dbb438bdd3866af48fdd47fb73042369834d55ac	.rela.text	9662	.text	0x28330	0x28330	0x28388	R_AARCH64_ADR_PREL_PG_HI21	gponRecovery	651	0	STT_OBJECT	.bss	0x12f0	0x0		0x12f0	unnamed@.text+0x264ac	0x264ac	0x1e84	eh_frame_FDE	0x29dbc	0x4180	executable_reference	0x90000000
.local/legacy-firmware/work/extract/stock-rootfs/lib/modules/5.4.55/xpon_10g.ko	4c59bdfaedbb2c704c33ec66dbb438bdd3866af48fdd47fb73042369834d55ac	.rela.text	9663	.text	0x28334	0x28334	0x2838c	R_AARCH64_ADD_ABS_LO12_NC	gponRecovery	651	0	STT_OBJECT	.bss	0x12f0	0x0		0x12f0	unnamed@.text+0x264ac	0x264ac	0x1e88	eh_frame_FDE	0x29dbc	0x4180	executable_reference	0x91000000
.local/legacy-firmware/work/extract/stock-rootfs/lib/modules/5.4.55/xpon_10g.ko	4c59bdfaedbb2c704c33ec66dbb438bdd3866af48fdd47fb73042369834d55ac	.rela.text	9664	.text	0x28348	0x28348	0x283a0	R_AARCH64_ADR_PREL_PG_HI21	gponRecovery	651	0	STT_OBJECT	.bss	0x12f0	0x0		0x12f0	unnamed@.text+0x264ac	0x264ac	0x1e9c	eh_frame_FDE	0x29dbc	0x4180	executable_reference	0x90000000
.local/legacy-firmware/work/extract/stock-rootfs/lib/modules/5.4.55/xpon_10g.ko	4c59bdfaedbb2c704c33ec66dbb438bdd3866af48fdd47fb73042369834d55ac	.rela.text	9665	.text	0x2834c	0x2834c	0x283a4	R_AARCH64_ADD_ABS_LO12_NC	gponRecovery	651	0	STT_OBJECT	.bss	0x12f0	0x0		0x12f0	unnamed@.text+0x264ac	0x264ac	0x1ea0	eh_frame_FDE	0x29dbc	0x4180	executable_reference	0x91000000
.local/legacy-firmware/work/extract/stock-rootfs/lib/modules/5.4.55/xpon_10g.ko	4c59bdfaedbb2c704c33ec66dbb438bdd3866af48fdd47fb73042369834d55ac	.rela.text	9671	.text	0x28374	0x28374	0x283cc	R_AARCH64_ADR_PREL_PG_HI21	gponRecovery	651	0	STT_OBJECT	.bss	0x12f0	0x0		0x12f0	unnamed@.text+0x264ac	0x264ac	0x1ec8	eh_frame_FDE	0x29dbc	0x4180	executable_reference	0x90000000
.local/legacy-firmware/work/extract/stock-rootfs/lib/modules/5.4.55/xpon_10g.ko	4c59bdfaedbb2c704c33ec66dbb438bdd3866af48fdd47fb73042369834d55ac	.rela.text	9672	.text	0x28378	0x28378	0x283d0	R_AARCH64_ADD_ABS_LO12_NC	gponRecovery	651	0	STT_OBJECT	.bss	0x12f0	0x0		0x12f0	unnamed@.text+0x264ac	0x264ac	0x1ecc	eh_frame_FDE	0x29dbc	0x4180	executable_reference	0x91000002
.local/legacy-firmware/work/extract/stock-rootfs/lib/modules/5.4.55/xpon_10g.ko	4c59bdfaedbb2c704c33ec66dbb438bdd3866af48fdd47fb73042369834d55ac	.rela.text	9676	.text	0x283ac	0x283ac	0x28404	R_AARCH64_ADR_PREL_PG_HI21	gponRecovery	651	0	STT_OBJECT	.bss	0x12f0	0x0		0x12f0	unnamed@.text+0x264ac	0x264ac	0x1f00	eh_frame_FDE	0x29dbc	0x4180	executable_reference	0x90000000
.local/legacy-firmware/work/extract/stock-rootfs/lib/modules/5.4.55/xpon_10g.ko	4c59bdfaedbb2c704c33ec66dbb438bdd3866af48fdd47fb73042369834d55ac	.rela.text	9677	.text	0x283b0	0x283b0	0x28408	R_AARCH64_ADD_ABS_LO12_NC	gponRecovery	651	0	STT_OBJECT	.bss	0x12f0	0x0		0x12f0	unnamed@.text+0x264ac	0x264ac	0x1f04	eh_frame_FDE	0x29dbc	0x4180	executable_reference	0x91000000
.local/legacy-firmware/work/extract/stock-rootfs/lib/modules/5.4.55/xpon_10g.ko	4c59bdfaedbb2c704c33ec66dbb438bdd3866af48fdd47fb73042369834d55ac	.rela.text	9683	.text	0x283d8	0x283d8	0x28430	R_AARCH64_ADR_PREL_PG_HI21	gponRecovery	651	0	STT_OBJECT	.bss	0x12f0	0x0		0x12f0	unnamed@.text+0x264ac	0x264ac	0x1f2c	eh_frame_FDE	0x29dbc	0x4180	executable_reference	0x90000000
.local/legacy-firmware/work/extract/stock-rootfs/lib/modules/5.4.55/xpon_10g.ko	4c59bdfaedbb2c704c33ec66dbb438bdd3866af48fdd47fb73042369834d55ac	.rela.text	9684	.text	0x283dc	0x283dc	0x28434	R_AARCH64_ADD_ABS_LO12_NC	gponRecovery	651	0	STT_OBJECT	.bss	0x12f0	0x0		0x12f0	unnamed@.text+0x264ac	0x264ac	0x1f30	eh_frame_FDE	0x29dbc	0x4180	executable_reference	0x91000002
.local/legacy-firmware/work/extract/stock-rootfs/lib/modules/5.4.55/xpon_10g.ko	4c59bdfaedbb2c704c33ec66dbb438bdd3866af48fdd47fb73042369834d55ac	.rela.text	9688	.text	0x28410	0x28410	0x28468	R_AARCH64_ADR_PREL_PG_HI21	gponRecovery	651	0	STT_OBJECT	.bss	0x12f0	0x0		0x12f0	unnamed@.text+0x264ac	0x264ac	0x1f64	eh_frame_FDE	0x29dbc	0x4180	executable_reference	0x90000000
.local/legacy-firmware/work/extract/stock-rootfs/lib/modules/5.4.55/xpon_10g.ko	4c59bdfaedbb2c704c33ec66dbb438bdd3866af48fdd47fb73042369834d55ac	.rela.text	9689	.text	0x28414	0x28414	0x2846c	R_AARCH64_ADD_ABS_LO12_NC	gponRecovery	651	0	STT_OBJECT	.bss	0x12f0	0x0		0x12f0	unnamed@.text+0x264ac	0x264ac	0x1f68	eh_frame_FDE	0x29dbc	0x4180	executable_reference	0x91000000
.local/legacy-firmware/work/extract/stock-rootfs/lib/modules/5.4.55/xpon_10g.ko	4c59bdfaedbb2c704c33ec66dbb438bdd3866af48fdd47fb73042369834d55ac	.rela.text	9695	.text	0x2843c	0x2843c	0x28494	R_AARCH64_ADR_PREL_PG_HI21	gponRecovery	651	0	STT_OBJECT	.bss	0x12f0	0x0		0x12f0	unnamed@.text+0x264ac	0x264ac	0x1f90	eh_frame_FDE	0x29dbc	0x4180	executable_reference	0x90000000
.local/legacy-firmware/work/extract/stock-rootfs/lib/modules/5.4.55/xpon_10g.ko	4c59bdfaedbb2c704c33ec66dbb438bdd3866af48fdd47fb73042369834d55ac	.rela.text	9696	.text	0x28440	0x28440	0x28498	R_AARCH64_ADD_ABS_LO12_NC	gponRecovery	651	0	STT_OBJECT	.bss	0x12f0	0x0		0x12f0	unnamed@.text+0x264ac	0x264ac	0x1f94	eh_frame_FDE	0x29dbc	0x4180	executable_reference	0x91000002
.local/legacy-firmware/work/extract/stock-rootfs/lib/modules/5.4.55/xpon_10g.ko	4c59bdfaedbb2c704c33ec66dbb438bdd3866af48fdd47fb73042369834d55ac	.rela.text	9700	.text	0x28474	0x28474	0x284cc	R_AARCH64_ADR_PREL_PG_HI21	gponRecovery	651	0	STT_OBJECT	.bss	0x12f0	0x0		0x12f0	unnamed@.text+0x264ac	0x264ac	0x1fc8	eh_frame_FDE	0x29dbc	0x4180	executable_reference	0x90000000
.local/legacy-firmware/work/extract/stock-rootfs/lib/modules/5.4.55/xpon_10g.ko	4c59bdfaedbb2c704c33ec66dbb438bdd3866af48fdd47fb73042369834d55ac	.rela.text	9701	.text	0x28478	0x28478	0x284d0	R_AARCH64_ADD_ABS_LO12_NC	gponRecovery	651	0	STT_OBJECT	.bss	0x12f0	0x0		0x12f0	unnamed@.text+0x264ac	0x264ac	0x1fcc	eh_frame_FDE	0x29dbc	0x4180	executable_reference	0x91000000
.local/legacy-firmware/work/extract/stock-rootfs/lib/modules/5.4.55/xpon_10g.ko	4c59bdfaedbb2c704c33ec66dbb438bdd3866af48fdd47fb73042369834d55ac	.rela.text	9707	.text	0x284a0	0x284a0	0x284f8	R_AARCH64_ADR_PREL_PG_HI21	gponRecovery	651	0	STT_OBJECT	.bss	0x12f0	0x0		0x12f0	unnamed@.text+0x264ac	0x264ac	0x1ff4	eh_frame_FDE	0x29dbc	0x4180	executable_reference	0x90000000
.local/legacy-firmware/work/extract/stock-rootfs/lib/modules/5.4.55/xpon_10g.ko	4c59bdfaedbb2c704c33ec66dbb438bdd3866af48fdd47fb73042369834d55ac	.rela.text	9708	.text	0x284a4	0x284a4	0x284fc	R_AARCH64_ADD_ABS_LO12_NC	gponRecovery	651	0	STT_OBJECT	.bss	0x12f0	0x0		0x12f0	unnamed@.text+0x264ac	0x264ac	0x1ff8	eh_frame_FDE	0x29dbc	0x4180	executable_reference	0x91000002
.local/legacy-firmware/work/extract/stock-rootfs/lib/modules/5.4.55/xpon_10g.ko	4c59bdfaedbb2c704c33ec66dbb438bdd3866af48fdd47fb73042369834d55ac	.rela.text	9712	.text	0x284d8	0x284d8	0x28530	R_AARCH64_ADR_PREL_PG_HI21	gponRecovery	651	0	STT_OBJECT	.bss	0x12f0	0x0		0x12f0	unnamed@.text+0x264ac	0x264ac	0x202c	eh_frame_FDE	0x29dbc	0x4180	executable_reference	0x90000000
.local/legacy-firmware/work/extract/stock-rootfs/lib/modules/5.4.55/xpon_10g.ko	4c59bdfaedbb2c704c33ec66dbb438bdd3866af48fdd47fb73042369834d55ac	.rela.text	9713	.text	0x284dc	0x284dc	0x28534	R_AARCH64_ADD_ABS_LO12_NC	gponRecovery	651	0	STT_OBJECT	.bss	0x12f0	0x0		0x12f0	unnamed@.text+0x264ac	0x264ac	0x2030	eh_frame_FDE	0x29dbc	0x4180	executable_reference	0x91000000
.local/legacy-firmware/work/extract/stock-rootfs/lib/modules/5.4.55/xpon_10g.ko	4c59bdfaedbb2c704c33ec66dbb438bdd3866af48fdd47fb73042369834d55ac	.rela.text	9719	.text	0x28504	0x28504	0x2855c	R_AARCH64_ADR_PREL_PG_HI21	gponRecovery	651	0	STT_OBJECT	.bss	0x12f0	0x0		0x12f0	unnamed@.text+0x264ac	0x264ac	0x2058	eh_frame_FDE	0x29dbc	0x4180	executable_reference	0x90000000
.local/legacy-firmware/work/extract/stock-rootfs/lib/modules/5.4.55/xpon_10g.ko	4c59bdfaedbb2c704c33ec66dbb438bdd3866af48fdd47fb73042369834d55ac	.rela.text	9720	.text	0x28508	0x28508	0x28560	R_AARCH64_ADD_ABS_LO12_NC	gponRecovery	651	0	STT_OBJECT	.bss	0x12f0	0x0		0x12f0	unnamed@.text+0x264ac	0x264ac	0x205c	eh_frame_FDE	0x29dbc	0x4180	executable_reference	0x91000002
.local/legacy-firmware/work/extract/stock-rootfs/lib/modules/5.4.55/xpon_10g.ko	4c59bdfaedbb2c704c33ec66dbb438bdd3866af48fdd47fb73042369834d55ac	.rela.text	9724	.text	0x28548	0x28548	0x285a0	R_AARCH64_ADR_PREL_PG_HI21	gponRecovery	651	0	STT_OBJECT	.bss	0x12f0	0x0		0x12f0	unnamed@.text+0x264ac	0x264ac	0x209c	eh_frame_FDE	0x29dbc	0x4180	executable_reference	0x90000000
.local/legacy-firmware/work/extract/stock-rootfs/lib/modules/5.4.55/xpon_10g.ko	4c59bdfaedbb2c704c33ec66dbb438bdd3866af48fdd47fb73042369834d55ac	.rela.text	9725	.text	0x2854c	0x2854c	0x285a4	R_AARCH64_ADD_ABS_LO12_NC	gponRecovery	651	0	STT_OBJECT	.bss	0x12f0	0x0		0x12f0	unnamed@.text+0x264ac	0x264ac	0x20a0	eh_frame_FDE	0x29dbc	0x4180	executable_reference	0x91000000
.local/legacy-firmware/work/extract/stock-rootfs/lib/modules/5.4.55/xpon_10g.ko	4c59bdfaedbb2c704c33ec66dbb438bdd3866af48fdd47fb73042369834d55ac	.rela.text	10017	.text	0x29274	0x29274	0x292cc	R_AARCH64_ADR_PREL_PG_HI21	gponRecovery	651	0	STT_OBJECT	.bss	0x12f0	0x0		0x12f0	unnamed@.text+0x264ac	0x264ac	0x2dc8	eh_frame_FDE	0x29dbc	0x4180	executable_reference	0x90000000
.local/legacy-firmware/work/extract/stock-rootfs/lib/modules/5.4.55/xpon_10g.ko	4c59bdfaedbb2c704c33ec66dbb438bdd3866af48fdd47fb73042369834d55ac	.rela.text	10018	.text	0x29278	0x29278	0x292d0	R_AARCH64_ADD_ABS_LO12_NC	gponRecovery	651	0	STT_OBJECT	.bss	0x12f0	0x0		0x12f0	unnamed@.text+0x264ac	0x264ac	0x2dcc	eh_frame_FDE	0x29dbc	0x4180	executable_reference	0x91000000
.local/legacy-firmware/work/extract/stock-rootfs/lib/modules/5.4.55/xpon_10g.ko	4c59bdfaedbb2c704c33ec66dbb438bdd3866af48fdd47fb73042369834d55ac	.rela.text	10019	.text	0x29288	0x29288	0x292e0	R_AARCH64_ADR_PREL_PG_HI21	gponRecovery	651	0	STT_OBJECT	.bss	0x12f0	0x0		0x12f0	unnamed@.text+0x264ac	0x264ac	0x2ddc	eh_frame_FDE	0x29dbc	0x4180	executable_reference	0x90000000
.local/legacy-firmware/work/extract/stock-rootfs/lib/modules/5.4.55/xpon_10g.ko	4c59bdfaedbb2c704c33ec66dbb438bdd3866af48fdd47fb73042369834d55ac	.rela.text	10020	.text	0x2928c	0x2928c	0x292e4	R_AARCH64_ADD_ABS_LO12_NC	gponRecovery	651	0	STT_OBJECT	.bss	0x12f0	0x0		0x12f0	unnamed@.text+0x264ac	0x264ac	0x2de0	eh_frame_FDE	0x29dbc	0x4180	executable_reference	0x91000000
.local/legacy-firmware/work/extract/stock-rootfs/lib/modules/5.4.55/xpon_10g.ko	4c59bdfaedbb2c704c33ec66dbb438bdd3866af48fdd47fb73042369834d55ac	.rela.text	10021	.text	0x29294	0x29294	0x292ec	R_AARCH64_ADR_PREL_PG_HI21	gponRecovery	651	0	STT_OBJECT	.bss	0x12f0	0x0		0x12f0	unnamed@.text+0x264ac	0x264ac	0x2de8	eh_frame_FDE	0x29dbc	0x4180	executable_reference	0x90000000
.local/legacy-firmware/work/extract/stock-rootfs/lib/modules/5.4.55/xpon_10g.ko	4c59bdfaedbb2c704c33ec66dbb438bdd3866af48fdd47fb73042369834d55ac	.rela.text	10022	.text	0x29298	0x29298	0x292f0	R_AARCH64_ADD_ABS_LO12_NC	gponRecovery	651	0	STT_OBJECT	.bss	0x12f0	0x0		0x12f0	unnamed@.text+0x264ac	0x264ac	0x2dec	eh_frame_FDE	0x29dbc	0x4180	executable_reference	0x91000000
.local/legacy-firmware/work/extract/stock-rootfs/lib/modules/5.4.55/xpon_10g.ko	4c59bdfaedbb2c704c33ec66dbb438bdd3866af48fdd47fb73042369834d55ac	.rela.text	10108	.text	0x29620	0x29620	0x29678	R_AARCH64_CALL26	gpon_dvt_sw_reset	819	0	STT_FUNC	.text	0x2566c	0x0	gpon_dvt_sw_reset	0x2566c	unnamed@.text+0x264ac	0x264ac	0x3174	eh_frame_FDE	0x29dbc	0x4180	direct_call_BL	0x94000000
.local/legacy-firmware/work/extract/stock-rootfs/lib/modules/5.4.55/xpon_10g.ko	4c59bdfaedbb2c704c33ec66dbb438bdd3866af48fdd47fb73042369834d55ac	.rela.text	11348	.text	0x2e3c4	0x2e3c4	0x2e41c	R_AARCH64_ADR_PREL_PG_HI21	gponRecovery	651	0	STT_OBJECT	.bss	0x12f0	0x0		0x12f0	unnamed@.text+0x2e3a0	0x2e3a0	0x24	eh_frame_FDE	0x2e408	0x4770	executable_reference	0x90000000
.local/legacy-firmware/work/extract/stock-rootfs/lib/modules/5.4.55/xpon_10g.ko	4c59bdfaedbb2c704c33ec66dbb438bdd3866af48fdd47fb73042369834d55ac	.rela.text	11349	.text	0x2e3c8	0x2e3c8	0x2e420	R_AARCH64_ADD_ABS_LO12_NC	gponRecovery	651	0	STT_OBJECT	.bss	0x12f0	0x0		0x12f0	unnamed@.text+0x2e3a0	0x2e3a0	0x28	eh_frame_FDE	0x2e408	0x4770	executable_reference	0x91000000
.local/legacy-firmware/work/extract/stock-rootfs/lib/modules/5.4.55/xpon_10g.ko	4c59bdfaedbb2c704c33ec66dbb438bdd3866af48fdd47fb73042369834d55ac	.rela.text	11358	.text	0x2e420	0x2e420	0x2e478	R_AARCH64_ADR_PREL_PG_HI21	gponRecovery	651	0	STT_OBJECT	.bss	0x12f0	0x0		0x12f0	unnamed@.text+0x2e408	0x2e408	0x18	eh_frame_FDE	0x2e4ac	0x4790	executable_reference	0x90000000
.local/legacy-firmware/work/extract/stock-rootfs/lib/modules/5.4.55/xpon_10g.ko	4c59bdfaedbb2c704c33ec66dbb438bdd3866af48fdd47fb73042369834d55ac	.rela.text	11359	.text	0x2e424	0x2e424	0x2e47c	R_AARCH64_ADD_ABS_LO12_NC	gponRecovery	651	0	STT_OBJECT	.bss	0x12f0	0x0		0x12f0	unnamed@.text+0x2e408	0x2e408	0x1c	eh_frame_FDE	0x2e4ac	0x4790	executable_reference	0x91000002
.local/legacy-firmware/work/extract/stock-rootfs/lib/modules/5.4.55/xpon_10g.ko	4c59bdfaedbb2c704c33ec66dbb438bdd3866af48fdd47fb73042369834d55ac	.rela.text	11360	.text	0x2e468	0x2e468	0x2e4c0	R_AARCH64_ADR_PREL_PG_HI21	gponRecovery	651	0	STT_OBJECT	.bss	0x12f0	0x0		0x12f0	unnamed@.text+0x2e408	0x2e408	0x60	eh_frame_FDE	0x2e4ac	0x4790	executable_reference	0x90000000
.local/legacy-firmware/work/extract/stock-rootfs/lib/modules/5.4.55/xpon_10g.ko	4c59bdfaedbb2c704c33ec66dbb438bdd3866af48fdd47fb73042369834d55ac	.rela.text	11361	.text	0x2e46c	0x2e46c	0x2e4c4	R_AARCH64_ADD_ABS_LO12_NC	gponRecovery	651	0	STT_OBJECT	.bss	0x12f0	0x0		0x12f0	unnamed@.text+0x2e408	0x2e408	0x64	eh_frame_FDE	0x2e4ac	0x4790	executable_reference	0x91000000
.local/legacy-firmware/work/extract/stock-rootfs/lib/modules/5.4.55/xpon_10g.ko	4c59bdfaedbb2c704c33ec66dbb438bdd3866af48fdd47fb73042369834d55ac	.rela.text	11362	.text	0x2e488	0x2e488	0x2e4e0	R_AARCH64_ADR_PREL_PG_HI21	gponRecovery	651	0	STT_OBJECT	.bss	0x12f0	0x0		0x12f0	unnamed@.text+0x2e408	0x2e408	0x80	eh_frame_FDE	0x2e4ac	0x4790	executable_reference	0x90000000
.local/legacy-firmware/work/extract/stock-rootfs/lib/modules/5.4.55/xpon_10g.ko	4c59bdfaedbb2c704c33ec66dbb438bdd3866af48fdd47fb73042369834d55ac	.rela.text	11363	.text	0x2e48c	0x2e48c	0x2e4e4	R_AARCH64_ADD_ABS_LO12_NC	gponRecovery	651	0	STT_OBJECT	.bss	0x12f0	0x0		0x12f0	unnamed@.text+0x2e408	0x2e408	0x84	eh_frame_FDE	0x2e4ac	0x4790	executable_reference	0x91000000
.local/legacy-firmware/work/extract/stock-rootfs/lib/modules/5.4.55/xpon_10g.ko	4c59bdfaedbb2c704c33ec66dbb438bdd3866af48fdd47fb73042369834d55ac	.rela.text	11364	.text	0x2e4b0	0x2e4b0	0x2e508	R_AARCH64_ADR_PREL_PG_HI21	gponRecovery	651	0	STT_OBJECT	.bss	0x12f0	0x0		0x12f0	gpon_recovery_init	0x2e4ac	0x4	symbol_size	0x2e514		executable_reference	0x90000000
.local/legacy-firmware/work/extract/stock-rootfs/lib/modules/5.4.55/xpon_10g.ko	4c59bdfaedbb2c704c33ec66dbb438bdd3866af48fdd47fb73042369834d55ac	.rela.text	11365	.text	0x2e4b4	0x2e4b4	0x2e50c	R_AARCH64_ADD_ABS_LO12_NC	gponRecovery	651	0	STT_OBJECT	.bss	0x12f0	0x0		0x12f0	gpon_recovery_init	0x2e4ac	0x8	symbol_size	0x2e514		executable_reference	0x91000000
.local/legacy-firmware/work/extract/stock-rootfs/lib/modules/5.4.55/xpon_10g.ko	4c59bdfaedbb2c704c33ec66dbb438bdd3866af48fdd47fb73042369834d55ac	.rela.text	11366	.text	0x2e4bc	0x2e4bc	0x2e514	R_AARCH64_ADR_PREL_PG_HI21	gponRecovery	651	0	STT_OBJECT	.bss	0x12f0	0x0		0x12f0	gpon_recovery_init	0x2e4ac	0x10	symbol_size	0x2e514		executable_reference	0x90000000
.local/legacy-firmware/work/extract/stock-rootfs/lib/modules/5.4.55/xpon_10g.ko	4c59bdfaedbb2c704c33ec66dbb438bdd3866af48fdd47fb73042369834d55ac	.rela.text	11367	.text	0x2e4c0	0x2e4c0	0x2e518	R_AARCH64_ADD_ABS_LO12_NC	gponRecovery	651	0	STT_OBJECT	.bss	0x12f0	0x0		0x12f0	gpon_recovery_init	0x2e4ac	0x14	symbol_size	0x2e514		executable_reference	0x91000000
.local/legacy-firmware/work/extract/stock-rootfs/lib/modules/5.4.55/xpon_10g.ko	4c59bdfaedbb2c704c33ec66dbb438bdd3866af48fdd47fb73042369834d55ac	.rela.text	11368	.text	0x2e4d0	0x2e4d0	0x2e528	R_AARCH64_ADR_PREL_PG_HI21	gponRecovery	651	0	STT_OBJECT	.bss	0x12f0	0x0		0x12f0	gpon_recovery_init	0x2e4ac	0x24	symbol_size	0x2e514		executable_reference	0x90000000
.local/legacy-firmware/work/extract/stock-rootfs/lib/modules/5.4.55/xpon_10g.ko	4c59bdfaedbb2c704c33ec66dbb438bdd3866af48fdd47fb73042369834d55ac	.rela.text	11369	.text	0x2e4d4	0x2e4d4	0x2e52c	R_AARCH64_ADD_ABS_LO12_NC	gponRecovery	651	0	STT_OBJECT	.bss	0x12f0	0x0		0x12f0	gpon_recovery_init	0x2e4ac	0x28	symbol_size	0x2e514		executable_reference	0x91000000
.local/legacy-firmware/work/extract/stock-rootfs/lib/modules/5.4.55/xpon_10g.ko	4c59bdfaedbb2c704c33ec66dbb438bdd3866af48fdd47fb73042369834d55ac	.rela.text	11370	.text	0x2e4fc	0x2e4fc	0x2e554	R_AARCH64_ADR_PREL_PG_HI21	gponRecovery	651	0	STT_OBJECT	.bss	0x12f0	0x0		0x12f0	gpon_recovery_init	0x2e4ac	0x50	symbol_size	0x2e514		executable_reference	0x90000000
.local/legacy-firmware/work/extract/stock-rootfs/lib/modules/5.4.55/xpon_10g.ko	4c59bdfaedbb2c704c33ec66dbb438bdd3866af48fdd47fb73042369834d55ac	.rela.text	11371	.text	0x2e500	0x2e500	0x2e558	R_AARCH64_ADD_ABS_LO12_NC	gponRecovery	651	0	STT_OBJECT	.bss	0x12f0	0x0		0x12f0	gpon_recovery_init	0x2e4ac	0x54	symbol_size	0x2e514		executable_reference	0x91000000
.local/legacy-firmware/work/extract/stock-rootfs/lib/modules/5.4.55/xpon_10g.ko	4c59bdfaedbb2c704c33ec66dbb438bdd3866af48fdd47fb73042369834d55ac	.rela.text	11372	.text	0x2e53c	0x2e53c	0x2e594	R_AARCH64_ADR_PREL_PG_HI21	gponRecovery	651	0	STT_OBJECT	.bss	0x12f0	0x0		0x12f0	gpon_recover_backup_gemport	0x2e514	0x28	symbol_size	0x2e814		executable_reference	0x90000000
.local/legacy-firmware/work/extract/stock-rootfs/lib/modules/5.4.55/xpon_10g.ko	4c59bdfaedbb2c704c33ec66dbb438bdd3866af48fdd47fb73042369834d55ac	.rela.text	11373	.text	0x2e540	0x2e540	0x2e598	R_AARCH64_ADD_ABS_LO12_NC	gponRecovery	651	0	STT_OBJECT	.bss	0x12f0	0x0		0x12f0	gpon_recover_backup_gemport	0x2e514	0x2c	symbol_size	0x2e814		executable_reference	0x91000000
.local/legacy-firmware/work/extract/stock-rootfs/lib/modules/5.4.55/xpon_10g.ko	4c59bdfaedbb2c704c33ec66dbb438bdd3866af48fdd47fb73042369834d55ac	.rela.text	11374	.text	0x2e548	0x2e548	0x2e5a0	R_AARCH64_ADR_PREL_PG_HI21	gponRecovery	651	0	STT_OBJECT	.bss	0x12f0	0x0		0x12f0	gpon_recover_backup_gemport	0x2e514	0x34	symbol_size	0x2e814		executable_reference	0x90000000
.local/legacy-firmware/work/extract/stock-rootfs/lib/modules/5.4.55/xpon_10g.ko	4c59bdfaedbb2c704c33ec66dbb438bdd3866af48fdd47fb73042369834d55ac	.rela.text	11375	.text	0x2e54c	0x2e54c	0x2e5a4	R_AARCH64_ADD_ABS_LO12_NC	gponRecovery	651	0	STT_OBJECT	.bss	0x12f0	0x0		0x12f0	gpon_recover_backup_gemport	0x2e514	0x38	symbol_size	0x2e814		executable_reference	0x91000002
.local/legacy-firmware/work/extract/stock-rootfs/lib/modules/5.4.55/xpon_10g.ko	4c59bdfaedbb2c704c33ec66dbb438bdd3866af48fdd47fb73042369834d55ac	.rela.text	11376	.text	0x2e580	0x2e580	0x2e5d8	R_AARCH64_ADR_PREL_PG_HI21	gponRecovery	651	0	STT_OBJECT	.bss	0x12f0	0x0		0x12f0	gpon_recover_backup_gemport	0x2e514	0x6c	symbol_size	0x2e814		executable_reference	0x90000000
.local/legacy-firmware/work/extract/stock-rootfs/lib/modules/5.4.55/xpon_10g.ko	4c59bdfaedbb2c704c33ec66dbb438bdd3866af48fdd47fb73042369834d55ac	.rela.text	11377	.text	0x2e584	0x2e584	0x2e5dc	R_AARCH64_ADD_ABS_LO12_NC	gponRecovery	651	0	STT_OBJECT	.bss	0x12f0	0x0		0x12f0	gpon_recover_backup_gemport	0x2e514	0x70	symbol_size	0x2e814		executable_reference	0x91000000
.local/legacy-firmware/work/extract/stock-rootfs/lib/modules/5.4.55/xpon_10g.ko	4c59bdfaedbb2c704c33ec66dbb438bdd3866af48fdd47fb73042369834d55ac	.rela.text	11383	.text	0x2e5ac	0x2e5ac	0x2e604	R_AARCH64_ADR_PREL_PG_HI21	gponRecovery	651	0	STT_OBJECT	.bss	0x12f0	0x0		0x12f0	gpon_recover_backup_gemport	0x2e514	0x98	symbol_size	0x2e814		executable_reference	0x90000000
.local/legacy-firmware/work/extract/stock-rootfs/lib/modules/5.4.55/xpon_10g.ko	4c59bdfaedbb2c704c33ec66dbb438bdd3866af48fdd47fb73042369834d55ac	.rela.text	11384	.text	0x2e5b0	0x2e5b0	0x2e608	R_AARCH64_ADD_ABS_LO12_NC	gponRecovery	651	0	STT_OBJECT	.bss	0x12f0	0x0		0x12f0	gpon_recover_backup_gemport	0x2e514	0x9c	symbol_size	0x2e814		executable_reference	0x91000000
.local/legacy-firmware/work/extract/stock-rootfs/lib/modules/5.4.55/xpon_10g.ko	4c59bdfaedbb2c704c33ec66dbb438bdd3866af48fdd47fb73042369834d55ac	.rela.text	11385	.text	0x2e5b8	0x2e5b8	0x2e610	R_AARCH64_ADR_PREL_PG_HI21	gponRecovery	651	0	STT_OBJECT	.bss	0x12f0	0x0		0x12f0	gpon_recover_backup_gemport	0x2e514	0xa4	symbol_size	0x2e814		executable_reference	0x90000000
.local/legacy-firmware/work/extract/stock-rootfs/lib/modules/5.4.55/xpon_10g.ko	4c59bdfaedbb2c704c33ec66dbb438bdd3866af48fdd47fb73042369834d55ac	.rela.text	11386	.text	0x2e5bc	0x2e5bc	0x2e614	R_AARCH64_ADD_ABS_LO12_NC	gponRecovery	651	0	STT_OBJECT	.bss	0x12f0	0x0		0x12f0	gpon_recover_backup_gemport	0x2e514	0xa8	symbol_size	0x2e814		executable_reference	0x91000000
.local/legacy-firmware/work/extract/stock-rootfs/lib/modules/5.4.55/xpon_10g.ko	4c59bdfaedbb2c704c33ec66dbb438bdd3866af48fdd47fb73042369834d55ac	.rela.text	11387	.text	0x2e5c4	0x2e5c4	0x2e61c	R_AARCH64_ADR_PREL_PG_HI21	gponRecovery	651	0	STT_OBJECT	.bss	0x12f0	0x0		0x12f0	gpon_recover_backup_gemport	0x2e514	0xb0	symbol_size	0x2e814		executable_reference	0x90000000
.local/legacy-firmware/work/extract/stock-rootfs/lib/modules/5.4.55/xpon_10g.ko	4c59bdfaedbb2c704c33ec66dbb438bdd3866af48fdd47fb73042369834d55ac	.rela.text	11388	.text	0x2e5c8	0x2e5c8	0x2e620	R_AARCH64_ADD_ABS_LO12_NC	gponRecovery	651	0	STT_OBJECT	.bss	0x12f0	0x0		0x12f0	gpon_recover_backup_gemport	0x2e514	0xb4	symbol_size	0x2e814		executable_reference	0x91000002
.local/legacy-firmware/work/extract/stock-rootfs/lib/modules/5.4.55/xpon_10g.ko	4c59bdfaedbb2c704c33ec66dbb438bdd3866af48fdd47fb73042369834d55ac	.rela.text	11392	.text	0x2e5fc	0x2e5fc	0x2e654	R_AARCH64_ADR_PREL_PG_HI21	gponRecovery	651	0	STT_OBJECT	.bss	0x12f0	0x0		0x12f0	gpon_recover_backup_gemport	0x2e514	0xe8	symbol_size	0x2e814		executable_reference	0x90000000
.local/legacy-firmware/work/extract/stock-rootfs/lib/modules/5.4.55/xpon_10g.ko	4c59bdfaedbb2c704c33ec66dbb438bdd3866af48fdd47fb73042369834d55ac	.rela.text	11393	.text	0x2e600	0x2e600	0x2e658	R_AARCH64_ADD_ABS_LO12_NC	gponRecovery	651	0	STT_OBJECT	.bss	0x12f0	0x0		0x12f0	gpon_recover_backup_gemport	0x2e514	0xec	symbol_size	0x2e814		executable_reference	0x91000000
.local/legacy-firmware/work/extract/stock-rootfs/lib/modules/5.4.55/xpon_10g.ko	4c59bdfaedbb2c704c33ec66dbb438bdd3866af48fdd47fb73042369834d55ac	.rela.text	11399	.text	0x2e628	0x2e628	0x2e680	R_AARCH64_ADR_PREL_PG_HI21	gponRecovery	651	0	STT_OBJECT	.bss	0x12f0	0x0		0x12f0	gpon_recover_backup_gemport	0x2e514	0x114	symbol_size	0x2e814		executable_reference	0x90000000
.local/legacy-firmware/work/extract/stock-rootfs/lib/modules/5.4.55/xpon_10g.ko	4c59bdfaedbb2c704c33ec66dbb438bdd3866af48fdd47fb73042369834d55ac	.rela.text	11400	.text	0x2e62c	0x2e62c	0x2e684	R_AARCH64_ADD_ABS_LO12_NC	gponRecovery	651	0	STT_OBJECT	.bss	0x12f0	0x0		0x12f0	gpon_recover_backup_gemport	0x2e514	0x118	symbol_size	0x2e814		executable_reference	0x91000000
.local/legacy-firmware/work/extract/stock-rootfs/lib/modules/5.4.55/xpon_10g.ko	4c59bdfaedbb2c704c33ec66dbb438bdd3866af48fdd47fb73042369834d55ac	.rela.text	11401	.text	0x2e634	0x2e634	0x2e68c	R_AARCH64_ADR_PREL_PG_HI21	gponRecovery	651	0	STT_OBJECT	.bss	0x12f0	0x0		0x12f0	gpon_recover_backup_gemport	0x2e514	0x120	symbol_size	0x2e814		executable_reference	0x90000000
.local/legacy-firmware/work/extract/stock-rootfs/lib/modules/5.4.55/xpon_10g.ko	4c59bdfaedbb2c704c33ec66dbb438bdd3866af48fdd47fb73042369834d55ac	.rela.text	11402	.text	0x2e638	0x2e638	0x2e690	R_AARCH64_ADD_ABS_LO12_NC	gponRecovery	651	0	STT_OBJECT	.bss	0x12f0	0x0		0x12f0	gpon_recover_backup_gemport	0x2e514	0x124	symbol_size	0x2e814		executable_reference	0x91000000
.local/legacy-firmware/work/extract/stock-rootfs/lib/modules/5.4.55/xpon_10g.ko	4c59bdfaedbb2c704c33ec66dbb438bdd3866af48fdd47fb73042369834d55ac	.rela.text	11403	.text	0x2e640	0x2e640	0x2e698	R_AARCH64_ADR_PREL_PG_HI21	gponRecovery	651	0	STT_OBJECT	.bss	0x12f0	0x0		0x12f0	gpon_recover_backup_gemport	0x2e514	0x12c	symbol_size	0x2e814		executable_reference	0x90000000
.local/legacy-firmware/work/extract/stock-rootfs/lib/modules/5.4.55/xpon_10g.ko	4c59bdfaedbb2c704c33ec66dbb438bdd3866af48fdd47fb73042369834d55ac	.rela.text	11404	.text	0x2e644	0x2e644	0x2e69c	R_AARCH64_ADD_ABS_LO12_NC	gponRecovery	651	0	STT_OBJECT	.bss	0x12f0	0x0		0x12f0	gpon_recover_backup_gemport	0x2e514	0x130	symbol_size	0x2e814		executable_reference	0x91000002
.local/legacy-firmware/work/extract/stock-rootfs/lib/modules/5.4.55/xpon_10g.ko	4c59bdfaedbb2c704c33ec66dbb438bdd3866af48fdd47fb73042369834d55ac	.rela.text	11408	.text	0x2e678	0x2e678	0x2e6d0	R_AARCH64_ADR_PREL_PG_HI21	gponRecovery	651	0	STT_OBJECT	.bss	0x12f0	0x0		0x12f0	gpon_recover_backup_gemport	0x2e514	0x164	symbol_size	0x2e814		executable_reference	0x90000000
.local/legacy-firmware/work/extract/stock-rootfs/lib/modules/5.4.55/xpon_10g.ko	4c59bdfaedbb2c704c33ec66dbb438bdd3866af48fdd47fb73042369834d55ac	.rela.text	11409	.text	0x2e67c	0x2e67c	0x2e6d4	R_AARCH64_ADD_ABS_LO12_NC	gponRecovery	651	0	STT_OBJECT	.bss	0x12f0	0x0		0x12f0	gpon_recover_backup_gemport	0x2e514	0x168	symbol_size	0x2e814		executable_reference	0x91000000
.local/legacy-firmware/work/extract/stock-rootfs/lib/modules/5.4.55/xpon_10g.ko	4c59bdfaedbb2c704c33ec66dbb438bdd3866af48fdd47fb73042369834d55ac	.rela.text	11415	.text	0x2e6a4	0x2e6a4	0x2e6fc	R_AARCH64_ADR_PREL_PG_HI21	gponRecovery	651	0	STT_OBJECT	.bss	0x12f0	0x0		0x12f0	gpon_recover_backup_gemport	0x2e514	0x190	symbol_size	0x2e814		executable_reference	0x90000000
.local/legacy-firmware/work/extract/stock-rootfs/lib/modules/5.4.55/xpon_10g.ko	4c59bdfaedbb2c704c33ec66dbb438bdd3866af48fdd47fb73042369834d55ac	.rela.text	11416	.text	0x2e6a8	0x2e6a8	0x2e700	R_AARCH64_ADD_ABS_LO12_NC	gponRecovery	651	0	STT_OBJECT	.bss	0x12f0	0x0		0x12f0	gpon_recover_backup_gemport	0x2e514	0x194	symbol_size	0x2e814		executable_reference	0x91000000
.local/legacy-firmware/work/extract/stock-rootfs/lib/modules/5.4.55/xpon_10g.ko	4c59bdfaedbb2c704c33ec66dbb438bdd3866af48fdd47fb73042369834d55ac	.rela.text	11417	.text	0x2e6b0	0x2e6b0	0x2e708	R_AARCH64_ADR_PREL_PG_HI21	gponRecovery	651	0	STT_OBJECT	.bss	0x12f0	0x0		0x12f0	gpon_recover_backup_gemport	0x2e514	0x19c	symbol_size	0x2e814		executable_reference	0x90000000
.local/legacy-firmware/work/extract/stock-rootfs/lib/modules/5.4.55/xpon_10g.ko	4c59bdfaedbb2c704c33ec66dbb438bdd3866af48fdd47fb73042369834d55ac	.rela.text	11418	.text	0x2e6b4	0x2e6b4	0x2e70c	R_AARCH64_ADD_ABS_LO12_NC	gponRecovery	651	0	STT_OBJECT	.bss	0x12f0	0x0		0x12f0	gpon_recover_backup_gemport	0x2e514	0x1a0	symbol_size	0x2e814		executable_reference	0x91000000
.local/legacy-firmware/work/extract/stock-rootfs/lib/modules/5.4.55/xpon_10g.ko	4c59bdfaedbb2c704c33ec66dbb438bdd3866af48fdd47fb73042369834d55ac	.rela.text	11419	.text	0x2e6bc	0x2e6bc	0x2e714	R_AARCH64_ADR_PREL_PG_HI21	gponRecovery	651	0	STT_OBJECT	.bss	0x12f0	0x0		0x12f0	gpon_recover_backup_gemport	0x2e514	0x1a8	symbol_size	0x2e814		executable_reference	0x90000000
.local/legacy-firmware/work/extract/stock-rootfs/lib/modules/5.4.55/xpon_10g.ko	4c59bdfaedbb2c704c33ec66dbb438bdd3866af48fdd47fb73042369834d55ac	.rela.text	11420	.text	0x2e6c0	0x2e6c0	0x2e718	R_AARCH64_ADD_ABS_LO12_NC	gponRecovery	651	0	STT_OBJECT	.bss	0x12f0	0x0		0x12f0	gpon_recover_backup_gemport	0x2e514	0x1ac	symbol_size	0x2e814		executable_reference	0x91000002
.local/legacy-firmware/work/extract/stock-rootfs/lib/modules/5.4.55/xpon_10g.ko	4c59bdfaedbb2c704c33ec66dbb438bdd3866af48fdd47fb73042369834d55ac	.rela.text	11424	.text	0x2e6f4	0x2e6f4	0x2e74c	R_AARCH64_ADR_PREL_PG_HI21	gponRecovery	651	0	STT_OBJECT	.bss	0x12f0	0x0		0x12f0	gpon_recover_backup_gemport	0x2e514	0x1e0	symbol_size	0x2e814		executable_reference	0x90000000
.local/legacy-firmware/work/extract/stock-rootfs/lib/modules/5.4.55/xpon_10g.ko	4c59bdfaedbb2c704c33ec66dbb438bdd3866af48fdd47fb73042369834d55ac	.rela.text	11425	.text	0x2e6f8	0x2e6f8	0x2e750	R_AARCH64_ADD_ABS_LO12_NC	gponRecovery	651	0	STT_OBJECT	.bss	0x12f0	0x0		0x12f0	gpon_recover_backup_gemport	0x2e514	0x1e4	symbol_size	0x2e814		executable_reference	0x91000000
.local/legacy-firmware/work/extract/stock-rootfs/lib/modules/5.4.55/xpon_10g.ko	4c59bdfaedbb2c704c33ec66dbb438bdd3866af48fdd47fb73042369834d55ac	.rela.text	11431	.text	0x2e720	0x2e720	0x2e778	R_AARCH64_ADR_PREL_PG_HI21	gponRecovery	651	0	STT_OBJECT	.bss	0x12f0	0x0		0x12f0	gpon_recover_backup_gemport	0x2e514	0x20c	symbol_size	0x2e814		executable_reference	0x90000000
.local/legacy-firmware/work/extract/stock-rootfs/lib/modules/5.4.55/xpon_10g.ko	4c59bdfaedbb2c704c33ec66dbb438bdd3866af48fdd47fb73042369834d55ac	.rela.text	11432	.text	0x2e724	0x2e724	0x2e77c	R_AARCH64_ADD_ABS_LO12_NC	gponRecovery	651	0	STT_OBJECT	.bss	0x12f0	0x0		0x12f0	gpon_recover_backup_gemport	0x2e514	0x210	symbol_size	0x2e814		executable_reference	0x91000000
.local/legacy-firmware/work/extract/stock-rootfs/lib/modules/5.4.55/xpon_10g.ko	4c59bdfaedbb2c704c33ec66dbb438bdd3866af48fdd47fb73042369834d55ac	.rela.text	11433	.text	0x2e72c	0x2e72c	0x2e784	R_AARCH64_ADR_PREL_PG_HI21	gponRecovery	651	0	STT_OBJECT	.bss	0x12f0	0x0		0x12f0	gpon_recover_backup_gemport	0x2e514	0x218	symbol_size	0x2e814		executable_reference	0x90000000
.local/legacy-firmware/work/extract/stock-rootfs/lib/modules/5.4.55/xpon_10g.ko	4c59bdfaedbb2c704c33ec66dbb438bdd3866af48fdd47fb73042369834d55ac	.rela.text	11434	.text	0x2e730	0x2e730	0x2e788	R_AARCH64_ADD_ABS_LO12_NC	gponRecovery	651	0	STT_OBJECT	.bss	0x12f0	0x0		0x12f0	gpon_recover_backup_gemport	0x2e514	0x21c	symbol_size	0x2e814		executable_reference	0x91000000
.local/legacy-firmware/work/extract/stock-rootfs/lib/modules/5.4.55/xpon_10g.ko	4c59bdfaedbb2c704c33ec66dbb438bdd3866af48fdd47fb73042369834d55ac	.rela.text	11435	.text	0x2e738	0x2e738	0x2e790	R_AARCH64_ADR_PREL_PG_HI21	gponRecovery	651	0	STT_OBJECT	.bss	0x12f0	0x0		0x12f0	gpon_recover_backup_gemport	0x2e514	0x224	symbol_size	0x2e814		executable_reference	0x90000000
.local/legacy-firmware/work/extract/stock-rootfs/lib/modules/5.4.55/xpon_10g.ko	4c59bdfaedbb2c704c33ec66dbb438bdd3866af48fdd47fb73042369834d55ac	.rela.text	11436	.text	0x2e73c	0x2e73c	0x2e794	R_AARCH64_ADD_ABS_LO12_NC	gponRecovery	651	0	STT_OBJECT	.bss	0x12f0	0x0		0x12f0	gpon_recover_backup_gemport	0x2e514	0x228	symbol_size	0x2e814		executable_reference	0x91000002
.local/legacy-firmware/work/extract/stock-rootfs/lib/modules/5.4.55/xpon_10g.ko	4c59bdfaedbb2c704c33ec66dbb438bdd3866af48fdd47fb73042369834d55ac	.rela.text	11440	.text	0x2e770	0x2e770	0x2e7c8	R_AARCH64_ADR_PREL_PG_HI21	gponRecovery	651	0	STT_OBJECT	.bss	0x12f0	0x0		0x12f0	gpon_recover_backup_gemport	0x2e514	0x25c	symbol_size	0x2e814		executable_reference	0x90000000
.local/legacy-firmware/work/extract/stock-rootfs/lib/modules/5.4.55/xpon_10g.ko	4c59bdfaedbb2c704c33ec66dbb438bdd3866af48fdd47fb73042369834d55ac	.rela.text	11441	.text	0x2e774	0x2e774	0x2e7cc	R_AARCH64_ADD_ABS_LO12_NC	gponRecovery	651	0	STT_OBJECT	.bss	0x12f0	0x0		0x12f0	gpon_recover_backup_gemport	0x2e514	0x260	symbol_size	0x2e814		executable_reference	0x91000000
.local/legacy-firmware/work/extract/stock-rootfs/lib/modules/5.4.55/xpon_10g.ko	4c59bdfaedbb2c704c33ec66dbb438bdd3866af48fdd47fb73042369834d55ac	.rela.text	11447	.text	0x2e79c	0x2e79c	0x2e7f4	R_AARCH64_ADR_PREL_PG_HI21	gponRecovery	651	0	STT_OBJECT	.bss	0x12f0	0x0		0x12f0	gpon_recover_backup_gemport	0x2e514	0x288	symbol_size	0x2e814		executable_reference	0x90000000
.local/legacy-firmware/work/extract/stock-rootfs/lib/modules/5.4.55/xpon_10g.ko	4c59bdfaedbb2c704c33ec66dbb438bdd3866af48fdd47fb73042369834d55ac	.rela.text	11448	.text	0x2e7a0	0x2e7a0	0x2e7f8	R_AARCH64_ADD_ABS_LO12_NC	gponRecovery	651	0	STT_OBJECT	.bss	0x12f0	0x0		0x12f0	gpon_recover_backup_gemport	0x2e514	0x28c	symbol_size	0x2e814		executable_reference	0x91000000
.local/legacy-firmware/work/extract/stock-rootfs/lib/modules/5.4.55/xpon_10g.ko	4c59bdfaedbb2c704c33ec66dbb438bdd3866af48fdd47fb73042369834d55ac	.rela.text	11449	.text	0x2e7a8	0x2e7a8	0x2e800	R_AARCH64_ADR_PREL_PG_HI21	gponRecovery	651	0	STT_OBJECT	.bss	0x12f0	0x0		0x12f0	gpon_recover_backup_gemport	0x2e514	0x294	symbol_size	0x2e814		executable_reference	0x90000000
.local/legacy-firmware/work/extract/stock-rootfs/lib/modules/5.4.55/xpon_10g.ko	4c59bdfaedbb2c704c33ec66dbb438bdd3866af48fdd47fb73042369834d55ac	.rela.text	11450	.text	0x2e7ac	0x2e7ac	0x2e804	R_AARCH64_ADD_ABS_LO12_NC	gponRecovery	651	0	STT_OBJECT	.bss	0x12f0	0x0		0x12f0	gpon_recover_backup_gemport	0x2e514	0x298	symbol_size	0x2e814		executable_reference	0x91000000
.local/legacy-firmware/work/extract/stock-rootfs/lib/modules/5.4.55/xpon_10g.ko	4c59bdfaedbb2c704c33ec66dbb438bdd3866af48fdd47fb73042369834d55ac	.rela.text	11451	.text	0x2e7b4	0x2e7b4	0x2e80c	R_AARCH64_ADR_PREL_PG_HI21	gponRecovery	651	0	STT_OBJECT	.bss	0x12f0	0x0		0x12f0	gpon_recover_backup_gemport	0x2e514	0x2a0	symbol_size	0x2e814		executable_reference	0x90000000
.local/legacy-firmware/work/extract/stock-rootfs/lib/modules/5.4.55/xpon_10g.ko	4c59bdfaedbb2c704c33ec66dbb438bdd3866af48fdd47fb73042369834d55ac	.rela.text	11452	.text	0x2e7b8	0x2e7b8	0x2e810	R_AARCH64_ADD_ABS_LO12_NC	gponRecovery	651	0	STT_OBJECT	.bss	0x12f0	0x0		0x12f0	gpon_recover_backup_gemport	0x2e514	0x2a4	symbol_size	0x2e814		executable_reference	0x91000002
.local/legacy-firmware/work/extract/stock-rootfs/lib/modules/5.4.55/xpon_10g.ko	4c59bdfaedbb2c704c33ec66dbb438bdd3866af48fdd47fb73042369834d55ac	.rela.text	11456	.text	0x2e7ec	0x2e7ec	0x2e844	R_AARCH64_ADR_PREL_PG_HI21	gponRecovery	651	0	STT_OBJECT	.bss	0x12f0	0x0		0x12f0	gpon_recover_backup_gemport	0x2e514	0x2d8	symbol_size	0x2e814		executable_reference	0x90000000
.local/legacy-firmware/work/extract/stock-rootfs/lib/modules/5.4.55/xpon_10g.ko	4c59bdfaedbb2c704c33ec66dbb438bdd3866af48fdd47fb73042369834d55ac	.rela.text	11457	.text	0x2e7f0	0x2e7f0	0x2e848	R_AARCH64_ADD_ABS_LO12_NC	gponRecovery	651	0	STT_OBJECT	.bss	0x12f0	0x0		0x12f0	gpon_recover_backup_gemport	0x2e514	0x2dc	symbol_size	0x2e814		executable_reference	0x91000000
.local/legacy-firmware/work/extract/stock-rootfs/lib/modules/5.4.55/xpon_10g.ko	4c59bdfaedbb2c704c33ec66dbb438bdd3866af48fdd47fb73042369834d55ac	.rela.text	11458	.text	0x2e7fc	0x2e7fc	0x2e854	R_AARCH64_ADR_PREL_PG_HI21	gponRecovery	651	0	STT_OBJECT	.bss	0x12f0	0x0		0x12f0	gpon_recover_backup_gemport	0x2e514	0x2e8	symbol_size	0x2e814		executable_reference	0x90000000
.local/legacy-firmware/work/extract/stock-rootfs/lib/modules/5.4.55/xpon_10g.ko	4c59bdfaedbb2c704c33ec66dbb438bdd3866af48fdd47fb73042369834d55ac	.rela.text	11459	.text	0x2e800	0x2e800	0x2e858	R_AARCH64_ADD_ABS_LO12_NC	gponRecovery	651	0	STT_OBJECT	.bss	0x12f0	0x0		0x12f0	gpon_recover_backup_gemport	0x2e514	0x2ec	symbol_size	0x2e814		executable_reference	0x91000000
.local/legacy-firmware/work/extract/stock-rootfs/lib/modules/5.4.55/xpon_10g.ko	4c59bdfaedbb2c704c33ec66dbb438bdd3866af48fdd47fb73042369834d55ac	.rela.text	11460	.text	0x2e834	0x2e834	0x2e88c	R_AARCH64_ADR_PREL_PG_HI21	gponRecovery	651	0	STT_OBJECT	.bss	0x12f0	0x0		0x12f0	gpon_recovery_set_ani	0x2e814	0x20	symbol_size	0x2e8d8		executable_reference	0x90000000
.local/legacy-firmware/work/extract/stock-rootfs/lib/modules/5.4.55/xpon_10g.ko	4c59bdfaedbb2c704c33ec66dbb438bdd3866af48fdd47fb73042369834d55ac	.rela.text	11461	.text	0x2e838	0x2e838	0x2e890	R_AARCH64_ADD_ABS_LO12_NC	gponRecovery	651	0	STT_OBJECT	.bss	0x12f0	0x0		0x12f0	gpon_recovery_set_ani	0x2e814	0x24	symbol_size	0x2e8d8		executable_reference	0x91000000
.local/legacy-firmware/work/extract/stock-rootfs/lib/modules/5.4.55/xpon_10g.ko	4c59bdfaedbb2c704c33ec66dbb438bdd3866af48fdd47fb73042369834d55ac	.rela.text	11470	.text	0x2e894	0x2e894	0x2e8ec	R_AARCH64_ADR_PREL_PG_HI21	gponRecovery	651	0	STT_OBJECT	.bss	0x12f0	0x0		0x12f0	gpon_recovery_set_ani	0x2e814	0x80	symbol_size	0x2e8d8		executable_reference	0x90000000
.local/legacy-firmware/work/extract/stock-rootfs/lib/modules/5.4.55/xpon_10g.ko	4c59bdfaedbb2c704c33ec66dbb438bdd3866af48fdd47fb73042369834d55ac	.rela.text	11471	.text	0x2e898	0x2e898	0x2e8f0	R_AARCH64_ADD_ABS_LO12_NC	gponRecovery	651	0	STT_OBJECT	.bss	0x12f0	0x0		0x12f0	gpon_recovery_set_ani	0x2e814	0x84	symbol_size	0x2e8d8		executable_reference	0x91000000
.local/legacy-firmware/work/extract/stock-rootfs/lib/modules/5.4.55/xpon_10g.ko	4c59bdfaedbb2c704c33ec66dbb438bdd3866af48fdd47fb73042369834d55ac	.rela.text	11480	.text	0x2e8f8	0x2e8f8	0x2e950	R_AARCH64_ADR_PREL_PG_HI21	gponRecovery	651	0	STT_OBJECT	.bss	0x12f0	0x0		0x12f0	gpon_recovery_set_channel	0x2e8d8	0x20	symbol_size	0x2e9a0		executable_reference	0x90000000
.local/legacy-firmware/work/extract/stock-rootfs/lib/modules/5.4.55/xpon_10g.ko	4c59bdfaedbb2c704c33ec66dbb438bdd3866af48fdd47fb73042369834d55ac	.rela.text	11481	.text	0x2e8fc	0x2e8fc	0x2e954	R_AARCH64_ADD_ABS_LO12_NC	gponRecovery	651	0	STT_OBJECT	.bss	0x12f0	0x0		0x12f0	gpon_recovery_set_channel	0x2e8d8	0x24	symbol_size	0x2e9a0		executable_reference	0x91000000
.local/legacy-firmware/work/extract/stock-rootfs/lib/modules/5.4.55/xpon_10g.ko	4c59bdfaedbb2c704c33ec66dbb438bdd3866af48fdd47fb73042369834d55ac	.rela.text	11490	.text	0x2e95c	0x2e95c	0x2e9b4	R_AARCH64_ADR_PREL_PG_HI21	gponRecovery	651	0	STT_OBJECT	.bss	0x12f0	0x0		0x12f0	gpon_recovery_set_channel	0x2e8d8	0x84	symbol_size	0x2e9a0		executable_reference	0x90000000
.local/legacy-firmware/work/extract/stock-rootfs/lib/modules/5.4.55/xpon_10g.ko	4c59bdfaedbb2c704c33ec66dbb438bdd3866af48fdd47fb73042369834d55ac	.rela.text	11491	.text	0x2e960	0x2e960	0x2e9b8	R_AARCH64_ADD_ABS_LO12_NC	gponRecovery	651	0	STT_OBJECT	.bss	0x12f0	0x0		0x12f0	gpon_recovery_set_channel	0x2e8d8	0x88	symbol_size	0x2e9a0		executable_reference	0x91000000
.local/legacy-firmware/work/extract/stock-rootfs/lib/modules/5.4.55/xpon_10g.ko	4c59bdfaedbb2c704c33ec66dbb438bdd3866af48fdd47fb73042369834d55ac	.rela.text	11504	.text	0x2ea78	0x2ea78	0x2ead0	R_AARCH64_ADR_PREL_PG_HI21	gponRecovery	651	0	STT_OBJECT	.bss	0x12f0	0x0		0x12f0	gpon_recover_create_gemport	0x2ea44	0x34	symbol_size	0x2ee68		executable_reference	0x90000000
.local/legacy-firmware/work/extract/stock-rootfs/lib/modules/5.4.55/xpon_10g.ko	4c59bdfaedbb2c704c33ec66dbb438bdd3866af48fdd47fb73042369834d55ac	.rela.text	11505	.text	0x2ea7c	0x2ea7c	0x2ead4	R_AARCH64_ADD_ABS_LO12_NC	gponRecovery	651	0	STT_OBJECT	.bss	0x12f0	0x0		0x12f0	gpon_recover_create_gemport	0x2ea44	0x38	symbol_size	0x2ee68		executable_reference	0x91000000
.local/legacy-firmware/work/extract/stock-rootfs/lib/modules/5.4.55/xpon_10g.ko	4c59bdfaedbb2c704c33ec66dbb438bdd3866af48fdd47fb73042369834d55ac	.rela.text	11508	.text	0x2eaf0	0x2eaf0	0x2eb48	R_AARCH64_ADR_PREL_PG_HI21	gponRecovery	651	0	STT_OBJECT	.bss	0x12f0	0x0		0x12f0	gpon_recover_create_gemport	0x2ea44	0xac	symbol_size	0x2ee68		executable_reference	0x90000000
.local/legacy-firmware/work/extract/stock-rootfs/lib/modules/5.4.55/xpon_10g.ko	4c59bdfaedbb2c704c33ec66dbb438bdd3866af48fdd47fb73042369834d55ac	.rela.text	11509	.text	0x2eaf4	0x2eaf4	0x2eb4c	R_AARCH64_ADD_ABS_LO12_NC	gponRecovery	651	0	STT_OBJECT	.bss	0x12f0	0x0		0x12f0	gpon_recover_create_gemport	0x2ea44	0xb0	symbol_size	0x2ee68		executable_reference	0x91000000
.local/legacy-firmware/work/extract/stock-rootfs/lib/modules/5.4.55/xpon_10g.ko	4c59bdfaedbb2c704c33ec66dbb438bdd3866af48fdd47fb73042369834d55ac	.rela.text	11519	.text	0x2eb54	0x2eb54	0x2ebac	R_AARCH64_ADR_PREL_PG_HI21	gponRecovery	651	0	STT_OBJECT	.bss	0x12f0	0x0		0x12f0	gpon_recover_create_gemport	0x2ea44	0x110	symbol_size	0x2ee68		executable_reference	0x90000000
.local/legacy-firmware/work/extract/stock-rootfs/lib/modules/5.4.55/xpon_10g.ko	4c59bdfaedbb2c704c33ec66dbb438bdd3866af48fdd47fb73042369834d55ac	.rela.text	11520	.text	0x2eb58	0x2eb58	0x2ebb0	R_AARCH64_ADD_ABS_LO12_NC	gponRecovery	651	0	STT_OBJECT	.bss	0x12f0	0x0		0x12f0	gpon_recover_create_gemport	0x2ea44	0x114	symbol_size	0x2ee68		executable_reference	0x91000000
.local/legacy-firmware/work/extract/stock-rootfs/lib/modules/5.4.55/xpon_10g.ko	4c59bdfaedbb2c704c33ec66dbb438bdd3866af48fdd47fb73042369834d55ac	.rela.text	11530	.text	0x2ebb8	0x2ebb8	0x2ec10	R_AARCH64_ADR_PREL_PG_HI21	gponRecovery	651	0	STT_OBJECT	.bss	0x12f0	0x0		0x12f0	gpon_recover_create_gemport	0x2ea44	0x174	symbol_size	0x2ee68		executable_reference	0x90000000
.local/legacy-firmware/work/extract/stock-rootfs/lib/modules/5.4.55/xpon_10g.ko	4c59bdfaedbb2c704c33ec66dbb438bdd3866af48fdd47fb73042369834d55ac	.rela.text	11531	.text	0x2ebbc	0x2ebbc	0x2ec14	R_AARCH64_ADD_ABS_LO12_NC	gponRecovery	651	0	STT_OBJECT	.bss	0x12f0	0x0		0x12f0	gpon_recover_create_gemport	0x2ea44	0x178	symbol_size	0x2ee68		executable_reference	0x91000000
.local/legacy-firmware/work/extract/stock-rootfs/lib/modules/5.4.55/xpon_10g.ko	4c59bdfaedbb2c704c33ec66dbb438bdd3866af48fdd47fb73042369834d55ac	.rela.text	11540	.text	0x2ebf4	0x2ebf4	0x2ec4c	R_AARCH64_ADR_PREL_PG_HI21	gponRecovery	651	0	STT_OBJECT	.bss	0x12f0	0x0		0x12f0	gpon_recover_create_gemport	0x2ea44	0x1b0	symbol_size	0x2ee68		executable_reference	0x90000000
.local/legacy-firmware/work/extract/stock-rootfs/lib/modules/5.4.55/xpon_10g.ko	4c59bdfaedbb2c704c33ec66dbb438bdd3866af48fdd47fb73042369834d55ac	.rela.text	11541	.text	0x2ebf8	0x2ebf8	0x2ec50	R_AARCH64_ADD_ABS_LO12_NC	gponRecovery	651	0	STT_OBJECT	.bss	0x12f0	0x0		0x12f0	gpon_recover_create_gemport	0x2ea44	0x1b4	symbol_size	0x2ee68		executable_reference	0x91000000
.local/legacy-firmware/work/extract/stock-rootfs/lib/modules/5.4.55/xpon_10g.ko	4c59bdfaedbb2c704c33ec66dbb438bdd3866af48fdd47fb73042369834d55ac	.rela.text	11550	.text	0x2ec2c	0x2ec2c	0x2ec84	R_AARCH64_ADR_PREL_PG_HI21	gponRecovery	651	0	STT_OBJECT	.bss	0x12f0	0x0		0x12f0	gpon_recover_create_gemport	0x2ea44	0x1e8	symbol_size	0x2ee68		executable_reference	0x90000000
.local/legacy-firmware/work/extract/stock-rootfs/lib/modules/5.4.55/xpon_10g.ko	4c59bdfaedbb2c704c33ec66dbb438bdd3866af48fdd47fb73042369834d55ac	.rela.text	11551	.text	0x2ec30	0x2ec30	0x2ec88	R_AARCH64_ADD_ABS_LO12_NC	gponRecovery	651	0	STT_OBJECT	.bss	0x12f0	0x0		0x12f0	gpon_recover_create_gemport	0x2ea44	0x1ec	symbol_size	0x2ee68		executable_reference	0x91000000
.local/legacy-firmware/work/extract/stock-rootfs/lib/modules/5.4.55/xpon_10g.ko	4c59bdfaedbb2c704c33ec66dbb438bdd3866af48fdd47fb73042369834d55ac	.rela.text	11557	.text	0x2ec58	0x2ec58	0x2ecb0	R_AARCH64_ADR_PREL_PG_HI21	gponRecovery	651	0	STT_OBJECT	.bss	0x12f0	0x0		0x12f0	gpon_recover_create_gemport	0x2ea44	0x214	symbol_size	0x2ee68		executable_reference	0x90000000
.local/legacy-firmware/work/extract/stock-rootfs/lib/modules/5.4.55/xpon_10g.ko	4c59bdfaedbb2c704c33ec66dbb438bdd3866af48fdd47fb73042369834d55ac	.rela.text	11558	.text	0x2ec5c	0x2ec5c	0x2ecb4	R_AARCH64_ADD_ABS_LO12_NC	gponRecovery	651	0	STT_OBJECT	.bss	0x12f0	0x0		0x12f0	gpon_recover_create_gemport	0x2ea44	0x218	symbol_size	0x2ee68		executable_reference	0x91000002
.local/legacy-firmware/work/extract/stock-rootfs/lib/modules/5.4.55/xpon_10g.ko	4c59bdfaedbb2c704c33ec66dbb438bdd3866af48fdd47fb73042369834d55ac	.rela.text	11562	.text	0x2ec90	0x2ec90	0x2ece8	R_AARCH64_ADR_PREL_PG_HI21	gponRecovery	651	0	STT_OBJECT	.bss	0x12f0	0x0		0x12f0	gpon_recover_create_gemport	0x2ea44	0x24c	symbol_size	0x2ee68		executable_reference	0x90000000
.local/legacy-firmware/work/extract/stock-rootfs/lib/modules/5.4.55/xpon_10g.ko	4c59bdfaedbb2c704c33ec66dbb438bdd3866af48fdd47fb73042369834d55ac	.rela.text	11563	.text	0x2ec94	0x2ec94	0x2ecec	R_AARCH64_ADD_ABS_LO12_NC	gponRecovery	651	0	STT_OBJECT	.bss	0x12f0	0x0		0x12f0	gpon_recover_create_gemport	0x2ea44	0x250	symbol_size	0x2ee68		executable_reference	0x91000000
.local/legacy-firmware/work/extract/stock-rootfs/lib/modules/5.4.55/xpon_10g.ko	4c59bdfaedbb2c704c33ec66dbb438bdd3866af48fdd47fb73042369834d55ac	.rela.text	11569	.text	0x2ecbc	0x2ecbc	0x2ed14	R_AARCH64_ADR_PREL_PG_HI21	gponRecovery	651	0	STT_OBJECT	.bss	0x12f0	0x0		0x12f0	gpon_recover_create_gemport	0x2ea44	0x278	symbol_size	0x2ee68		executable_reference	0x90000000
.local/legacy-firmware/work/extract/stock-rootfs/lib/modules/5.4.55/xpon_10g.ko	4c59bdfaedbb2c704c33ec66dbb438bdd3866af48fdd47fb73042369834d55ac	.rela.text	11570	.text	0x2ecc0	0x2ecc0	0x2ed18	R_AARCH64_ADD_ABS_LO12_NC	gponRecovery	651	0	STT_OBJECT	.bss	0x12f0	0x0		0x12f0	gpon_recover_create_gemport	0x2ea44	0x27c	symbol_size	0x2ee68		executable_reference	0x91000002
.local/legacy-firmware/work/extract/stock-rootfs/lib/modules/5.4.55/xpon_10g.ko	4c59bdfaedbb2c704c33ec66dbb438bdd3866af48fdd47fb73042369834d55ac	.rela.text	11574	.text	0x2ecf4	0x2ecf4	0x2ed4c	R_AARCH64_ADR_PREL_PG_HI21	gponRecovery	651	0	STT_OBJECT	.bss	0x12f0	0x0		0x12f0	gpon_recover_create_gemport	0x2ea44	0x2b0	symbol_size	0x2ee68		executable_reference	0x90000000
.local/legacy-firmware/work/extract/stock-rootfs/lib/modules/5.4.55/xpon_10g.ko	4c59bdfaedbb2c704c33ec66dbb438bdd3866af48fdd47fb73042369834d55ac	.rela.text	11575	.text	0x2ecf8	0x2ecf8	0x2ed50	R_AARCH64_ADD_ABS_LO12_NC	gponRecovery	651	0	STT_OBJECT	.bss	0x12f0	0x0		0x12f0	gpon_recover_create_gemport	0x2ea44	0x2b4	symbol_size	0x2ee68		executable_reference	0x91000000
.local/legacy-firmware/work/extract/stock-rootfs/lib/modules/5.4.55/xpon_10g.ko	4c59bdfaedbb2c704c33ec66dbb438bdd3866af48fdd47fb73042369834d55ac	.rela.text	11581	.text	0x2ed20	0x2ed20	0x2ed78	R_AARCH64_ADR_PREL_PG_HI21	gponRecovery	651	0	STT_OBJECT	.bss	0x12f0	0x0		0x12f0	gpon_recover_create_gemport	0x2ea44	0x2dc	symbol_size	0x2ee68		executable_reference	0x90000000
.local/legacy-firmware/work/extract/stock-rootfs/lib/modules/5.4.55/xpon_10g.ko	4c59bdfaedbb2c704c33ec66dbb438bdd3866af48fdd47fb73042369834d55ac	.rela.text	11582	.text	0x2ed24	0x2ed24	0x2ed7c	R_AARCH64_ADD_ABS_LO12_NC	gponRecovery	651	0	STT_OBJECT	.bss	0x12f0	0x0		0x12f0	gpon_recover_create_gemport	0x2ea44	0x2e0	symbol_size	0x2ee68		executable_reference	0x91000002
.local/legacy-firmware/work/extract/stock-rootfs/lib/modules/5.4.55/xpon_10g.ko	4c59bdfaedbb2c704c33ec66dbb438bdd3866af48fdd47fb73042369834d55ac	.rela.text	11586	.text	0x2ed58	0x2ed58	0x2edb0	R_AARCH64_ADR_PREL_PG_HI21	gponRecovery	651	0	STT_OBJECT	.bss	0x12f0	0x0		0x12f0	gpon_recover_create_gemport	0x2ea44	0x314	symbol_size	0x2ee68		executable_reference	0x90000000
.local/legacy-firmware/work/extract/stock-rootfs/lib/modules/5.4.55/xpon_10g.ko	4c59bdfaedbb2c704c33ec66dbb438bdd3866af48fdd47fb73042369834d55ac	.rela.text	11587	.text	0x2ed5c	0x2ed5c	0x2edb4	R_AARCH64_ADD_ABS_LO12_NC	gponRecovery	651	0	STT_OBJECT	.bss	0x12f0	0x0		0x12f0	gpon_recover_create_gemport	0x2ea44	0x318	symbol_size	0x2ee68		executable_reference	0x91000000
.local/legacy-firmware/work/extract/stock-rootfs/lib/modules/5.4.55/xpon_10g.ko	4c59bdfaedbb2c704c33ec66dbb438bdd3866af48fdd47fb73042369834d55ac	.rela.text	11593	.text	0x2ed84	0x2ed84	0x2eddc	R_AARCH64_ADR_PREL_PG_HI21	gponRecovery	651	0	STT_OBJECT	.bss	0x12f0	0x0		0x12f0	gpon_recover_create_gemport	0x2ea44	0x340	symbol_size	0x2ee68		executable_reference	0x90000000
.local/legacy-firmware/work/extract/stock-rootfs/lib/modules/5.4.55/xpon_10g.ko	4c59bdfaedbb2c704c33ec66dbb438bdd3866af48fdd47fb73042369834d55ac	.rela.text	11594	.text	0x2ed88	0x2ed88	0x2ede0	R_AARCH64_ADD_ABS_LO12_NC	gponRecovery	651	0	STT_OBJECT	.bss	0x12f0	0x0		0x12f0	gpon_recover_create_gemport	0x2ea44	0x344	symbol_size	0x2ee68		executable_reference	0x91000002
.local/legacy-firmware/work/extract/stock-rootfs/lib/modules/5.4.55/xpon_10g.ko	4c59bdfaedbb2c704c33ec66dbb438bdd3866af48fdd47fb73042369834d55ac	.rela.text	11598	.text	0x2edbc	0x2edbc	0x2ee14	R_AARCH64_ADR_PREL_PG_HI21	gponRecovery	651	0	STT_OBJECT	.bss	0x12f0	0x0		0x12f0	gpon_recover_create_gemport	0x2ea44	0x378	symbol_size	0x2ee68		executable_reference	0x90000000
.local/legacy-firmware/work/extract/stock-rootfs/lib/modules/5.4.55/xpon_10g.ko	4c59bdfaedbb2c704c33ec66dbb438bdd3866af48fdd47fb73042369834d55ac	.rela.text	11599	.text	0x2edc0	0x2edc0	0x2ee18	R_AARCH64_ADD_ABS_LO12_NC	gponRecovery	651	0	STT_OBJECT	.bss	0x12f0	0x0		0x12f0	gpon_recover_create_gemport	0x2ea44	0x37c	symbol_size	0x2ee68		executable_reference	0x91000000
.local/legacy-firmware/work/extract/stock-rootfs/lib/modules/5.4.55/xpon_10g.ko	4c59bdfaedbb2c704c33ec66dbb438bdd3866af48fdd47fb73042369834d55ac	.rela.text	11605	.text	0x2ede8	0x2ede8	0x2ee40	R_AARCH64_ADR_PREL_PG_HI21	gponRecovery	651	0	STT_OBJECT	.bss	0x12f0	0x0		0x12f0	gpon_recover_create_gemport	0x2ea44	0x3a4	symbol_size	0x2ee68		executable_reference	0x90000000
.local/legacy-firmware/work/extract/stock-rootfs/lib/modules/5.4.55/xpon_10g.ko	4c59bdfaedbb2c704c33ec66dbb438bdd3866af48fdd47fb73042369834d55ac	.rela.text	11606	.text	0x2edec	0x2edec	0x2ee44	R_AARCH64_ADD_ABS_LO12_NC	gponRecovery	651	0	STT_OBJECT	.bss	0x12f0	0x0		0x12f0	gpon_recover_create_gemport	0x2ea44	0x3a8	symbol_size	0x2ee68		executable_reference	0x91000002
.local/legacy-firmware/work/extract/stock-rootfs/lib/modules/5.4.55/xpon_10g.ko	4c59bdfaedbb2c704c33ec66dbb438bdd3866af48fdd47fb73042369834d55ac	.rela.text	11610	.text	0x2ee44	0x2ee44	0x2ee9c	R_AARCH64_ADR_PREL_PG_HI21	gponRecovery	651	0	STT_OBJECT	.bss	0x12f0	0x0		0x12f0	gpon_recover_create_gemport	0x2ea44	0x400	symbol_size	0x2ee68		executable_reference	0x90000000
.local/legacy-firmware/work/extract/stock-rootfs/lib/modules/5.4.55/xpon_10g.ko	4c59bdfaedbb2c704c33ec66dbb438bdd3866af48fdd47fb73042369834d55ac	.rela.text	11611	.text	0x2ee48	0x2ee48	0x2eea0	R_AARCH64_ADD_ABS_LO12_NC	gponRecovery	651	0	STT_OBJECT	.bss	0x12f0	0x0		0x12f0	gpon_recover_create_gemport	0x2ea44	0x404	symbol_size	0x2ee68		executable_reference	0x91000000
.local/legacy-firmware/work/extract/stock-rootfs/lib/modules/5.4.55/xpon_10g.ko	4c59bdfaedbb2c704c33ec66dbb438bdd3866af48fdd47fb73042369834d55ac	.rela.text	11612	.text	0x2ee74	0x2ee74	0x2eecc	R_AARCH64_ADR_PREL_PG_HI21	gponRecovery	651	0	STT_OBJECT	.bss	0x12f0	0x80		0x1370	gpon_recover_delete_gemport	0x2ee68	0xc	symbol_size	0x2efd8		executable_reference	0x90000000
.local/legacy-firmware/work/extract/stock-rootfs/lib/modules/5.4.55/xpon_10g.ko	4c59bdfaedbb2c704c33ec66dbb438bdd3866af48fdd47fb73042369834d55ac	.rela.text	11613	.text	0x2ee78	0x2ee78	0x2eed0	R_AARCH64_ADD_ABS_LO12_NC	gponRecovery	651	0	STT_OBJECT	.bss	0x12f0	0x80		0x1370	gpon_recover_delete_gemport	0x2ee68	0x10	symbol_size	0x2efd8		executable_reference	0x91000000
.local/legacy-firmware/work/extract/stock-rootfs/lib/modules/5.4.55/xpon_10g.ko	4c59bdfaedbb2c704c33ec66dbb438bdd3866af48fdd47fb73042369834d55ac	.rela.text	11614	.text	0x2eea4	0x2eea4	0x2eefc	R_AARCH64_ADR_PREL_PG_HI21	gponRecovery	651	0	STT_OBJECT	.bss	0x12f0	0x0		0x12f0	gpon_recover_delete_gemport	0x2ee68	0x3c	symbol_size	0x2efd8		executable_reference	0x90000000
.local/legacy-firmware/work/extract/stock-rootfs/lib/modules/5.4.55/xpon_10g.ko	4c59bdfaedbb2c704c33ec66dbb438bdd3866af48fdd47fb73042369834d55ac	.rela.text	11615	.text	0x2eea8	0x2eea8	0x2ef00	R_AARCH64_ADD_ABS_LO12_NC	gponRecovery	651	0	STT_OBJECT	.bss	0x12f0	0x0		0x12f0	gpon_recover_delete_gemport	0x2ee68	0x40	symbol_size	0x2efd8		executable_reference	0x91000000
.local/legacy-firmware/work/extract/stock-rootfs/lib/modules/5.4.55/xpon_10g.ko	4c59bdfaedbb2c704c33ec66dbb438bdd3866af48fdd47fb73042369834d55ac	.rela.text	11616	.text	0x2eecc	0x2eecc	0x2ef24	R_AARCH64_ADR_PREL_PG_HI21	gponRecovery	651	0	STT_OBJECT	.bss	0x12f0	0x0		0x12f0	gpon_recover_delete_gemport	0x2ee68	0x64	symbol_size	0x2efd8		executable_reference	0x90000000
.local/legacy-firmware/work/extract/stock-rootfs/lib/modules/5.4.55/xpon_10g.ko	4c59bdfaedbb2c704c33ec66dbb438bdd3866af48fdd47fb73042369834d55ac	.rela.text	11617	.text	0x2eed0	0x2eed0	0x2ef28	R_AARCH64_ADD_ABS_LO12_NC	gponRecovery	651	0	STT_OBJECT	.bss	0x12f0	0x0		0x12f0	gpon_recover_delete_gemport	0x2ee68	0x68	symbol_size	0x2efd8		executable_reference	0x91000000
.local/legacy-firmware/work/extract/stock-rootfs/lib/modules/5.4.55/xpon_10g.ko	4c59bdfaedbb2c704c33ec66dbb438bdd3866af48fdd47fb73042369834d55ac	.rela.text	11618	.text	0x2eee4	0x2eee4	0x2ef3c	R_AARCH64_ADR_PREL_PG_HI21	gponRecovery	651	0	STT_OBJECT	.bss	0x12f0	0x0		0x12f0	gpon_recover_delete_gemport	0x2ee68	0x7c	symbol_size	0x2efd8		executable_reference	0x90000000
.local/legacy-firmware/work/extract/stock-rootfs/lib/modules/5.4.55/xpon_10g.ko	4c59bdfaedbb2c704c33ec66dbb438bdd3866af48fdd47fb73042369834d55ac	.rela.text	11619	.text	0x2eee8	0x2eee8	0x2ef40	R_AARCH64_ADD_ABS_LO12_NC	gponRecovery	651	0	STT_OBJECT	.bss	0x12f0	0x0		0x12f0	gpon_recover_delete_gemport	0x2ee68	0x80	symbol_size	0x2efd8		executable_reference	0x91000000
.local/legacy-firmware/work/extract/stock-rootfs/lib/modules/5.4.55/xpon_10g.ko	4c59bdfaedbb2c704c33ec66dbb438bdd3866af48fdd47fb73042369834d55ac	.rela.text	11620	.text	0x2eef8	0x2eef8	0x2ef50	R_AARCH64_ADR_PREL_PG_HI21	gponRecovery	651	0	STT_OBJECT	.bss	0x12f0	0x0		0x12f0	gpon_recover_delete_gemport	0x2ee68	0x90	symbol_size	0x2efd8		executable_reference	0x90000000
.local/legacy-firmware/work/extract/stock-rootfs/lib/modules/5.4.55/xpon_10g.ko	4c59bdfaedbb2c704c33ec66dbb438bdd3866af48fdd47fb73042369834d55ac	.rela.text	11621	.text	0x2eefc	0x2eefc	0x2ef54	R_AARCH64_ADD_ABS_LO12_NC	gponRecovery	651	0	STT_OBJECT	.bss	0x12f0	0x0		0x12f0	gpon_recover_delete_gemport	0x2ee68	0x94	symbol_size	0x2efd8		executable_reference	0x91000000
.local/legacy-firmware/work/extract/stock-rootfs/lib/modules/5.4.55/xpon_10g.ko	4c59bdfaedbb2c704c33ec66dbb438bdd3866af48fdd47fb73042369834d55ac	.rela.text	11630	.text	0x2ef3c	0x2ef3c	0x2ef94	R_AARCH64_ADR_PREL_PG_HI21	gponRecovery	651	0	STT_OBJECT	.bss	0x12f0	0x0		0x12f0	gpon_recover_delete_gemport	0x2ee68	0xd4	symbol_size	0x2efd8		executable_reference	0x90000000
.local/legacy-firmware/work/extract/stock-rootfs/lib/modules/5.4.55/xpon_10g.ko	4c59bdfaedbb2c704c33ec66dbb438bdd3866af48fdd47fb73042369834d55ac	.rela.text	11631	.text	0x2ef40	0x2ef40	0x2ef98	R_AARCH64_ADD_ABS_LO12_NC	gponRecovery	651	0	STT_OBJECT	.bss	0x12f0	0x0		0x12f0	gpon_recover_delete_gemport	0x2ee68	0xd8	symbol_size	0x2efd8		executable_reference	0x91000000
.local/legacy-firmware/work/extract/stock-rootfs/lib/modules/5.4.55/xpon_10g.ko	4c59bdfaedbb2c704c33ec66dbb438bdd3866af48fdd47fb73042369834d55ac	.rela.text	11633	.text	0x2ef7c	0x2ef7c	0x2efd4	R_AARCH64_ADR_PREL_PG_HI21	gponRecovery	651	0	STT_OBJECT	.bss	0x12f0	0x0		0x12f0	gpon_recover_delete_gemport	0x2ee68	0x114	symbol_size	0x2efd8		executable_reference	0x90000000
.local/legacy-firmware/work/extract/stock-rootfs/lib/modules/5.4.55/xpon_10g.ko	4c59bdfaedbb2c704c33ec66dbb438bdd3866af48fdd47fb73042369834d55ac	.rela.text	11634	.text	0x2ef80	0x2ef80	0x2efd8	R_AARCH64_ADD_ABS_LO12_NC	gponRecovery	651	0	STT_OBJECT	.bss	0x12f0	0x0		0x12f0	gpon_recover_delete_gemport	0x2ee68	0x118	symbol_size	0x2efd8		executable_reference	0x91000000
.local/legacy-firmware/work/extract/stock-rootfs/lib/modules/5.4.55/xpon_10g.ko	4c59bdfaedbb2c704c33ec66dbb438bdd3866af48fdd47fb73042369834d55ac	.rela.text	11635	.text	0x2efb0	0x2efb0	0x2f008	R_AARCH64_ADR_PREL_PG_HI21	gponRecovery	651	0	STT_OBJECT	.bss	0x12f0	0x0		0x12f0	gpon_recover_delete_gemport	0x2ee68	0x148	symbol_size	0x2efd8		executable_reference	0x90000000
.local/legacy-firmware/work/extract/stock-rootfs/lib/modules/5.4.55/xpon_10g.ko	4c59bdfaedbb2c704c33ec66dbb438bdd3866af48fdd47fb73042369834d55ac	.rela.text	11636	.text	0x2efb4	0x2efb4	0x2f00c	R_AARCH64_ADD_ABS_LO12_NC	gponRecovery	651	0	STT_OBJECT	.bss	0x12f0	0x0		0x12f0	gpon_recover_delete_gemport	0x2ee68	0x14c	symbol_size	0x2efd8		executable_reference	0x91000000
.local/legacy-firmware/work/extract/stock-rootfs/lib/modules/5.4.55/xpon_10g.ko	4c59bdfaedbb2c704c33ec66dbb438bdd3866af48fdd47fb73042369834d55ac	.rela.text	11637	.text	0x2efc0	0x2efc0	0x2f018	R_AARCH64_ADR_PREL_PG_HI21	gponRecovery	651	0	STT_OBJECT	.bss	0x12f0	0x0		0x12f0	gpon_recover_delete_gemport	0x2ee68	0x158	symbol_size	0x2efd8		executable_reference	0x90000000
.local/legacy-firmware/work/extract/stock-rootfs/lib/modules/5.4.55/xpon_10g.ko	4c59bdfaedbb2c704c33ec66dbb438bdd3866af48fdd47fb73042369834d55ac	.rela.text	11638	.text	0x2efc4	0x2efc4	0x2f01c	R_AARCH64_ADD_ABS_LO12_NC	gponRecovery	651	0	STT_OBJECT	.bss	0x12f0	0x0		0x12f0	gpon_recover_delete_gemport	0x2ee68	0x15c	symbol_size	0x2efd8		executable_reference	0x91000000
.local/legacy-firmware/work/extract/stock-rootfs/lib/modules/5.4.55/xpon_10g.ko	4c59bdfaedbb2c704c33ec66dbb438bdd3866af48fdd47fb73042369834d55ac	.rela.text	11639	.text	0x2efe0	0x2efe0	0x2f038	R_AARCH64_ADR_PREL_PG_HI21	gponRecovery	651	0	STT_OBJECT	.bss	0x12f0	0x0		0x12f0	gpon_exec_gem_recover	0x2efd8	0x8	symbol_size	0x2f058		executable_reference	0x90000000
.local/legacy-firmware/work/extract/stock-rootfs/lib/modules/5.4.55/xpon_10g.ko	4c59bdfaedbb2c704c33ec66dbb438bdd3866af48fdd47fb73042369834d55ac	.rela.text	11640	.text	0x2efe4	0x2efe4	0x2f03c	R_AARCH64_ADD_ABS_LO12_NC	gponRecovery	651	0	STT_OBJECT	.bss	0x12f0	0x0		0x12f0	gpon_exec_gem_recover	0x2efd8	0xc	symbol_size	0x2f058		executable_reference	0x91000000
.local/legacy-firmware/work/extract/stock-rootfs/lib/modules/5.4.55/xpon_10g.ko	4c59bdfaedbb2c704c33ec66dbb438bdd3866af48fdd47fb73042369834d55ac	.rela.text	11646	.text	0x2f00c	0x2f00c	0x2f064	R_AARCH64_ADR_PREL_PG_HI21	gponRecovery	651	0	STT_OBJECT	.bss	0x12f0	0x0		0x12f0	gpon_exec_gem_recover	0x2efd8	0x34	symbol_size	0x2f058		executable_reference	0x90000000
.local/legacy-firmware/work/extract/stock-rootfs/lib/modules/5.4.55/xpon_10g.ko	4c59bdfaedbb2c704c33ec66dbb438bdd3866af48fdd47fb73042369834d55ac	.rela.text	11647	.text	0x2f010	0x2f010	0x2f068	R_AARCH64_ADD_ABS_LO12_NC	gponRecovery	651	0	STT_OBJECT	.bss	0x12f0	0x0		0x12f0	gpon_exec_gem_recover	0x2efd8	0x38	symbol_size	0x2f058		executable_reference	0x91000000
.local/legacy-firmware/work/extract/stock-rootfs/lib/modules/5.4.55/xpon_10g.ko	4c59bdfaedbb2c704c33ec66dbb438bdd3866af48fdd47fb73042369834d55ac	.rela.text	11651	.text	0x2f028	0x2f028	0x2f080	R_AARCH64_ADR_PREL_PG_HI21	gponRecovery	651	0	STT_OBJECT	.bss	0x12f0	0x0		0x12f0	gpon_exec_gem_recover	0x2efd8	0x50	symbol_size	0x2f058		executable_reference	0x90000000
.local/legacy-firmware/work/extract/stock-rootfs/lib/modules/5.4.55/xpon_10g.ko	4c59bdfaedbb2c704c33ec66dbb438bdd3866af48fdd47fb73042369834d55ac	.rela.text	11652	.text	0x2f02c	0x2f02c	0x2f084	R_AARCH64_ADD_ABS_LO12_NC	gponRecovery	651	0	STT_OBJECT	.bss	0x12f0	0x0		0x12f0	gpon_exec_gem_recover	0x2efd8	0x54	symbol_size	0x2f058		executable_reference	0x91000000
.local/legacy-firmware/work/extract/stock-rootfs/lib/modules/5.4.55/xpon_10g.ko	4c59bdfaedbb2c704c33ec66dbb438bdd3866af48fdd47fb73042369834d55ac	.rela.text	11653	.text	0x2f03c	0x2f03c	0x2f094	R_AARCH64_CALL26	gpon_recover_create_gemport	1016	0	STT_FUNC	.text	0x2ea44	0x0	gpon_recover_create_gemport	0x2ea44	gpon_exec_gem_recover	0x2efd8	0x64	symbol_size	0x2f058		direct_call_BL	0x94000000
.local/legacy-firmware/work/extract/stock-rootfs/lib/modules/5.4.55/xpon_10g.ko	4c59bdfaedbb2c704c33ec66dbb438bdd3866af48fdd47fb73042369834d55ac	.rela.text	11654	.text	0x2f040	0x2f040	0x2f098	R_AARCH64_ADR_PREL_PG_HI21	gponRecovery	651	0	STT_OBJECT	.bss	0x12f0	0x0		0x12f0	gpon_exec_gem_recover	0x2efd8	0x68	symbol_size	0x2f058		executable_reference	0x90000000
.local/legacy-firmware/work/extract/stock-rootfs/lib/modules/5.4.55/xpon_10g.ko	4c59bdfaedbb2c704c33ec66dbb438bdd3866af48fdd47fb73042369834d55ac	.rela.text	11655	.text	0x2f044	0x2f044	0x2f09c	R_AARCH64_ADD_ABS_LO12_NC	gponRecovery	651	0	STT_OBJECT	.bss	0x12f0	0x0		0x12f0	gpon_exec_gem_recover	0x2efd8	0x6c	symbol_size	0x2f058		executable_reference	0x91000000
.local/legacy-firmware/work/extract/stock-rootfs/lib/modules/5.4.55/xpon_10g.ko	4c59bdfaedbb2c704c33ec66dbb438bdd3866af48fdd47fb73042369834d55ac	.rela.text	11970	.text	0x3150c	0x3150c	0x31564	R_AARCH64_CALL26	epon_reset	419	0	STT_FUNC	.text	0x3747c	0x0	epon_reset	0x3747c	unnamed@.text+0x314e4	0x314e4	0x28	eh_frame_FDE	0x31550	0x5240	direct_call_BL	0x94000000
.local/legacy-firmware/work/extract/stock-rootfs/lib/modules/5.4.55/xpon_10g.ko	4c59bdfaedbb2c704c33ec66dbb438bdd3866af48fdd47fb73042369834d55ac	.rela.text	13281	.text	0x36a74	0x36a74	0x36acc	R_AARCH64_CALL26	epon_recover_last_llid_info	517	0	STT_FUNC	.text	0x36930	0x0	epon_recover_last_llid_info	0x36930	epon_llid_init_by_index	0x369ac	0xc8	symbol_size	0x36a90		direct_call_BL	0x94000000
.local/legacy-firmware/work/extract/stock-rootfs/lib/modules/5.4.55/xpon_10g.ko	4c59bdfaedbb2c704c33ec66dbb438bdd3866af48fdd47fb73042369834d55ac	.rela.text	13463	.text	0x374b4	0x374b4	0x3750c	R_AARCH64_CALL26	epon_mac_reset	991	0	STT_FUNC	.text	0x373e4	0x0	epon_mac_reset	0x373e4	epon_reset	0x3747c	0x38	symbol_size	0x374f4		direct_call_BL	0x94000000
.local/legacy-firmware/work/extract/stock-rootfs/lib/modules/5.4.55/xpon_10g.ko	4c59bdfaedbb2c704c33ec66dbb438bdd3866af48fdd47fb73042369834d55ac	.rela.text	13464	.text	0x374b8	0x374b8	0x37510	R_AARCH64_CALL26	xpon_reset_qdma_tx_buf	487	0	STT_FUNC	.text	0x53420	0x0	xpon_reset_qdma_tx_buf	0x53420	epon_reset	0x3747c	0x3c	symbol_size	0x374f4		direct_call_BL	0x94000000
.local/legacy-firmware/work/extract/stock-rootfs/lib/modules/5.4.55/xpon_10g.ko	4c59bdfaedbb2c704c33ec66dbb438bdd3866af48fdd47fb73042369834d55ac	.rela.text	13833	.text	0x3a328	0x3a328	0x3a380	R_AARCH64_CALL26	epon_reset	419	0	STT_FUNC	.text	0x3747c	0x0	epon_reset	0x3747c	eponMacIoctl	0x3989c	0xa8c	symbol_size	0x3b4ec		direct_call_BL	0x94000000
.local/legacy-firmware/work/extract/stock-rootfs/lib/modules/5.4.55/xpon_10g.ko	4c59bdfaedbb2c704c33ec66dbb438bdd3866af48fdd47fb73042369834d55ac	.rela.text	14485	.text	0x3cfa4	0x3cfa4	0x3cffc	R_AARCH64_CALL26	epon_reset	419	0	STT_FUNC	.text	0x3747c	0x0	epon_reset	0x3747c	epon_llid_reinit	0x3cf5c	0x48	symbol_size	0x3d000		direct_call_BL	0x94000000
.local/legacy-firmware/work/extract/stock-rootfs/lib/modules/5.4.55/xpon_10g.ko	4c59bdfaedbb2c704c33ec66dbb438bdd3866af48fdd47fb73042369834d55ac	.rela.text	15400	.text	0x40148	0x40148	0x401a0	R_AARCH64_CALL26	epon_reset	419	0	STT_FUNC	.text	0x3747c	0x0	epon_reset	0x3747c	epon_event_phy_true_los	0x400a4	0xa4	symbol_size	0x40198		direct_call_BL	0x94000000
.local/legacy-firmware/work/extract/stock-rootfs/lib/modules/5.4.55/xpon_10g.ko	4c59bdfaedbb2c704c33ec66dbb438bdd3866af48fdd47fb73042369834d55ac	.rela.text	15531	.text	0x41324	0x41324	0x4137c	R_AARCH64_ADR_PREL_PG_HI21	gponRecovery	651	0	STT_OBJECT	.bss	0x12f0	0x0		0x12f0	unnamed@.text+0x4130c	0x4130c	0x18	eh_frame_FDE	0x413b0	0x7ae0	executable_reference	0x90000000
.local/legacy-firmware/work/extract/stock-rootfs/lib/modules/5.4.55/xpon_10g.ko	4c59bdfaedbb2c704c33ec66dbb438bdd3866af48fdd47fb73042369834d55ac	.rela.text	15532	.text	0x41328	0x41328	0x41380	R_AARCH64_ADD_ABS_LO12_NC	gponRecovery	651	0	STT_OBJECT	.bss	0x12f0	0x0		0x12f0	unnamed@.text+0x4130c	0x4130c	0x1c	eh_frame_FDE	0x413b0	0x7ae0	executable_reference	0x91000002
.local/legacy-firmware/work/extract/stock-rootfs/lib/modules/5.4.55/xpon_10g.ko	4c59bdfaedbb2c704c33ec66dbb438bdd3866af48fdd47fb73042369834d55ac	.rela.text	15533	.text	0x4136c	0x4136c	0x413c4	R_AARCH64_ADR_PREL_PG_HI21	gponRecovery	651	0	STT_OBJECT	.bss	0x12f0	0x0		0x12f0	unnamed@.text+0x4130c	0x4130c	0x60	eh_frame_FDE	0x413b0	0x7ae0	executable_reference	0x90000000
.local/legacy-firmware/work/extract/stock-rootfs/lib/modules/5.4.55/xpon_10g.ko	4c59bdfaedbb2c704c33ec66dbb438bdd3866af48fdd47fb73042369834d55ac	.rela.text	15534	.text	0x41370	0x41370	0x413c8	R_AARCH64_ADD_ABS_LO12_NC	gponRecovery	651	0	STT_OBJECT	.bss	0x12f0	0x0		0x12f0	unnamed@.text+0x4130c	0x4130c	0x64	eh_frame_FDE	0x413b0	0x7ae0	executable_reference	0x91000000
.local/legacy-firmware/work/extract/stock-rootfs/lib/modules/5.4.55/xpon_10g.ko	4c59bdfaedbb2c704c33ec66dbb438bdd3866af48fdd47fb73042369834d55ac	.rela.text	15535	.text	0x4138c	0x4138c	0x413e4	R_AARCH64_ADR_PREL_PG_HI21	gponRecovery	651	0	STT_OBJECT	.bss	0x12f0	0x0		0x12f0	unnamed@.text+0x4130c	0x4130c	0x80	eh_frame_FDE	0x413b0	0x7ae0	executable_reference	0x90000000
.local/legacy-firmware/work/extract/stock-rootfs/lib/modules/5.4.55/xpon_10g.ko	4c59bdfaedbb2c704c33ec66dbb438bdd3866af48fdd47fb73042369834d55ac	.rela.text	15536	.text	0x41390	0x41390	0x413e8	R_AARCH64_ADD_ABS_LO12_NC	gponRecovery	651	0	STT_OBJECT	.bss	0x12f0	0x0		0x12f0	unnamed@.text+0x4130c	0x4130c	0x84	eh_frame_FDE	0x413b0	0x7ae0	executable_reference	0x91000000
.local/legacy-firmware/work/extract/stock-rootfs/lib/modules/5.4.55/xpon_10g.ko	4c59bdfaedbb2c704c33ec66dbb438bdd3866af48fdd47fb73042369834d55ac	.rela.text	15560	.text	0x41740	0x41740	0x41798	R_AARCH64_CALL26	gpon_recovery_set_channel	732	0	STT_FUNC	.text	0x2e8d8	0x0	gpon_recovery_set_channel	0x2e8d8	gwan_create_new_tcont	0x41610	0x130	symbol_size	0x417d8		direct_call_BL	0x94000000
.local/legacy-firmware/work/extract/stock-rootfs/lib/modules/5.4.55/xpon_10g.ko	4c59bdfaedbb2c704c33ec66dbb438bdd3866af48fdd47fb73042369834d55ac	.rela.text	15625	.text	0x41d68	0x41d68	0x41dc0	R_AARCH64_CALL26	gpon_recover_backup_gemport	514	0	STT_FUNC	.text	0x2e514	0x0	gpon_recover_backup_gemport	0x2e514	gwan_create_new_gemport	0x419ac	0x3bc	symbol_size	0x41e14		direct_call_BL	0x94000000
.local/legacy-firmware/work/extract/stock-rootfs/lib/modules/5.4.55/xpon_10g.ko	4c59bdfaedbb2c704c33ec66dbb438bdd3866af48fdd47fb73042369834d55ac	.rela.text	15636	.text	0x41e98	0x41e98	0x41ef0	R_AARCH64_ADR_PREL_PG_HI21	gponRecovery	651	0	STT_OBJECT	.bss	0x12f0	0x0		0x12f0	gwan_config_gemport_encrypt	0x41e14	0x84	symbol_size	0x421d0		executable_reference	0x90000000
.local/legacy-firmware/work/extract/stock-rootfs/lib/modules/5.4.55/xpon_10g.ko	4c59bdfaedbb2c704c33ec66dbb438bdd3866af48fdd47fb73042369834d55ac	.rela.text	15637	.text	0x41e9c	0x41e9c	0x41ef4	R_AARCH64_ADD_ABS_LO12_NC	gponRecovery	651	0	STT_OBJECT	.bss	0x12f0	0x0		0x12f0	gwan_config_gemport_encrypt	0x41e14	0x88	symbol_size	0x421d0		executable_reference	0x91000000
.local/legacy-firmware/work/extract/stock-rootfs/lib/modules/5.4.55/xpon_10g.ko	4c59bdfaedbb2c704c33ec66dbb438bdd3866af48fdd47fb73042369834d55ac	.rela.text	15648	.text	0x41eec	0x41eec	0x41f44	R_AARCH64_ADR_PREL_PG_HI21	gponRecovery	651	0	STT_OBJECT	.bss	0x12f0	0x0		0x12f0	gwan_config_gemport_encrypt	0x41e14	0xd8	symbol_size	0x421d0		executable_reference	0x90000000
.local/legacy-firmware/work/extract/stock-rootfs/lib/modules/5.4.55/xpon_10g.ko	4c59bdfaedbb2c704c33ec66dbb438bdd3866af48fdd47fb73042369834d55ac	.rela.text	15649	.text	0x41ef0	0x41ef0	0x41f48	R_AARCH64_ADD_ABS_LO12_NC	gponRecovery	651	0	STT_OBJECT	.bss	0x12f0	0x0		0x12f0	gwan_config_gemport_encrypt	0x41e14	0xdc	symbol_size	0x421d0		executable_reference	0x91000000
.local/legacy-firmware/work/extract/stock-rootfs/lib/modules/5.4.55/xpon_10g.ko	4c59bdfaedbb2c704c33ec66dbb438bdd3866af48fdd47fb73042369834d55ac	.rela.text	15696	.text	0x423d0	0x423d0	0x42428	R_AARCH64_CALL26	gpon_recovery_set_ani	1012	0	STT_FUNC	.text	0x2e814	0x0	gpon_recovery_set_ani	0x2e814	gwan_config_gemport	0x421d0	0x200	symbol_size	0x42614		direct_call_BL	0x94000000
.local/legacy-firmware/work/extract/stock-rootfs/lib/modules/5.4.55/xpon_10g.ko	4c59bdfaedbb2c704c33ec66dbb438bdd3866af48fdd47fb73042369834d55ac	.rela.text	15697	.text	0x423d8	0x423d8	0x42430	R_AARCH64_ADR_PREL_PG_HI21	gponRecovery	651	0	STT_OBJECT	.bss	0x12f0	0x0		0x12f0	gwan_config_gemport	0x421d0	0x208	symbol_size	0x42614		executable_reference	0x90000000
.local/legacy-firmware/work/extract/stock-rootfs/lib/modules/5.4.55/xpon_10g.ko	4c59bdfaedbb2c704c33ec66dbb438bdd3866af48fdd47fb73042369834d55ac	.rela.text	15698	.text	0x423dc	0x423dc	0x42434	R_AARCH64_ADD_ABS_LO12_NC	gponRecovery	651	0	STT_OBJECT	.bss	0x12f0	0x0		0x12f0	gwan_config_gemport	0x421d0	0x20c	symbol_size	0x42614		executable_reference	0x91000000
.local/legacy-firmware/work/extract/stock-rootfs/lib/modules/5.4.55/xpon_10g.ko	4c59bdfaedbb2c704c33ec66dbb438bdd3866af48fdd47fb73042369834d55ac	.rela.text	15746	.text	0x4281c	0x4281c	0x42874	R_AARCH64_CALL26	gpon_recover_delete_gemport	574	0	STT_FUNC	.text	0x2ee68	0x0	gpon_recover_delete_gemport	0x2ee68	gwan_remove_gemport	0x42614	0x208	symbol_size	0x4282c		direct_call_BL	0x94000000
.local/legacy-firmware/work/extract/stock-rootfs/lib/modules/5.4.55/xpon_10g.ko	4c59bdfaedbb2c704c33ec66dbb438bdd3866af48fdd47fb73042369834d55ac	.rela.text	15784	.text	0x42ba4	0x42ba4	0x42bfc	R_AARCH64_CALL26	gponDevResetGemInfo	526	0	STT_FUNC	.text	0x11d20	0x0	gponDevResetGemInfo	0x11d20	gwan_remove_all_gemport	0x429e4	0x1c0	symbol_size	0x42bb4		direct_call_BL	0x94000000
.local/legacy-firmware/work/extract/stock-rootfs/lib/modules/5.4.55/xpon_10g.ko	4c59bdfaedbb2c704c33ec66dbb438bdd3866af48fdd47fb73042369834d55ac	.rela.text	17498	.text	0x4cd40	0x4cd40	0x4cd98	R_AARCH64_ADR_PREL_PG_HI21	gponRecovery	651	0	STT_OBJECT	.bss	0x12f0	0x0		0x12f0	unnamed@.text+0x4cd34	0x4cd34	0xc	eh_frame_FDE	0x4cd98	0x92d4	executable_reference	0x90000000
.local/legacy-firmware/work/extract/stock-rootfs/lib/modules/5.4.55/xpon_10g.ko	4c59bdfaedbb2c704c33ec66dbb438bdd3866af48fdd47fb73042369834d55ac	.rela.text	17499	.text	0x4cd44	0x4cd44	0x4cd9c	R_AARCH64_ADD_ABS_LO12_NC	gponRecovery	651	0	STT_OBJECT	.bss	0x12f0	0x0		0x12f0	unnamed@.text+0x4cd34	0x4cd34	0x10	eh_frame_FDE	0x4cd98	0x92d4	executable_reference	0x91000000
.local/legacy-firmware/work/extract/stock-rootfs/lib/modules/5.4.55/xpon_10g.ko	4c59bdfaedbb2c704c33ec66dbb438bdd3866af48fdd47fb73042369834d55ac	.rela.text	17500	.text	0x4cd50	0x4cd50	0x4cda8	R_AARCH64_ADR_PREL_PG_HI21	gponRecovery	651	0	STT_OBJECT	.bss	0x12f0	0x0		0x12f0	unnamed@.text+0x4cd34	0x4cd34	0x1c	eh_frame_FDE	0x4cd98	0x92d4	executable_reference	0x90000000
.local/legacy-firmware/work/extract/stock-rootfs/lib/modules/5.4.55/xpon_10g.ko	4c59bdfaedbb2c704c33ec66dbb438bdd3866af48fdd47fb73042369834d55ac	.rela.text	17501	.text	0x4cd54	0x4cd54	0x4cdac	R_AARCH64_ADD_ABS_LO12_NC	gponRecovery	651	0	STT_OBJECT	.bss	0x12f0	0x0		0x12f0	unnamed@.text+0x4cd34	0x4cd34	0x20	eh_frame_FDE	0x4cd98	0x92d4	executable_reference	0x91000000
.local/legacy-firmware/work/extract/stock-rootfs/lib/modules/5.4.55/xpon_10g.ko	4c59bdfaedbb2c704c33ec66dbb438bdd3866af48fdd47fb73042369834d55ac	.rela.text	17910	.text	0x52610	0x52610	0x52668	R_AARCH64_CALL26	epon_reset	419	0	STT_FUNC	.text	0x3747c	0x0	epon_reset	0x3747c	prepare_epon	0x525b4	0x5c	symbol_size	0x52664		direct_call_BL	0x94000000
.local/legacy-firmware/work/extract/stock-rootfs/lib/modules/5.4.55/xpon_10g.ko	4c59bdfaedbb2c704c33ec66dbb438bdd3866af48fdd47fb73042369834d55ac	.rela.text	17914	.text	0x52644	0x52644	0x5269c	R_AARCH64_CALL26	epon_reset	419	0	STT_FUNC	.text	0x3747c	0x0	epon_reset	0x3747c	prepare_epon	0x525b4	0x90	symbol_size	0x52664		direct_call_BL	0x94000000
.local/legacy-firmware/work/extract/stock-rootfs/lib/modules/5.4.55/xpon_10g.ko	4c59bdfaedbb2c704c33ec66dbb438bdd3866af48fdd47fb73042369834d55ac	.rela.text	18140	.text	0x54088	0x54088	0x540e0	R_AARCH64_CALL26	xpon_reset_qdma_tx_buf	487	0	STT_FUNC	.text	0x53420	0x0	xpon_reset_qdma_tx_buf	0x53420	xmcs_remove_tcont_info	0x5400c	0x7c	symbol_size	0x540a0		direct_call_BL	0x94000000
.local/legacy-firmware/work/extract/stock-rootfs/lib/modules/5.4.55/xpon_10g.ko	4c59bdfaedbb2c704c33ec66dbb438bdd3866af48fdd47fb73042369834d55ac	.rela.text	18151	.text	0x54140	0x54140	0x54198	R_AARCH64_CALL26	xpon_reset_qdma_tx_buf	487	0	STT_FUNC	.text	0x53420	0x0	xpon_reset_qdma_tx_buf	0x53420	xmcs_create_tcont_info	0x540a0	0xa0	symbol_size	0x54150		direct_call_BL	0x94000000
.local/legacy-firmware/work/extract/stock-rootfs/lib/modules/5.4.55/xpon_10g.ko	4c59bdfaedbb2c704c33ec66dbb438bdd3866af48fdd47fb73042369834d55ac	.rela__ksymtab	34	__ksymtab	0xcc	0xcc	0x62c80	R_AARCH64_PREL32	xpon_reset_qdma_tx_buf	487	0	STT_FUNC	.text	0x53420	0x0	xpon_reset_qdma_tx_buf	0x53420							data_reference	
.local/legacy-firmware/work/extract/stock-rootfs/lib/modules/5.4.55/xpon_10g.ko	4c59bdfaedbb2c704c33ec66dbb438bdd3866af48fdd47fb73042369834d55ac	.rela.eh_frame	245	.eh_frame	0x1dd4	0x1dd4	0x7c09c	R_AARCH64_PREL32		1	0	STT_SECTION	.text	0x0	0xf390	ng2_system_config_reset	0xf390							data_reference	
.local/legacy-firmware/work/extract/stock-rootfs/lib/modules/5.4.55/xpon_10g.ko	4c59bdfaedbb2c704c33ec66dbb438bdd3866af48fdd47fb73042369834d55ac	.rela.eh_frame	305	.eh_frame	0x2514	0x2514	0x7c7dc	R_AARCH64_PREL32		1	0	STT_SECTION	.text	0x0	0x11d20	gponDevResetGemInfo	0x11d20							data_reference	
.local/legacy-firmware/work/extract/stock-rootfs/lib/modules/5.4.55/xpon_10g.ko	4c59bdfaedbb2c704c33ec66dbb438bdd3866af48fdd47fb73042369834d55ac	.rela.eh_frame	356	.eh_frame	0x2b78	0x2b78	0x7ce40	R_AARCH64_PREL32		1	0	STT_SECTION	.text	0x0	0x16374	gponDevResetAesRxKey	0x16374							data_reference	
.local/legacy-firmware/work/extract/stock-rootfs/lib/modules/5.4.55/xpon_10g.ko	4c59bdfaedbb2c704c33ec66dbb438bdd3866af48fdd47fb73042369834d55ac	.rela.eh_frame	365	.eh_frame	0x2c98	0x2c98	0x7cf60	R_AARCH64_PREL32		1	0	STT_SECTION	.text	0x0	0x17220	gponDevMacReset	0x17220							data_reference	
.local/legacy-firmware/work/extract/stock-rootfs/lib/modules/5.4.55/xpon_10g.ko	4c59bdfaedbb2c704c33ec66dbb438bdd3866af48fdd47fb73042369834d55ac	.rela.eh_frame	366	.eh_frame	0x2cb8	0x2cb8	0x7cf80	R_AARCH64_PREL32		1	0	STT_SECTION	.text	0x0	0x172ac	gponDevResetCtrl	0x172ac							data_reference	
.local/legacy-firmware/work/extract/stock-rootfs/lib/modules/5.4.55/xpon_10g.ko	4c59bdfaedbb2c704c33ec66dbb438bdd3866af48fdd47fb73042369834d55ac	.rela.eh_frame	503	.eh_frame	0x3d50	0x3d50	0x7e018	R_AARCH64_PREL32		1	0	STT_SECTION	.text	0x0	0x2566c	gpon_dvt_sw_reset	0x2566c							data_reference	
.local/legacy-firmware/work/extract/stock-rootfs/lib/modules/5.4.55/xpon_10g.ko	4c59bdfaedbb2c704c33ec66dbb438bdd3866af48fdd47fb73042369834d55ac	.rela.eh_frame	588	.eh_frame	0x47b0	0x47b0	0x7ea78	R_AARCH64_PREL32		1	0	STT_SECTION	.text	0x0	0x2e4ac	gpon_recovery_init	0x2e4ac							data_reference	
.local/legacy-firmware/work/extract/stock-rootfs/lib/modules/5.4.55/xpon_10g.ko	4c59bdfaedbb2c704c33ec66dbb438bdd3866af48fdd47fb73042369834d55ac	.rela.eh_frame	589	.eh_frame	0x47c8	0x47c8	0x7ea90	R_AARCH64_PREL32		1	0	STT_SECTION	.text	0x0	0x2e514	gpon_recover_backup_gemport	0x2e514							data_reference	
.local/legacy-firmware/work/extract/stock-rootfs/lib/modules/5.4.55/xpon_10g.ko	4c59bdfaedbb2c704c33ec66dbb438bdd3866af48fdd47fb73042369834d55ac	.rela.eh_frame	590	.eh_frame	0x47e8	0x47e8	0x7eab0	R_AARCH64_PREL32		1	0	STT_SECTION	.text	0x0	0x2e814	gpon_recovery_set_ani	0x2e814							data_reference	
.local/legacy-firmware/work/extract/stock-rootfs/lib/modules/5.4.55/xpon_10g.ko	4c59bdfaedbb2c704c33ec66dbb438bdd3866af48fdd47fb73042369834d55ac	.rela.eh_frame	591	.eh_frame	0x4808	0x4808	0x7ead0	R_AARCH64_PREL32		1	0	STT_SECTION	.text	0x0	0x2e8d8	gpon_recovery_set_channel	0x2e8d8							data_reference	
.local/legacy-firmware/work/extract/stock-rootfs/lib/modules/5.4.55/xpon_10g.ko	4c59bdfaedbb2c704c33ec66dbb438bdd3866af48fdd47fb73042369834d55ac	.rela.eh_frame	593	.eh_frame	0x4840	0x4840	0x7eb08	R_AARCH64_PREL32		1	0	STT_SECTION	.text	0x0	0x2ea44	gpon_recover_create_gemport	0x2ea44							data_reference	
.local/legacy-firmware/work/extract/stock-rootfs/lib/modules/5.4.55/xpon_10g.ko	4c59bdfaedbb2c704c33ec66dbb438bdd3866af48fdd47fb73042369834d55ac	.rela.eh_frame	594	.eh_frame	0x4860	0x4860	0x7eb28	R_AARCH64_PREL32		1	0	STT_SECTION	.text	0x0	0x2ee68	gpon_recover_delete_gemport	0x2ee68							data_reference	
.local/legacy-firmware/work/extract/stock-rootfs/lib/modules/5.4.55/xpon_10g.ko	4c59bdfaedbb2c704c33ec66dbb438bdd3866af48fdd47fb73042369834d55ac	.rela.eh_frame	595	.eh_frame	0x4880	0x4880	0x7eb48	R_AARCH64_PREL32		1	0	STT_SECTION	.text	0x0	0x2efd8	gpon_exec_gem_recover	0x2efd8							data_reference	
.local/legacy-firmware/work/extract/stock-rootfs/lib/modules/5.4.55/xpon_10g.ko	4c59bdfaedbb2c704c33ec66dbb438bdd3866af48fdd47fb73042369834d55ac	.rela.eh_frame	781	.eh_frame	0x5efc	0x5efc	0x801c4	R_AARCH64_PREL32		1	0	STT_SECTION	.text	0x0	0x36930	epon_recover_last_llid_info	0x36930							data_reference	
.local/legacy-firmware/work/extract/stock-rootfs/lib/modules/5.4.55/xpon_10g.ko	4c59bdfaedbb2c704c33ec66dbb438bdd3866af48fdd47fb73042369834d55ac	.rela.eh_frame	796	.eh_frame	0x60dc	0x60dc	0x803a4	R_AARCH64_PREL32		1	0	STT_SECTION	.text	0x0	0x373e4	epon_mac_reset	0x373e4							data_reference	
.local/legacy-firmware/work/extract/stock-rootfs/lib/modules/5.4.55/xpon_10g.ko	4c59bdfaedbb2c704c33ec66dbb438bdd3866af48fdd47fb73042369834d55ac	.rela.eh_frame	797	.eh_frame	0x60fc	0x60fc	0x803c4	R_AARCH64_PREL32		1	0	STT_SECTION	.text	0x0	0x3747c	epon_reset	0x3747c							data_reference	
.local/legacy-firmware/work/extract/stock-rootfs/lib/modules/5.4.55/xpon_10g.ko	4c59bdfaedbb2c704c33ec66dbb438bdd3866af48fdd47fb73042369834d55ac	.rela.eh_frame	1301	.eh_frame	0x9d60	0x9d60	0x84028	R_AARCH64_PREL32		1	0	STT_SECTION	.text	0x0	0x53420	xpon_reset_qdma_tx_buf	0x53420							data_reference	
.local/legacy-firmware/work/extract/stock-rootfs/lib/modules/5.4.55/xpon_10g.ko	4c59bdfaedbb2c704c33ec66dbb438bdd3866af48fdd47fb73042369834d55ac	.rela.eh_frame	1483	.eh_frame	0xb304	0xb304	0x855cc	R_AARCH64_PREL32		1	0	STT_SECTION	.text	0x0	0x60108	an7581_pon_mac_scu_reset	0x60108							data_reference	
.local/legacy-firmware/work/extract/stock-rootfs/lib/modules/5.4.55/xpon_10g.ko	4c59bdfaedbb2c704c33ec66dbb438bdd3866af48fdd47fb73042369834d55ac	.rela.eh_frame	1484	.eh_frame	0xb324	0xb324	0x855ec	R_AARCH64_PREL32		1	0	STT_SECTION	.text	0x0	0x60168	an7581_epon_mac_logic_reset	0x60168							data_reference	
.local/legacy-firmware/work/extract/stock-rootfs/lib/modules/5.4.55/xpon_10g.ko	4c59bdfaedbb2c704c33ec66dbb438bdd3866af48fdd47fb73042369834d55ac	.rela.data	152	.data	0x1018	0x1018	0x86888	R_AARCH64_ABS64	an7581_pon_mac_scu_reset	421	0	STT_FUNC	.text	0x60108	0x0	an7581_pon_mac_scu_reset	0x60108							data_reference	
.local/legacy-firmware/work/extract/stock-rootfs/lib/modules/5.4.55/xpon_10g.ko	4c59bdfaedbb2c704c33ec66dbb438bdd3866af48fdd47fb73042369834d55ac	.rela.data	153	.data	0x1028	0x1028	0x86898	R_AARCH64_ABS64	an7581_epon_mac_logic_reset	736	0	STT_FUNC	.text	0x60168	0x0	an7581_epon_mac_logic_reset	0x60168							data_reference	
.local/legacy-firmware/work/extract/stock-rootfs/lib/modules/5.4.55/xpon_igmp.ko	e2095b0823d17c407549ad0763846975fff47a16436b7358023b31a3a0729a0b	.rela.text	895	.text	0x6044	0x6044	0x60a4	R_AARCH64_ADR_PREL_PG_HI21	xpon_upstream_vlan_recovery_by_dynlist_hook	258	1	STT_NOTYPE	SHN_UNDEF	0x0	0x0			cleanup_module	0x5f00	0x144	symbol_size	0x6128		executable_reference	0x90000001
.local/legacy-firmware/work/extract/stock-rootfs/lib/modules/5.4.55/xpon_igmp.ko	e2095b0823d17c407549ad0763846975fff47a16436b7358023b31a3a0729a0b	.rela.text	898	.text	0x6050	0x6050	0x60b0	R_AARCH64_LDST64_ABS_LO12_NC	xpon_upstream_vlan_recovery_by_dynlist_hook	258	1	STT_NOTYPE	SHN_UNDEF	0x0	0x0			cleanup_module	0x5f00	0x150	symbol_size	0x6128		executable_reference	0xf900003f
.local/legacy-firmware/work/extract/stock-rootfs/lib/modules/5.4.55/xpon_igmp.ko	e2095b0823d17c407549ad0763846975fff47a16436b7358023b31a3a0729a0b	.rela.text.unlikely	96	.text.unlikely	0x264	0x264	0x1196c	R_AARCH64_ADR_PREL_PG_HI21	xpon_upstream_vlan_recovery_by_dynlist	148	0	STT_FUNC	.text	0xd80	0x0	xpon_upstream_vlan_recovery_by_dynlist	0xd80	init_module	0x0	0x264	symbol_size	0x398		executable_reference	0x90000000
.local/legacy-firmware/work/extract/stock-rootfs/lib/modules/5.4.55/xpon_igmp.ko	e2095b0823d17c407549ad0763846975fff47a16436b7358023b31a3a0729a0b	.rela.text.unlikely	97	.text.unlikely	0x268	0x268	0x11970	R_AARCH64_ADR_PREL_PG_HI21	xpon_upstream_vlan_recovery_by_dynlist_hook	258	1	STT_NOTYPE	SHN_UNDEF	0x0	0x0			init_module	0x0	0x268	symbol_size	0x398		executable_reference	0x90000001
.local/legacy-firmware/work/extract/stock-rootfs/lib/modules/5.4.55/xpon_igmp.ko	e2095b0823d17c407549ad0763846975fff47a16436b7358023b31a3a0729a0b	.rela.text.unlikely	98	.text.unlikely	0x26c	0x26c	0x11974	R_AARCH64_ADD_ABS_LO12_NC	xpon_upstream_vlan_recovery_by_dynlist	148	0	STT_FUNC	.text	0xd80	0x0	xpon_upstream_vlan_recovery_by_dynlist	0xd80	init_module	0x0	0x26c	symbol_size	0x398		executable_reference	0x91000000
.local/legacy-firmware/work/extract/stock-rootfs/lib/modules/5.4.55/xpon_igmp.ko	e2095b0823d17c407549ad0763846975fff47a16436b7358023b31a3a0729a0b	.rela.text.unlikely	99	.text.unlikely	0x270	0x270	0x11978	R_AARCH64_ADD_ABS_LO12_NC	xpon_upstream_vlan_recovery_by_dynlist_hook	258	1	STT_NOTYPE	SHN_UNDEF	0x0	0x0			init_module	0x0	0x270	symbol_size	0x398		executable_reference	0x91000021
.local/legacy-firmware/work/extract/stock-rootfs/lib/modules/5.4.55/xpon_igmp.ko	e2095b0823d17c407549ad0763846975fff47a16436b7358023b31a3a0729a0b	.rela.eh_frame	26	.eh_frame	0x3d4	0x3d4	0x15d5c	R_AARCH64_PREL32		1	0	STT_SECTION	.text	0x0	0xd80	xpon_upstream_vlan_recovery_by_dynlist	0xd80							data_reference	
.local/legacy-firmware/work/extract/stock-rootfs/lib/modules/5.4.55/xponmap.ko	fd8ddc9c6aee9fbf5c16053d26a7b4b3b7cb3292a794c12dd33912931ee09403	.rela.text	361	.text	0x1cf8	0x1cf8	0x1d58	R_AARCH64_CALL26	resetEponMapping	31	0	STT_FUNC	.text	0x4910	0x0	resetEponMapping	0x4910	xponmap_ioctl	0x1b10	0x1e8	symbol_size	0x2208		direct_call_BL	0x94000000
.local/legacy-firmware/work/extract/stock-rootfs/lib/modules/5.4.55/xponmap.ko	fd8ddc9c6aee9fbf5c16053d26a7b4b3b7cb3292a794c12dd33912931ee09403	.rela.eh_frame	54	.eh_frame	0xad4	0xad4	0x98c4	R_AARCH64_PREL32		1	0	STT_SECTION	.text	0x0	0x4910	resetEponMapping	0x4910							data_reference	
