file	sha256	relocation_section	relocation_index	target_section	offset	elf_address	file_offset	type	symbol	symbol_index	symbol_undefined	symbol_type	symbol_section	symbol_value	addend	resolved_target_functions	resolved_target_address	owners	owner_start	owner_offset	owner_extent	owner_end	owner_fde	evidence	instruction_word	selection_relation	containing_object
.local/legacy-firmware/work/extract/stock-rootfs/lib/modules/5.4.55/hw_nat.ko	894b91053435a85fa44abb62bfe218c50ffc316f2a2252a75c0d1847f527f200	.rela.text	9608	.text	0x374a4	0x374a4	0x37504	R_AARCH64_CALL26	get_gdmpSram_dev	1068	1	STT_NOTYPE	SHN_UNDEF	0x0	0x0			unnamed@.text+0x37490	0x37490	0x14	eh_frame_FDE	0x3759c	0x99c8	direct_call_BL	0x94000000	outgoing	
.local/legacy-firmware/work/extract/stock-rootfs/lib/modules/5.4.55/hw_nat.ko	894b91053435a85fa44abb62bfe218c50ffc316f2a2252a75c0d1847f527f200	.rela.text	9609	.text	0x374c4	0x374c4	0x37524	R_AARCH64_CALL26	dma_alloc_attrs	1095	1	STT_NOTYPE	SHN_UNDEF	0x0	0x0			unnamed@.text+0x37490	0x37490	0x34	eh_frame_FDE	0x3759c	0x99c8	direct_call_BL	0x94000000	outgoing	
.local/legacy-firmware/work/extract/stock-rootfs/lib/modules/5.4.55/hw_nat.ko	894b91053435a85fa44abb62bfe218c50ffc316f2a2252a75c0d1847f527f200	.rela.text	9610	.text	0x3750c	0x3750c	0x3756c	R_AARCH64_CALL26	memmove	976	1	STT_NOTYPE	SHN_UNDEF	0x0	0x0			unnamed@.text+0x37490	0x37490	0x7c	eh_frame_FDE	0x3759c	0x99c8	direct_call_BL	0x94000000	outgoing	
.local/legacy-firmware/work/extract/stock-rootfs/lib/modules/5.4.55/hw_nat.ko	894b91053435a85fa44abb62bfe218c50ffc316f2a2252a75c0d1847f527f200	.rela.text	9611	.text	0x37548	0x37548	0x375a8	R_AARCH64_CALL26	host_notify_npuMbox	1004	1	STT_NOTYPE	SHN_UNDEF	0x0	0x0			unnamed@.text+0x37490	0x37490	0xb8	eh_frame_FDE	0x3759c	0x99c8	direct_call_BL	0x94000000	outgoing	
.local/legacy-firmware/work/extract/stock-rootfs/lib/modules/5.4.55/hw_nat.ko	894b91053435a85fa44abb62bfe218c50ffc316f2a2252a75c0d1847f527f200	.rela.text	9612	.text	0x37568	0x37568	0x375c8	R_AARCH64_CALL26	dma_free_attrs	1171	1	STT_NOTYPE	SHN_UNDEF	0x0	0x0			unnamed@.text+0x37490	0x37490	0xd8	eh_frame_FDE	0x3759c	0x99c8	direct_call_BL	0x94000000	outgoing	
.local/legacy-firmware/work/extract/stock-rootfs/lib/modules/5.4.55/hw_nat.ko	894b91053435a85fa44abb62bfe218c50ffc316f2a2252a75c0d1847f527f200	.rela.text	9615	.text	0x37584	0x37584	0x375e4	R_AARCH64_CALL26	printk	1119	1	STT_NOTYPE	SHN_UNDEF	0x0	0x0			unnamed@.text+0x37490	0x37490	0xf4	eh_frame_FDE	0x3759c	0x99c8	direct_call_BL	0x94000000	outgoing	
.local/legacy-firmware/work/extract/stock-rootfs/lib/modules/5.4.55/hw_nat.ko	894b91053435a85fa44abb62bfe218c50ffc316f2a2252a75c0d1847f527f200	.rela.text	9618	.text	0x37594	0x37594	0x375f4	R_AARCH64_CALL26	printk	1119	1	STT_NOTYPE	SHN_UNDEF	0x0	0x0			unnamed@.text+0x37490	0x37490	0x104	eh_frame_FDE	0x3759c	0x99c8	direct_call_BL	0x94000000	outgoing	
.local/legacy-firmware/work/extract/stock-rootfs/lib/modules/5.4.55/hw_nat.ko	894b91053435a85fa44abb62bfe218c50ffc316f2a2252a75c0d1847f527f200	.rela.text	9631	.text	0x37754	0x37754	0x377b4	R_AARCH64_CALL26	get_gdmpSram_dev	1068	1	STT_NOTYPE	SHN_UNDEF	0x0	0x0			unnamed@.text+0x37740	0x37740	0x14	eh_frame_FDE	0x37844	0x9a60	direct_call_BL	0x94000000	outgoing	
.local/legacy-firmware/work/extract/stock-rootfs/lib/modules/5.4.55/hw_nat.ko	894b91053435a85fa44abb62bfe218c50ffc316f2a2252a75c0d1847f527f200	.rela.text	9632	.text	0x37774	0x37774	0x377d4	R_AARCH64_CALL26	dma_alloc_attrs	1095	1	STT_NOTYPE	SHN_UNDEF	0x0	0x0			unnamed@.text+0x37740	0x37740	0x34	eh_frame_FDE	0x37844	0x9a60	direct_call_BL	0x94000000	outgoing	
.local/legacy-firmware/work/extract/stock-rootfs/lib/modules/5.4.55/hw_nat.ko	894b91053435a85fa44abb62bfe218c50ffc316f2a2252a75c0d1847f527f200	.rela.text	9633	.text	0x377f0	0x377f0	0x37850	R_AARCH64_CALL26	host_notify_npuMbox	1004	1	STT_NOTYPE	SHN_UNDEF	0x0	0x0			unnamed@.text+0x37740	0x37740	0xb0	eh_frame_FDE	0x37844	0x9a60	direct_call_BL	0x94000000	outgoing	
.local/legacy-firmware/work/extract/stock-rootfs/lib/modules/5.4.55/hw_nat.ko	894b91053435a85fa44abb62bfe218c50ffc316f2a2252a75c0d1847f527f200	.rela.text	9634	.text	0x37810	0x37810	0x37870	R_AARCH64_CALL26	dma_free_attrs	1171	1	STT_NOTYPE	SHN_UNDEF	0x0	0x0			unnamed@.text+0x37740	0x37740	0xd0	eh_frame_FDE	0x37844	0x9a60	direct_call_BL	0x94000000	outgoing	
.local/legacy-firmware/work/extract/stock-rootfs/lib/modules/5.4.55/hw_nat.ko	894b91053435a85fa44abb62bfe218c50ffc316f2a2252a75c0d1847f527f200	.rela.text	9637	.text	0x3782c	0x3782c	0x3788c	R_AARCH64_CALL26	printk	1119	1	STT_NOTYPE	SHN_UNDEF	0x0	0x0			unnamed@.text+0x37740	0x37740	0xec	eh_frame_FDE	0x37844	0x9a60	direct_call_BL	0x94000000	outgoing	
.local/legacy-firmware/work/extract/stock-rootfs/lib/modules/5.4.55/hw_nat.ko	894b91053435a85fa44abb62bfe218c50ffc316f2a2252a75c0d1847f527f200	.rela.text	9640	.text	0x3783c	0x3783c	0x3789c	R_AARCH64_CALL26	printk	1119	1	STT_NOTYPE	SHN_UNDEF	0x0	0x0			unnamed@.text+0x37740	0x37740	0xfc	eh_frame_FDE	0x37844	0x9a60	direct_call_BL	0x94000000	outgoing	
.local/legacy-firmware/work/extract/stock-rootfs/lib/modules/5.4.55/hw_nat.ko	894b91053435a85fa44abb62bfe218c50ffc316f2a2252a75c0d1847f527f200	.rela.text	9643	.text	0x378e4	0x378e4	0x37944	R_AARCH64_CALL26	hwnat_check_entry_is_bind	180	0	STT_FUNC	.text	0x18030	0x0	hwnat_check_entry_is_bind	0x18030	ecnt_hwnat_npu_check_vxlan_hdr_list	0x37844	0xa0	symbol_size	0x37a60		direct_call_BL	0x94000000	outgoing	
.local/legacy-firmware/work/extract/stock-rootfs/lib/modules/5.4.55/hw_nat.ko	894b91053435a85fa44abb62bfe218c50ffc316f2a2252a75c0d1847f527f200	.rela.text	9644	.text	0x37904	0x37904	0x37964	R_AARCH64_CALL26	kfree	1001	1	STT_NOTYPE	SHN_UNDEF	0x0	0x0			ecnt_hwnat_npu_check_vxlan_hdr_list	0x37844	0xc0	symbol_size	0x37a60		direct_call_BL	0x94000000	outgoing	
.local/legacy-firmware/work/extract/stock-rootfs/lib/modules/5.4.55/hw_nat.ko	894b91053435a85fa44abb62bfe218c50ffc316f2a2252a75c0d1847f527f200	.rela.text	9645	.text	0x37968	0x37968	0x379c8	R_AARCH64_CALL26	get_gdmpSram_dev	1068	1	STT_NOTYPE	SHN_UNDEF	0x0	0x0			ecnt_hwnat_npu_check_vxlan_hdr_list	0x37844	0x124	symbol_size	0x37a60		direct_call_BL	0x94000000	outgoing	
.local/legacy-firmware/work/extract/stock-rootfs/lib/modules/5.4.55/hw_nat.ko	894b91053435a85fa44abb62bfe218c50ffc316f2a2252a75c0d1847f527f200	.rela.text	9646	.text	0x37988	0x37988	0x379e8	R_AARCH64_CALL26	dma_alloc_attrs	1095	1	STT_NOTYPE	SHN_UNDEF	0x0	0x0			ecnt_hwnat_npu_check_vxlan_hdr_list	0x37844	0x144	symbol_size	0x37a60		direct_call_BL	0x94000000	outgoing	
.local/legacy-firmware/work/extract/stock-rootfs/lib/modules/5.4.55/hw_nat.ko	894b91053435a85fa44abb62bfe218c50ffc316f2a2252a75c0d1847f527f200	.rela.text	9647	.text	0x379f8	0x379f8	0x37a58	R_AARCH64_CALL26	host_notify_npuMbox	1004	1	STT_NOTYPE	SHN_UNDEF	0x0	0x0			ecnt_hwnat_npu_check_vxlan_hdr_list	0x37844	0x1b4	symbol_size	0x37a60		direct_call_BL	0x94000000	outgoing	
.local/legacy-firmware/work/extract/stock-rootfs/lib/modules/5.4.55/hw_nat.ko	894b91053435a85fa44abb62bfe218c50ffc316f2a2252a75c0d1847f527f200	.rela.text	9648	.text	0x37a18	0x37a18	0x37a78	R_AARCH64_CALL26	dma_free_attrs	1171	1	STT_NOTYPE	SHN_UNDEF	0x0	0x0			ecnt_hwnat_npu_check_vxlan_hdr_list	0x37844	0x1d4	symbol_size	0x37a60		direct_call_BL	0x94000000	outgoing	
.local/legacy-firmware/work/extract/stock-rootfs/lib/modules/5.4.55/hw_nat.ko	894b91053435a85fa44abb62bfe218c50ffc316f2a2252a75c0d1847f527f200	.rela.text	9649	.text	0x37a38	0x37a38	0x37a98	R_AARCH64_CALL26	queued_write_lock_slowpath	943	1	STT_NOTYPE	SHN_UNDEF	0x0	0x0			ecnt_hwnat_npu_check_vxlan_hdr_list	0x37844	0x1f4	symbol_size	0x37a60		direct_call_BL	0x94000000	outgoing	
.local/legacy-firmware/work/extract/stock-rootfs/lib/modules/5.4.55/hw_nat.ko	894b91053435a85fa44abb62bfe218c50ffc316f2a2252a75c0d1847f527f200	.rela.text	9652	.text	0x37a48	0x37a48	0x37aa8	R_AARCH64_CALL26	printk	1119	1	STT_NOTYPE	SHN_UNDEF	0x0	0x0			ecnt_hwnat_npu_check_vxlan_hdr_list	0x37844	0x204	symbol_size	0x37a60		direct_call_BL	0x94000000	outgoing	
.local/legacy-firmware/work/extract/stock-rootfs/lib/modules/5.4.55/hw_nat.ko	894b91053435a85fa44abb62bfe218c50ffc316f2a2252a75c0d1847f527f200	.rela.text	9655	.text	0x37a58	0x37a58	0x37ab8	R_AARCH64_CALL26	printk	1119	1	STT_NOTYPE	SHN_UNDEF	0x0	0x0			ecnt_hwnat_npu_check_vxlan_hdr_list	0x37844	0x214	symbol_size	0x37a60		direct_call_BL	0x94000000	outgoing	
.local/legacy-firmware/work/extract/stock-rootfs/lib/modules/5.4.55/hw_nat.ko	894b91053435a85fa44abb62bfe218c50ffc316f2a2252a75c0d1847f527f200	.rela.text	9671	.text	0x37c74	0x37c74	0x37cd4	R_AARCH64_CALL26	sscanf	1118	1	STT_NOTYPE	SHN_UNDEF	0x0	0x0			unnamed@.text+0x37c14	0x37c14	0x60	eh_frame_FDE	0x37da8	0x9b0c	direct_call_BL	0x94000000	outgoing	
.local/legacy-firmware/work/extract/stock-rootfs/lib/modules/5.4.55/hw_nat.ko	894b91053435a85fa44abb62bfe218c50ffc316f2a2252a75c0d1847f527f200	.rela.text	9672	.text	0x37c80	0x37c80	0x37ce0	R_AARCH64_CALL26	get_gdmpSram_dev	1068	1	STT_NOTYPE	SHN_UNDEF	0x0	0x0			unnamed@.text+0x37c14	0x37c14	0x6c	eh_frame_FDE	0x37da8	0x9b0c	direct_call_BL	0x94000000	outgoing	
.local/legacy-firmware/work/extract/stock-rootfs/lib/modules/5.4.55/hw_nat.ko	894b91053435a85fa44abb62bfe218c50ffc316f2a2252a75c0d1847f527f200	.rela.text	9673	.text	0x37c9c	0x37c9c	0x37cfc	R_AARCH64_CALL26	dma_alloc_attrs	1095	1	STT_NOTYPE	SHN_UNDEF	0x0	0x0			unnamed@.text+0x37c14	0x37c14	0x88	eh_frame_FDE	0x37da8	0x9b0c	direct_call_BL	0x94000000	outgoing	
.local/legacy-firmware/work/extract/stock-rootfs/lib/modules/5.4.55/hw_nat.ko	894b91053435a85fa44abb62bfe218c50ffc316f2a2252a75c0d1847f527f200	.rela.text	9674	.text	0x37d18	0x37d18	0x37d78	R_AARCH64_CALL26	host_notify_npuMbox	1004	1	STT_NOTYPE	SHN_UNDEF	0x0	0x0			unnamed@.text+0x37c14	0x37c14	0x104	eh_frame_FDE	0x37da8	0x9b0c	direct_call_BL	0x94000000	outgoing	
.local/legacy-firmware/work/extract/stock-rootfs/lib/modules/5.4.55/hw_nat.ko	894b91053435a85fa44abb62bfe218c50ffc316f2a2252a75c0d1847f527f200	.rela.text	9675	.text	0x37d38	0x37d38	0x37d98	R_AARCH64_CALL26	dma_free_attrs	1171	1	STT_NOTYPE	SHN_UNDEF	0x0	0x0			unnamed@.text+0x37c14	0x37c14	0x124	eh_frame_FDE	0x37da8	0x9b0c	direct_call_BL	0x94000000	outgoing	
.local/legacy-firmware/work/extract/stock-rootfs/lib/modules/5.4.55/hw_nat.ko	894b91053435a85fa44abb62bfe218c50ffc316f2a2252a75c0d1847f527f200	.rela.text	9676	.text	0x37d84	0x37d84	0x37de4	R_AARCH64_CALL26	__stack_chk_fail	1047	1	STT_NOTYPE	SHN_UNDEF	0x0	0x0			unnamed@.text+0x37c14	0x37c14	0x170	eh_frame_FDE	0x37da8	0x9b0c	direct_call_BL	0x94000000	outgoing	
.local/legacy-firmware/work/extract/stock-rootfs/lib/modules/5.4.55/hw_nat.ko	894b91053435a85fa44abb62bfe218c50ffc316f2a2252a75c0d1847f527f200	.rela.text	9679	.text	0x37d90	0x37d90	0x37df0	R_AARCH64_CALL26	printk	1119	1	STT_NOTYPE	SHN_UNDEF	0x0	0x0			unnamed@.text+0x37c14	0x37c14	0x17c	eh_frame_FDE	0x37da8	0x9b0c	direct_call_BL	0x94000000	outgoing	
.local/legacy-firmware/work/extract/stock-rootfs/lib/modules/5.4.55/hw_nat.ko	894b91053435a85fa44abb62bfe218c50ffc316f2a2252a75c0d1847f527f200	.rela.text	9682	.text	0x37da0	0x37da0	0x37e00	R_AARCH64_CALL26	printk	1119	1	STT_NOTYPE	SHN_UNDEF	0x0	0x0			unnamed@.text+0x37c14	0x37c14	0x18c	eh_frame_FDE	0x37da8	0x9b0c	direct_call_BL	0x94000000	outgoing	
.local/legacy-firmware/work/extract/stock-rootfs/lib/modules/5.4.55/hw_nat.ko	894b91053435a85fa44abb62bfe218c50ffc316f2a2252a75c0d1847f527f200	.rela.text	9794	.text	0x3839c	0x3839c	0x383fc	R_AARCH64_CALL26	sscanf	1118	1	STT_NOTYPE	SHN_UNDEF	0x0	0x0			unnamed@.text+0x382d4	0x382d4	0xc8	eh_frame_FDE	0x3858c	0x9bac	direct_call_BL	0x94000000	outgoing	
.local/legacy-firmware/work/extract/stock-rootfs/lib/modules/5.4.55/hw_nat.ko	894b91053435a85fa44abb62bfe218c50ffc316f2a2252a75c0d1847f527f200	.rela.text	9797	.text	0x383c8	0x383c8	0x38428	R_AARCH64_CALL26	printk	1119	1	STT_NOTYPE	SHN_UNDEF	0x0	0x0			unnamed@.text+0x382d4	0x382d4	0xf4	eh_frame_FDE	0x3858c	0x9bac	direct_call_BL	0x94000000	outgoing	
.local/legacy-firmware/work/extract/stock-rootfs/lib/modules/5.4.55/hw_nat.ko	894b91053435a85fa44abb62bfe218c50ffc316f2a2252a75c0d1847f527f200	.rela.text	9798	.text	0x3842c	0x3842c	0x3848c	R_AARCH64_CALL26	GetMacAddr	1221	1	STT_NOTYPE	SHN_UNDEF	0x0	0x0			unnamed@.text+0x382d4	0x382d4	0x158	eh_frame_FDE	0x3858c	0x9bac	direct_call_BL	0x94000000	outgoing	
.local/legacy-firmware/work/extract/stock-rootfs/lib/modules/5.4.55/hw_nat.ko	894b91053435a85fa44abb62bfe218c50ffc316f2a2252a75c0d1847f527f200	.rela.text	9799	.text	0x3847c	0x3847c	0x384dc	R_AARCH64_CALL26	get_gdmpSram_dev	1068	1	STT_NOTYPE	SHN_UNDEF	0x0	0x0			unnamed@.text+0x382d4	0x382d4	0x1a8	eh_frame_FDE	0x3858c	0x9bac	direct_call_BL	0x94000000	outgoing	
.local/legacy-firmware/work/extract/stock-rootfs/lib/modules/5.4.55/hw_nat.ko	894b91053435a85fa44abb62bfe218c50ffc316f2a2252a75c0d1847f527f200	.rela.text	9800	.text	0x38498	0x38498	0x384f8	R_AARCH64_CALL26	dma_alloc_attrs	1095	1	STT_NOTYPE	SHN_UNDEF	0x0	0x0			unnamed@.text+0x382d4	0x382d4	0x1c4	eh_frame_FDE	0x3858c	0x9bac	direct_call_BL	0x94000000	outgoing	
.local/legacy-firmware/work/extract/stock-rootfs/lib/modules/5.4.55/hw_nat.ko	894b91053435a85fa44abb62bfe218c50ffc316f2a2252a75c0d1847f527f200	.rela.text	9801	.text	0x384e0	0x384e0	0x38540	R_AARCH64_CALL26	memmove	976	1	STT_NOTYPE	SHN_UNDEF	0x0	0x0			unnamed@.text+0x382d4	0x382d4	0x20c	eh_frame_FDE	0x3858c	0x9bac	direct_call_BL	0x94000000	outgoing	
.local/legacy-firmware/work/extract/stock-rootfs/lib/modules/5.4.55/hw_nat.ko	894b91053435a85fa44abb62bfe218c50ffc316f2a2252a75c0d1847f527f200	.rela.text	9802	.text	0x38518	0x38518	0x38578	R_AARCH64_CALL26	host_notify_npuMbox	1004	1	STT_NOTYPE	SHN_UNDEF	0x0	0x0			unnamed@.text+0x382d4	0x382d4	0x244	eh_frame_FDE	0x3858c	0x9bac	direct_call_BL	0x94000000	outgoing	
.local/legacy-firmware/work/extract/stock-rootfs/lib/modules/5.4.55/hw_nat.ko	894b91053435a85fa44abb62bfe218c50ffc316f2a2252a75c0d1847f527f200	.rela.text	9803	.text	0x38538	0x38538	0x38598	R_AARCH64_CALL26	dma_free_attrs	1171	1	STT_NOTYPE	SHN_UNDEF	0x0	0x0			unnamed@.text+0x382d4	0x382d4	0x264	eh_frame_FDE	0x3858c	0x9bac	direct_call_BL	0x94000000	outgoing	
.local/legacy-firmware/work/extract/stock-rootfs/lib/modules/5.4.55/hw_nat.ko	894b91053435a85fa44abb62bfe218c50ffc316f2a2252a75c0d1847f527f200	.rela.text	9804	.text	0x38568	0x38568	0x385c8	R_AARCH64_CALL26	__stack_chk_fail	1047	1	STT_NOTYPE	SHN_UNDEF	0x0	0x0			unnamed@.text+0x382d4	0x382d4	0x294	eh_frame_FDE	0x3858c	0x9bac	direct_call_BL	0x94000000	outgoing	
.local/legacy-firmware/work/extract/stock-rootfs/lib/modules/5.4.55/hw_nat.ko	894b91053435a85fa44abb62bfe218c50ffc316f2a2252a75c0d1847f527f200	.rela.text	9807	.text	0x38574	0x38574	0x385d4	R_AARCH64_CALL26	printk	1119	1	STT_NOTYPE	SHN_UNDEF	0x0	0x0			unnamed@.text+0x382d4	0x382d4	0x2a0	eh_frame_FDE	0x3858c	0x9bac	direct_call_BL	0x94000000	outgoing	
.local/legacy-firmware/work/extract/stock-rootfs/lib/modules/5.4.55/hw_nat.ko	894b91053435a85fa44abb62bfe218c50ffc316f2a2252a75c0d1847f527f200	.rela.text	9810	.text	0x38584	0x38584	0x385e4	R_AARCH64_CALL26	printk	1119	1	STT_NOTYPE	SHN_UNDEF	0x0	0x0			unnamed@.text+0x382d4	0x382d4	0x2b0	eh_frame_FDE	0x3858c	0x9bac	direct_call_BL	0x94000000	outgoing	
.local/legacy-firmware/work/extract/stock-rootfs/lib/modules/5.4.55/hw_nat.ko	894b91053435a85fa44abb62bfe218c50ffc316f2a2252a75c0d1847f527f200	.rela.text	9820	.text	0x387a0	0x387a0	0x38800	R_AARCH64_CALL26	__stack_chk_fail	1047	1	STT_NOTYPE	SHN_UNDEF	0x0	0x0			unnamed@.text+0x386f0	0x386f0	0xb0	eh_frame_FDE	0x38c64	0x9c50	direct_call_BL	0x94000000	outgoing	
.local/legacy-firmware/work/extract/stock-rootfs/lib/modules/5.4.55/hw_nat.ko	894b91053435a85fa44abb62bfe218c50ffc316f2a2252a75c0d1847f527f200	.rela.text	9823	.text	0x387c0	0x387c0	0x38820	R_AARCH64_CALL26	sscanf	1118	1	STT_NOTYPE	SHN_UNDEF	0x0	0x0			unnamed@.text+0x386f0	0x386f0	0xd0	eh_frame_FDE	0x38c64	0x9c50	direct_call_BL	0x94000000	outgoing	
.local/legacy-firmware/work/extract/stock-rootfs/lib/modules/5.4.55/hw_nat.ko	894b91053435a85fa44abb62bfe218c50ffc316f2a2252a75c0d1847f527f200	.rela.text	9826	.text	0x387d0	0x387d0	0x38830	R_AARCH64_CALL26	strcmp	1151	1	STT_NOTYPE	SHN_UNDEF	0x0	0x0			unnamed@.text+0x386f0	0x386f0	0xe0	eh_frame_FDE	0x38c64	0x9c50	direct_call_BL	0x94000000	outgoing	
.local/legacy-firmware/work/extract/stock-rootfs/lib/modules/5.4.55/hw_nat.ko	894b91053435a85fa44abb62bfe218c50ffc316f2a2252a75c0d1847f527f200	.rela.text	9829	.text	0x387e4	0x387e4	0x38844	R_AARCH64_CALL26	printk	1119	1	STT_NOTYPE	SHN_UNDEF	0x0	0x0			unnamed@.text+0x386f0	0x386f0	0xf4	eh_frame_FDE	0x38c64	0x9c50	direct_call_BL	0x94000000	outgoing	
.local/legacy-firmware/work/extract/stock-rootfs/lib/modules/5.4.55/hw_nat.ko	894b91053435a85fa44abb62bfe218c50ffc316f2a2252a75c0d1847f527f200	.rela.text	9830	.text	0x387f0	0x387f0	0x38850	R_AARCH64_CALL26	ecnt_hwnat_npu_srv6_hdr_structure	857	0	STT_FUNC	.text	0x38590	0x0	ecnt_hwnat_npu_srv6_hdr_structure	0x38590	unnamed@.text+0x386f0	0x386f0	0x100	eh_frame_FDE	0x38c64	0x9c50	direct_call_BL	0x94000000	outgoing	
.local/legacy-firmware/work/extract/stock-rootfs/lib/modules/5.4.55/hw_nat.ko	894b91053435a85fa44abb62bfe218c50ffc316f2a2252a75c0d1847f527f200	.rela.text	9831	.text	0x38808	0x38808	0x38868	R_AARCH64_CALL26	get_gdmpSram_dev	1068	1	STT_NOTYPE	SHN_UNDEF	0x0	0x0			unnamed@.text+0x386f0	0x386f0	0x118	eh_frame_FDE	0x38c64	0x9c50	direct_call_BL	0x94000000	outgoing	
.local/legacy-firmware/work/extract/stock-rootfs/lib/modules/5.4.55/hw_nat.ko	894b91053435a85fa44abb62bfe218c50ffc316f2a2252a75c0d1847f527f200	.rela.text	9834	.text	0x38820	0x38820	0x38880	R_AARCH64_CALL26	printk	1119	1	STT_NOTYPE	SHN_UNDEF	0x0	0x0			unnamed@.text+0x386f0	0x386f0	0x130	eh_frame_FDE	0x38c64	0x9c50	direct_call_BL	0x94000000	outgoing	
.local/legacy-firmware/work/extract/stock-rootfs/lib/modules/5.4.55/hw_nat.ko	894b91053435a85fa44abb62bfe218c50ffc316f2a2252a75c0d1847f527f200	.rela.text	9837	.text	0x38840	0x38840	0x388a0	R_AARCH64_CALL26	strcmp	1151	1	STT_NOTYPE	SHN_UNDEF	0x0	0x0			unnamed@.text+0x386f0	0x386f0	0x150	eh_frame_FDE	0x38c64	0x9c50	direct_call_BL	0x94000000	outgoing	
.local/legacy-firmware/work/extract/stock-rootfs/lib/modules/5.4.55/hw_nat.ko	894b91053435a85fa44abb62bfe218c50ffc316f2a2252a75c0d1847f527f200	.rela.text	9842	.text	0x3888c	0x3888c	0x388ec	R_AARCH64_CALL26	sscanf	1118	1	STT_NOTYPE	SHN_UNDEF	0x0	0x0			unnamed@.text+0x386f0	0x386f0	0x19c	eh_frame_FDE	0x38c64	0x9c50	direct_call_BL	0x94000000	outgoing	
.local/legacy-firmware/work/extract/stock-rootfs/lib/modules/5.4.55/hw_nat.ko	894b91053435a85fa44abb62bfe218c50ffc316f2a2252a75c0d1847f527f200	.rela.text	9843	.text	0x38898	0x38898	0x388f8	R_AARCH64_CALL26		2	0	STT_SECTION	.text.unlikely	0x0	0x4140	unnamed@.text.unlikely+0x4140	0x4140	unnamed@.text+0x386f0	0x386f0	0x1a8	eh_frame_FDE	0x38c64	0x9c50	direct_call_BL	0x94000000	outgoing	
.local/legacy-firmware/work/extract/stock-rootfs/lib/modules/5.4.55/hw_nat.ko	894b91053435a85fa44abb62bfe218c50ffc316f2a2252a75c0d1847f527f200	.rela.text	9847	.text	0x38908	0x38908	0x38968	R_AARCH64_CALL26	printk	1119	1	STT_NOTYPE	SHN_UNDEF	0x0	0x0			unnamed@.text+0x386f0	0x386f0	0x218	eh_frame_FDE	0x38c64	0x9c50	direct_call_BL	0x94000000	outgoing	
.local/legacy-firmware/work/extract/stock-rootfs/lib/modules/5.4.55/hw_nat.ko	894b91053435a85fa44abb62bfe218c50ffc316f2a2252a75c0d1847f527f200	.rela.text	9848	.text	0x3890c	0x3890c	0x3896c	R_AARCH64_CALL26	get_gdmpSram_dev	1068	1	STT_NOTYPE	SHN_UNDEF	0x0	0x0			unnamed@.text+0x386f0	0x386f0	0x21c	eh_frame_FDE	0x38c64	0x9c50	direct_call_BL	0x94000000	outgoing	
.local/legacy-firmware/work/extract/stock-rootfs/lib/modules/5.4.55/hw_nat.ko	894b91053435a85fa44abb62bfe218c50ffc316f2a2252a75c0d1847f527f200	.rela.text	9849	.text	0x38928	0x38928	0x38988	R_AARCH64_CALL26	dma_alloc_attrs	1095	1	STT_NOTYPE	SHN_UNDEF	0x0	0x0			unnamed@.text+0x386f0	0x386f0	0x238	eh_frame_FDE	0x38c64	0x9c50	direct_call_BL	0x94000000	outgoing	
.local/legacy-firmware/work/extract/stock-rootfs/lib/modules/5.4.55/hw_nat.ko	894b91053435a85fa44abb62bfe218c50ffc316f2a2252a75c0d1847f527f200	.rela.text	9850	.text	0x38938	0x38938	0x38998	R_AARCH64_CALL26	memset	1134	1	STT_NOTYPE	SHN_UNDEF	0x0	0x0			unnamed@.text+0x386f0	0x386f0	0x248	eh_frame_FDE	0x38c64	0x9c50	direct_call_BL	0x94000000	outgoing	
.local/legacy-firmware/work/extract/stock-rootfs/lib/modules/5.4.55/hw_nat.ko	894b91053435a85fa44abb62bfe218c50ffc316f2a2252a75c0d1847f527f200	.rela.text	9851	.text	0x38990	0x38990	0x389f0	R_AARCH64_CALL26	host_notify_npuMbox	1004	1	STT_NOTYPE	SHN_UNDEF	0x0	0x0			unnamed@.text+0x386f0	0x386f0	0x2a0	eh_frame_FDE	0x38c64	0x9c50	direct_call_BL	0x94000000	outgoing	
.local/legacy-firmware/work/extract/stock-rootfs/lib/modules/5.4.55/hw_nat.ko	894b91053435a85fa44abb62bfe218c50ffc316f2a2252a75c0d1847f527f200	.rela.text	9854	.text	0x389a4	0x389a4	0x38a04	R_AARCH64_CALL26	printk	1119	1	STT_NOTYPE	SHN_UNDEF	0x0	0x0			unnamed@.text+0x386f0	0x386f0	0x2b4	eh_frame_FDE	0x38c64	0x9c50	direct_call_BL	0x94000000	outgoing	
.local/legacy-firmware/work/extract/stock-rootfs/lib/modules/5.4.55/hw_nat.ko	894b91053435a85fa44abb62bfe218c50ffc316f2a2252a75c0d1847f527f200	.rela.text	9855	.text	0x389bc	0x389bc	0x38a1c	R_AARCH64_CALL26	dma_free_attrs	1171	1	STT_NOTYPE	SHN_UNDEF	0x0	0x0			unnamed@.text+0x386f0	0x386f0	0x2cc	eh_frame_FDE	0x38c64	0x9c50	direct_call_BL	0x94000000	outgoing	
.local/legacy-firmware/work/extract/stock-rootfs/lib/modules/5.4.55/hw_nat.ko	894b91053435a85fa44abb62bfe218c50ffc316f2a2252a75c0d1847f527f200	.rela.text	9858	.text	0x389d4	0x389d4	0x38a34	R_AARCH64_CALL26	strcmp	1151	1	STT_NOTYPE	SHN_UNDEF	0x0	0x0			unnamed@.text+0x386f0	0x386f0	0x2e4	eh_frame_FDE	0x38c64	0x9c50	direct_call_BL	0x94000000	outgoing	
.local/legacy-firmware/work/extract/stock-rootfs/lib/modules/5.4.55/hw_nat.ko	894b91053435a85fa44abb62bfe218c50ffc316f2a2252a75c0d1847f527f200	.rela.text	9863	.text	0x38a1c	0x38a1c	0x38a7c	R_AARCH64_CALL26	sscanf	1118	1	STT_NOTYPE	SHN_UNDEF	0x0	0x0			unnamed@.text+0x386f0	0x386f0	0x32c	eh_frame_FDE	0x38c64	0x9c50	direct_call_BL	0x94000000	outgoing	
.local/legacy-firmware/work/extract/stock-rootfs/lib/modules/5.4.55/hw_nat.ko	894b91053435a85fa44abb62bfe218c50ffc316f2a2252a75c0d1847f527f200	.rela.text	9864	.text	0x38a28	0x38a28	0x38a88	R_AARCH64_CALL26		2	0	STT_SECTION	.text.unlikely	0x0	0x4140	unnamed@.text.unlikely+0x4140	0x4140	unnamed@.text+0x386f0	0x386f0	0x338	eh_frame_FDE	0x38c64	0x9c50	direct_call_BL	0x94000000	outgoing	
.local/legacy-firmware/work/extract/stock-rootfs/lib/modules/5.4.55/hw_nat.ko	894b91053435a85fa44abb62bfe218c50ffc316f2a2252a75c0d1847f527f200	.rela.text	9867	.text	0x38a98	0x38a98	0x38af8	R_AARCH64_CALL26	printk	1119	1	STT_NOTYPE	SHN_UNDEF	0x0	0x0			unnamed@.text+0x386f0	0x386f0	0x3a8	eh_frame_FDE	0x38c64	0x9c50	direct_call_BL	0x94000000	outgoing	
.local/legacy-firmware/work/extract/stock-rootfs/lib/modules/5.4.55/hw_nat.ko	894b91053435a85fa44abb62bfe218c50ffc316f2a2252a75c0d1847f527f200	.rela.text	9870	.text	0x38aac	0x38aac	0x38b0c	R_AARCH64_CALL26	strcmp	1151	1	STT_NOTYPE	SHN_UNDEF	0x0	0x0			unnamed@.text+0x386f0	0x386f0	0x3bc	eh_frame_FDE	0x38c64	0x9c50	direct_call_BL	0x94000000	outgoing	
.local/legacy-firmware/work/extract/stock-rootfs/lib/modules/5.4.55/hw_nat.ko	894b91053435a85fa44abb62bfe218c50ffc316f2a2252a75c0d1847f527f200	.rela.text	9873	.text	0x38af0	0x38af0	0x38b50	R_AARCH64_CALL26	sscanf	1118	1	STT_NOTYPE	SHN_UNDEF	0x0	0x0			unnamed@.text+0x386f0	0x386f0	0x400	eh_frame_FDE	0x38c64	0x9c50	direct_call_BL	0x94000000	outgoing	
.local/legacy-firmware/work/extract/stock-rootfs/lib/modules/5.4.55/hw_nat.ko	894b91053435a85fa44abb62bfe218c50ffc316f2a2252a75c0d1847f527f200	.rela.text	9876	.text	0x38b08	0x38b08	0x38b68	R_AARCH64_CALL26	printk	1119	1	STT_NOTYPE	SHN_UNDEF	0x0	0x0			unnamed@.text+0x386f0	0x386f0	0x418	eh_frame_FDE	0x38c64	0x9c50	direct_call_BL	0x94000000	outgoing	
.local/legacy-firmware/work/extract/stock-rootfs/lib/modules/5.4.55/hw_nat.ko	894b91053435a85fa44abb62bfe218c50ffc316f2a2252a75c0d1847f527f200	.rela.text	9879	.text	0x38b14	0x38b14	0x38b74	R_AARCH64_CALL26	printk	1119	1	STT_NOTYPE	SHN_UNDEF	0x0	0x0			unnamed@.text+0x386f0	0x386f0	0x424	eh_frame_FDE	0x38c64	0x9c50	direct_call_BL	0x94000000	outgoing	
.local/legacy-firmware/work/extract/stock-rootfs/lib/modules/5.4.55/hw_nat.ko	894b91053435a85fa44abb62bfe218c50ffc316f2a2252a75c0d1847f527f200	.rela.text	9882	.text	0x38b20	0x38b20	0x38b80	R_AARCH64_CALL26	printk	1119	1	STT_NOTYPE	SHN_UNDEF	0x0	0x0			unnamed@.text+0x386f0	0x386f0	0x430	eh_frame_FDE	0x38c64	0x9c50	direct_call_BL	0x94000000	outgoing	
.local/legacy-firmware/work/extract/stock-rootfs/lib/modules/5.4.55/hw_nat.ko	894b91053435a85fa44abb62bfe218c50ffc316f2a2252a75c0d1847f527f200	.rela.text	9883	.text	0x38b38	0x38b38	0x38b98	R_AARCH64_CALL26	dma_alloc_attrs	1095	1	STT_NOTYPE	SHN_UNDEF	0x0	0x0			unnamed@.text+0x386f0	0x386f0	0x448	eh_frame_FDE	0x38c64	0x9c50	direct_call_BL	0x94000000	outgoing	
.local/legacy-firmware/work/extract/stock-rootfs/lib/modules/5.4.55/hw_nat.ko	894b91053435a85fa44abb62bfe218c50ffc316f2a2252a75c0d1847f527f200	.rela.text	9884	.text	0x38b48	0x38b48	0x38ba8	R_AARCH64_CALL26	memset	1134	1	STT_NOTYPE	SHN_UNDEF	0x0	0x0			unnamed@.text+0x386f0	0x386f0	0x458	eh_frame_FDE	0x38c64	0x9c50	direct_call_BL	0x94000000	outgoing	
.local/legacy-firmware/work/extract/stock-rootfs/lib/modules/5.4.55/hw_nat.ko	894b91053435a85fa44abb62bfe218c50ffc316f2a2252a75c0d1847f527f200	.rela.text	9885	.text	0x38b70	0x38b70	0x38bd0	R_AARCH64_CALL26	memmove	976	1	STT_NOTYPE	SHN_UNDEF	0x0	0x0			unnamed@.text+0x386f0	0x386f0	0x480	eh_frame_FDE	0x38c64	0x9c50	direct_call_BL	0x94000000	outgoing	
.local/legacy-firmware/work/extract/stock-rootfs/lib/modules/5.4.55/hw_nat.ko	894b91053435a85fa44abb62bfe218c50ffc316f2a2252a75c0d1847f527f200	.rela.text	9886	.text	0x38bac	0x38bac	0x38c0c	R_AARCH64_CALL26	host_notify_npuMbox	1004	1	STT_NOTYPE	SHN_UNDEF	0x0	0x0			unnamed@.text+0x386f0	0x386f0	0x4bc	eh_frame_FDE	0x38c64	0x9c50	direct_call_BL	0x94000000	outgoing	
.local/legacy-firmware/work/extract/stock-rootfs/lib/modules/5.4.55/hw_nat.ko	894b91053435a85fa44abb62bfe218c50ffc316f2a2252a75c0d1847f527f200	.rela.text	9889	.text	0x38bc0	0x38bc0	0x38c20	R_AARCH64_CALL26	printk	1119	1	STT_NOTYPE	SHN_UNDEF	0x0	0x0			unnamed@.text+0x386f0	0x386f0	0x4d0	eh_frame_FDE	0x38c64	0x9c50	direct_call_BL	0x94000000	outgoing	
.local/legacy-firmware/work/extract/stock-rootfs/lib/modules/5.4.55/hw_nat.ko	894b91053435a85fa44abb62bfe218c50ffc316f2a2252a75c0d1847f527f200	.rela.text	9892	.text	0x38bdc	0x38bdc	0x38c3c	R_AARCH64_CALL26		2	0	STT_SECTION	.text.unlikely	0x0	0x4140	unnamed@.text.unlikely+0x4140	0x4140	unnamed@.text+0x386f0	0x386f0	0x4ec	eh_frame_FDE	0x38c64	0x9c50	direct_call_BL	0x94000000	outgoing	
.local/legacy-firmware/work/extract/stock-rootfs/lib/modules/5.4.55/hw_nat.ko	894b91053435a85fa44abb62bfe218c50ffc316f2a2252a75c0d1847f527f200	.rela.text	9895	.text	0x38c5c	0x38c5c	0x38cbc	R_AARCH64_CALL26	printk	1119	1	STT_NOTYPE	SHN_UNDEF	0x0	0x0			unnamed@.text+0x386f0	0x386f0	0x56c	eh_frame_FDE	0x38c64	0x9c50	direct_call_BL	0x94000000	outgoing	
.local/legacy-firmware/work/extract/stock-rootfs/lib/modules/5.4.55/hw_nat.ko	894b91053435a85fa44abb62bfe218c50ffc316f2a2252a75c0d1847f527f200	.rela.text.unlikely	82	.text.unlikely	0x9c4	0x9c4	0x46db8	R_AARCH64_CALL26	printk	1119	1	STT_NOTYPE	SHN_UNDEF	0x0	0x0			unnamed@.text.unlikely+0x98c	0x98c	0x38	eh_frame_FDE	0xab0	0xc4	direct_call_BL	0x94000000	outgoing	
.local/legacy-firmware/work/extract/stock-rootfs/lib/modules/5.4.55/hw_nat.ko	894b91053435a85fa44abb62bfe218c50ffc316f2a2252a75c0d1847f527f200	.rela.text.unlikely	83	.text.unlikely	0x9c8	0x9c8	0x46dbc	R_AARCH64_CALL26	get_ecnt_npu_dev	1164	1	STT_NOTYPE	SHN_UNDEF	0x0	0x0			unnamed@.text.unlikely+0x98c	0x98c	0x3c	eh_frame_FDE	0xab0	0xc4	direct_call_BL	0x94000000	outgoing	
.local/legacy-firmware/work/extract/stock-rootfs/lib/modules/5.4.55/hw_nat.ko	894b91053435a85fa44abb62bfe218c50ffc316f2a2252a75c0d1847f527f200	.rela.text.unlikely	86	.text.unlikely	0x9dc	0x9dc	0x46dd0	R_AARCH64_CALL26	printk	1119	1	STT_NOTYPE	SHN_UNDEF	0x0	0x0			unnamed@.text.unlikely+0x98c	0x98c	0x50	eh_frame_FDE	0xab0	0xc4	direct_call_BL	0x94000000	outgoing	
.local/legacy-firmware/work/extract/stock-rootfs/lib/modules/5.4.55/hw_nat.ko	894b91053435a85fa44abb62bfe218c50ffc316f2a2252a75c0d1847f527f200	.rela.text.unlikely	87	.text.unlikely	0x9f4	0x9f4	0x46de8	R_AARCH64_CALL26	dma_alloc_attrs	1095	1	STT_NOTYPE	SHN_UNDEF	0x0	0x0			unnamed@.text.unlikely+0x98c	0x98c	0x68	eh_frame_FDE	0xab0	0xc4	direct_call_BL	0x94000000	outgoing	
.local/legacy-firmware/work/extract/stock-rootfs/lib/modules/5.4.55/hw_nat.ko	894b91053435a85fa44abb62bfe218c50ffc316f2a2252a75c0d1847f527f200	.rela.text.unlikely	88	.text.unlikely	0xa10	0xa10	0x46e04	R_AARCH64_CALL26	memset	1134	1	STT_NOTYPE	SHN_UNDEF	0x0	0x0			unnamed@.text.unlikely+0x98c	0x98c	0x84	eh_frame_FDE	0xab0	0xc4	direct_call_BL	0x94000000	outgoing	
.local/legacy-firmware/work/extract/stock-rootfs/lib/modules/5.4.55/hw_nat.ko	894b91053435a85fa44abb62bfe218c50ffc316f2a2252a75c0d1847f527f200	.rela.text.unlikely	89	.text.unlikely	0xa54	0xa54	0x46e48	R_AARCH64_CALL26	host_notify_npuMbox	1004	1	STT_NOTYPE	SHN_UNDEF	0x0	0x0			unnamed@.text.unlikely+0x98c	0x98c	0xc8	eh_frame_FDE	0xab0	0xc4	direct_call_BL	0x94000000	outgoing	
.local/legacy-firmware/work/extract/stock-rootfs/lib/modules/5.4.55/hw_nat.ko	894b91053435a85fa44abb62bfe218c50ffc316f2a2252a75c0d1847f527f200	.rela.text.unlikely	90	.text.unlikely	0xa70	0xa70	0x46e64	R_AARCH64_CALL26	dma_free_attrs	1171	1	STT_NOTYPE	SHN_UNDEF	0x0	0x0			unnamed@.text.unlikely+0x98c	0x98c	0xe4	eh_frame_FDE	0xab0	0xc4	direct_call_BL	0x94000000	outgoing	
.local/legacy-firmware/work/extract/stock-rootfs/lib/modules/5.4.55/hw_nat.ko	894b91053435a85fa44abb62bfe218c50ffc316f2a2252a75c0d1847f527f200	.rela.text.unlikely	95	.text.unlikely	0xa8c	0xa8c	0x46e80	R_AARCH64_CALL26	printk	1119	1	STT_NOTYPE	SHN_UNDEF	0x0	0x0			unnamed@.text.unlikely+0x98c	0x98c	0x100	eh_frame_FDE	0xab0	0xc4	direct_call_BL	0x94000000	outgoing	
.local/legacy-firmware/work/extract/stock-rootfs/lib/modules/5.4.55/hw_nat.ko	894b91053435a85fa44abb62bfe218c50ffc316f2a2252a75c0d1847f527f200	.rela.text.unlikely	96	.text.unlikely	0xa98	0xa98	0x46e8c	R_AARCH64_CALL26	npu_wifi_offload_set_force_to_cpu_flag	1169	1	STT_NOTYPE	SHN_UNDEF	0x0	0x0			unnamed@.text.unlikely+0x98c	0x98c	0x10c	eh_frame_FDE	0xab0	0xc4	direct_call_BL	0x94000000	outgoing	
.local/legacy-firmware/work/extract/stock-rootfs/lib/modules/5.4.55/mt7990.ko	502cd4b1ddab60b5a23a0d4d904f49ddae795dfa09154d70b63f933add323f81	.rela.text	0	.text	0x178	0x178	0x1d8	R_AARCH64_CALL26	__const_udelay	63	1	STT_NOTYPE	SHN_UNDEF	0x0	0x0			unnamed@.text+0x140	0x140	0x38	eh_frame_FDE	0x1ac	0x8c	direct_call_BL	0x94000000	outgoing	
.local/legacy-firmware/work/extract/stock-rootfs/lib/modules/5.4.55/mt7990.ko	502cd4b1ddab60b5a23a0d4d904f49ddae795dfa09154d70b63f933add323f81	.rela.text	86	.text	0xd90	0xd90	0xdf0	R_AARCH64_CALL26	__const_udelay	63	1	STT_NOTYPE	SHN_UNDEF	0x0	0x0			unnamed@.text+0xcc4	0xcc4	0xcc	eh_frame_FDE	0xe70	0x3b0	direct_call_BL	0x94000000	outgoing	
.local/legacy-firmware/work/extract/stock-rootfs/lib/modules/5.4.55/mt7990.ko	502cd4b1ddab60b5a23a0d4d904f49ddae795dfa09154d70b63f933add323f81	.rela.text	91	.text	0xe68	0xe68	0xec8	R_AARCH64_CALL26	_dev_err	53	1	STT_NOTYPE	SHN_UNDEF	0x0	0x0			unnamed@.text+0xcc4	0xcc4	0x1a4	eh_frame_FDE	0xe70	0x3b0	direct_call_BL	0x94000000	outgoing	
.local/legacy-firmware/work/extract/stock-rootfs/lib/modules/5.4.55/mt_wifi.ko	40c8f974ad7317776f602c069c009d1f0d5d939d622ccdee275423fad1e35cb0	.rela.text	8100	.text	0x236d8	0x236d8	0x23738	R_AARCH64_CALL26	os_str_tol	10280	0	STT_FUNC	.text	0x39dab4	0x0	os_str_tol	0x39dab4	unnamed@.text+0x236c0	0x236c0	0x18	eh_frame_FDE	0x237e4	0x4580	direct_call_BL	0x94000000	outgoing	
.local/legacy-firmware/work/extract/stock-rootfs/lib/modules/5.4.55/mt_wifi.ko	40c8f974ad7317776f602c069c009d1f0d5d939d622ccdee275423fad1e35cb0	.rela.text	8103	.text	0x236ec	0x236ec	0x2374c	R_AARCH64_CALL26	printk	10601	1	STT_NOTYPE	SHN_UNDEF	0x0	0x0			unnamed@.text+0x236c0	0x236c0	0x2c	eh_frame_FDE	0x237e4	0x4580	direct_call_BL	0x94000000	outgoing	
.local/legacy-firmware/work/extract/stock-rootfs/lib/modules/5.4.55/mt_wifi.ko	40c8f974ad7317776f602c069c009d1f0d5d939d622ccdee275423fad1e35cb0	.rela.text	8104	.text	0x236f4	0x236f4	0x23754	R_AARCH64_CALL26	get_ecnt_npu_dev	10734	1	STT_NOTYPE	SHN_UNDEF	0x0	0x0			unnamed@.text+0x236c0	0x236c0	0x34	eh_frame_FDE	0x237e4	0x4580	direct_call_BL	0x94000000	outgoing	
.local/legacy-firmware/work/extract/stock-rootfs/lib/modules/5.4.55/mt_wifi.ko	40c8f974ad7317776f602c069c009d1f0d5d939d622ccdee275423fad1e35cb0	.rela.text	8105	.text	0x23714	0x23714	0x23774	R_AARCH64_CALL26	dma_alloc_attrs	10733	1	STT_NOTYPE	SHN_UNDEF	0x0	0x0			unnamed@.text+0x236c0	0x236c0	0x54	eh_frame_FDE	0x237e4	0x4580	direct_call_BL	0x94000000	outgoing	
.local/legacy-firmware/work/extract/stock-rootfs/lib/modules/5.4.55/mt_wifi.ko	40c8f974ad7317776f602c069c009d1f0d5d939d622ccdee275423fad1e35cb0	.rela.text	8106	.text	0x23730	0x23730	0x23790	R_AARCH64_CALL26	memset	10677	1	STT_NOTYPE	SHN_UNDEF	0x0	0x0			unnamed@.text+0x236c0	0x236c0	0x70	eh_frame_FDE	0x237e4	0x4580	direct_call_BL	0x94000000	outgoing	
.local/legacy-firmware/work/extract/stock-rootfs/lib/modules/5.4.55/mt_wifi.ko	40c8f974ad7317776f602c069c009d1f0d5d939d622ccdee275423fad1e35cb0	.rela.text	8107	.text	0x23778	0x23778	0x237d8	R_AARCH64_CALL26	host_notify_npuMbox	10611	1	STT_NOTYPE	SHN_UNDEF	0x0	0x0			unnamed@.text+0x236c0	0x236c0	0xb8	eh_frame_FDE	0x237e4	0x4580	direct_call_BL	0x94000000	outgoing	
.local/legacy-firmware/work/extract/stock-rootfs/lib/modules/5.4.55/mt_wifi.ko	40c8f974ad7317776f602c069c009d1f0d5d939d622ccdee275423fad1e35cb0	.rela.text	8108	.text	0x23794	0x23794	0x237f4	R_AARCH64_CALL26	dma_free_attrs	10713	1	STT_NOTYPE	SHN_UNDEF	0x0	0x0			unnamed@.text+0x236c0	0x236c0	0xd4	eh_frame_FDE	0x237e4	0x4580	direct_call_BL	0x94000000	outgoing	
.local/legacy-firmware/work/extract/stock-rootfs/lib/modules/5.4.55/mt_wifi.ko	40c8f974ad7317776f602c069c009d1f0d5d939d622ccdee275423fad1e35cb0	.rela.text	8111	.text	0x237bc	0x237bc	0x2381c	R_AARCH64_CALL26	printk	10601	1	STT_NOTYPE	SHN_UNDEF	0x0	0x0			unnamed@.text+0x236c0	0x236c0	0xfc	eh_frame_FDE	0x237e4	0x4580	direct_call_BL	0x94000000	outgoing	
.local/legacy-firmware/work/extract/stock-rootfs/lib/modules/5.4.55/mt_wifi.ko	40c8f974ad7317776f602c069c009d1f0d5d939d622ccdee275423fad1e35cb0	.rela.text	8116	.text	0x237d8	0x237d8	0x23838	R_AARCH64_CALL26	printk	10601	1	STT_NOTYPE	SHN_UNDEF	0x0	0x0			unnamed@.text+0x236c0	0x236c0	0x118	eh_frame_FDE	0x237e4	0x4580	direct_call_BL	0x94000000	outgoing	
.local/legacy-firmware/work/extract/stock-rootfs/lib/modules/5.4.55/mt_wifi.ko	40c8f974ad7317776f602c069c009d1f0d5d939d622ccdee275423fad1e35cb0	.rela.text	63075	.text	0x11549c	0x11549c	0x1154fc	R_AARCH64_CALL26	ser_get_all_pAd_by_chipid_hwid	4148	0	STT_FUNC	.text	0x398540	0x0	ser_get_all_pAd_by_chipid_hwid	0x398540	mt7990_ser_1_0_v1	0x115440	0x5c	symbol_size	0x115f74		direct_call_BL	0x94000000	outgoing	
.local/legacy-firmware/work/extract/stock-rootfs/lib/modules/5.4.55/mt_wifi.ko	40c8f974ad7317776f602c069c009d1f0d5d939d622ccdee275423fad1e35cb0	.rela.text	63079	.text	0x115520	0x115520	0x115580	R_AARCH64_CALL26	ser_get_time	1913	0	STT_FUNC	.text	0x3982a0	0x0	ser_get_time	0x3982a0	mt7990_ser_1_0_v1	0x115440	0xe0	symbol_size	0x115f74		direct_call_BL	0x94000000	outgoing	
.local/legacy-firmware/work/extract/stock-rootfs/lib/modules/5.4.55/mt_wifi.ko	40c8f974ad7317776f602c069c009d1f0d5d939d622ccdee275423fad1e35cb0	.rela.text	63080	.text	0x115530	0x115530	0x115590	R_AARCH64_CALL26	ser_tans_ser_state	10278	0	STT_FUNC	.text	0x398130	0x0	ser_tans_ser_state	0x398130	mt7990_ser_1_0_v1	0x115440	0xf0	symbol_size	0x115f74		direct_call_BL	0x94000000	outgoing	
.local/legacy-firmware/work/extract/stock-rootfs/lib/modules/5.4.55/mt_wifi.ko	40c8f974ad7317776f602c069c009d1f0d5d939d622ccdee275423fad1e35cb0	.rela.text	63081	.text	0x11553c	0x11553c	0x11559c	R_AARCH64_CALL26	ser_ack_event	8663	0	STT_FUNC	.text	0x398604	0x0	ser_ack_event	0x398604	mt7990_ser_1_0_v1	0x115440	0xfc	symbol_size	0x115f74		direct_call_BL	0x94000000	both	
.local/legacy-firmware/work/extract/stock-rootfs/lib/modules/5.4.55/mt_wifi.ko	40c8f974ad7317776f602c069c009d1f0d5d939d622ccdee275423fad1e35cb0	.rela.text	63082	.text	0x115540	0x115540	0x1155a0	R_AARCH64_CALL26	ser_get_time	1913	0	STT_FUNC	.text	0x3982a0	0x0	ser_get_time	0x3982a0	mt7990_ser_1_0_v1	0x115440	0x100	symbol_size	0x115f74		direct_call_BL	0x94000000	outgoing	
.local/legacy-firmware/work/extract/stock-rootfs/lib/modules/5.4.55/mt_wifi.ko	40c8f974ad7317776f602c069c009d1f0d5d939d622ccdee275423fad1e35cb0	.rela.text	63090	.text	0x1155b4	0x1155b4	0x115614	R_AARCH64_CALL26	mtwf_dbg_prt	4914	0	STT_FUNC	.text	0x1e46b0	0x0	mtwf_dbg_prt	0x1e46b0	mt7990_ser_1_0_v1	0x115440	0x174	symbol_size	0x115f74		direct_call_BL	0x94000000	outgoing	
.local/legacy-firmware/work/extract/stock-rootfs/lib/modules/5.4.55/mt_wifi.ko	40c8f974ad7317776f602c069c009d1f0d5d939d622ccdee275423fad1e35cb0	.rela.text	63098	.text	0x1155f0	0x1155f0	0x115650	R_AARCH64_CALL26	mtwf_dbg_prt	4914	0	STT_FUNC	.text	0x1e46b0	0x0	mtwf_dbg_prt	0x1e46b0	mt7990_ser_1_0_v1	0x115440	0x1b0	symbol_size	0x115f74		direct_call_BL	0x94000000	outgoing	
.local/legacy-firmware/work/extract/stock-rootfs/lib/modules/5.4.55/mt_wifi.ko	40c8f974ad7317776f602c069c009d1f0d5d939d622ccdee275423fad1e35cb0	.rela.text	63103	.text	0x115650	0x115650	0x1156b0	R_AARCH64_CALL26	mtwf_dbg_prt	4914	0	STT_FUNC	.text	0x1e46b0	0x0	mtwf_dbg_prt	0x1e46b0	mt7990_ser_1_0_v1	0x115440	0x210	symbol_size	0x115f74		direct_call_BL	0x94000000	outgoing	
.local/legacy-firmware/work/extract/stock-rootfs/lib/modules/5.4.55/mt_wifi.ko	40c8f974ad7317776f602c069c009d1f0d5d939d622ccdee275423fad1e35cb0	.rela.text	63104	.text	0x115668	0x115668	0x1156c8	R_AARCH64_CALL26	asic_ser_handler	5465	0	STT_FUNC	.text	0x34d820	0x0	asic_ser_handler	0x34d820	mt7990_ser_1_0_v1	0x115440	0x228	symbol_size	0x115f74		direct_call_BL	0x94000000	both	
.local/legacy-firmware/work/extract/stock-rootfs/lib/modules/5.4.55/mt_wifi.ko	40c8f974ad7317776f602c069c009d1f0d5d939d622ccdee275423fad1e35cb0	.rela.text	63105	.text	0x115678	0x115678	0x1156d8	R_AARCH64_CALL26	asic_ser_handler	5465	0	STT_FUNC	.text	0x34d820	0x0	asic_ser_handler	0x34d820	mt7990_ser_1_0_v1	0x115440	0x238	symbol_size	0x115f74		direct_call_BL	0x94000000	both	
.local/legacy-firmware/work/extract/stock-rootfs/lib/modules/5.4.55/mt_wifi.ko	40c8f974ad7317776f602c069c009d1f0d5d939d622ccdee275423fad1e35cb0	.rela.text	63109	.text	0x115698	0x115698	0x1156f8	R_AARCH64_CALL26	ser_get_curr_state	5913	0	STT_FUNC	.text	0x398180	0x0	ser_get_curr_state	0x398180	mt7990_ser_1_0_v1	0x115440	0x258	symbol_size	0x115f74		direct_call_BL	0x94000000	outgoing	
.local/legacy-firmware/work/extract/stock-rootfs/lib/modules/5.4.55/mt_wifi.ko	40c8f974ad7317776f602c069c009d1f0d5d939d622ccdee275423fad1e35cb0	.rela.text	63114	.text	0x1156c4	0x1156c4	0x115724	R_AARCH64_CALL26	mtwf_dbg_prt	4914	0	STT_FUNC	.text	0x1e46b0	0x0	mtwf_dbg_prt	0x1e46b0	mt7990_ser_1_0_v1	0x115440	0x284	symbol_size	0x115f74		direct_call_BL	0x94000000	outgoing	
.local/legacy-firmware/work/extract/stock-rootfs/lib/modules/5.4.55/mt_wifi.ko	40c8f974ad7317776f602c069c009d1f0d5d939d622ccdee275423fad1e35cb0	.rela.text	63115	.text	0x1156e8	0x1156e8	0x115748	R_AARCH64_CALL26	ser_tans_ser_state	10278	0	STT_FUNC	.text	0x398130	0x0	ser_tans_ser_state	0x398130	mt7990_ser_1_0_v1	0x115440	0x2a8	symbol_size	0x115f74		direct_call_BL	0x94000000	outgoing	
.local/legacy-firmware/work/extract/stock-rootfs/lib/modules/5.4.55/mt_wifi.ko	40c8f974ad7317776f602c069c009d1f0d5d939d622ccdee275423fad1e35cb0	.rela.text	63116	.text	0x1156f8	0x1156f8	0x115758	R_AARCH64_CALL26	mt7990_ser_1_0_v1	7353	0	STT_FUNC	.text	0x115440	0x0	mt7990_ser_1_0_v1	0x115440	mt7990_ser_1_0_v1	0x115440	0x2b8	symbol_size	0x115f74		direct_call_BL	0x94000000	both	
.local/legacy-firmware/work/extract/stock-rootfs/lib/modules/5.4.55/mt_wifi.ko	40c8f974ad7317776f602c069c009d1f0d5d939d622ccdee275423fad1e35cb0	.rela.text	63120	.text	0x115734	0x115734	0x115794	R_AARCH64_CALL26	asic_ser_handler	5465	0	STT_FUNC	.text	0x34d820	0x0	asic_ser_handler	0x34d820	mt7990_ser_1_0_v1	0x115440	0x2f4	symbol_size	0x115f74		direct_call_BL	0x94000000	both	
.local/legacy-firmware/work/extract/stock-rootfs/lib/modules/5.4.55/mt_wifi.ko	40c8f974ad7317776f602c069c009d1f0d5d939d622ccdee275423fad1e35cb0	.rela.text	63124	.text	0x115758	0x115758	0x1157b8	R_AARCH64_CALL26	asic_ser_handler	5465	0	STT_FUNC	.text	0x34d820	0x0	asic_ser_handler	0x34d820	mt7990_ser_1_0_v1	0x115440	0x318	symbol_size	0x115f74		direct_call_BL	0x94000000	both	
.local/legacy-firmware/work/extract/stock-rootfs/lib/modules/5.4.55/mt_wifi.ko	40c8f974ad7317776f602c069c009d1f0d5d939d622ccdee275423fad1e35cb0	.rela.text	63129	.text	0x11578c	0x11578c	0x1157ec	R_AARCH64_CALL26	mtwf_dbg_prt	4914	0	STT_FUNC	.text	0x1e46b0	0x0	mtwf_dbg_prt	0x1e46b0	mt7990_ser_1_0_v1	0x115440	0x34c	symbol_size	0x115f74		direct_call_BL	0x94000000	outgoing	
.local/legacy-firmware/work/extract/stock-rootfs/lib/modules/5.4.55/mt_wifi.ko	40c8f974ad7317776f602c069c009d1f0d5d939d622ccdee275423fad1e35cb0	.rela.text	63134	.text	0x1157cc	0x1157cc	0x11582c	R_AARCH64_CALL26	mtwf_dbg_prt	4914	0	STT_FUNC	.text	0x1e46b0	0x0	mtwf_dbg_prt	0x1e46b0	mt7990_ser_1_0_v1	0x115440	0x38c	symbol_size	0x115f74		direct_call_BL	0x94000000	outgoing	
.local/legacy-firmware/work/extract/stock-rootfs/lib/modules/5.4.55/mt_wifi.ko	40c8f974ad7317776f602c069c009d1f0d5d939d622ccdee275423fad1e35cb0	.rela.text	63136	.text	0x115824	0x115824	0x115884	R_AARCH64_CALL26	ser_get_curr_state	5913	0	STT_FUNC	.text	0x398180	0x0	ser_get_curr_state	0x398180	mt7990_ser_1_0_v1	0x115440	0x3e4	symbol_size	0x115f74		direct_call_BL	0x94000000	outgoing	
.local/legacy-firmware/work/extract/stock-rootfs/lib/modules/5.4.55/mt_wifi.ko	40c8f974ad7317776f602c069c009d1f0d5d939d622ccdee275423fad1e35cb0	.rela.text	63141	.text	0x115850	0x115850	0x1158b0	R_AARCH64_CALL26	mtwf_dbg_prt	4914	0	STT_FUNC	.text	0x1e46b0	0x0	mtwf_dbg_prt	0x1e46b0	mt7990_ser_1_0_v1	0x115440	0x410	symbol_size	0x115f74		direct_call_BL	0x94000000	outgoing	
.local/legacy-firmware/work/extract/stock-rootfs/lib/modules/5.4.55/mt_wifi.ko	40c8f974ad7317776f602c069c009d1f0d5d939d622ccdee275423fad1e35cb0	.rela.text	63143	.text	0x115884	0x115884	0x1158e4	R_AARCH64_CALL26	ser_get_time	1913	0	STT_FUNC	.text	0x3982a0	0x0	ser_get_time	0x3982a0	mt7990_ser_1_0_v1	0x115440	0x444	symbol_size	0x115f74		direct_call_BL	0x94000000	outgoing	
.local/legacy-firmware/work/extract/stock-rootfs/lib/modules/5.4.55/mt_wifi.ko	40c8f974ad7317776f602c069c009d1f0d5d939d622ccdee275423fad1e35cb0	.rela.text	63144	.text	0x1158ac	0x1158ac	0x11590c	R_AARCH64_CALL26	qm_exit_perband	7278	0	STT_FUNC	.text	0x1b9310	0x0	qm_exit_perband	0x1b9310	mt7990_ser_1_0_v1	0x115440	0x46c	symbol_size	0x115f74		direct_call_BL	0x94000000	outgoing	
.local/legacy-firmware/work/extract/stock-rootfs/lib/modules/5.4.55/mt_wifi.ko	40c8f974ad7317776f602c069c009d1f0d5d939d622ccdee275423fad1e35cb0	.rela.text	63145	.text	0x1158f4	0x1158f4	0x115954	R_AARCH64_CALL26	ser_ack_event	8663	0	STT_FUNC	.text	0x398604	0x0	ser_ack_event	0x398604	mt7990_ser_1_0_v1	0x115440	0x4b4	symbol_size	0x115f74		direct_call_BL	0x94000000	both	
.local/legacy-firmware/work/extract/stock-rootfs/lib/modules/5.4.55/mt_wifi.ko	40c8f974ad7317776f602c069c009d1f0d5d939d622ccdee275423fad1e35cb0	.rela.text	63146	.text	0x1158fc	0x1158fc	0x11595c	R_AARCH64_CALL26	ser_get_fe_pAd_by_mainpAd	1478	0	STT_FUNC	.text	0x398764	0x0	ser_get_fe_pAd_by_mainpAd	0x398764	mt7990_ser_1_0_v1	0x115440	0x4bc	symbol_size	0x115f74		direct_call_BL	0x94000000	outgoing	
.local/legacy-firmware/work/extract/stock-rootfs/lib/modules/5.4.55/mt_wifi.ko	40c8f974ad7317776f602c069c009d1f0d5d939d622ccdee275423fad1e35cb0	.rela.text	63147	.text	0x115920	0x115920	0x115980	R_AARCH64_CALL26	ser_tans_ser_state	10278	0	STT_FUNC	.text	0x398130	0x0	ser_tans_ser_state	0x398130	mt7990_ser_1_0_v1	0x115440	0x4e0	symbol_size	0x115f74		direct_call_BL	0x94000000	outgoing	
.local/legacy-firmware/work/extract/stock-rootfs/lib/modules/5.4.55/mt_wifi.ko	40c8f974ad7317776f602c069c009d1f0d5d939d622ccdee275423fad1e35cb0	.rela.text	63149	.text	0x11593c	0x11593c	0x11599c	R_AARCH64_CALL26	ser_get_curr_state	5913	0	STT_FUNC	.text	0x398180	0x0	ser_get_curr_state	0x398180	mt7990_ser_1_0_v1	0x115440	0x4fc	symbol_size	0x115f74		direct_call_BL	0x94000000	outgoing	
.local/legacy-firmware/work/extract/stock-rootfs/lib/modules/5.4.55/mt_wifi.ko	40c8f974ad7317776f602c069c009d1f0d5d939d622ccdee275423fad1e35cb0	.rela.text	63152	.text	0x115964	0x115964	0x1159c4	R_AARCH64_CALL26	mtwf_dbg_prt	4914	0	STT_FUNC	.text	0x1e46b0	0x0	mtwf_dbg_prt	0x1e46b0	mt7990_ser_1_0_v1	0x115440	0x524	symbol_size	0x115f74		direct_call_BL	0x94000000	outgoing	
.local/legacy-firmware/work/extract/stock-rootfs/lib/modules/5.4.55/mt_wifi.ko	40c8f974ad7317776f602c069c009d1f0d5d939d622ccdee275423fad1e35cb0	.rela.text	63153	.text	0x115978	0x115978	0x1159d8	R_AARCH64_CALL26	ser_tans_ser_state	10278	0	STT_FUNC	.text	0x398130	0x0	ser_tans_ser_state	0x398130	mt7990_ser_1_0_v1	0x115440	0x538	symbol_size	0x115f74		direct_call_BL	0x94000000	outgoing	
.local/legacy-firmware/work/extract/stock-rootfs/lib/modules/5.4.55/mt_wifi.ko	40c8f974ad7317776f602c069c009d1f0d5d939d622ccdee275423fad1e35cb0	.rela.text	63155	.text	0x11599c	0x11599c	0x1159fc	R_AARCH64_CALL26	ser_get_curr_state	5913	0	STT_FUNC	.text	0x398180	0x0	ser_get_curr_state	0x398180	mt7990_ser_1_0_v1	0x115440	0x55c	symbol_size	0x115f74		direct_call_BL	0x94000000	outgoing	
.local/legacy-firmware/work/extract/stock-rootfs/lib/modules/5.4.55/mt_wifi.ko	40c8f974ad7317776f602c069c009d1f0d5d939d622ccdee275423fad1e35cb0	.rela.text	63160	.text	0x1159c8	0x1159c8	0x115a28	R_AARCH64_CALL26	mtwf_dbg_prt	4914	0	STT_FUNC	.text	0x1e46b0	0x0	mtwf_dbg_prt	0x1e46b0	mt7990_ser_1_0_v1	0x115440	0x588	symbol_size	0x115f74		direct_call_BL	0x94000000	outgoing	
.local/legacy-firmware/work/extract/stock-rootfs/lib/modules/5.4.55/mt_wifi.ko	40c8f974ad7317776f602c069c009d1f0d5d939d622ccdee275423fad1e35cb0	.rela.text	63161	.text	0x1159d0	0x1159d0	0x115a30	R_AARCH64_CALL26	ser_get_time	1913	0	STT_FUNC	.text	0x3982a0	0x0	ser_get_time	0x3982a0	mt7990_ser_1_0_v1	0x115440	0x590	symbol_size	0x115f74		direct_call_BL	0x94000000	outgoing	
.local/legacy-firmware/work/extract/stock-rootfs/lib/modules/5.4.55/mt_wifi.ko	40c8f974ad7317776f602c069c009d1f0d5d939d622ccdee275423fad1e35cb0	.rela.text	63165	.text	0x1159ec	0x1159ec	0x115a4c	R_AARCH64_CALL26	ser_get_time	1913	0	STT_FUNC	.text	0x3982a0	0x0	ser_get_time	0x3982a0	mt7990_ser_1_0_v1	0x115440	0x5ac	symbol_size	0x115f74		direct_call_BL	0x94000000	outgoing	
.local/legacy-firmware/work/extract/stock-rootfs/lib/modules/5.4.55/mt_wifi.ko	40c8f974ad7317776f602c069c009d1f0d5d939d622ccdee275423fad1e35cb0	.rela.text	63166	.text	0x1159f8	0x1159f8	0x115a58	R_AARCH64_CALL26	_ser_dump_timelog	3347	0	STT_FUNC	.text	0x3982b4	0x0	_ser_dump_timelog	0x3982b4	mt7990_ser_1_0_v1	0x115440	0x5b8	symbol_size	0x115f74		direct_call_BL	0x94000000	outgoing	
.local/legacy-firmware/work/extract/stock-rootfs/lib/modules/5.4.55/mt_wifi.ko	40c8f974ad7317776f602c069c009d1f0d5d939d622ccdee275423fad1e35cb0	.rela.text	63170	.text	0x115a20	0x115a20	0x115a80	R_AARCH64_CALL26	ser_tans_ser_state	10278	0	STT_FUNC	.text	0x398130	0x0	ser_tans_ser_state	0x398130	mt7990_ser_1_0_v1	0x115440	0x5e0	symbol_size	0x115f74		direct_call_BL	0x94000000	outgoing	
.local/legacy-firmware/work/extract/stock-rootfs/lib/modules/5.4.55/mt_wifi.ko	40c8f974ad7317776f602c069c009d1f0d5d939d622ccdee275423fad1e35cb0	.rela.text	63171	.text	0x115a28	0x115a28	0x115a88	R_AARCH64_CALL26	mt7990_ser_1_0_v1	7353	0	STT_FUNC	.text	0x115440	0x0	mt7990_ser_1_0_v1	0x115440	mt7990_ser_1_0_v1	0x115440	0x5e8	symbol_size	0x115f74		direct_call_BL	0x94000000	both	
.local/legacy-firmware/work/extract/stock-rootfs/lib/modules/5.4.55/mt_wifi.ko	40c8f974ad7317776f602c069c009d1f0d5d939d622ccdee275423fad1e35cb0	.rela.text	63172	.text	0x115a38	0x115a38	0x115a98	R_AARCH64_CALL26	os_zero_mem	9981	0	STT_FUNC	.text	0x39d9e4	0x0	os_zero_mem	0x39d9e4	mt7990_ser_1_0_v1	0x115440	0x5f8	symbol_size	0x115f74		direct_call_BL	0x94000000	outgoing	
.local/legacy-firmware/work/extract/stock-rootfs/lib/modules/5.4.55/mt_wifi.ko	40c8f974ad7317776f602c069c009d1f0d5d939d622ccdee275423fad1e35cb0	.rela.text	63173	.text	0x115a3c	0x115a3c	0x115a9c	R_AARCH64_CALL26	ser_get_time	1913	0	STT_FUNC	.text	0x3982a0	0x0	ser_get_time	0x3982a0	mt7990_ser_1_0_v1	0x115440	0x5fc	symbol_size	0x115f74		direct_call_BL	0x94000000	outgoing	
.local/legacy-firmware/work/extract/stock-rootfs/lib/modules/5.4.55/mt_wifi.ko	40c8f974ad7317776f602c069c009d1f0d5d939d622ccdee275423fad1e35cb0	.rela.text	63181	.text	0x115a80	0x115a80	0x115ae0	R_AARCH64_CALL26	physical_device_init_timer	4639	0	STT_FUNC	.text	0x38acf0	0x0	physical_device_init_timer	0x38acf0	mt7990_ser_1_0_v1	0x115440	0x640	symbol_size	0x115f74		direct_call_BL	0x94000000	outgoing	
.local/legacy-firmware/work/extract/stock-rootfs/lib/modules/5.4.55/mt_wifi.ko	40c8f974ad7317776f602c069c009d1f0d5d939d622ccdee275423fad1e35cb0	.rela.text	63182	.text	0x115a8c	0x115a8c	0x115aec	R_AARCH64_CALL26	RTMPSetTimer	2788	0	STT_FUNC	.text	0x1c4b94	0x0	RTMPSetTimer	0x1c4b94	mt7990_ser_1_0_v1	0x115440	0x64c	symbol_size	0x115f74		direct_call_BL	0x94000000	outgoing	
.local/legacy-firmware/work/extract/stock-rootfs/lib/modules/5.4.55/mt_wifi.ko	40c8f974ad7317776f602c069c009d1f0d5d939d622ccdee275423fad1e35cb0	.rela.text	63183	.text	0x115a98	0x115a98	0x115af8	R_AARCH64_CALL26	ser_tans_ser_state	10278	0	STT_FUNC	.text	0x398130	0x0	ser_tans_ser_state	0x398130	mt7990_ser_1_0_v1	0x115440	0x658	symbol_size	0x115f74		direct_call_BL	0x94000000	outgoing	
.local/legacy-firmware/work/extract/stock-rootfs/lib/modules/5.4.55/mt_wifi.ko	40c8f974ad7317776f602c069c009d1f0d5d939d622ccdee275423fad1e35cb0	.rela.text	63184	.text	0x115b0c	0x115b0c	0x115b6c	R_AARCH64_CALL26	asic_ser_handler	5465	0	STT_FUNC	.text	0x34d820	0x0	asic_ser_handler	0x34d820	mt7990_ser_1_0_v1	0x115440	0x6cc	symbol_size	0x115f74		direct_call_BL	0x94000000	both	
.local/legacy-firmware/work/extract/stock-rootfs/lib/modules/5.4.55/mt_wifi.ko	40c8f974ad7317776f602c069c009d1f0d5d939d622ccdee275423fad1e35cb0	.rela.text	63185	.text	0x115b20	0x115b20	0x115b80	R_AARCH64_CALL26	asic_ser_handler	5465	0	STT_FUNC	.text	0x34d820	0x0	asic_ser_handler	0x34d820	mt7990_ser_1_0_v1	0x115440	0x6e0	symbol_size	0x115f74		direct_call_BL	0x94000000	both	
.local/legacy-firmware/work/extract/stock-rootfs/lib/modules/5.4.55/mt_wifi.ko	40c8f974ad7317776f602c069c009d1f0d5d939d622ccdee275423fad1e35cb0	.rela.text	63186	.text	0x115b38	0x115b38	0x115b98	R_AARCH64_CALL26	qm_init_perband	8845	0	STT_FUNC	.text	0x1b9250	0x0	qm_init_perband	0x1b9250	mt7990_ser_1_0_v1	0x115440	0x6f8	symbol_size	0x115f74		direct_call_BL	0x94000000	outgoing	
.local/legacy-firmware/work/extract/stock-rootfs/lib/modules/5.4.55/mt_wifi.ko	40c8f974ad7317776f602c069c009d1f0d5d939d622ccdee275423fad1e35cb0	.rela.text	63187	.text	0x115b40	0x115b40	0x115ba0	R_AARCH64_CALL26	tm_init	1821	0	STT_FUNC	.text	0x3a7e30	0x0	tm_init	0x3a7e30	mt7990_ser_1_0_v1	0x115440	0x700	symbol_size	0x115f74		direct_call_BL	0x94000000	outgoing	
.local/legacy-firmware/work/extract/stock-rootfs/lib/modules/5.4.55/mt_wifi.ko	40c8f974ad7317776f602c069c009d1f0d5d939d622ccdee275423fad1e35cb0	.rela.text	63188	.text	0x115b7c	0x115b7c	0x115bdc	R_AARCH64_CALL26	tm_exit	5042	0	STT_FUNC	.text	0x3a7ea4	0x0	tm_exit	0x3a7ea4	mt7990_ser_1_0_v1	0x115440	0x73c	symbol_size	0x115f74		direct_call_BL	0x94000000	outgoing	
.local/legacy-firmware/work/extract/stock-rootfs/lib/modules/5.4.55/mt_wifi.ko	40c8f974ad7317776f602c069c009d1f0d5d939d622ccdee275423fad1e35cb0	.rela.text	63189	.text	0x115c00	0x115c00	0x115c60	R_AARCH64_CALL26	asic_ser_handler	5465	0	STT_FUNC	.text	0x34d820	0x0	asic_ser_handler	0x34d820	mt7990_ser_1_0_v1	0x115440	0x7c0	symbol_size	0x115f74		direct_call_BL	0x94000000	both	
.local/legacy-firmware/work/extract/stock-rootfs/lib/modules/5.4.55/mt_wifi.ko	40c8f974ad7317776f602c069c009d1f0d5d939d622ccdee275423fad1e35cb0	.rela.text	63190	.text	0x115c10	0x115c10	0x115c70	R_AARCH64_CALL26	asic_ser_handler	5465	0	STT_FUNC	.text	0x34d820	0x0	asic_ser_handler	0x34d820	mt7990_ser_1_0_v1	0x115440	0x7d0	symbol_size	0x115f74		direct_call_BL	0x94000000	both	
.local/legacy-firmware/work/extract/stock-rootfs/lib/modules/5.4.55/mt_wifi.ko	40c8f974ad7317776f602c069c009d1f0d5d939d622ccdee275423fad1e35cb0	.rela.text	63191	.text	0x115c1c	0x115c1c	0x115c7c	R_AARCH64_CALL26	ser_tans_ser_state	10278	0	STT_FUNC	.text	0x398130	0x0	ser_tans_ser_state	0x398130	mt7990_ser_1_0_v1	0x115440	0x7dc	symbol_size	0x115f74		direct_call_BL	0x94000000	outgoing	
.local/legacy-firmware/work/extract/stock-rootfs/lib/modules/5.4.55/mt_wifi.ko	40c8f974ad7317776f602c069c009d1f0d5d939d622ccdee275423fad1e35cb0	.rela.text	63192	.text	0x115c28	0x115c28	0x115c88	R_AARCH64_CALL26	ser_ack_event	8663	0	STT_FUNC	.text	0x398604	0x0	ser_ack_event	0x398604	mt7990_ser_1_0_v1	0x115440	0x7e8	symbol_size	0x115f74		direct_call_BL	0x94000000	both	
.local/legacy-firmware/work/extract/stock-rootfs/lib/modules/5.4.55/mt_wifi.ko	40c8f974ad7317776f602c069c009d1f0d5d939d622ccdee275423fad1e35cb0	.rela.text	63193	.text	0x115c2c	0x115c2c	0x115c8c	R_AARCH64_CALL26	ser_get_time	1913	0	STT_FUNC	.text	0x3982a0	0x0	ser_get_time	0x3982a0	mt7990_ser_1_0_v1	0x115440	0x7ec	symbol_size	0x115f74		direct_call_BL	0x94000000	outgoing	
.local/legacy-firmware/work/extract/stock-rootfs/lib/modules/5.4.55/mt_wifi.ko	40c8f974ad7317776f602c069c009d1f0d5d939d622ccdee275423fad1e35cb0	.rela.text	63194	.text	0x115c44	0x115c44	0x115ca4	R_AARCH64_CALL26	ser_ack_event	8663	0	STT_FUNC	.text	0x398604	0x0	ser_ack_event	0x398604	mt7990_ser_1_0_v1	0x115440	0x804	symbol_size	0x115f74		direct_call_BL	0x94000000	both	
.local/legacy-firmware/work/extract/stock-rootfs/lib/modules/5.4.55/mt_wifi.ko	40c8f974ad7317776f602c069c009d1f0d5d939d622ccdee275423fad1e35cb0	.rela.text	63195	.text	0x115c60	0x115c60	0x115cc0	R_AARCH64_CALL26	asic_ser_handler	5465	0	STT_FUNC	.text	0x34d820	0x0	asic_ser_handler	0x34d820	mt7990_ser_1_0_v1	0x115440	0x820	symbol_size	0x115f74		direct_call_BL	0x94000000	both	
.local/legacy-firmware/work/extract/stock-rootfs/lib/modules/5.4.55/mt_wifi.ko	40c8f974ad7317776f602c069c009d1f0d5d939d622ccdee275423fad1e35cb0	.rela.text	63196	.text	0x115c98	0x115c98	0x115cf8	R_AARCH64_CALL26	RtmpusecDelay	8309	0	STT_FUNC	.text	0x39a3a4	0x0	RtmpusecDelay	0x39a3a4	mt7990_ser_1_0_v1	0x115440	0x858	symbol_size	0x115f74		direct_call_BL	0x94000000	outgoing	
.local/legacy-firmware/work/extract/stock-rootfs/lib/modules/5.4.55/mt_wifi.ko	40c8f974ad7317776f602c069c009d1f0d5d939d622ccdee275423fad1e35cb0	.rela.text	63197	.text	0x115cb0	0x115cb0	0x115d10	R_AARCH64_CALL26	asic_ser_handler	5465	0	STT_FUNC	.text	0x34d820	0x0	asic_ser_handler	0x34d820	mt7990_ser_1_0_v1	0x115440	0x870	symbol_size	0x115f74		direct_call_BL	0x94000000	both	
.local/legacy-firmware/work/extract/stock-rootfs/lib/modules/5.4.55/mt_wifi.ko	40c8f974ad7317776f602c069c009d1f0d5d939d622ccdee275423fad1e35cb0	.rela.text	63198	.text	0x115ce4	0x115ce4	0x115d44	R_AARCH64_CALL26	ser_ack_event	8663	0	STT_FUNC	.text	0x398604	0x0	ser_ack_event	0x398604	mt7990_ser_1_0_v1	0x115440	0x8a4	symbol_size	0x115f74		direct_call_BL	0x94000000	both	
.local/legacy-firmware/work/extract/stock-rootfs/lib/modules/5.4.55/mt_wifi.ko	40c8f974ad7317776f602c069c009d1f0d5d939d622ccdee275423fad1e35cb0	.rela.text	63199	.text	0x115cf0	0x115cf0	0x115d50	R_AARCH64_CALL26	RtmpusecDelay	8309	0	STT_FUNC	.text	0x39a3a4	0x0	RtmpusecDelay	0x39a3a4	mt7990_ser_1_0_v1	0x115440	0x8b0	symbol_size	0x115f74		direct_call_BL	0x94000000	outgoing	
.local/legacy-firmware/work/extract/stock-rootfs/lib/modules/5.4.55/mt_wifi.ko	40c8f974ad7317776f602c069c009d1f0d5d939d622ccdee275423fad1e35cb0	.rela.text	63200	.text	0x115cf8	0x115cf8	0x115d58	R_AARCH64_CALL26	mt7990_ser_1_0_v1	7353	0	STT_FUNC	.text	0x115440	0x0	mt7990_ser_1_0_v1	0x115440	mt7990_ser_1_0_v1	0x115440	0x8b8	symbol_size	0x115f74		direct_call_BL	0x94000000	both	
.local/legacy-firmware/work/extract/stock-rootfs/lib/modules/5.4.55/mt_wifi.ko	40c8f974ad7317776f602c069c009d1f0d5d939d622ccdee275423fad1e35cb0	.rela.text	63201	.text	0x115cfc	0x115cfc	0x115d5c	R_AARCH64_CALL26	ser_get_time	1913	0	STT_FUNC	.text	0x3982a0	0x0	ser_get_time	0x3982a0	mt7990_ser_1_0_v1	0x115440	0x8bc	symbol_size	0x115f74		direct_call_BL	0x94000000	outgoing	
.local/legacy-firmware/work/extract/stock-rootfs/lib/modules/5.4.55/mt_wifi.ko	40c8f974ad7317776f602c069c009d1f0d5d939d622ccdee275423fad1e35cb0	.rela.text	63202	.text	0x115d10	0x115d10	0x115d70	R_AARCH64_CALL26	ser_get_time	1913	0	STT_FUNC	.text	0x3982a0	0x0	ser_get_time	0x3982a0	mt7990_ser_1_0_v1	0x115440	0x8d0	symbol_size	0x115f74		direct_call_BL	0x94000000	outgoing	
.local/legacy-firmware/work/extract/stock-rootfs/lib/modules/5.4.55/mt_wifi.ko	40c8f974ad7317776f602c069c009d1f0d5d939d622ccdee275423fad1e35cb0	.rela.text	63203	.text	0x115d24	0x115d24	0x115d84	R_AARCH64_CALL26	ser_tans_ser_state	10278	0	STT_FUNC	.text	0x398130	0x0	ser_tans_ser_state	0x398130	mt7990_ser_1_0_v1	0x115440	0x8e4	symbol_size	0x115f74		direct_call_BL	0x94000000	outgoing	
.local/legacy-firmware/work/extract/stock-rootfs/lib/modules/5.4.55/mt_wifi.ko	40c8f974ad7317776f602c069c009d1f0d5d939d622ccdee275423fad1e35cb0	.rela.text	63204	.text	0x115d28	0x115d28	0x115d88	R_AARCH64_CALL26	ser_get_time	1913	0	STT_FUNC	.text	0x3982a0	0x0	ser_get_time	0x3982a0	mt7990_ser_1_0_v1	0x115440	0x8e8	symbol_size	0x115f74		direct_call_BL	0x94000000	outgoing	
.local/legacy-firmware/work/extract/stock-rootfs/lib/modules/5.4.55/mt_wifi.ko	40c8f974ad7317776f602c069c009d1f0d5d939d622ccdee275423fad1e35cb0	.rela.text	63205	.text	0x115d34	0x115d34	0x115d94	R_AARCH64_CALL26	_ser_dump_timelog	3347	0	STT_FUNC	.text	0x3982b4	0x0	_ser_dump_timelog	0x3982b4	mt7990_ser_1_0_v1	0x115440	0x8f4	symbol_size	0x115f74		direct_call_BL	0x94000000	outgoing	
.local/legacy-firmware/work/extract/stock-rootfs/lib/modules/5.4.55/mt_wifi.ko	40c8f974ad7317776f602c069c009d1f0d5d939d622ccdee275423fad1e35cb0	.rela.text	63212	.text	0x115da8	0x115da8	0x115e08	R_AARCH64_CALL26	RTMPReleaseTimer	2324	0	STT_FUNC	.text	0x1c50e0	0x0	RTMPReleaseTimer	0x1c50e0	mt7990_ser_1_0_v1	0x115440	0x968	symbol_size	0x115f74		direct_call_BL	0x94000000	outgoing	
.local/legacy-firmware/work/extract/stock-rootfs/lib/modules/5.4.55/mt_wifi.ko	40c8f974ad7317776f602c069c009d1f0d5d939d622ccdee275423fad1e35cb0	.rela.text	63213	.text	0x115dbc	0x115dbc	0x115e1c	R_AARCH64_CALL26	ba_refresh_bar_all	5537	0	STT_FUNC	.text	0x1de790	0x0	ba_refresh_bar_all	0x1de790	mt7990_ser_1_0_v1	0x115440	0x97c	symbol_size	0x115f74		direct_call_BL	0x94000000	outgoing	
.local/legacy-firmware/work/extract/stock-rootfs/lib/modules/5.4.55/mt_wifi.ko	40c8f974ad7317776f602c069c009d1f0d5d939d622ccdee275423fad1e35cb0	.rela.text	63214	.text	0x115ddc	0x115ddc	0x115e3c	R_AARCH64_CALL26	HcIsRadioAcq	3256	0	STT_FUNC	.text	0x350564	0x0	HcIsRadioAcq	0x350564	mt7990_ser_1_0_v1	0x115440	0x99c	symbol_size	0x115f74		direct_call_BL	0x94000000	outgoing	
.local/legacy-firmware/work/extract/stock-rootfs/lib/modules/5.4.55/mt_wifi.ko	40c8f974ad7317776f602c069c009d1f0d5d939d622ccdee275423fad1e35cb0	.rela.text	63215	.text	0x115e00	0x115e00	0x115e60	R_AARCH64_CALL26	UpdateBeaconHandler	10121	0	STT_FUNC	.text	0x11e280	0x0	UpdateBeaconHandler	0x11e280	mt7990_ser_1_0_v1	0x115440	0x9c0	symbol_size	0x115f74		direct_call_BL	0x94000000	outgoing	
.local/legacy-firmware/work/extract/stock-rootfs/lib/modules/5.4.55/mt_wifi.ko	40c8f974ad7317776f602c069c009d1f0d5d939d622ccdee275423fad1e35cb0	.rela.text	63220	.text	0x115e28	0x115e28	0x115e88	R_AARCH64_CALL26	mtwf_dbg_prt	4914	0	STT_FUNC	.text	0x1e46b0	0x0	mtwf_dbg_prt	0x1e46b0	mt7990_ser_1_0_v1	0x115440	0x9e8	symbol_size	0x115f74		direct_call_BL	0x94000000	outgoing	
.local/legacy-firmware/work/extract/stock-rootfs/lib/modules/5.4.55/mt_wifi.ko	40c8f974ad7317776f602c069c009d1f0d5d939d622ccdee275423fad1e35cb0	.rela.text	63225	.text	0x115e50	0x115e50	0x115eb0	R_AARCH64_CALL26	mtwf_dbg_prt	4914	0	STT_FUNC	.text	0x1e46b0	0x0	mtwf_dbg_prt	0x1e46b0	mt7990_ser_1_0_v1	0x115440	0xa10	symbol_size	0x115f74		direct_call_BL	0x94000000	outgoing	
.local/legacy-firmware/work/extract/stock-rootfs/lib/modules/5.4.55/mt_wifi.ko	40c8f974ad7317776f602c069c009d1f0d5d939d622ccdee275423fad1e35cb0	.rela.text	63226	.text	0x115e64	0x115e64	0x115ec4	R_AARCH64_CALL26	ser_get_curr_state	5913	0	STT_FUNC	.text	0x398180	0x0	ser_get_curr_state	0x398180	mt7990_ser_1_0_v1	0x115440	0xa24	symbol_size	0x115f74		direct_call_BL	0x94000000	outgoing	
.local/legacy-firmware/work/extract/stock-rootfs/lib/modules/5.4.55/mt_wifi.ko	40c8f974ad7317776f602c069c009d1f0d5d939d622ccdee275423fad1e35cb0	.rela.text	63231	.text	0x115e90	0x115e90	0x115ef0	R_AARCH64_CALL26	mtwf_dbg_prt	4914	0	STT_FUNC	.text	0x1e46b0	0x0	mtwf_dbg_prt	0x1e46b0	mt7990_ser_1_0_v1	0x115440	0xa50	symbol_size	0x115f74		direct_call_BL	0x94000000	outgoing	
.local/legacy-firmware/work/extract/stock-rootfs/lib/modules/5.4.55/mt_wifi.ko	40c8f974ad7317776f602c069c009d1f0d5d939d622ccdee275423fad1e35cb0	.rela.text	63232	.text	0x115e9c	0x115e9c	0x115efc	R_AARCH64_CALL26	ser_get_curr_state	5913	0	STT_FUNC	.text	0x398180	0x0	ser_get_curr_state	0x398180	mt7990_ser_1_0_v1	0x115440	0xa5c	symbol_size	0x115f74		direct_call_BL	0x94000000	outgoing	
.local/legacy-firmware/work/extract/stock-rootfs/lib/modules/5.4.55/mt_wifi.ko	40c8f974ad7317776f602c069c009d1f0d5d939d622ccdee275423fad1e35cb0	.rela.text	63237	.text	0x115ec8	0x115ec8	0x115f28	R_AARCH64_CALL26	mtwf_dbg_prt	4914	0	STT_FUNC	.text	0x1e46b0	0x0	mtwf_dbg_prt	0x1e46b0	mt7990_ser_1_0_v1	0x115440	0xa88	symbol_size	0x115f74		direct_call_BL	0x94000000	outgoing	
.local/legacy-firmware/work/extract/stock-rootfs/lib/modules/5.4.55/mt_wifi.ko	40c8f974ad7317776f602c069c009d1f0d5d939d622ccdee275423fad1e35cb0	.rela.text	63242	.text	0x115ef0	0x115ef0	0x115f50	R_AARCH64_CALL26	mtwf_dbg_prt	4914	0	STT_FUNC	.text	0x1e46b0	0x0	mtwf_dbg_prt	0x1e46b0	mt7990_ser_1_0_v1	0x115440	0xab0	symbol_size	0x115f74		direct_call_BL	0x94000000	outgoing	
.local/legacy-firmware/work/extract/stock-rootfs/lib/modules/5.4.55/mt_wifi.ko	40c8f974ad7317776f602c069c009d1f0d5d939d622ccdee275423fad1e35cb0	.rela.text	63247	.text	0x115f24	0x115f24	0x115f84	R_AARCH64_CALL26	mtwf_dbg_prt	4914	0	STT_FUNC	.text	0x1e46b0	0x0	mtwf_dbg_prt	0x1e46b0	mt7990_ser_1_0_v1	0x115440	0xae4	symbol_size	0x115f74		direct_call_BL	0x94000000	outgoing	
.local/legacy-firmware/work/extract/stock-rootfs/lib/modules/5.4.55/mt_wifi.ko	40c8f974ad7317776f602c069c009d1f0d5d939d622ccdee275423fad1e35cb0	.rela.text	63252	.text	0x115f4c	0x115f4c	0x115fac	R_AARCH64_CALL26	mtwf_dbg_prt	4914	0	STT_FUNC	.text	0x1e46b0	0x0	mtwf_dbg_prt	0x1e46b0	mt7990_ser_1_0_v1	0x115440	0xb0c	symbol_size	0x115f74		direct_call_BL	0x94000000	outgoing	
.local/legacy-firmware/work/extract/stock-rootfs/lib/modules/5.4.55/mt_wifi.ko	40c8f974ad7317776f602c069c009d1f0d5d939d622ccdee275423fad1e35cb0	.rela.text	63253	.text	0x115f94	0x115f94	0x115ff4	R_AARCH64_CALL26	ser_get_all_pAd_by_chipid_hwid	4148	0	STT_FUNC	.text	0x398540	0x0	ser_get_all_pAd_by_chipid_hwid	0x398540	mt7990_ser_10_0_v1	0x115f74	0x20	symbol_size	0x116010		direct_call_BL	0x94000000	outgoing	
.local/legacy-firmware/work/extract/stock-rootfs/lib/modules/5.4.55/mt_wifi.ko	40c8f974ad7317776f602c069c009d1f0d5d939d622ccdee275423fad1e35cb0	.rela.text	63258	.text	0x115fd8	0x115fd8	0x116038	R_AARCH64_CALL26	UniCmdSER	3002	0	STT_FUNC	.text	0xb9bc0	0x0	UniCmdSER	0xb9bc0	mt7990_ser_10_0_v1	0x115f74	0x64	symbol_size	0x116010		direct_call_BL	0x94000000	outgoing	
.local/legacy-firmware/work/extract/stock-rootfs/lib/modules/5.4.55/mt_wifi.ko	40c8f974ad7317776f602c069c009d1f0d5d939d622ccdee275423fad1e35cb0	.rela.text	63263	.text	0x116008	0x116008	0x116068	R_AARCH64_CALL26	mtwf_dbg_prt	4914	0	STT_FUNC	.text	0x1e46b0	0x0	mtwf_dbg_prt	0x1e46b0	mt7990_ser_10_0_v1	0x115f74	0x94	symbol_size	0x116010		direct_call_BL	0x94000000	outgoing	
.local/legacy-firmware/work/extract/stock-rootfs/lib/modules/5.4.55/mt_wifi.ko	40c8f974ad7317776f602c069c009d1f0d5d939d622ccdee275423fad1e35cb0	.rela.text	63272	.text	0x11607c	0x11607c	0x1160dc	R_AARCH64_CALL26	mtwf_dbg_prt	4914	0	STT_FUNC	.text	0x1e46b0	0x0	mtwf_dbg_prt	0x1e46b0	mt7990_ser_0_5_v1	0x116010	0x6c	symbol_size	0x11608c		direct_call_BL	0x94000000	outgoing	
.local/legacy-firmware/work/extract/stock-rootfs/lib/modules/5.4.55/mt_wifi.ko	40c8f974ad7317776f602c069c009d1f0d5d939d622ccdee275423fad1e35cb0	.rela.text	63281	.text	0x1160fc	0x1160fc	0x11615c	R_AARCH64_CALL26	mtwf_dbg_prt	4914	0	STT_FUNC	.text	0x1e46b0	0x0	mtwf_dbg_prt	0x1e46b0	mt7990_ser_0_0_v1	0x116090	0x6c	symbol_size	0x11610c		direct_call_BL	0x94000000	outgoing	
.local/legacy-firmware/work/extract/stock-rootfs/lib/modules/5.4.55/mt_wifi.ko	40c8f974ad7317776f602c069c009d1f0d5d939d622ccdee275423fad1e35cb0	.rela.text	63306	.text	0x116304	0x116304	0x116364	R_AARCH64_CALL26	ser_get_all_pAd_by_chipid_hwid	4148	0	STT_FUNC	.text	0x398540	0x0	ser_get_all_pAd_by_chipid_hwid	0x398540	mt7990_fe_reset	0x1162e0	0x24	symbol_size	0x116450		direct_call_BL	0x94000000	outgoing	
.local/legacy-firmware/work/extract/stock-rootfs/lib/modules/5.4.55/mt_wifi.ko	40c8f974ad7317776f602c069c009d1f0d5d939d622ccdee275423fad1e35cb0	.rela.text	63315	.text	0x116374	0x116374	0x1163d4	R_AARCH64_CALL26	mtwf_dbg_prt	4914	0	STT_FUNC	.text	0x1e46b0	0x0	mtwf_dbg_prt	0x1e46b0	mt7990_fe_reset	0x1162e0	0x94	symbol_size	0x116450		direct_call_BL	0x94000000	outgoing	
.local/legacy-firmware/work/extract/stock-rootfs/lib/modules/5.4.55/mt_wifi.ko	40c8f974ad7317776f602c069c009d1f0d5d939d622ccdee275423fad1e35cb0	.rela.text	63316	.text	0x116388	0x116388	0x1163e8	R_AARCH64_CALL26	asic_ser_handler	5465	0	STT_FUNC	.text	0x34d820	0x0	asic_ser_handler	0x34d820	mt7990_fe_reset	0x1162e0	0xa8	symbol_size	0x116450		direct_call_BL	0x94000000	both	
.local/legacy-firmware/work/extract/stock-rootfs/lib/modules/5.4.55/mt_wifi.ko	40c8f974ad7317776f602c069c009d1f0d5d939d622ccdee275423fad1e35cb0	.rela.text	63325	.text	0x1163d0	0x1163d0	0x116430	R_AARCH64_CALL26	mtwf_dbg_prt	4914	0	STT_FUNC	.text	0x1e46b0	0x0	mtwf_dbg_prt	0x1e46b0	mt7990_fe_reset	0x1162e0	0xf0	symbol_size	0x116450		direct_call_BL	0x94000000	outgoing	
.local/legacy-firmware/work/extract/stock-rootfs/lib/modules/5.4.55/mt_wifi.ko	40c8f974ad7317776f602c069c009d1f0d5d939d622ccdee275423fad1e35cb0	.rela.text	63326	.text	0x1163e4	0x1163e4	0x116444	R_AARCH64_CALL26	asic_ser_handler	5465	0	STT_FUNC	.text	0x34d820	0x0	asic_ser_handler	0x34d820	mt7990_fe_reset	0x1162e0	0x104	symbol_size	0x116450		direct_call_BL	0x94000000	both	
.local/legacy-firmware/work/extract/stock-rootfs/lib/modules/5.4.55/mt_wifi.ko	40c8f974ad7317776f602c069c009d1f0d5d939d622ccdee275423fad1e35cb0	.rela.text	63327	.text	0x1163f4	0x1163f4	0x116454	R_AARCH64_CALL26	ser_ack_event	8663	0	STT_FUNC	.text	0x398604	0x0	ser_ack_event	0x398604	mt7990_fe_reset	0x1162e0	0x114	symbol_size	0x116450		direct_call_BL	0x94000000	both	
.local/legacy-firmware/work/extract/stock-rootfs/lib/modules/5.4.55/mt_wifi.ko	40c8f974ad7317776f602c069c009d1f0d5d939d622ccdee275423fad1e35cb0	.rela.text	63336	.text	0x116438	0x116438	0x116498	R_AARCH64_CALL26	mtwf_dbg_prt	4914	0	STT_FUNC	.text	0x1e46b0	0x0	mtwf_dbg_prt	0x1e46b0	mt7990_fe_reset	0x1162e0	0x158	symbol_size	0x116450		direct_call_BL	0x94000000	outgoing	
.local/legacy-firmware/work/extract/stock-rootfs/lib/modules/5.4.55/mt_wifi.ko	40c8f974ad7317776f602c069c009d1f0d5d939d622ccdee275423fad1e35cb0	.rela.text	63337	.text	0x116448	0x116448	0x1164a8	R_AARCH64_CALL26	ser_ack_event	8663	0	STT_FUNC	.text	0x398604	0x0	ser_ack_event	0x398604	mt7990_fe_reset	0x1162e0	0x168	symbol_size	0x116450		direct_call_BL	0x94000000	both	
.local/legacy-firmware/work/extract/stock-rootfs/lib/modules/5.4.55/mt_wifi.ko	40c8f974ad7317776f602c069c009d1f0d5d939d622ccdee275423fad1e35cb0	.rela.text	63338	.text	0x116474	0x116474	0x1164d4	R_AARCH64_CALL26	ser_get_all_pAd_by_chipid_hwid	4148	0	STT_FUNC	.text	0x398540	0x0	ser_get_all_pAd_by_chipid_hwid	0x398540	mt7990_fe_wdma_reset	0x116450	0x24	symbol_size	0x116500		direct_call_BL	0x94000000	outgoing	
.local/legacy-firmware/work/extract/stock-rootfs/lib/modules/5.4.55/mt_wifi.ko	40c8f974ad7317776f602c069c009d1f0d5d939d622ccdee275423fad1e35cb0	.rela.text	63347	.text	0x1164d8	0x1164d8	0x116538	R_AARCH64_CALL26	mtwf_dbg_prt	4914	0	STT_FUNC	.text	0x1e46b0	0x0	mtwf_dbg_prt	0x1e46b0	mt7990_fe_wdma_reset	0x116450	0x88	symbol_size	0x116500		direct_call_BL	0x94000000	outgoing	
.local/legacy-firmware/work/extract/stock-rootfs/lib/modules/5.4.55/mt_wifi.ko	40c8f974ad7317776f602c069c009d1f0d5d939d622ccdee275423fad1e35cb0	.rela.text	63348	.text	0x1164f0	0x1164f0	0x116550	R_AARCH64_CALL26	UniCmdSER	3002	0	STT_FUNC	.text	0xb9bc0	0x0	UniCmdSER	0xb9bc0	mt7990_fe_wdma_reset	0x116450	0xa0	symbol_size	0x116500		direct_call_BL	0x94000000	outgoing	
.local/legacy-firmware/work/extract/stock-rootfs/lib/modules/5.4.55/mt_wifi.ko	40c8f974ad7317776f602c069c009d1f0d5d939d622ccdee275423fad1e35cb0	.rela.text	100469	.text	0x1c7bf0	0x1c7bf0	0x1c7c50	R_AARCH64_CALL26	ser_l1_timeout	8119	0	STT_FUNC	.text	0x398980	0x0	ser_l1_timeout	0x398980	rtmp_timer_ser_l1_timeout	0x1c7bd0	0x20	symbol_size	0x1c7c20		direct_call_BL	0x94000000	incoming	
.local/legacy-firmware/work/extract/stock-rootfs/lib/modules/5.4.55/mt_wifi.ko	40c8f974ad7317776f602c069c009d1f0d5d939d622ccdee275423fad1e35cb0	.rela.text	174184	.text	0x346bb0	0x346bb0	0x346c10	R_AARCH64_CALL26	ser_event_enq	7030	0	STT_FUNC	.text	0x397f80	0x0	ser_event_enq	0x397f80	unnamed@.text+0x346b40	0x346b40	0x70	eh_frame_FDE	0x346d20	0x6ce48	direct_call_BL	0x94000000	incoming	
.local/legacy-firmware/work/extract/stock-rootfs/lib/modules/5.4.55/mt_wifi.ko	40c8f974ad7317776f602c069c009d1f0d5d939d622ccdee275423fad1e35cb0	.rela.text	174189	.text	0x346bf4	0x346bf4	0x346c54	R_AARCH64_CALL26	ser_event_enq	7030	0	STT_FUNC	.text	0x397f80	0x0	ser_event_enq	0x397f80	unnamed@.text+0x346b40	0x346b40	0xb4	eh_frame_FDE	0x346d20	0x6ce48	direct_call_BL	0x94000000	incoming	
.local/legacy-firmware/work/extract/stock-rootfs/lib/modules/5.4.55/mt_wifi.ko	40c8f974ad7317776f602c069c009d1f0d5d939d622ccdee275423fad1e35cb0	.rela.text	174194	.text	0x346c44	0x346c44	0x346ca4	R_AARCH64_CALL26	ser_event_enq	7030	0	STT_FUNC	.text	0x397f80	0x0	ser_event_enq	0x397f80	unnamed@.text+0x346b40	0x346b40	0x104	eh_frame_FDE	0x346d20	0x6ce48	direct_call_BL	0x94000000	incoming	
.local/legacy-firmware/work/extract/stock-rootfs/lib/modules/5.4.55/mt_wifi.ko	40c8f974ad7317776f602c069c009d1f0d5d939d622ccdee275423fad1e35cb0	.rela.text	174199	.text	0x346c7c	0x346c7c	0x346cdc	R_AARCH64_CALL26	ser_event_enq	7030	0	STT_FUNC	.text	0x397f80	0x0	ser_event_enq	0x397f80	unnamed@.text+0x346b40	0x346b40	0x13c	eh_frame_FDE	0x346d20	0x6ce48	direct_call_BL	0x94000000	incoming	
.local/legacy-firmware/work/extract/stock-rootfs/lib/modules/5.4.55/mt_wifi.ko	40c8f974ad7317776f602c069c009d1f0d5d939d622ccdee275423fad1e35cb0	.rela.text	175250	.text	0x34d84c	0x34d84c	0x34d8ac	R_AARCH64_CALL26	hc_get_arch_ops	2679	0	STT_FUNC	.text	0x352e20	0x0	hc_get_arch_ops	0x352e20	asic_ser_handler	0x34d820	0x2c	symbol_size	0x34d8a0		direct_call_BL	0x94000000	outgoing	
.local/legacy-firmware/work/extract/stock-rootfs/lib/modules/5.4.55/mt_wifi.ko	40c8f974ad7317776f602c069c009d1f0d5d939d622ccdee275423fad1e35cb0	.rela.text	175253	.text	0x34d888	0x34d888	0x34d8e8	R_AARCH64_CALL26	AsicNotSupportFunc	3723	0	STT_FUNC	.text	0x3480b0	0x0	AsicNotSupportFunc	0x3480b0	asic_ser_handler	0x34d820	0x68	symbol_size	0x34d8a0		direct_call_BL	0x94000000	outgoing	
.local/legacy-firmware/work/extract/stock-rootfs/lib/modules/5.4.55/mt_wifi.ko	40c8f974ad7317776f602c069c009d1f0d5d939d622ccdee275423fad1e35cb0	.rela.text	187956	.text	0x384ea8	0x384ea8	0x384f08	R_AARCH64_CALL26	ser_event_enq	7030	0	STT_FUNC	.text	0x397f80	0x0	ser_event_enq	0x397f80	mtk_rx_ser_event	0x384ea0	0x8	symbol_size	0x384eb4		direct_call_BL	0x94000000	incoming	
.local/legacy-firmware/work/extract/stock-rootfs/lib/modules/5.4.55/mt_wifi.ko	40c8f974ad7317776f602c069c009d1f0d5d939d622ccdee275423fad1e35cb0	.rela.text	191576	.text	0x39800c	0x39800c	0x39806c	R_AARCH64_CALL26	__local_bh_enable_ip	10623	1	STT_NOTYPE	SHN_UNDEF	0x0	0x0			ser_event_enq	0x397f80	0x8c	symbol_size	0x3980d8		direct_call_BL	0x94000000	outgoing	
.local/legacy-firmware/work/extract/stock-rootfs/lib/modules/5.4.55/mt_wifi.ko	40c8f974ad7317776f602c069c009d1f0d5d939d622ccdee275423fad1e35cb0	.rela.text	191577	.text	0x398044	0x398044	0x3980a4	R_AARCH64_CALL26	os_alloc_mem	7218	0	STT_FUNC	.text	0x39d580	0x0	os_alloc_mem	0x39d580	ser_event_enq	0x397f80	0xc4	symbol_size	0x3980d8		direct_call_BL	0x94000000	outgoing	
.local/legacy-firmware/work/extract/stock-rootfs/lib/modules/5.4.55/mt_wifi.ko	40c8f974ad7317776f602c069c009d1f0d5d939d622ccdee275423fad1e35cb0	.rela.text	191578	.text	0x398068	0x398068	0x3980c8	R_AARCH64_CALL26	OS_SPIN_LOCK_IRQSAVE	2429	0	STT_FUNC	.text	0x39cd80	0x0	OS_SPIN_LOCK_IRQSAVE	0x39cd80	ser_event_enq	0x397f80	0xe8	symbol_size	0x3980d8		direct_call_BL	0x94000000	outgoing	
.local/legacy-firmware/work/extract/stock-rootfs/lib/modules/5.4.55/mt_wifi.ko	40c8f974ad7317776f602c069c009d1f0d5d939d622ccdee275423fad1e35cb0	.rela.text	191579	.text	0x39809c	0x39809c	0x3980fc	R_AARCH64_CALL26	OS_SPIN_UNLOCK_IRQRESTORE	1816	0	STT_FUNC	.text	0x39cdf0	0x0	OS_SPIN_UNLOCK_IRQRESTORE	0x39cdf0	ser_event_enq	0x397f80	0x11c	symbol_size	0x3980d8		direct_call_BL	0x94000000	outgoing	
.local/legacy-firmware/work/extract/stock-rootfs/lib/modules/5.4.55/mt_wifi.ko	40c8f974ad7317776f602c069c009d1f0d5d939d622ccdee275423fad1e35cb0	.rela.text	191580	.text	0x3980a4	0x3980a4	0x398104	R_AARCH64_CALL26	RtmpOsCmdUp	3899	0	STT_FUNC	.text	0x39c710	0x0	RtmpOsCmdUp	0x39c710	ser_event_enq	0x397f80	0x124	symbol_size	0x3980d8		direct_call_BL	0x94000000	outgoing	
.local/legacy-firmware/work/extract/stock-rootfs/lib/modules/5.4.55/mt_wifi.ko	40c8f974ad7317776f602c069c009d1f0d5d939d622ccdee275423fad1e35cb0	.rela.text	191581	.text	0x3980c8	0x3980c8	0x398128	R_AARCH64_CALL26	queued_spin_lock_slowpath	10697	1	STT_NOTYPE	SHN_UNDEF	0x0	0x0			ser_event_enq	0x397f80	0x148	symbol_size	0x3980d8		direct_call_BL	0x94000000	outgoing	
.local/legacy-firmware/work/extract/stock-rootfs/lib/modules/5.4.55/mt_wifi.ko	40c8f974ad7317776f602c069c009d1f0d5d939d622ccdee275423fad1e35cb0	.rela.text	191657	.text	0x39862c	0x39862c	0x39868c	R_AARCH64_CALL26	ser_get_all_pAd_by_chipid_hwid	4148	0	STT_FUNC	.text	0x398540	0x0	ser_get_all_pAd_by_chipid_hwid	0x398540	ser_ack_event	0x398604	0x28	symbol_size	0x398764		direct_call_BL	0x94000000	outgoing	
.local/legacy-firmware/work/extract/stock-rootfs/lib/modules/5.4.55/mt_wifi.ko	40c8f974ad7317776f602c069c009d1f0d5d939d622ccdee275423fad1e35cb0	.rela.text	191658	.text	0x39865c	0x39865c	0x3986bc	R_AARCH64_CALL26	rtnl_lock	10711	1	STT_NOTYPE	SHN_UNDEF	0x0	0x0			ser_ack_event	0x398604	0x58	symbol_size	0x398764		direct_call_BL	0x94000000	outgoing	
.local/legacy-firmware/work/extract/stock-rootfs/lib/modules/5.4.55/mt_wifi.ko	40c8f974ad7317776f602c069c009d1f0d5d939d622ccdee275423fad1e35cb0	.rela.text	191659	.text	0x398678	0x398678	0x3986d8	R_AARCH64_CALL26	rtnl_unlock	10808	1	STT_NOTYPE	SHN_UNDEF	0x0	0x0			ser_ack_event	0x398604	0x74	symbol_size	0x398764		direct_call_BL	0x94000000	outgoing	
.local/legacy-firmware/work/extract/stock-rootfs/lib/modules/5.4.55/mt_wifi.ko	40c8f974ad7317776f602c069c009d1f0d5d939d622ccdee275423fad1e35cb0	.rela.text	191660	.text	0x398694	0x398694	0x3986f4	R_AARCH64_CALL26	asic_ser_handler	5465	0	STT_FUNC	.text	0x34d820	0x0	asic_ser_handler	0x34d820	ser_ack_event	0x398604	0x90	symbol_size	0x398764		direct_call_BL	0x94000000	both	
.local/legacy-firmware/work/extract/stock-rootfs/lib/modules/5.4.55/mt_wifi.ko	40c8f974ad7317776f602c069c009d1f0d5d939d622ccdee275423fad1e35cb0	.rela.text	191669	.text	0x3986dc	0x3986dc	0x39873c	R_AARCH64_CALL26	mtwf_dbg_prt	4914	0	STT_FUNC	.text	0x1e46b0	0x0	mtwf_dbg_prt	0x1e46b0	ser_ack_event	0x398604	0xd8	symbol_size	0x398764		direct_call_BL	0x94000000	outgoing	
.local/legacy-firmware/work/extract/stock-rootfs/lib/modules/5.4.55/mt_wifi.ko	40c8f974ad7317776f602c069c009d1f0d5d939d622ccdee275423fad1e35cb0	.rela.text	191678	.text	0x398720	0x398720	0x398780	R_AARCH64_CALL26	mtwf_dbg_prt	4914	0	STT_FUNC	.text	0x1e46b0	0x0	mtwf_dbg_prt	0x1e46b0	ser_ack_event	0x398604	0x11c	symbol_size	0x398764		direct_call_BL	0x94000000	outgoing	
.local/legacy-firmware/work/extract/stock-rootfs/lib/modules/5.4.55/mt_wifi.ko	40c8f974ad7317776f602c069c009d1f0d5d939d622ccdee275423fad1e35cb0	.rela.text	191679	.text	0x398730	0x398730	0x398790	R_AARCH64_CALL26	call_netdevice_notifiers	10639	1	STT_NOTYPE	SHN_UNDEF	0x0	0x0			ser_ack_event	0x398604	0x12c	symbol_size	0x398764		direct_call_BL	0x94000000	outgoing	
.local/legacy-firmware/work/extract/stock-rootfs/lib/modules/5.4.55/mt_wifi.ko	40c8f974ad7317776f602c069c009d1f0d5d939d622ccdee275423fad1e35cb0	.rela.text	191680	.text	0x398734	0x398734	0x398794	R_AARCH64_CALL26	rtnl_unlock	10808	1	STT_NOTYPE	SHN_UNDEF	0x0	0x0			ser_ack_event	0x398604	0x130	symbol_size	0x398764		direct_call_BL	0x94000000	outgoing	
.local/legacy-firmware/work/extract/stock-rootfs/lib/modules/5.4.55/mt_wifi.ko	40c8f974ad7317776f602c069c009d1f0d5d939d622ccdee275423fad1e35cb0	.rela.text	191681	.text	0x398744	0x398744	0x3987a4	R_AARCH64_CALL26	call_netdevice_notifiers	10639	1	STT_NOTYPE	SHN_UNDEF	0x0	0x0			ser_ack_event	0x398604	0x140	symbol_size	0x398764		direct_call_BL	0x94000000	outgoing	
.local/legacy-firmware/work/extract/stock-rootfs/lib/modules/5.4.55/mt_wifi.ko	40c8f974ad7317776f602c069c009d1f0d5d939d622ccdee275423fad1e35cb0	.rela.text	191682	.text	0x398748	0x398748	0x3987a8	R_AARCH64_CALL26	rtnl_unlock	10808	1	STT_NOTYPE	SHN_UNDEF	0x0	0x0			ser_ack_event	0x398604	0x144	symbol_size	0x398764		direct_call_BL	0x94000000	outgoing	
.local/legacy-firmware/work/extract/stock-rootfs/lib/modules/5.4.55/mt_wifi.ko	40c8f974ad7317776f602c069c009d1f0d5d939d622ccdee275423fad1e35cb0	.rela.text	191683	.text	0x398758	0x398758	0x3987b8	R_AARCH64_CALL26	call_netdevice_notifiers	10639	1	STT_NOTYPE	SHN_UNDEF	0x0	0x0			ser_ack_event	0x398604	0x154	symbol_size	0x398764		direct_call_BL	0x94000000	outgoing	
.local/legacy-firmware/work/extract/stock-rootfs/lib/modules/5.4.55/mt_wifi.ko	40c8f974ad7317776f602c069c009d1f0d5d939d622ccdee275423fad1e35cb0	.rela.text	191684	.text	0x39875c	0x39875c	0x3987bc	R_AARCH64_CALL26	rtnl_unlock	10808	1	STT_NOTYPE	SHN_UNDEF	0x0	0x0			ser_ack_event	0x398604	0x158	symbol_size	0x398764		direct_call_BL	0x94000000	outgoing	
.local/legacy-firmware/work/extract/stock-rootfs/lib/modules/5.4.55/mt_wifi.ko	40c8f974ad7317776f602c069c009d1f0d5d939d622ccdee275423fad1e35cb0	.rela.text	191733	.text	0x3989ac	0x3989ac	0x398a0c	R_AARCH64_CALL26	ser_get_curr_state	5913	0	STT_FUNC	.text	0x398180	0x0	ser_get_curr_state	0x398180	ser_l1_timeout	0x398980	0x2c	symbol_size	0x398ac4		direct_call_BL	0x94000000	outgoing	
.local/legacy-firmware/work/extract/stock-rootfs/lib/modules/5.4.55/mt_wifi.ko	40c8f974ad7317776f602c069c009d1f0d5d939d622ccdee275423fad1e35cb0	.rela.text	191738	.text	0x398a34	0x398a34	0x398a94	R_AARCH64_CALL26	ShowSerProc2	8583	0	STT_FUNC	.text	0x169360	0x0	ShowSerProc2	0x169360	ser_l1_timeout	0x398980	0xb4	symbol_size	0x398ac4		direct_call_BL	0x94000000	outgoing	
.local/legacy-firmware/work/extract/stock-rootfs/lib/modules/5.4.55/mt_wifi.ko	40c8f974ad7317776f602c069c009d1f0d5d939d622ccdee275423fad1e35cb0	.rela.text	191743	.text	0x398a7c	0x398a7c	0x398adc	R_AARCH64_CALL26	mtwf_dbg_prt	4914	0	STT_FUNC	.text	0x1e46b0	0x0	mtwf_dbg_prt	0x1e46b0	ser_l1_timeout	0x398980	0xfc	symbol_size	0x398ac4		direct_call_BL	0x94000000	outgoing	
.local/legacy-firmware/work/extract/stock-rootfs/lib/modules/5.4.55/mt_wifi.ko	40c8f974ad7317776f602c069c009d1f0d5d939d622ccdee275423fad1e35cb0	.rela.text	191751	.text	0x398abc	0x398abc	0x398b1c	R_AARCH64_CALL26	mtwf_dbg_prt	4914	0	STT_FUNC	.text	0x1e46b0	0x0	mtwf_dbg_prt	0x1e46b0	ser_l1_timeout	0x398980	0x13c	symbol_size	0x398ac4		direct_call_BL	0x94000000	outgoing	
.local/legacy-firmware/work/extract/stock-rootfs/lib/modules/5.4.55/mt_wifi.ko	40c8f974ad7317776f602c069c009d1f0d5d939d622ccdee275423fad1e35cb0	.rela.text	192744	.text	0x39e088	0x39e088	0x39e0e8	R_AARCH64_CALL26	ser_mngr_init	8109	0	STT_FUNC	.text.unlikely	0x19b24	0x0	ser_mngr_init	0x19b24	os_module_init	0x39e020	0x68	symbol_size	0x39e16c		direct_call_BL	0x94000000	incoming	
.local/legacy-firmware/work/extract/stock-rootfs/lib/modules/5.4.55/mt_wifi.ko	40c8f974ad7317776f602c069c009d1f0d5d939d622ccdee275423fad1e35cb0	.rela.text.unlikely	496	.text.unlikely	0x1390	0x1390	0x41f15c	R_AARCH64_CALL26	os_str_tol	10280	0	STT_FUNC	.text	0x39dab4	0x0	os_str_tol	0x39dab4	unnamed@.text.unlikely+0x1374	0x1374	0x1c	eh_frame_FDE	0x14a0	0x4554	direct_call_BL	0x94000000	outgoing	
.local/legacy-firmware/work/extract/stock-rootfs/lib/modules/5.4.55/mt_wifi.ko	40c8f974ad7317776f602c069c009d1f0d5d939d622ccdee275423fad1e35cb0	.rela.text.unlikely	499	.text.unlikely	0x13a4	0x13a4	0x41f170	R_AARCH64_CALL26	printk	10601	1	STT_NOTYPE	SHN_UNDEF	0x0	0x0			unnamed@.text.unlikely+0x1374	0x1374	0x30	eh_frame_FDE	0x14a0	0x4554	direct_call_BL	0x94000000	outgoing	
.local/legacy-firmware/work/extract/stock-rootfs/lib/modules/5.4.55/mt_wifi.ko	40c8f974ad7317776f602c069c009d1f0d5d939d622ccdee275423fad1e35cb0	.rela.text.unlikely	502	.text.unlikely	0x13b8	0x13b8	0x41f184	R_AARCH64_CALL26	printk	10601	1	STT_NOTYPE	SHN_UNDEF	0x0	0x0			unnamed@.text.unlikely+0x1374	0x1374	0x44	eh_frame_FDE	0x14a0	0x4554	direct_call_BL	0x94000000	outgoing	
.local/legacy-firmware/work/extract/stock-rootfs/lib/modules/5.4.55/mt_wifi.ko	40c8f974ad7317776f602c069c009d1f0d5d939d622ccdee275423fad1e35cb0	.rela.text.unlikely	503	.text.unlikely	0x13bc	0x13bc	0x41f188	R_AARCH64_CALL26	get_ecnt_npu_dev	10734	1	STT_NOTYPE	SHN_UNDEF	0x0	0x0			unnamed@.text.unlikely+0x1374	0x1374	0x48	eh_frame_FDE	0x14a0	0x4554	direct_call_BL	0x94000000	outgoing	
.local/legacy-firmware/work/extract/stock-rootfs/lib/modules/5.4.55/mt_wifi.ko	40c8f974ad7317776f602c069c009d1f0d5d939d622ccdee275423fad1e35cb0	.rela.text.unlikely	506	.text.unlikely	0x13cc	0x13cc	0x41f198	R_AARCH64_CALL26	printk	10601	1	STT_NOTYPE	SHN_UNDEF	0x0	0x0			unnamed@.text.unlikely+0x1374	0x1374	0x58	eh_frame_FDE	0x14a0	0x4554	direct_call_BL	0x94000000	outgoing	
.local/legacy-firmware/work/extract/stock-rootfs/lib/modules/5.4.55/mt_wifi.ko	40c8f974ad7317776f602c069c009d1f0d5d939d622ccdee275423fad1e35cb0	.rela.text.unlikely	507	.text.unlikely	0x13e8	0x13e8	0x41f1b4	R_AARCH64_CALL26	dma_alloc_attrs	10733	1	STT_NOTYPE	SHN_UNDEF	0x0	0x0			unnamed@.text.unlikely+0x1374	0x1374	0x74	eh_frame_FDE	0x14a0	0x4554	direct_call_BL	0x94000000	outgoing	
.local/legacy-firmware/work/extract/stock-rootfs/lib/modules/5.4.55/mt_wifi.ko	40c8f974ad7317776f602c069c009d1f0d5d939d622ccdee275423fad1e35cb0	.rela.text.unlikely	508	.text.unlikely	0x1404	0x1404	0x41f1d0	R_AARCH64_CALL26	memset	10677	1	STT_NOTYPE	SHN_UNDEF	0x0	0x0			unnamed@.text.unlikely+0x1374	0x1374	0x90	eh_frame_FDE	0x14a0	0x4554	direct_call_BL	0x94000000	outgoing	
.local/legacy-firmware/work/extract/stock-rootfs/lib/modules/5.4.55/mt_wifi.ko	40c8f974ad7317776f602c069c009d1f0d5d939d622ccdee275423fad1e35cb0	.rela.text.unlikely	509	.text.unlikely	0x144c	0x144c	0x41f218	R_AARCH64_CALL26	host_notify_npuMbox	10611	1	STT_NOTYPE	SHN_UNDEF	0x0	0x0			unnamed@.text.unlikely+0x1374	0x1374	0xd8	eh_frame_FDE	0x14a0	0x4554	direct_call_BL	0x94000000	outgoing	
.local/legacy-firmware/work/extract/stock-rootfs/lib/modules/5.4.55/mt_wifi.ko	40c8f974ad7317776f602c069c009d1f0d5d939d622ccdee275423fad1e35cb0	.rela.text.unlikely	510	.text.unlikely	0x1468	0x1468	0x41f234	R_AARCH64_CALL26	dma_free_attrs	10713	1	STT_NOTYPE	SHN_UNDEF	0x0	0x0			unnamed@.text.unlikely+0x1374	0x1374	0xf4	eh_frame_FDE	0x14a0	0x4554	direct_call_BL	0x94000000	outgoing	
.local/legacy-firmware/work/extract/stock-rootfs/lib/modules/5.4.55/mt_wifi.ko	40c8f974ad7317776f602c069c009d1f0d5d939d622ccdee275423fad1e35cb0	.rela.text.unlikely	515	.text.unlikely	0x1488	0x1488	0x41f254	R_AARCH64_CALL26	printk	10601	1	STT_NOTYPE	SHN_UNDEF	0x0	0x0			unnamed@.text.unlikely+0x1374	0x1374	0x114	eh_frame_FDE	0x14a0	0x4554	direct_call_BL	0x94000000	outgoing	
.local/legacy-firmware/work/extract/stock-rootfs/lib/modules/5.4.55/mt_wifi.ko	40c8f974ad7317776f602c069c009d1f0d5d939d622ccdee275423fad1e35cb0	.rela.text.unlikely	8309	.text.unlikely	0x19b54	0x19b54	0x437920	R_AARCH64_CALL26	printk	10601	1	STT_NOTYPE	SHN_UNDEF	0x0	0x0			ser_mngr_init	0x19b24	0x30	symbol_size	0x19c84		direct_call_BL	0x94000000	outgoing	
.local/legacy-firmware/work/extract/stock-rootfs/lib/modules/5.4.55/mt_wifi.ko	40c8f974ad7317776f602c069c009d1f0d5d939d622ccdee275423fad1e35cb0	.rela.text.unlikely	8310	.text.unlikely	0x19b60	0x19b60	0x43792c	R_AARCH64_CALL26	os_zero_mem	9981	0	STT_FUNC	.text	0x39d9e4	0x0	os_zero_mem	0x39d9e4	ser_mngr_init	0x19b24	0x3c	symbol_size	0x19c84		direct_call_BL	0x94000000	outgoing	
.local/legacy-firmware/work/extract/stock-rootfs/lib/modules/5.4.55/mt_wifi.ko	40c8f974ad7317776f602c069c009d1f0d5d939d622ccdee275423fad1e35cb0	.rela.text.unlikely	8313	.text.unlikely	0x19bdc	0x19bdc	0x4379a8	R_AARCH64_CALL26	__local_bh_enable_ip	10623	1	STT_NOTYPE	SHN_UNDEF	0x0	0x0			ser_mngr_init	0x19b24	0xb8	symbol_size	0x19c84		direct_call_BL	0x94000000	outgoing	
.local/legacy-firmware/work/extract/stock-rootfs/lib/modules/5.4.55/mt_wifi.ko	40c8f974ad7317776f602c069c009d1f0d5d939d622ccdee275423fad1e35cb0	.rela.text.unlikely	8316	.text.unlikely	0x19bfc	0x19bfc	0x4379c8	R_AARCH64_CALL26	RtmpOSTaskInit	3705	0	STT_FUNC	.text	0x39d474	0x0	RtmpOSTaskInit	0x39d474	ser_mngr_init	0x19b24	0xd8	symbol_size	0x19c84		direct_call_BL	0x94000000	outgoing	
.local/legacy-firmware/work/extract/stock-rootfs/lib/modules/5.4.55/mt_wifi.ko	40c8f974ad7317776f602c069c009d1f0d5d939d622ccdee275423fad1e35cb0	.rela.text.unlikely	8319	.text.unlikely	0x19c10	0x19c10	0x4379dc	R_AARCH64_CALL26	RtmpOSTaskAttach	3946	0	STT_FUNC	.text	0x39d2a4	0x0	RtmpOSTaskAttach	0x39d2a4	ser_mngr_init	0x19b24	0xec	symbol_size	0x19c84		direct_call_BL	0x94000000	outgoing	
.local/legacy-firmware/work/extract/stock-rootfs/lib/modules/5.4.55/mt_wifi.ko	40c8f974ad7317776f602c069c009d1f0d5d939d622ccdee275423fad1e35cb0	.rela.text.unlikely	8326	.text.unlikely	0x19c54	0x19c54	0x437a20	R_AARCH64_CALL26	mtwf_dbg_prt	4914	0	STT_FUNC	.text	0x1e46b0	0x0	mtwf_dbg_prt	0x1e46b0	ser_mngr_init	0x19b24	0x130	symbol_size	0x19c84		direct_call_BL	0x94000000	outgoing	
.local/legacy-firmware/work/extract/stock-rootfs/lib/modules/5.4.55/mt_wifi.ko	40c8f974ad7317776f602c069c009d1f0d5d939d622ccdee275423fad1e35cb0	.rela.text.unlikely	8327	.text.unlikely	0x19c68	0x19c68	0x437a34	R_AARCH64_CALL26	queued_spin_lock_slowpath	10697	1	STT_NOTYPE	SHN_UNDEF	0x0	0x0			ser_mngr_init	0x19b24	0x144	symbol_size	0x19c84		direct_call_BL	0x94000000	outgoing	
.local/legacy-firmware/work/extract/stock-rootfs/lib/modules/5.4.55/mtk_hwifi.ko	6d82ba02d96d638da9e80592a63e31c09d2f8603620066b604c1702d1171c8f7	.rela.text	29	.text	0x460	0x460	0x4c0	R_AARCH64_CALL26	mtk_hdev_ops_init	168	0	STT_FUNC	.text	0xcb64	0x0	mtk_hdev_ops_init	0xcb64	mtk_hwifi_register_device	0x3d0	0x90	symbol_size	0x4cc		direct_call_BL	0x94000000	incoming	
.local/legacy-firmware/work/extract/stock-rootfs/lib/modules/5.4.55/mtk_pci.ko	c71b2073eeb2498c05c5e42bb5ceaf3df664cff42bf0b0740eb6152458e0857b	.rela.text	140	.text	0xa88	0xa88	0xae8	R_AARCH64_CALL26	init_rro_addr_elem_by_seid	85	0	STT_FUNC	.text	0xa2f0	0x0	init_rro_addr_elem_by_seid	0xa2f0	unnamed@.text+0xa80	0xa80	0x8	eh_frame_FDE	0xa94	0x3c4	direct_call_BL	0x94000000	incoming	
.local/legacy-firmware/work/extract/stock-rootfs/lib/modules/5.4.55/mtk_pci.ko	c71b2073eeb2498c05c5e42bb5ceaf3df664cff42bf0b0740eb6152458e0857b	.rela.text	161	.text	0x1010	0x1010	0x1070	R_AARCH64_CALL26	npu_hw_init_queue_bus_write	102	0	STT_FUNC	.text	0x65e0	0x0	npu_hw_init_queue_bus_write	0x65e0	unnamed@.text+0xf40	0xf40	0xd0	eh_frame_FDE	0x1018	0x4d0	direct_call_BL	0x94000000	incoming	
.local/legacy-firmware/work/extract/stock-rootfs/lib/modules/5.4.55/mtk_pci.ko	c71b2073eeb2498c05c5e42bb5ceaf3df664cff42bf0b0740eb6152458e0857b	.rela.text	162	.text	0x10b4	0x10b4	0x1114	R_AARCH64_CALL26	rro_sw_init	55	0	STT_FUNC	.text	0xa670	0x0	rro_sw_init	0xa670	unnamed@.text+0x1020	0x1020	0x94	eh_frame_FDE	0x10c4	0x4f8	direct_call_BL	0x94000000	incoming	
.local/legacy-firmware/work/extract/stock-rootfs/lib/modules/5.4.55/mtk_pci.ko	c71b2073eeb2498c05c5e42bb5ceaf3df664cff42bf0b0740eb6152458e0857b	.rela.text	191	.text	0x153c	0x153c	0x159c	R_AARCH64_CALL26	mtk_bus_rx_ser_event	209	1	STT_NOTYPE	SHN_UNDEF	0x0	0x0			unnamed@.text+0x14c0	0x14c0	0x7c	eh_frame_FDE	0x1608	0x5f4	direct_call_BL	0x94000000	incoming	
.local/legacy-firmware/work/extract/stock-rootfs/lib/modules/5.4.55/mtk_pci.ko	c71b2073eeb2498c05c5e42bb5ceaf3df664cff42bf0b0740eb6152458e0857b	.rela.text	192	.text	0x1560	0x1560	0x15c0	R_AARCH64_CALL26	mtk_bus_rx_ser_event	209	1	STT_NOTYPE	SHN_UNDEF	0x0	0x0			unnamed@.text+0x14c0	0x14c0	0xa0	eh_frame_FDE	0x1608	0x5f4	direct_call_BL	0x94000000	incoming	
.local/legacy-firmware/work/extract/stock-rootfs/lib/modules/5.4.55/mtk_pci.ko	c71b2073eeb2498c05c5e42bb5ceaf3df664cff42bf0b0740eb6152458e0857b	.rela.text	398	.text	0x3578	0x3578	0x35d8	R_AARCH64_CALL26	npu_pci_dma_init_rx_data_queue	81	0	STT_FUNC	.text	0x5d84	0x0	npu_pci_dma_init_rx_data_queue	0x5d84	pci_dma_init_rx_data_queue	0x3550	0x28	symbol_size	0x375c		direct_call_BL	0x94000000	incoming	
.local/legacy-firmware/work/extract/stock-rootfs/lib/modules/5.4.55/mtk_pci.ko	c71b2073eeb2498c05c5e42bb5ceaf3df664cff42bf0b0740eb6152458e0857b	.rela.text	423	.text	0x3c24	0x3c24	0x3c84	R_AARCH64_CALL26	mtk_bus_rx_ser_event	209	1	STT_NOTYPE	SHN_UNDEF	0x0	0x0			unnamed@.text+0x3924	0x3924	0x300	eh_frame_FDE	0x3ce0	0xc44	direct_call_BL	0x94000000	incoming	
.local/legacy-firmware/work/extract/stock-rootfs/lib/modules/5.4.55/mtk_pci.ko	c71b2073eeb2498c05c5e42bb5ceaf3df664cff42bf0b0740eb6152458e0857b	.rela.text	444	.text	0x3ddc	0x3ddc	0x3e3c	R_AARCH64_CALL26	npu_pci_dma_init_rx_event_queue	77	0	STT_FUNC	.text	0x5a50	0x0	npu_pci_dma_init_rx_event_queue	0x5a50	unnamed@.text+0x3ce0	0x3ce0	0xfc	eh_frame_FDE	0x3df8	0xca8	direct_call_BL	0x94000000	incoming	
.local/legacy-firmware/work/extract/stock-rootfs/lib/modules/5.4.55/mtk_pci.ko	c71b2073eeb2498c05c5e42bb5ceaf3df664cff42bf0b0740eb6152458e0857b	.rela.text	490	.text	0x4644	0x4644	0x46a4	R_AARCH64_CALL26	npu_pci_dma_sw_init_device	72	0	STT_FUNC	.text	0x67d4	0x0	npu_pci_dma_sw_init_device	0x67d4	unnamed@.text+0x4604	0x4604	0x40	eh_frame_FDE	0x4b10	0xe88	direct_call_BL	0x94000000	incoming	
.local/legacy-firmware/work/extract/stock-rootfs/lib/modules/5.4.55/mtk_pci.ko	c71b2073eeb2498c05c5e42bb5ceaf3df664cff42bf0b0740eb6152458e0857b	.rela.text	566	.text	0x4b8c	0x4b8c	0x4bec	R_AARCH64_CALL26	get_ecnt_npu_dev	182	1	STT_NOTYPE	SHN_UNDEF	0x0	0x0			unnamed@.text+0x4b70	0x4b70	0x1c	eh_frame_FDE	0x4cc0	0xf20	direct_call_BL	0x94000000	outgoing	
.local/legacy-firmware/work/extract/stock-rootfs/lib/modules/5.4.55/mtk_pci.ko	c71b2073eeb2498c05c5e42bb5ceaf3df664cff42bf0b0740eb6152458e0857b	.rela.text	567	.text	0x4ba8	0x4ba8	0x4c08	R_AARCH64_CALL26	dma_alloc_attrs	169	1	STT_NOTYPE	SHN_UNDEF	0x0	0x0			unnamed@.text+0x4b70	0x4b70	0x38	eh_frame_FDE	0x4cc0	0xf20	direct_call_BL	0x94000000	outgoing	
.local/legacy-firmware/work/extract/stock-rootfs/lib/modules/5.4.55/mtk_pci.ko	c71b2073eeb2498c05c5e42bb5ceaf3df664cff42bf0b0740eb6152458e0857b	.rela.text	568	.text	0x4bd0	0x4bd0	0x4c30	R_AARCH64_CALL26	memset	176	1	STT_NOTYPE	SHN_UNDEF	0x0	0x0			unnamed@.text+0x4b70	0x4b70	0x60	eh_frame_FDE	0x4cc0	0xf20	direct_call_BL	0x94000000	outgoing	
.local/legacy-firmware/work/extract/stock-rootfs/lib/modules/5.4.55/mtk_pci.ko	c71b2073eeb2498c05c5e42bb5ceaf3df664cff42bf0b0740eb6152458e0857b	.rela.text	569	.text	0x4c10	0x4c10	0x4c70	R_AARCH64_CALL26	host_notify_npuMbox	138	1	STT_NOTYPE	SHN_UNDEF	0x0	0x0			unnamed@.text+0x4b70	0x4b70	0xa0	eh_frame_FDE	0x4cc0	0xf20	direct_call_BL	0x94000000	outgoing	
.local/legacy-firmware/work/extract/stock-rootfs/lib/modules/5.4.55/mtk_pci.ko	c71b2073eeb2498c05c5e42bb5ceaf3df664cff42bf0b0740eb6152458e0857b	.rela.text	570	.text	0x4c34	0x4c34	0x4c94	R_AARCH64_CALL26	dma_free_attrs	183	1	STT_NOTYPE	SHN_UNDEF	0x0	0x0			unnamed@.text+0x4b70	0x4b70	0xc4	eh_frame_FDE	0x4cc0	0xf20	direct_call_BL	0x94000000	outgoing	
.local/legacy-firmware/work/extract/stock-rootfs/lib/modules/5.4.55/mtk_pci.ko	c71b2073eeb2498c05c5e42bb5ceaf3df664cff42bf0b0740eb6152458e0857b	.rela.text	573	.text	0x4c40	0x4c40	0x4ca0	R_AARCH64_CALL26	printk	173	1	STT_NOTYPE	SHN_UNDEF	0x0	0x0			unnamed@.text+0x4b70	0x4b70	0xd0	eh_frame_FDE	0x4cc0	0xf20	direct_call_BL	0x94000000	outgoing	
.local/legacy-firmware/work/extract/stock-rootfs/lib/modules/5.4.55/mtk_pci.ko	c71b2073eeb2498c05c5e42bb5ceaf3df664cff42bf0b0740eb6152458e0857b	.rela.text	576	.text	0x4c68	0x4c68	0x4cc8	R_AARCH64_CALL26	printk	173	1	STT_NOTYPE	SHN_UNDEF	0x0	0x0			unnamed@.text+0x4b70	0x4b70	0xf8	eh_frame_FDE	0x4cc0	0xf20	direct_call_BL	0x94000000	outgoing	
.local/legacy-firmware/work/extract/stock-rootfs/lib/modules/5.4.55/mtk_pci.ko	c71b2073eeb2498c05c5e42bb5ceaf3df664cff42bf0b0740eb6152458e0857b	.rela.text	579	.text	0x4c80	0x4c80	0x4ce0	R_AARCH64_CALL26	printk	173	1	STT_NOTYPE	SHN_UNDEF	0x0	0x0			unnamed@.text+0x4b70	0x4b70	0x110	eh_frame_FDE	0x4cc0	0xf20	direct_call_BL	0x94000000	outgoing	
.local/legacy-firmware/work/extract/stock-rootfs/lib/modules/5.4.55/mtk_pci.ko	c71b2073eeb2498c05c5e42bb5ceaf3df664cff42bf0b0740eb6152458e0857b	.rela.text	580	.text	0x4c98	0x4c98	0x4cf8	R_AARCH64_CALL26	dma_free_attrs	183	1	STT_NOTYPE	SHN_UNDEF	0x0	0x0			unnamed@.text+0x4b70	0x4b70	0x128	eh_frame_FDE	0x4cc0	0xf20	direct_call_BL	0x94000000	outgoing	
.local/legacy-firmware/work/extract/stock-rootfs/lib/modules/5.4.55/mtk_pci.ko	c71b2073eeb2498c05c5e42bb5ceaf3df664cff42bf0b0740eb6152458e0857b	.rela.text	585	.text	0x4cb8	0x4cb8	0x4d18	R_AARCH64_CALL26	printk	173	1	STT_NOTYPE	SHN_UNDEF	0x0	0x0			unnamed@.text+0x4b70	0x4b70	0x148	eh_frame_FDE	0x4cc0	0xf20	direct_call_BL	0x94000000	outgoing	
.local/legacy-firmware/work/extract/stock-rootfs/lib/modules/5.4.55/mtk_pci.ko	c71b2073eeb2498c05c5e42bb5ceaf3df664cff42bf0b0740eb6152458e0857b	.rela.text	721	.text	0x5924	0x5924	0x5984	R_AARCH64_CALL26		4	0	STT_SECTION	.text.unlikely	0x0	0x320	unnamed@.text.unlikely+0x320	0x320	npu_pci_dma_init_tx_data_queue	0x5810	0x114	symbol_size	0x5a4c		direct_call_BL	0x94000000	incoming	
.local/legacy-firmware/work/extract/stock-rootfs/lib/modules/5.4.55/mtk_pci.ko	c71b2073eeb2498c05c5e42bb5ceaf3df664cff42bf0b0740eb6152458e0857b	.rela.text	723	.text	0x596c	0x596c	0x59cc	R_AARCH64_CALL26		4	0	STT_SECTION	.text.unlikely	0x0	0x224	unnamed@.text.unlikely+0x224	0x224	npu_pci_dma_init_tx_data_queue	0x5810	0x15c	symbol_size	0x5a4c		direct_call_BL	0x94000000	incoming	
.local/legacy-firmware/work/extract/stock-rootfs/lib/modules/5.4.55/mtk_pci.ko	c71b2073eeb2498c05c5e42bb5ceaf3df664cff42bf0b0740eb6152458e0857b	.rela.text	727	.text	0x5994	0x5994	0x59f4	R_AARCH64_CALL26		4	0	STT_SECTION	.text.unlikely	0x0	0x224	unnamed@.text.unlikely+0x224	0x224	npu_pci_dma_init_tx_data_queue	0x5810	0x184	symbol_size	0x5a4c		direct_call_BL	0x94000000	incoming	
.local/legacy-firmware/work/extract/stock-rootfs/lib/modules/5.4.55/mtk_pci.ko	c71b2073eeb2498c05c5e42bb5ceaf3df664cff42bf0b0740eb6152458e0857b	.rela.text	731	.text	0x59bc	0x59bc	0x5a1c	R_AARCH64_CALL26		4	0	STT_SECTION	.text.unlikely	0x0	0x224	unnamed@.text.unlikely+0x224	0x224	npu_pci_dma_init_tx_data_queue	0x5810	0x1ac	symbol_size	0x5a4c		direct_call_BL	0x94000000	incoming	
.local/legacy-firmware/work/extract/stock-rootfs/lib/modules/5.4.55/mtk_pci.ko	c71b2073eeb2498c05c5e42bb5ceaf3df664cff42bf0b0740eb6152458e0857b	.rela.text	743	.text	0x5a6c	0x5a6c	0x5acc	R_AARCH64_CALL26	npu_get_pcie_index	101	0	STT_FUNC	.text	0x4f30	0x0	npu_get_pcie_index	0x4f30	npu_pci_dma_init_rx_event_queue	0x5a50	0x1c	symbol_size	0x5d84		direct_call_BL	0x94000000	outgoing	
.local/legacy-firmware/work/extract/stock-rootfs/lib/modules/5.4.55/mtk_pci.ko	c71b2073eeb2498c05c5e42bb5ceaf3df664cff42bf0b0740eb6152458e0857b	.rela.text	744	.text	0x5abc	0x5abc	0x5b1c	R_AARCH64_CALL26	get_ecnt_npu_dev	182	1	STT_NOTYPE	SHN_UNDEF	0x0	0x0			npu_pci_dma_init_rx_event_queue	0x5a50	0x6c	symbol_size	0x5d84		direct_call_BL	0x94000000	outgoing	
.local/legacy-firmware/work/extract/stock-rootfs/lib/modules/5.4.55/mtk_pci.ko	c71b2073eeb2498c05c5e42bb5ceaf3df664cff42bf0b0740eb6152458e0857b	.rela.text	745	.text	0x5ad8	0x5ad8	0x5b38	R_AARCH64_CALL26	dma_alloc_attrs	169	1	STT_NOTYPE	SHN_UNDEF	0x0	0x0			npu_pci_dma_init_rx_event_queue	0x5a50	0x88	symbol_size	0x5d84		direct_call_BL	0x94000000	outgoing	
.local/legacy-firmware/work/extract/stock-rootfs/lib/modules/5.4.55/mtk_pci.ko	c71b2073eeb2498c05c5e42bb5ceaf3df664cff42bf0b0740eb6152458e0857b	.rela.text	746	.text	0x5af4	0x5af4	0x5b54	R_AARCH64_CALL26	memset	176	1	STT_NOTYPE	SHN_UNDEF	0x0	0x0			npu_pci_dma_init_rx_event_queue	0x5a50	0xa4	symbol_size	0x5d84		direct_call_BL	0x94000000	outgoing	
.local/legacy-firmware/work/extract/stock-rootfs/lib/modules/5.4.55/mtk_pci.ko	c71b2073eeb2498c05c5e42bb5ceaf3df664cff42bf0b0740eb6152458e0857b	.rela.text	747	.text	0x5b3c	0x5b3c	0x5b9c	R_AARCH64_CALL26	host_notify_npuMbox	138	1	STT_NOTYPE	SHN_UNDEF	0x0	0x0			npu_pci_dma_init_rx_event_queue	0x5a50	0xec	symbol_size	0x5d84		direct_call_BL	0x94000000	outgoing	
.local/legacy-firmware/work/extract/stock-rootfs/lib/modules/5.4.55/mtk_pci.ko	c71b2073eeb2498c05c5e42bb5ceaf3df664cff42bf0b0740eb6152458e0857b	.rela.text	748	.text	0x5b58	0x5b58	0x5bb8	R_AARCH64_CALL26	dma_free_attrs	183	1	STT_NOTYPE	SHN_UNDEF	0x0	0x0			npu_pci_dma_init_rx_event_queue	0x5a50	0x108	symbol_size	0x5d84		direct_call_BL	0x94000000	outgoing	
.local/legacy-firmware/work/extract/stock-rootfs/lib/modules/5.4.55/mtk_pci.ko	c71b2073eeb2498c05c5e42bb5ceaf3df664cff42bf0b0740eb6152458e0857b	.rela.text	749	.text	0x5b6c	0x5b6c	0x5bcc	R_AARCH64_CALL26	get_ecnt_npu_dev	182	1	STT_NOTYPE	SHN_UNDEF	0x0	0x0			npu_pci_dma_init_rx_event_queue	0x5a50	0x11c	symbol_size	0x5d84		direct_call_BL	0x94000000	outgoing	
.local/legacy-firmware/work/extract/stock-rootfs/lib/modules/5.4.55/mtk_pci.ko	c71b2073eeb2498c05c5e42bb5ceaf3df664cff42bf0b0740eb6152458e0857b	.rela.text	750	.text	0x5b88	0x5b88	0x5be8	R_AARCH64_CALL26	dma_alloc_attrs	169	1	STT_NOTYPE	SHN_UNDEF	0x0	0x0			npu_pci_dma_init_rx_event_queue	0x5a50	0x138	symbol_size	0x5d84		direct_call_BL	0x94000000	outgoing	
.local/legacy-firmware/work/extract/stock-rootfs/lib/modules/5.4.55/mtk_pci.ko	c71b2073eeb2498c05c5e42bb5ceaf3df664cff42bf0b0740eb6152458e0857b	.rela.text	751	.text	0x5ba4	0x5ba4	0x5c04	R_AARCH64_CALL26	memset	176	1	STT_NOTYPE	SHN_UNDEF	0x0	0x0			npu_pci_dma_init_rx_event_queue	0x5a50	0x154	symbol_size	0x5d84		direct_call_BL	0x94000000	outgoing	
.local/legacy-firmware/work/extract/stock-rootfs/lib/modules/5.4.55/mtk_pci.ko	c71b2073eeb2498c05c5e42bb5ceaf3df664cff42bf0b0740eb6152458e0857b	.rela.text	752	.text	0x5be4	0x5be4	0x5c44	R_AARCH64_CALL26	host_notify_npuMbox	138	1	STT_NOTYPE	SHN_UNDEF	0x0	0x0			npu_pci_dma_init_rx_event_queue	0x5a50	0x194	symbol_size	0x5d84		direct_call_BL	0x94000000	outgoing	
.local/legacy-firmware/work/extract/stock-rootfs/lib/modules/5.4.55/mtk_pci.ko	c71b2073eeb2498c05c5e42bb5ceaf3df664cff42bf0b0740eb6152458e0857b	.rela.text	753	.text	0x5c00	0x5c00	0x5c60	R_AARCH64_CALL26	dma_free_attrs	183	1	STT_NOTYPE	SHN_UNDEF	0x0	0x0			npu_pci_dma_init_rx_event_queue	0x5a50	0x1b0	symbol_size	0x5d84		direct_call_BL	0x94000000	outgoing	
.local/legacy-firmware/work/extract/stock-rootfs/lib/modules/5.4.55/mtk_pci.ko	c71b2073eeb2498c05c5e42bb5ceaf3df664cff42bf0b0740eb6152458e0857b	.rela.text	756	.text	0x5c28	0x5c28	0x5c88	R_AARCH64_CALL26	get_ecnt_npu_dev	182	1	STT_NOTYPE	SHN_UNDEF	0x0	0x0			npu_pci_dma_init_rx_event_queue	0x5a50	0x1d8	symbol_size	0x5d84		direct_call_BL	0x94000000	outgoing	
.local/legacy-firmware/work/extract/stock-rootfs/lib/modules/5.4.55/mtk_pci.ko	c71b2073eeb2498c05c5e42bb5ceaf3df664cff42bf0b0740eb6152458e0857b	.rela.text	757	.text	0x5c44	0x5c44	0x5ca4	R_AARCH64_CALL26	dma_alloc_attrs	169	1	STT_NOTYPE	SHN_UNDEF	0x0	0x0			npu_pci_dma_init_rx_event_queue	0x5a50	0x1f4	symbol_size	0x5d84		direct_call_BL	0x94000000	outgoing	
.local/legacy-firmware/work/extract/stock-rootfs/lib/modules/5.4.55/mtk_pci.ko	c71b2073eeb2498c05c5e42bb5ceaf3df664cff42bf0b0740eb6152458e0857b	.rela.text	758	.text	0x5c60	0x5c60	0x5cc0	R_AARCH64_CALL26	memset	176	1	STT_NOTYPE	SHN_UNDEF	0x0	0x0			npu_pci_dma_init_rx_event_queue	0x5a50	0x210	symbol_size	0x5d84		direct_call_BL	0x94000000	outgoing	
.local/legacy-firmware/work/extract/stock-rootfs/lib/modules/5.4.55/mtk_pci.ko	c71b2073eeb2498c05c5e42bb5ceaf3df664cff42bf0b0740eb6152458e0857b	.rela.text	759	.text	0x5c9c	0x5c9c	0x5cfc	R_AARCH64_CALL26	host_notify_npuMbox	138	1	STT_NOTYPE	SHN_UNDEF	0x0	0x0			npu_pci_dma_init_rx_event_queue	0x5a50	0x24c	symbol_size	0x5d84		direct_call_BL	0x94000000	outgoing	
.local/legacy-firmware/work/extract/stock-rootfs/lib/modules/5.4.55/mtk_pci.ko	c71b2073eeb2498c05c5e42bb5ceaf3df664cff42bf0b0740eb6152458e0857b	.rela.text	760	.text	0x5cb8	0x5cb8	0x5d18	R_AARCH64_CALL26	dma_free_attrs	183	1	STT_NOTYPE	SHN_UNDEF	0x0	0x0			npu_pci_dma_init_rx_event_queue	0x5a50	0x268	symbol_size	0x5d84		direct_call_BL	0x94000000	outgoing	
.local/legacy-firmware/work/extract/stock-rootfs/lib/modules/5.4.55/mtk_pci.ko	c71b2073eeb2498c05c5e42bb5ceaf3df664cff42bf0b0740eb6152458e0857b	.rela.text	763	.text	0x5d10	0x5d10	0x5d70	R_AARCH64_CALL26	printk	173	1	STT_NOTYPE	SHN_UNDEF	0x0	0x0			npu_pci_dma_init_rx_event_queue	0x5a50	0x2c0	symbol_size	0x5d84		direct_call_BL	0x94000000	outgoing	
.local/legacy-firmware/work/extract/stock-rootfs/lib/modules/5.4.55/mtk_pci.ko	c71b2073eeb2498c05c5e42bb5ceaf3df664cff42bf0b0740eb6152458e0857b	.rela.text	766	.text	0x5d20	0x5d20	0x5d80	R_AARCH64_CALL26	printk	173	1	STT_NOTYPE	SHN_UNDEF	0x0	0x0			npu_pci_dma_init_rx_event_queue	0x5a50	0x2d0	symbol_size	0x5d84		direct_call_BL	0x94000000	outgoing	
.local/legacy-firmware/work/extract/stock-rootfs/lib/modules/5.4.55/mtk_pci.ko	c71b2073eeb2498c05c5e42bb5ceaf3df664cff42bf0b0740eb6152458e0857b	.rela.text	769	.text	0x5d30	0x5d30	0x5d90	R_AARCH64_CALL26	printk	173	1	STT_NOTYPE	SHN_UNDEF	0x0	0x0			npu_pci_dma_init_rx_event_queue	0x5a50	0x2e0	symbol_size	0x5d84		direct_call_BL	0x94000000	outgoing	
.local/legacy-firmware/work/extract/stock-rootfs/lib/modules/5.4.55/mtk_pci.ko	c71b2073eeb2498c05c5e42bb5ceaf3df664cff42bf0b0740eb6152458e0857b	.rela.text	772	.text	0x5d40	0x5d40	0x5da0	R_AARCH64_CALL26	printk	173	1	STT_NOTYPE	SHN_UNDEF	0x0	0x0			npu_pci_dma_init_rx_event_queue	0x5a50	0x2f0	symbol_size	0x5d84		direct_call_BL	0x94000000	outgoing	
.local/legacy-firmware/work/extract/stock-rootfs/lib/modules/5.4.55/mtk_pci.ko	c71b2073eeb2498c05c5e42bb5ceaf3df664cff42bf0b0740eb6152458e0857b	.rela.text	777	.text	0x5d5c	0x5d5c	0x5dbc	R_AARCH64_CALL26	_dev_info	155	1	STT_NOTYPE	SHN_UNDEF	0x0	0x0			npu_pci_dma_init_rx_event_queue	0x5a50	0x30c	symbol_size	0x5d84		direct_call_BL	0x94000000	outgoing	
.local/legacy-firmware/work/extract/stock-rootfs/lib/modules/5.4.55/mtk_pci.ko	c71b2073eeb2498c05c5e42bb5ceaf3df664cff42bf0b0740eb6152458e0857b	.rela.text	780	.text	0x5d6c	0x5d6c	0x5dcc	R_AARCH64_CALL26	printk	173	1	STT_NOTYPE	SHN_UNDEF	0x0	0x0			npu_pci_dma_init_rx_event_queue	0x5a50	0x31c	symbol_size	0x5d84		direct_call_BL	0x94000000	outgoing	
.local/legacy-firmware/work/extract/stock-rootfs/lib/modules/5.4.55/mtk_pci.ko	c71b2073eeb2498c05c5e42bb5ceaf3df664cff42bf0b0740eb6152458e0857b	.rela.text	783	.text	0x5d7c	0x5d7c	0x5ddc	R_AARCH64_CALL26	printk	173	1	STT_NOTYPE	SHN_UNDEF	0x0	0x0			npu_pci_dma_init_rx_event_queue	0x5a50	0x32c	symbol_size	0x5d84		direct_call_BL	0x94000000	outgoing	
.local/legacy-firmware/work/extract/stock-rootfs/lib/modules/5.4.55/mtk_pci.ko	c71b2073eeb2498c05c5e42bb5ceaf3df664cff42bf0b0740eb6152458e0857b	.rela.text	784	.text	0x5d9c	0x5d9c	0x5dfc	R_AARCH64_CALL26	npu_get_pcie_index	101	0	STT_FUNC	.text	0x4f30	0x0	npu_get_pcie_index	0x4f30	npu_pci_dma_init_rx_data_queue	0x5d84	0x18	symbol_size	0x6250		direct_call_BL	0x94000000	outgoing	
.local/legacy-firmware/work/extract/stock-rootfs/lib/modules/5.4.55/mtk_pci.ko	c71b2073eeb2498c05c5e42bb5ceaf3df664cff42bf0b0740eb6152458e0857b	.rela.text	785	.text	0x5e0c	0x5e0c	0x5e6c	R_AARCH64_CALL26	get_ecnt_npu_dev	182	1	STT_NOTYPE	SHN_UNDEF	0x0	0x0			npu_pci_dma_init_rx_data_queue	0x5d84	0x88	symbol_size	0x6250		direct_call_BL	0x94000000	outgoing	
.local/legacy-firmware/work/extract/stock-rootfs/lib/modules/5.4.55/mtk_pci.ko	c71b2073eeb2498c05c5e42bb5ceaf3df664cff42bf0b0740eb6152458e0857b	.rela.text	786	.text	0x5e28	0x5e28	0x5e88	R_AARCH64_CALL26	dma_alloc_attrs	169	1	STT_NOTYPE	SHN_UNDEF	0x0	0x0			npu_pci_dma_init_rx_data_queue	0x5d84	0xa4	symbol_size	0x6250		direct_call_BL	0x94000000	outgoing	
.local/legacy-firmware/work/extract/stock-rootfs/lib/modules/5.4.55/mtk_pci.ko	c71b2073eeb2498c05c5e42bb5ceaf3df664cff42bf0b0740eb6152458e0857b	.rela.text	787	.text	0x5e4c	0x5e4c	0x5eac	R_AARCH64_CALL26	memset	176	1	STT_NOTYPE	SHN_UNDEF	0x0	0x0			npu_pci_dma_init_rx_data_queue	0x5d84	0xc8	symbol_size	0x6250		direct_call_BL	0x94000000	outgoing	
.local/legacy-firmware/work/extract/stock-rootfs/lib/modules/5.4.55/mtk_pci.ko	c71b2073eeb2498c05c5e42bb5ceaf3df664cff42bf0b0740eb6152458e0857b	.rela.text	788	.text	0x5e88	0x5e88	0x5ee8	R_AARCH64_CALL26	host_notify_npuMbox	138	1	STT_NOTYPE	SHN_UNDEF	0x0	0x0			npu_pci_dma_init_rx_data_queue	0x5d84	0x104	symbol_size	0x6250		direct_call_BL	0x94000000	outgoing	
.local/legacy-firmware/work/extract/stock-rootfs/lib/modules/5.4.55/mtk_pci.ko	c71b2073eeb2498c05c5e42bb5ceaf3df664cff42bf0b0740eb6152458e0857b	.rela.text	789	.text	0x5ea4	0x5ea4	0x5f04	R_AARCH64_CALL26	dma_free_attrs	183	1	STT_NOTYPE	SHN_UNDEF	0x0	0x0			npu_pci_dma_init_rx_data_queue	0x5d84	0x120	symbol_size	0x6250		direct_call_BL	0x94000000	outgoing	
.local/legacy-firmware/work/extract/stock-rootfs/lib/modules/5.4.55/mtk_pci.ko	c71b2073eeb2498c05c5e42bb5ceaf3df664cff42bf0b0740eb6152458e0857b	.rela.text	794	.text	0x5ef4	0x5ef4	0x5f54	R_AARCH64_CALL26	get_ecnt_npu_dev	182	1	STT_NOTYPE	SHN_UNDEF	0x0	0x0			npu_pci_dma_init_rx_data_queue	0x5d84	0x170	symbol_size	0x6250		direct_call_BL	0x94000000	outgoing	
.local/legacy-firmware/work/extract/stock-rootfs/lib/modules/5.4.55/mtk_pci.ko	c71b2073eeb2498c05c5e42bb5ceaf3df664cff42bf0b0740eb6152458e0857b	.rela.text	795	.text	0x5f10	0x5f10	0x5f70	R_AARCH64_CALL26	dma_alloc_attrs	169	1	STT_NOTYPE	SHN_UNDEF	0x0	0x0			npu_pci_dma_init_rx_data_queue	0x5d84	0x18c	symbol_size	0x6250		direct_call_BL	0x94000000	outgoing	
.local/legacy-firmware/work/extract/stock-rootfs/lib/modules/5.4.55/mtk_pci.ko	c71b2073eeb2498c05c5e42bb5ceaf3df664cff42bf0b0740eb6152458e0857b	.rela.text	796	.text	0x5f34	0x5f34	0x5f94	R_AARCH64_CALL26	memset	176	1	STT_NOTYPE	SHN_UNDEF	0x0	0x0			npu_pci_dma_init_rx_data_queue	0x5d84	0x1b0	symbol_size	0x6250		direct_call_BL	0x94000000	outgoing	
.local/legacy-firmware/work/extract/stock-rootfs/lib/modules/5.4.55/mtk_pci.ko	c71b2073eeb2498c05c5e42bb5ceaf3df664cff42bf0b0740eb6152458e0857b	.rela.text	797	.text	0x5f6c	0x5f6c	0x5fcc	R_AARCH64_CALL26	host_notify_npuMbox	138	1	STT_NOTYPE	SHN_UNDEF	0x0	0x0			npu_pci_dma_init_rx_data_queue	0x5d84	0x1e8	symbol_size	0x6250		direct_call_BL	0x94000000	outgoing	
.local/legacy-firmware/work/extract/stock-rootfs/lib/modules/5.4.55/mtk_pci.ko	c71b2073eeb2498c05c5e42bb5ceaf3df664cff42bf0b0740eb6152458e0857b	.rela.text	798	.text	0x5f88	0x5f88	0x5fe8	R_AARCH64_CALL26	dma_free_attrs	183	1	STT_NOTYPE	SHN_UNDEF	0x0	0x0			npu_pci_dma_init_rx_data_queue	0x5d84	0x204	symbol_size	0x6250		direct_call_BL	0x94000000	outgoing	
.local/legacy-firmware/work/extract/stock-rootfs/lib/modules/5.4.55/mtk_pci.ko	c71b2073eeb2498c05c5e42bb5ceaf3df664cff42bf0b0740eb6152458e0857b	.rela.text	799	.text	0x5fc4	0x5fc4	0x6024	R_AARCH64_CALL26	get_ecnt_npu_dev	182	1	STT_NOTYPE	SHN_UNDEF	0x0	0x0			npu_pci_dma_init_rx_data_queue	0x5d84	0x240	symbol_size	0x6250		direct_call_BL	0x94000000	outgoing	
.local/legacy-firmware/work/extract/stock-rootfs/lib/modules/5.4.55/mtk_pci.ko	c71b2073eeb2498c05c5e42bb5ceaf3df664cff42bf0b0740eb6152458e0857b	.rela.text	800	.text	0x5fe0	0x5fe0	0x6040	R_AARCH64_CALL26	dma_alloc_attrs	169	1	STT_NOTYPE	SHN_UNDEF	0x0	0x0			npu_pci_dma_init_rx_data_queue	0x5d84	0x25c	symbol_size	0x6250		direct_call_BL	0x94000000	outgoing	
.local/legacy-firmware/work/extract/stock-rootfs/lib/modules/5.4.55/mtk_pci.ko	c71b2073eeb2498c05c5e42bb5ceaf3df664cff42bf0b0740eb6152458e0857b	.rela.text	801	.text	0x6008	0x6008	0x6068	R_AARCH64_CALL26	memset	176	1	STT_NOTYPE	SHN_UNDEF	0x0	0x0			npu_pci_dma_init_rx_data_queue	0x5d84	0x284	symbol_size	0x6250		direct_call_BL	0x94000000	outgoing	
.local/legacy-firmware/work/extract/stock-rootfs/lib/modules/5.4.55/mtk_pci.ko	c71b2073eeb2498c05c5e42bb5ceaf3df664cff42bf0b0740eb6152458e0857b	.rela.text	802	.text	0x6044	0x6044	0x60a4	R_AARCH64_CALL26	host_notify_npuMbox	138	1	STT_NOTYPE	SHN_UNDEF	0x0	0x0			npu_pci_dma_init_rx_data_queue	0x5d84	0x2c0	symbol_size	0x6250		direct_call_BL	0x94000000	outgoing	
.local/legacy-firmware/work/extract/stock-rootfs/lib/modules/5.4.55/mtk_pci.ko	c71b2073eeb2498c05c5e42bb5ceaf3df664cff42bf0b0740eb6152458e0857b	.rela.text	803	.text	0x6064	0x6064	0x60c4	R_AARCH64_CALL26	dma_free_attrs	183	1	STT_NOTYPE	SHN_UNDEF	0x0	0x0			npu_pci_dma_init_rx_data_queue	0x5d84	0x2e0	symbol_size	0x6250		direct_call_BL	0x94000000	outgoing	
.local/legacy-firmware/work/extract/stock-rootfs/lib/modules/5.4.55/mtk_pci.ko	c71b2073eeb2498c05c5e42bb5ceaf3df664cff42bf0b0740eb6152458e0857b	.rela.text	806	.text	0x6070	0x6070	0x60d0	R_AARCH64_CALL26	printk	173	1	STT_NOTYPE	SHN_UNDEF	0x0	0x0			npu_pci_dma_init_rx_data_queue	0x5d84	0x2ec	symbol_size	0x6250		direct_call_BL	0x94000000	outgoing	
.local/legacy-firmware/work/extract/stock-rootfs/lib/modules/5.4.55/mtk_pci.ko	c71b2073eeb2498c05c5e42bb5ceaf3df664cff42bf0b0740eb6152458e0857b	.rela.text	811	.text	0x608c	0x608c	0x60ec	R_AARCH64_CALL26	_dev_info	155	1	STT_NOTYPE	SHN_UNDEF	0x0	0x0			npu_pci_dma_init_rx_data_queue	0x5d84	0x308	symbol_size	0x6250		direct_call_BL	0x94000000	outgoing	
.local/legacy-firmware/work/extract/stock-rootfs/lib/modules/5.4.55/mtk_pci.ko	c71b2073eeb2498c05c5e42bb5ceaf3df664cff42bf0b0740eb6152458e0857b	.rela.text	816	.text	0x60d0	0x60d0	0x6130	R_AARCH64_CALL26	__ioremap	163	1	STT_NOTYPE	SHN_UNDEF	0x0	0x0			npu_pci_dma_init_rx_data_queue	0x5d84	0x34c	symbol_size	0x6250		direct_call_BL	0x94000000	outgoing	
.local/legacy-firmware/work/extract/stock-rootfs/lib/modules/5.4.55/mtk_pci.ko	c71b2073eeb2498c05c5e42bb5ceaf3df664cff42bf0b0740eb6152458e0857b	.rela.text	819	.text	0x6124	0x6124	0x6184	R_AARCH64_CALL26	printk	173	1	STT_NOTYPE	SHN_UNDEF	0x0	0x0			npu_pci_dma_init_rx_data_queue	0x5d84	0x3a0	symbol_size	0x6250		direct_call_BL	0x94000000	outgoing	
.local/legacy-firmware/work/extract/stock-rootfs/lib/modules/5.4.55/mtk_pci.ko	c71b2073eeb2498c05c5e42bb5ceaf3df664cff42bf0b0740eb6152458e0857b	.rela.text	824	.text	0x6140	0x6140	0x61a0	R_AARCH64_CALL26	_dev_info	155	1	STT_NOTYPE	SHN_UNDEF	0x0	0x0			npu_pci_dma_init_rx_data_queue	0x5d84	0x3bc	symbol_size	0x6250		direct_call_BL	0x94000000	outgoing	
.local/legacy-firmware/work/extract/stock-rootfs/lib/modules/5.4.55/mtk_pci.ko	c71b2073eeb2498c05c5e42bb5ceaf3df664cff42bf0b0740eb6152458e0857b	.rela.text	827	.text	0x6150	0x6150	0x61b0	R_AARCH64_CALL26	printk	173	1	STT_NOTYPE	SHN_UNDEF	0x0	0x0			npu_pci_dma_init_rx_data_queue	0x5d84	0x3cc	symbol_size	0x6250		direct_call_BL	0x94000000	outgoing	
.local/legacy-firmware/work/extract/stock-rootfs/lib/modules/5.4.55/mtk_pci.ko	c71b2073eeb2498c05c5e42bb5ceaf3df664cff42bf0b0740eb6152458e0857b	.rela.text	832	.text	0x6174	0x6174	0x61d4	R_AARCH64_CALL26	_dev_info	155	1	STT_NOTYPE	SHN_UNDEF	0x0	0x0			npu_pci_dma_init_rx_data_queue	0x5d84	0x3f0	symbol_size	0x6250		direct_call_BL	0x94000000	outgoing	
.local/legacy-firmware/work/extract/stock-rootfs/lib/modules/5.4.55/mtk_pci.ko	c71b2073eeb2498c05c5e42bb5ceaf3df664cff42bf0b0740eb6152458e0857b	.rela.text	835	.text	0x6190	0x6190	0x61f0	R_AARCH64_CALL26	printk	173	1	STT_NOTYPE	SHN_UNDEF	0x0	0x0			npu_pci_dma_init_rx_data_queue	0x5d84	0x40c	symbol_size	0x6250		direct_call_BL	0x94000000	outgoing	
.local/legacy-firmware/work/extract/stock-rootfs/lib/modules/5.4.55/mtk_pci.ko	c71b2073eeb2498c05c5e42bb5ceaf3df664cff42bf0b0740eb6152458e0857b	.rela.text	840	.text	0x61ac	0x61ac	0x620c	R_AARCH64_CALL26	_dev_info	155	1	STT_NOTYPE	SHN_UNDEF	0x0	0x0			npu_pci_dma_init_rx_data_queue	0x5d84	0x428	symbol_size	0x6250		direct_call_BL	0x94000000	outgoing	
.local/legacy-firmware/work/extract/stock-rootfs/lib/modules/5.4.55/mtk_pci.ko	c71b2073eeb2498c05c5e42bb5ceaf3df664cff42bf0b0740eb6152458e0857b	.rela.text	843	.text	0x61bc	0x61bc	0x621c	R_AARCH64_CALL26	printk	173	1	STT_NOTYPE	SHN_UNDEF	0x0	0x0			npu_pci_dma_init_rx_data_queue	0x5d84	0x438	symbol_size	0x6250		direct_call_BL	0x94000000	outgoing	
.local/legacy-firmware/work/extract/stock-rootfs/lib/modules/5.4.55/mtk_pci.ko	c71b2073eeb2498c05c5e42bb5ceaf3df664cff42bf0b0740eb6152458e0857b	.rela.text	846	.text	0x61cc	0x61cc	0x622c	R_AARCH64_CALL26	printk	173	1	STT_NOTYPE	SHN_UNDEF	0x0	0x0			npu_pci_dma_init_rx_data_queue	0x5d84	0x448	symbol_size	0x6250		direct_call_BL	0x94000000	outgoing	
.local/legacy-firmware/work/extract/stock-rootfs/lib/modules/5.4.55/mtk_pci.ko	c71b2073eeb2498c05c5e42bb5ceaf3df664cff42bf0b0740eb6152458e0857b	.rela.text	853	.text	0x61f0	0x61f0	0x6250	R_AARCH64_CALL26	printk	173	1	STT_NOTYPE	SHN_UNDEF	0x0	0x0			npu_pci_dma_init_rx_data_queue	0x5d84	0x46c	symbol_size	0x6250		direct_call_BL	0x94000000	outgoing	
.local/legacy-firmware/work/extract/stock-rootfs/lib/modules/5.4.55/mtk_pci.ko	c71b2073eeb2498c05c5e42bb5ceaf3df664cff42bf0b0740eb6152458e0857b	.rela.text	856	.text	0x620c	0x620c	0x626c	R_AARCH64_CALL26	printk	173	1	STT_NOTYPE	SHN_UNDEF	0x0	0x0			npu_pci_dma_init_rx_data_queue	0x5d84	0x488	symbol_size	0x6250		direct_call_BL	0x94000000	outgoing	
.local/legacy-firmware/work/extract/stock-rootfs/lib/modules/5.4.55/mtk_pci.ko	c71b2073eeb2498c05c5e42bb5ceaf3df664cff42bf0b0740eb6152458e0857b	.rela.text	857	.text	0x6224	0x6224	0x6284	R_AARCH64_CALL26	dma_free_attrs	183	1	STT_NOTYPE	SHN_UNDEF	0x0	0x0			npu_pci_dma_init_rx_data_queue	0x5d84	0x4a0	symbol_size	0x6250		direct_call_BL	0x94000000	outgoing	
.local/legacy-firmware/work/extract/stock-rootfs/lib/modules/5.4.55/mtk_pci.ko	c71b2073eeb2498c05c5e42bb5ceaf3df664cff42bf0b0740eb6152458e0857b	.rela.text	860	.text	0x6264	0x6264	0x62c4	R_AARCH64_CALL26	get_ecnt_npu_dev	182	1	STT_NOTYPE	SHN_UNDEF	0x0	0x0			send_rro_done_msg_2_NPU	0x6250	0x14	symbol_size	0x6368		direct_call_BL	0x94000000	outgoing	
.local/legacy-firmware/work/extract/stock-rootfs/lib/modules/5.4.55/mtk_pci.ko	c71b2073eeb2498c05c5e42bb5ceaf3df664cff42bf0b0740eb6152458e0857b	.rela.text	861	.text	0x6284	0x6284	0x62e4	R_AARCH64_CALL26	dma_alloc_attrs	169	1	STT_NOTYPE	SHN_UNDEF	0x0	0x0			send_rro_done_msg_2_NPU	0x6250	0x34	symbol_size	0x6368		direct_call_BL	0x94000000	outgoing	
.local/legacy-firmware/work/extract/stock-rootfs/lib/modules/5.4.55/mtk_pci.ko	c71b2073eeb2498c05c5e42bb5ceaf3df664cff42bf0b0740eb6152458e0857b	.rela.text	862	.text	0x62a0	0x62a0	0x6300	R_AARCH64_CALL26	memset	176	1	STT_NOTYPE	SHN_UNDEF	0x0	0x0			send_rro_done_msg_2_NPU	0x6250	0x50	symbol_size	0x6368		direct_call_BL	0x94000000	outgoing	
.local/legacy-firmware/work/extract/stock-rootfs/lib/modules/5.4.55/mtk_pci.ko	c71b2073eeb2498c05c5e42bb5ceaf3df664cff42bf0b0740eb6152458e0857b	.rela.text	863	.text	0x62e0	0x62e0	0x6340	R_AARCH64_CALL26	host_notify_npuMbox	138	1	STT_NOTYPE	SHN_UNDEF	0x0	0x0			send_rro_done_msg_2_NPU	0x6250	0x90	symbol_size	0x6368		direct_call_BL	0x94000000	outgoing	
.local/legacy-firmware/work/extract/stock-rootfs/lib/modules/5.4.55/mtk_pci.ko	c71b2073eeb2498c05c5e42bb5ceaf3df664cff42bf0b0740eb6152458e0857b	.rela.text	864	.text	0x62fc	0x62fc	0x635c	R_AARCH64_CALL26	dma_free_attrs	183	1	STT_NOTYPE	SHN_UNDEF	0x0	0x0			send_rro_done_msg_2_NPU	0x6250	0xac	symbol_size	0x6368		direct_call_BL	0x94000000	outgoing	
.local/legacy-firmware/work/extract/stock-rootfs/lib/modules/5.4.55/mtk_pci.ko	c71b2073eeb2498c05c5e42bb5ceaf3df664cff42bf0b0740eb6152458e0857b	.rela.text	867	.text	0x6320	0x6320	0x6380	R_AARCH64_CALL26	printk	173	1	STT_NOTYPE	SHN_UNDEF	0x0	0x0			send_rro_done_msg_2_NPU	0x6250	0xd0	symbol_size	0x6368		direct_call_BL	0x94000000	outgoing	
.local/legacy-firmware/work/extract/stock-rootfs/lib/modules/5.4.55/mtk_pci.ko	c71b2073eeb2498c05c5e42bb5ceaf3df664cff42bf0b0740eb6152458e0857b	.rela.text	872	.text	0x633c	0x633c	0x639c	R_AARCH64_CALL26	_dev_info	155	1	STT_NOTYPE	SHN_UNDEF	0x0	0x0			send_rro_done_msg_2_NPU	0x6250	0xec	symbol_size	0x6368		direct_call_BL	0x94000000	outgoing	
.local/legacy-firmware/work/extract/stock-rootfs/lib/modules/5.4.55/mtk_pci.ko	c71b2073eeb2498c05c5e42bb5ceaf3df664cff42bf0b0740eb6152458e0857b	.rela.text	875	.text	0x635c	0x635c	0x63bc	R_AARCH64_CALL26	printk	173	1	STT_NOTYPE	SHN_UNDEF	0x0	0x0			send_rro_done_msg_2_NPU	0x6250	0x10c	symbol_size	0x6368		direct_call_BL	0x94000000	outgoing	
.local/legacy-firmware/work/extract/stock-rootfs/lib/modules/5.4.55/mtk_pci.ko	c71b2073eeb2498c05c5e42bb5ceaf3df664cff42bf0b0740eb6152458e0857b	.rela.text	876	.text	0x6394	0x6394	0x63f4	R_AARCH64_CALL26	get_ecnt_npu_dev	182	1	STT_NOTYPE	SHN_UNDEF	0x0	0x0			send_rro_stop_msg_2_NPU	0x6370	0x24	symbol_size	0x65d8		direct_call_BL	0x94000000	outgoing	
.local/legacy-firmware/work/extract/stock-rootfs/lib/modules/5.4.55/mtk_pci.ko	c71b2073eeb2498c05c5e42bb5ceaf3df664cff42bf0b0740eb6152458e0857b	.rela.text	877	.text	0x63b4	0x63b4	0x6414	R_AARCH64_CALL26	dma_alloc_attrs	169	1	STT_NOTYPE	SHN_UNDEF	0x0	0x0			send_rro_stop_msg_2_NPU	0x6370	0x44	symbol_size	0x65d8		direct_call_BL	0x94000000	outgoing	
.local/legacy-firmware/work/extract/stock-rootfs/lib/modules/5.4.55/mtk_pci.ko	c71b2073eeb2498c05c5e42bb5ceaf3df664cff42bf0b0740eb6152458e0857b	.rela.text	878	.text	0x63d4	0x63d4	0x6434	R_AARCH64_CALL26	memset	176	1	STT_NOTYPE	SHN_UNDEF	0x0	0x0			send_rro_stop_msg_2_NPU	0x6370	0x64	symbol_size	0x65d8		direct_call_BL	0x94000000	outgoing	
.local/legacy-firmware/work/extract/stock-rootfs/lib/modules/5.4.55/mtk_pci.ko	c71b2073eeb2498c05c5e42bb5ceaf3df664cff42bf0b0740eb6152458e0857b	.rela.text	879	.text	0x6418	0x6418	0x6478	R_AARCH64_CALL26	host_notify_npuMbox	138	1	STT_NOTYPE	SHN_UNDEF	0x0	0x0			send_rro_stop_msg_2_NPU	0x6370	0xa8	symbol_size	0x65d8		direct_call_BL	0x94000000	outgoing	
.local/legacy-firmware/work/extract/stock-rootfs/lib/modules/5.4.55/mtk_pci.ko	c71b2073eeb2498c05c5e42bb5ceaf3df664cff42bf0b0740eb6152458e0857b	.rela.text	880	.text	0x6434	0x6434	0x6494	R_AARCH64_CALL26	dma_free_attrs	183	1	STT_NOTYPE	SHN_UNDEF	0x0	0x0			send_rro_stop_msg_2_NPU	0x6370	0xc4	symbol_size	0x65d8		direct_call_BL	0x94000000	outgoing	
.local/legacy-firmware/work/extract/stock-rootfs/lib/modules/5.4.55/mtk_pci.ko	c71b2073eeb2498c05c5e42bb5ceaf3df664cff42bf0b0740eb6152458e0857b	.rela.text	887	.text	0x6474	0x6474	0x64d4	R_AARCH64_CALL26	dma_free_attrs	183	1	STT_NOTYPE	SHN_UNDEF	0x0	0x0			send_rro_stop_msg_2_NPU	0x6370	0x104	symbol_size	0x65d8		direct_call_BL	0x94000000	outgoing	
.local/legacy-firmware/work/extract/stock-rootfs/lib/modules/5.4.55/mtk_pci.ko	c71b2073eeb2498c05c5e42bb5ceaf3df664cff42bf0b0740eb6152458e0857b	.rela.text	888	.text	0x6480	0x6480	0x64e0	R_AARCH64_CALL26	get_ecnt_npu_dev	182	1	STT_NOTYPE	SHN_UNDEF	0x0	0x0			send_rro_stop_msg_2_NPU	0x6370	0x110	symbol_size	0x65d8		direct_call_BL	0x94000000	outgoing	
.local/legacy-firmware/work/extract/stock-rootfs/lib/modules/5.4.55/mtk_pci.ko	c71b2073eeb2498c05c5e42bb5ceaf3df664cff42bf0b0740eb6152458e0857b	.rela.text	889	.text	0x64a0	0x64a0	0x6500	R_AARCH64_CALL26	dma_alloc_attrs	169	1	STT_NOTYPE	SHN_UNDEF	0x0	0x0			send_rro_stop_msg_2_NPU	0x6370	0x130	symbol_size	0x65d8		direct_call_BL	0x94000000	outgoing	
.local/legacy-firmware/work/extract/stock-rootfs/lib/modules/5.4.55/mtk_pci.ko	c71b2073eeb2498c05c5e42bb5ceaf3df664cff42bf0b0740eb6152458e0857b	.rela.text	890	.text	0x64bc	0x64bc	0x651c	R_AARCH64_CALL26	memset	176	1	STT_NOTYPE	SHN_UNDEF	0x0	0x0			send_rro_stop_msg_2_NPU	0x6370	0x14c	symbol_size	0x65d8		direct_call_BL	0x94000000	outgoing	
.local/legacy-firmware/work/extract/stock-rootfs/lib/modules/5.4.55/mtk_pci.ko	c71b2073eeb2498c05c5e42bb5ceaf3df664cff42bf0b0740eb6152458e0857b	.rela.text	891	.text	0x64ec	0x64ec	0x654c	R_AARCH64_CALL26	host_notify_npuMbox	138	1	STT_NOTYPE	SHN_UNDEF	0x0	0x0			send_rro_stop_msg_2_NPU	0x6370	0x17c	symbol_size	0x65d8		direct_call_BL	0x94000000	outgoing	
.local/legacy-firmware/work/extract/stock-rootfs/lib/modules/5.4.55/mtk_pci.ko	c71b2073eeb2498c05c5e42bb5ceaf3df664cff42bf0b0740eb6152458e0857b	.rela.text	892	.text	0x650c	0x650c	0x656c	R_AARCH64_CALL26	dma_free_attrs	183	1	STT_NOTYPE	SHN_UNDEF	0x0	0x0			send_rro_stop_msg_2_NPU	0x6370	0x19c	symbol_size	0x65d8		direct_call_BL	0x94000000	outgoing	
.local/legacy-firmware/work/extract/stock-rootfs/lib/modules/5.4.55/mtk_pci.ko	c71b2073eeb2498c05c5e42bb5ceaf3df664cff42bf0b0740eb6152458e0857b	.rela.text	893	.text	0x6514	0x6514	0x6574	R_AARCH64_CALL26	printk	173	1	STT_NOTYPE	SHN_UNDEF	0x0	0x0			send_rro_stop_msg_2_NPU	0x6370	0x1a4	symbol_size	0x65d8		direct_call_BL	0x94000000	outgoing	
.local/legacy-firmware/work/extract/stock-rootfs/lib/modules/5.4.55/mtk_pci.ko	c71b2073eeb2498c05c5e42bb5ceaf3df664cff42bf0b0740eb6152458e0857b	.rela.text	894	.text	0x6524	0x6524	0x6584	R_AARCH64_CALL26	_dev_info	155	1	STT_NOTYPE	SHN_UNDEF	0x0	0x0			send_rro_stop_msg_2_NPU	0x6370	0x1b4	symbol_size	0x65d8		direct_call_BL	0x94000000	outgoing	
.local/legacy-firmware/work/extract/stock-rootfs/lib/modules/5.4.55/mtk_pci.ko	c71b2073eeb2498c05c5e42bb5ceaf3df664cff42bf0b0740eb6152458e0857b	.rela.text	897	.text	0x6538	0x6538	0x6598	R_AARCH64_CALL26	printk	173	1	STT_NOTYPE	SHN_UNDEF	0x0	0x0			send_rro_stop_msg_2_NPU	0x6370	0x1c8	symbol_size	0x65d8		direct_call_BL	0x94000000	outgoing	
.local/legacy-firmware/work/extract/stock-rootfs/lib/modules/5.4.55/mtk_pci.ko	c71b2073eeb2498c05c5e42bb5ceaf3df664cff42bf0b0740eb6152458e0857b	.rela.text	900	.text	0x6548	0x6548	0x65a8	R_AARCH64_CALL26	printk	173	1	STT_NOTYPE	SHN_UNDEF	0x0	0x0			send_rro_stop_msg_2_NPU	0x6370	0x1d8	symbol_size	0x65d8		direct_call_BL	0x94000000	outgoing	
.local/legacy-firmware/work/extract/stock-rootfs/lib/modules/5.4.55/mtk_pci.ko	c71b2073eeb2498c05c5e42bb5ceaf3df664cff42bf0b0740eb6152458e0857b	.rela.text	903	.text	0x6568	0x6568	0x65c8	R_AARCH64_CALL26	printk	173	1	STT_NOTYPE	SHN_UNDEF	0x0	0x0			send_rro_stop_msg_2_NPU	0x6370	0x1f8	symbol_size	0x65d8		direct_call_BL	0x94000000	outgoing	
.local/legacy-firmware/work/extract/stock-rootfs/lib/modules/5.4.55/mtk_pci.ko	c71b2073eeb2498c05c5e42bb5ceaf3df664cff42bf0b0740eb6152458e0857b	.rela.text	908	.text	0x6584	0x6584	0x65e4	R_AARCH64_CALL26	_dev_info	155	1	STT_NOTYPE	SHN_UNDEF	0x0	0x0			send_rro_stop_msg_2_NPU	0x6370	0x214	symbol_size	0x65d8		direct_call_BL	0x94000000	outgoing	
.local/legacy-firmware/work/extract/stock-rootfs/lib/modules/5.4.55/mtk_pci.ko	c71b2073eeb2498c05c5e42bb5ceaf3df664cff42bf0b0740eb6152458e0857b	.rela.text	911	.text	0x659c	0x659c	0x65fc	R_AARCH64_CALL26	printk	173	1	STT_NOTYPE	SHN_UNDEF	0x0	0x0			send_rro_stop_msg_2_NPU	0x6370	0x22c	symbol_size	0x65d8		direct_call_BL	0x94000000	outgoing	
.local/legacy-firmware/work/extract/stock-rootfs/lib/modules/5.4.55/mtk_pci.ko	c71b2073eeb2498c05c5e42bb5ceaf3df664cff42bf0b0740eb6152458e0857b	.rela.text	914	.text	0x65b8	0x65b8	0x6618	R_AARCH64_CALL26	_dev_info	155	1	STT_NOTYPE	SHN_UNDEF	0x0	0x0			send_rro_stop_msg_2_NPU	0x6370	0x248	symbol_size	0x65d8		direct_call_BL	0x94000000	outgoing	
.local/legacy-firmware/work/extract/stock-rootfs/lib/modules/5.4.55/mtk_pci.ko	c71b2073eeb2498c05c5e42bb5ceaf3df664cff42bf0b0740eb6152458e0857b	.rela.text	917	.text	0x6650	0x6650	0x66b0	R_AARCH64_CALL26	npu_band_trans_bit2num	60	0	STT_FUNC	.text	0x5060	0x0	npu_band_trans_bit2num	0x5060	npu_hw_init_queue_bus_write	0x65e0	0x70	symbol_size	0x67d4		direct_call_BL	0x94000000	outgoing	
.local/legacy-firmware/work/extract/stock-rootfs/lib/modules/5.4.55/mtk_pci.ko	c71b2073eeb2498c05c5e42bb5ceaf3df664cff42bf0b0740eb6152458e0857b	.rela.text	918	.text	0x665c	0x665c	0x66bc	R_AARCH64_CALL26	get_ecnt_npu_dev	182	1	STT_NOTYPE	SHN_UNDEF	0x0	0x0			npu_hw_init_queue_bus_write	0x65e0	0x7c	symbol_size	0x67d4		direct_call_BL	0x94000000	outgoing	
.local/legacy-firmware/work/extract/stock-rootfs/lib/modules/5.4.55/mtk_pci.ko	c71b2073eeb2498c05c5e42bb5ceaf3df664cff42bf0b0740eb6152458e0857b	.rela.text	919	.text	0x6678	0x6678	0x66d8	R_AARCH64_CALL26	dma_alloc_attrs	169	1	STT_NOTYPE	SHN_UNDEF	0x0	0x0			npu_hw_init_queue_bus_write	0x65e0	0x98	symbol_size	0x67d4		direct_call_BL	0x94000000	outgoing	
.local/legacy-firmware/work/extract/stock-rootfs/lib/modules/5.4.55/mtk_pci.ko	c71b2073eeb2498c05c5e42bb5ceaf3df664cff42bf0b0740eb6152458e0857b	.rela.text	920	.text	0x669c	0x669c	0x66fc	R_AARCH64_CALL26	memset	176	1	STT_NOTYPE	SHN_UNDEF	0x0	0x0			npu_hw_init_queue_bus_write	0x65e0	0xbc	symbol_size	0x67d4		direct_call_BL	0x94000000	outgoing	
.local/legacy-firmware/work/extract/stock-rootfs/lib/modules/5.4.55/mtk_pci.ko	c71b2073eeb2498c05c5e42bb5ceaf3df664cff42bf0b0740eb6152458e0857b	.rela.text	921	.text	0x66d8	0x66d8	0x6738	R_AARCH64_CALL26	host_notify_npuMbox	138	1	STT_NOTYPE	SHN_UNDEF	0x0	0x0			npu_hw_init_queue_bus_write	0x65e0	0xf8	symbol_size	0x67d4		direct_call_BL	0x94000000	outgoing	
.local/legacy-firmware/work/extract/stock-rootfs/lib/modules/5.4.55/mtk_pci.ko	c71b2073eeb2498c05c5e42bb5ceaf3df664cff42bf0b0740eb6152458e0857b	.rela.text	922	.text	0x66fc	0x66fc	0x675c	R_AARCH64_CALL26	dma_free_attrs	183	1	STT_NOTYPE	SHN_UNDEF	0x0	0x0			npu_hw_init_queue_bus_write	0x65e0	0x11c	symbol_size	0x67d4		direct_call_BL	0x94000000	outgoing	
.local/legacy-firmware/work/extract/stock-rootfs/lib/modules/5.4.55/mtk_pci.ko	c71b2073eeb2498c05c5e42bb5ceaf3df664cff42bf0b0740eb6152458e0857b	.rela.text	927	.text	0x6724	0x6724	0x6784	R_AARCH64_CALL26	_dev_info	155	1	STT_NOTYPE	SHN_UNDEF	0x0	0x0			npu_hw_init_queue_bus_write	0x65e0	0x144	symbol_size	0x67d4		direct_call_BL	0x94000000	outgoing	
.local/legacy-firmware/work/extract/stock-rootfs/lib/modules/5.4.55/mtk_pci.ko	c71b2073eeb2498c05c5e42bb5ceaf3df664cff42bf0b0740eb6152458e0857b	.rela.text	932	.text	0x6760	0x6760	0x67c0	R_AARCH64_CALL26	printk	173	1	STT_NOTYPE	SHN_UNDEF	0x0	0x0			npu_hw_init_queue_bus_write	0x65e0	0x180	symbol_size	0x67d4		direct_call_BL	0x94000000	outgoing	
.local/legacy-firmware/work/extract/stock-rootfs/lib/modules/5.4.55/mtk_pci.ko	c71b2073eeb2498c05c5e42bb5ceaf3df664cff42bf0b0740eb6152458e0857b	.rela.text	935	.text	0x6774	0x6774	0x67d4	R_AARCH64_CALL26	_dev_info	155	1	STT_NOTYPE	SHN_UNDEF	0x0	0x0			npu_hw_init_queue_bus_write	0x65e0	0x194	symbol_size	0x67d4		direct_call_BL	0x94000000	outgoing	
.local/legacy-firmware/work/extract/stock-rootfs/lib/modules/5.4.55/mtk_pci.ko	c71b2073eeb2498c05c5e42bb5ceaf3df664cff42bf0b0740eb6152458e0857b	.rela.text	936	.text	0x6798	0x6798	0x67f8	R_AARCH64_CALL26	dma_free_attrs	183	1	STT_NOTYPE	SHN_UNDEF	0x0	0x0			npu_hw_init_queue_bus_write	0x65e0	0x1b8	symbol_size	0x67d4		direct_call_BL	0x94000000	outgoing	
.local/legacy-firmware/work/extract/stock-rootfs/lib/modules/5.4.55/mtk_pci.ko	c71b2073eeb2498c05c5e42bb5ceaf3df664cff42bf0b0740eb6152458e0857b	.rela.text	941	.text	0x67ac	0x67ac	0x680c	R_AARCH64_CALL26	printk	173	1	STT_NOTYPE	SHN_UNDEF	0x0	0x0			npu_hw_init_queue_bus_write	0x65e0	0x1cc	symbol_size	0x67d4		direct_call_BL	0x94000000	outgoing	
.local/legacy-firmware/work/extract/stock-rootfs/lib/modules/5.4.55/mtk_pci.ko	c71b2073eeb2498c05c5e42bb5ceaf3df664cff42bf0b0740eb6152458e0857b	.rela.text	946	.text	0x67cc	0x67cc	0x682c	R_AARCH64_CALL26	printk	173	1	STT_NOTYPE	SHN_UNDEF	0x0	0x0			npu_hw_init_queue_bus_write	0x65e0	0x1ec	symbol_size	0x67d4		direct_call_BL	0x94000000	outgoing	
.local/legacy-firmware/work/extract/stock-rootfs/lib/modules/5.4.55/mtk_pci.ko	c71b2073eeb2498c05c5e42bb5ceaf3df664cff42bf0b0740eb6152458e0857b	.rela.text	947	.text	0x6800	0x6800	0x6860	R_AARCH64_CALL26	get_ecnt_npu_dev	182	1	STT_NOTYPE	SHN_UNDEF	0x0	0x0			npu_pci_dma_sw_init_device	0x67d4	0x2c	symbol_size	0x6b70		direct_call_BL	0x94000000	outgoing	
.local/legacy-firmware/work/extract/stock-rootfs/lib/modules/5.4.55/mtk_pci.ko	c71b2073eeb2498c05c5e42bb5ceaf3df664cff42bf0b0740eb6152458e0857b	.rela.text	948	.text	0x681c	0x681c	0x687c	R_AARCH64_CALL26	dma_alloc_attrs	169	1	STT_NOTYPE	SHN_UNDEF	0x0	0x0			npu_pci_dma_sw_init_device	0x67d4	0x48	symbol_size	0x6b70		direct_call_BL	0x94000000	outgoing	
.local/legacy-firmware/work/extract/stock-rootfs/lib/modules/5.4.55/mtk_pci.ko	c71b2073eeb2498c05c5e42bb5ceaf3df664cff42bf0b0740eb6152458e0857b	.rela.text	949	.text	0x6838	0x6838	0x6898	R_AARCH64_CALL26	memset	176	1	STT_NOTYPE	SHN_UNDEF	0x0	0x0			npu_pci_dma_sw_init_device	0x67d4	0x64	symbol_size	0x6b70		direct_call_BL	0x94000000	outgoing	
.local/legacy-firmware/work/extract/stock-rootfs/lib/modules/5.4.55/mtk_pci.ko	c71b2073eeb2498c05c5e42bb5ceaf3df664cff42bf0b0740eb6152458e0857b	.rela.text	950	.text	0x6880	0x6880	0x68e0	R_AARCH64_CALL26	host_notify_npuMbox	138	1	STT_NOTYPE	SHN_UNDEF	0x0	0x0			npu_pci_dma_sw_init_device	0x67d4	0xac	symbol_size	0x6b70		direct_call_BL	0x94000000	outgoing	
.local/legacy-firmware/work/extract/stock-rootfs/lib/modules/5.4.55/mtk_pci.ko	c71b2073eeb2498c05c5e42bb5ceaf3df664cff42bf0b0740eb6152458e0857b	.rela.text	951	.text	0x689c	0x689c	0x68fc	R_AARCH64_CALL26	dma_free_attrs	183	1	STT_NOTYPE	SHN_UNDEF	0x0	0x0			npu_pci_dma_sw_init_device	0x67d4	0xc8	symbol_size	0x6b70		direct_call_BL	0x94000000	outgoing	
.local/legacy-firmware/work/extract/stock-rootfs/lib/modules/5.4.55/mtk_pci.ko	c71b2073eeb2498c05c5e42bb5ceaf3df664cff42bf0b0740eb6152458e0857b	.rela.text	954	.text	0x68d8	0x68d8	0x6938	R_AARCH64_CALL26	get_ecnt_npu_dev	182	1	STT_NOTYPE	SHN_UNDEF	0x0	0x0			npu_pci_dma_sw_init_device	0x67d4	0x104	symbol_size	0x6b70		direct_call_BL	0x94000000	outgoing	
.local/legacy-firmware/work/extract/stock-rootfs/lib/modules/5.4.55/mtk_pci.ko	c71b2073eeb2498c05c5e42bb5ceaf3df664cff42bf0b0740eb6152458e0857b	.rela.text	955	.text	0x68f4	0x68f4	0x6954	R_AARCH64_CALL26	dma_alloc_attrs	169	1	STT_NOTYPE	SHN_UNDEF	0x0	0x0			npu_pci_dma_sw_init_device	0x67d4	0x120	symbol_size	0x6b70		direct_call_BL	0x94000000	outgoing	
.local/legacy-firmware/work/extract/stock-rootfs/lib/modules/5.4.55/mtk_pci.ko	c71b2073eeb2498c05c5e42bb5ceaf3df664cff42bf0b0740eb6152458e0857b	.rela.text	956	.text	0x6910	0x6910	0x6970	R_AARCH64_CALL26	memset	176	1	STT_NOTYPE	SHN_UNDEF	0x0	0x0			npu_pci_dma_sw_init_device	0x67d4	0x13c	symbol_size	0x6b70		direct_call_BL	0x94000000	outgoing	
.local/legacy-firmware/work/extract/stock-rootfs/lib/modules/5.4.55/mtk_pci.ko	c71b2073eeb2498c05c5e42bb5ceaf3df664cff42bf0b0740eb6152458e0857b	.rela.text	957	.text	0x6958	0x6958	0x69b8	R_AARCH64_CALL26	host_notify_npuMbox	138	1	STT_NOTYPE	SHN_UNDEF	0x0	0x0			npu_pci_dma_sw_init_device	0x67d4	0x184	symbol_size	0x6b70		direct_call_BL	0x94000000	outgoing	
.local/legacy-firmware/work/extract/stock-rootfs/lib/modules/5.4.55/mtk_pci.ko	c71b2073eeb2498c05c5e42bb5ceaf3df664cff42bf0b0740eb6152458e0857b	.rela.text	958	.text	0x6974	0x6974	0x69d4	R_AARCH64_CALL26	dma_free_attrs	183	1	STT_NOTYPE	SHN_UNDEF	0x0	0x0			npu_pci_dma_sw_init_device	0x67d4	0x1a0	symbol_size	0x6b70		direct_call_BL	0x94000000	outgoing	
.local/legacy-firmware/work/extract/stock-rootfs/lib/modules/5.4.55/mtk_pci.ko	c71b2073eeb2498c05c5e42bb5ceaf3df664cff42bf0b0740eb6152458e0857b	.rela.text	961	.text	0x699c	0x699c	0x69fc	R_AARCH64_CALL26	_dev_info	155	1	STT_NOTYPE	SHN_UNDEF	0x0	0x0			npu_pci_dma_sw_init_device	0x67d4	0x1c8	symbol_size	0x6b70		direct_call_BL	0x94000000	outgoing	
.local/legacy-firmware/work/extract/stock-rootfs/lib/modules/5.4.55/mtk_pci.ko	c71b2073eeb2498c05c5e42bb5ceaf3df664cff42bf0b0740eb6152458e0857b	.rela.text	964	.text	0x69ac	0x69ac	0x6a0c	R_AARCH64_CALL26	printk	173	1	STT_NOTYPE	SHN_UNDEF	0x0	0x0			npu_pci_dma_sw_init_device	0x67d4	0x1d8	symbol_size	0x6b70		direct_call_BL	0x94000000	outgoing	
.local/legacy-firmware/work/extract/stock-rootfs/lib/modules/5.4.55/mtk_pci.ko	c71b2073eeb2498c05c5e42bb5ceaf3df664cff42bf0b0740eb6152458e0857b	.rela.text	969	.text	0x69c8	0x69c8	0x6a28	R_AARCH64_CALL26	_dev_info	155	1	STT_NOTYPE	SHN_UNDEF	0x0	0x0			npu_pci_dma_sw_init_device	0x67d4	0x1f4	symbol_size	0x6b70		direct_call_BL	0x94000000	outgoing	
.local/legacy-firmware/work/extract/stock-rootfs/lib/modules/5.4.55/mtk_pci.ko	c71b2073eeb2498c05c5e42bb5ceaf3df664cff42bf0b0740eb6152458e0857b	.rela.text	972	.text	0x69e0	0x69e0	0x6a40	R_AARCH64_CALL26	printk	173	1	STT_NOTYPE	SHN_UNDEF	0x0	0x0			npu_pci_dma_sw_init_device	0x67d4	0x20c	symbol_size	0x6b70		direct_call_BL	0x94000000	outgoing	
.local/legacy-firmware/work/extract/stock-rootfs/lib/modules/5.4.55/mtk_pci.ko	c71b2073eeb2498c05c5e42bb5ceaf3df664cff42bf0b0740eb6152458e0857b	.rela.text	975	.text	0x69f8	0x69f8	0x6a58	R_AARCH64_CALL26	npu_wifi_offload_get_ba_node_addr	131	1	STT_NOTYPE	SHN_UNDEF	0x0	0x0			npu_pci_dma_sw_init_device	0x67d4	0x224	symbol_size	0x6b70		direct_call_BL	0x94000000	outgoing	
.local/legacy-firmware/work/extract/stock-rootfs/lib/modules/5.4.55/mtk_pci.ko	c71b2073eeb2498c05c5e42bb5ceaf3df664cff42bf0b0740eb6152458e0857b	.rela.text	978	.text	0x6a14	0x6a14	0x6a74	R_AARCH64_CALL26	_dev_info	155	1	STT_NOTYPE	SHN_UNDEF	0x0	0x0			npu_pci_dma_sw_init_device	0x67d4	0x240	symbol_size	0x6b70		direct_call_BL	0x94000000	outgoing	
.local/legacy-firmware/work/extract/stock-rootfs/lib/modules/5.4.55/mtk_pci.ko	c71b2073eeb2498c05c5e42bb5ceaf3df664cff42bf0b0740eb6152458e0857b	.rela.text	981	.text	0x6a28	0x6a28	0x6a88	R_AARCH64_CALL26	printk	173	1	STT_NOTYPE	SHN_UNDEF	0x0	0x0			npu_pci_dma_sw_init_device	0x67d4	0x254	symbol_size	0x6b70		direct_call_BL	0x94000000	outgoing	
.local/legacy-firmware/work/extract/stock-rootfs/lib/modules/5.4.55/mtk_pci.ko	c71b2073eeb2498c05c5e42bb5ceaf3df664cff42bf0b0740eb6152458e0857b	.rela.text	982	.text	0x6a2c	0x6a2c	0x6a8c	R_AARCH64_CALL26	get_ecnt_npu_dev	182	1	STT_NOTYPE	SHN_UNDEF	0x0	0x0			npu_pci_dma_sw_init_device	0x67d4	0x258	symbol_size	0x6b70		direct_call_BL	0x94000000	outgoing	
.local/legacy-firmware/work/extract/stock-rootfs/lib/modules/5.4.55/mtk_pci.ko	c71b2073eeb2498c05c5e42bb5ceaf3df664cff42bf0b0740eb6152458e0857b	.rela.text	985	.text	0x6a40	0x6a40	0x6aa0	R_AARCH64_CALL26	printk	173	1	STT_NOTYPE	SHN_UNDEF	0x0	0x0			npu_pci_dma_sw_init_device	0x67d4	0x26c	symbol_size	0x6b70		direct_call_BL	0x94000000	outgoing	
.local/legacy-firmware/work/extract/stock-rootfs/lib/modules/5.4.55/mtk_pci.ko	c71b2073eeb2498c05c5e42bb5ceaf3df664cff42bf0b0740eb6152458e0857b	.rela.text	988	.text	0x6a54	0x6a54	0x6ab4	R_AARCH64_CALL26	_dev_info	155	1	STT_NOTYPE	SHN_UNDEF	0x0	0x0			npu_pci_dma_sw_init_device	0x67d4	0x280	symbol_size	0x6b70		direct_call_BL	0x94000000	outgoing	
.local/legacy-firmware/work/extract/stock-rootfs/lib/modules/5.4.55/mtk_pci.ko	c71b2073eeb2498c05c5e42bb5ceaf3df664cff42bf0b0740eb6152458e0857b	.rela.text	991	.text	0x6a78	0x6a78	0x6ad8	R_AARCH64_CALL26	printk	173	1	STT_NOTYPE	SHN_UNDEF	0x0	0x0			npu_pci_dma_sw_init_device	0x67d4	0x2a4	symbol_size	0x6b70		direct_call_BL	0x94000000	outgoing	
.local/legacy-firmware/work/extract/stock-rootfs/lib/modules/5.4.55/mtk_pci.ko	c71b2073eeb2498c05c5e42bb5ceaf3df664cff42bf0b0740eb6152458e0857b	.rela.text	996	.text	0x6a94	0x6a94	0x6af4	R_AARCH64_CALL26	_dev_info	155	1	STT_NOTYPE	SHN_UNDEF	0x0	0x0			npu_pci_dma_sw_init_device	0x67d4	0x2c0	symbol_size	0x6b70		direct_call_BL	0x94000000	outgoing	
.local/legacy-firmware/work/extract/stock-rootfs/lib/modules/5.4.55/mtk_pci.ko	c71b2073eeb2498c05c5e42bb5ceaf3df664cff42bf0b0740eb6152458e0857b	.rela.text	999	.text	0x6aa8	0x6aa8	0x6b08	R_AARCH64_CALL26	printk	173	1	STT_NOTYPE	SHN_UNDEF	0x0	0x0			npu_pci_dma_sw_init_device	0x67d4	0x2d4	symbol_size	0x6b70		direct_call_BL	0x94000000	outgoing	
.local/legacy-firmware/work/extract/stock-rootfs/lib/modules/5.4.55/mtk_pci.ko	c71b2073eeb2498c05c5e42bb5ceaf3df664cff42bf0b0740eb6152458e0857b	.rela.text	1000	.text	0x6ac4	0x6ac4	0x6b24	R_AARCH64_CALL26	dma_alloc_attrs	169	1	STT_NOTYPE	SHN_UNDEF	0x0	0x0			npu_pci_dma_sw_init_device	0x67d4	0x2f0	symbol_size	0x6b70		direct_call_BL	0x94000000	outgoing	
.local/legacy-firmware/work/extract/stock-rootfs/lib/modules/5.4.55/mtk_pci.ko	c71b2073eeb2498c05c5e42bb5ceaf3df664cff42bf0b0740eb6152458e0857b	.rela.text	1001	.text	0x6ae0	0x6ae0	0x6b40	R_AARCH64_CALL26	memset	176	1	STT_NOTYPE	SHN_UNDEF	0x0	0x0			npu_pci_dma_sw_init_device	0x67d4	0x30c	symbol_size	0x6b70		direct_call_BL	0x94000000	outgoing	
.local/legacy-firmware/work/extract/stock-rootfs/lib/modules/5.4.55/mtk_pci.ko	c71b2073eeb2498c05c5e42bb5ceaf3df664cff42bf0b0740eb6152458e0857b	.rela.text	1002	.text	0x6b28	0x6b28	0x6b88	R_AARCH64_CALL26	host_notify_npuMbox	138	1	STT_NOTYPE	SHN_UNDEF	0x0	0x0			npu_pci_dma_sw_init_device	0x67d4	0x354	symbol_size	0x6b70		direct_call_BL	0x94000000	outgoing	
.local/legacy-firmware/work/extract/stock-rootfs/lib/modules/5.4.55/mtk_pci.ko	c71b2073eeb2498c05c5e42bb5ceaf3df664cff42bf0b0740eb6152458e0857b	.rela.text	1003	.text	0x6b44	0x6b44	0x6ba4	R_AARCH64_CALL26	dma_free_attrs	183	1	STT_NOTYPE	SHN_UNDEF	0x0	0x0			npu_pci_dma_sw_init_device	0x67d4	0x370	symbol_size	0x6b70		direct_call_BL	0x94000000	outgoing	
.local/legacy-firmware/work/extract/stock-rootfs/lib/modules/5.4.55/mtk_pci.ko	c71b2073eeb2498c05c5e42bb5ceaf3df664cff42bf0b0740eb6152458e0857b	.rela.text	1006	.text	0x6b5c	0x6b5c	0x6bbc	R_AARCH64_CALL26	printk	173	1	STT_NOTYPE	SHN_UNDEF	0x0	0x0			npu_pci_dma_sw_init_device	0x67d4	0x388	symbol_size	0x6b70		direct_call_BL	0x94000000	outgoing	
.local/legacy-firmware/work/extract/stock-rootfs/lib/modules/5.4.55/mtk_pci.ko	c71b2073eeb2498c05c5e42bb5ceaf3df664cff42bf0b0740eb6152458e0857b	.rela.text	1013	.text	0x6ca4	0x6ca4	0x6d04	R_AARCH64_CALL26	printk	173	1	STT_NOTYPE	SHN_UNDEF	0x0	0x0			npu_rro_init_ind_cmd_queue	0x6bd4	0xd0	symbol_size	0x6f64		direct_call_BL	0x94000000	outgoing	
.local/legacy-firmware/work/extract/stock-rootfs/lib/modules/5.4.55/mtk_pci.ko	c71b2073eeb2498c05c5e42bb5ceaf3df664cff42bf0b0740eb6152458e0857b	.rela.text	1016	.text	0x6cd8	0x6cd8	0x6d38	R_AARCH64_CALL26	get_ecnt_npu_dev	182	1	STT_NOTYPE	SHN_UNDEF	0x0	0x0			npu_rro_init_ind_cmd_queue	0x6bd4	0x104	symbol_size	0x6f64		direct_call_BL	0x94000000	outgoing	
.local/legacy-firmware/work/extract/stock-rootfs/lib/modules/5.4.55/mtk_pci.ko	c71b2073eeb2498c05c5e42bb5ceaf3df664cff42bf0b0740eb6152458e0857b	.rela.text	1019	.text	0x6cf0	0x6cf0	0x6d50	R_AARCH64_CALL26	printk	173	1	STT_NOTYPE	SHN_UNDEF	0x0	0x0			npu_rro_init_ind_cmd_queue	0x6bd4	0x11c	symbol_size	0x6f64		direct_call_BL	0x94000000	outgoing	
.local/legacy-firmware/work/extract/stock-rootfs/lib/modules/5.4.55/mtk_pci.ko	c71b2073eeb2498c05c5e42bb5ceaf3df664cff42bf0b0740eb6152458e0857b	.rela.text	1022	.text	0x6d04	0x6d04	0x6d64	R_AARCH64_CALL26	_dev_info	155	1	STT_NOTYPE	SHN_UNDEF	0x0	0x0			npu_rro_init_ind_cmd_queue	0x6bd4	0x130	symbol_size	0x6f64		direct_call_BL	0x94000000	outgoing	
.local/legacy-firmware/work/extract/stock-rootfs/lib/modules/5.4.55/mtk_pci.ko	c71b2073eeb2498c05c5e42bb5ceaf3df664cff42bf0b0740eb6152458e0857b	.rela.text	1023	.text	0x6d28	0x6d28	0x6d88	R_AARCH64_CALL26	get_ecnt_npu_dev	182	1	STT_NOTYPE	SHN_UNDEF	0x0	0x0			npu_rro_init_ind_cmd_queue	0x6bd4	0x154	symbol_size	0x6f64		direct_call_BL	0x94000000	outgoing	
.local/legacy-firmware/work/extract/stock-rootfs/lib/modules/5.4.55/mtk_pci.ko	c71b2073eeb2498c05c5e42bb5ceaf3df664cff42bf0b0740eb6152458e0857b	.rela.text	1026	.text	0x6d3c	0x6d3c	0x6d9c	R_AARCH64_CALL26	printk	173	1	STT_NOTYPE	SHN_UNDEF	0x0	0x0			npu_rro_init_ind_cmd_queue	0x6bd4	0x168	symbol_size	0x6f64		direct_call_BL	0x94000000	outgoing	
.local/legacy-firmware/work/extract/stock-rootfs/lib/modules/5.4.55/mtk_pci.ko	c71b2073eeb2498c05c5e42bb5ceaf3df664cff42bf0b0740eb6152458e0857b	.rela.text	1029	.text	0x6d50	0x6d50	0x6db0	R_AARCH64_CALL26	_dev_info	155	1	STT_NOTYPE	SHN_UNDEF	0x0	0x0			npu_rro_init_ind_cmd_queue	0x6bd4	0x17c	symbol_size	0x6f64		direct_call_BL	0x94000000	outgoing	
.local/legacy-firmware/work/extract/stock-rootfs/lib/modules/5.4.55/mtk_pci.ko	c71b2073eeb2498c05c5e42bb5ceaf3df664cff42bf0b0740eb6152458e0857b	.rela.text	1032	.text	0x6d8c	0x6d8c	0x6dec	R_AARCH64_CALL26	_dev_info	155	1	STT_NOTYPE	SHN_UNDEF	0x0	0x0			npu_rro_init_ind_cmd_queue	0x6bd4	0x1b8	symbol_size	0x6f64		direct_call_BL	0x94000000	outgoing	
.local/legacy-firmware/work/extract/stock-rootfs/lib/modules/5.4.55/mtk_pci.ko	c71b2073eeb2498c05c5e42bb5ceaf3df664cff42bf0b0740eb6152458e0857b	.rela.text	1033	.text	0x6db8	0x6db8	0x6e18	R_AARCH64_CALL26	__ioremap	163	1	STT_NOTYPE	SHN_UNDEF	0x0	0x0			npu_rro_init_ind_cmd_queue	0x6bd4	0x1e4	symbol_size	0x6f64		direct_call_BL	0x94000000	outgoing	
.local/legacy-firmware/work/extract/stock-rootfs/lib/modules/5.4.55/mtk_pci.ko	c71b2073eeb2498c05c5e42bb5ceaf3df664cff42bf0b0740eb6152458e0857b	.rela.text	1034	.text	0x6e10	0x6e10	0x6e70	R_AARCH64_CALL26	dma_alloc_attrs	169	1	STT_NOTYPE	SHN_UNDEF	0x0	0x0			npu_rro_init_ind_cmd_queue	0x6bd4	0x23c	symbol_size	0x6f64		direct_call_BL	0x94000000	outgoing	
.local/legacy-firmware/work/extract/stock-rootfs/lib/modules/5.4.55/mtk_pci.ko	c71b2073eeb2498c05c5e42bb5ceaf3df664cff42bf0b0740eb6152458e0857b	.rela.text	1035	.text	0x6e30	0x6e30	0x6e90	R_AARCH64_CALL26	memset	176	1	STT_NOTYPE	SHN_UNDEF	0x0	0x0			npu_rro_init_ind_cmd_queue	0x6bd4	0x25c	symbol_size	0x6f64		direct_call_BL	0x94000000	outgoing	
.local/legacy-firmware/work/extract/stock-rootfs/lib/modules/5.4.55/mtk_pci.ko	c71b2073eeb2498c05c5e42bb5ceaf3df664cff42bf0b0740eb6152458e0857b	.rela.text	1036	.text	0x6e6c	0x6e6c	0x6ecc	R_AARCH64_CALL26	host_notify_npuMbox	138	1	STT_NOTYPE	SHN_UNDEF	0x0	0x0			npu_rro_init_ind_cmd_queue	0x6bd4	0x298	symbol_size	0x6f64		direct_call_BL	0x94000000	outgoing	
.local/legacy-firmware/work/extract/stock-rootfs/lib/modules/5.4.55/mtk_pci.ko	c71b2073eeb2498c05c5e42bb5ceaf3df664cff42bf0b0740eb6152458e0857b	.rela.text	1037	.text	0x6e88	0x6e88	0x6ee8	R_AARCH64_CALL26	dma_free_attrs	183	1	STT_NOTYPE	SHN_UNDEF	0x0	0x0			npu_rro_init_ind_cmd_queue	0x6bd4	0x2b4	symbol_size	0x6f64		direct_call_BL	0x94000000	outgoing	
.local/legacy-firmware/work/extract/stock-rootfs/lib/modules/5.4.55/mtk_pci.ko	c71b2073eeb2498c05c5e42bb5ceaf3df664cff42bf0b0740eb6152458e0857b	.rela.text	1040	.text	0x6e9c	0x6e9c	0x6efc	R_AARCH64_CALL26	printk	173	1	STT_NOTYPE	SHN_UNDEF	0x0	0x0			npu_rro_init_ind_cmd_queue	0x6bd4	0x2c8	symbol_size	0x6f64		direct_call_BL	0x94000000	outgoing	
.local/legacy-firmware/work/extract/stock-rootfs/lib/modules/5.4.55/mtk_pci.ko	c71b2073eeb2498c05c5e42bb5ceaf3df664cff42bf0b0740eb6152458e0857b	.rela.text	1041	.text	0x6ebc	0x6ebc	0x6f1c	R_AARCH64_CALL26	dma_alloc_attrs	169	1	STT_NOTYPE	SHN_UNDEF	0x0	0x0			npu_rro_init_ind_cmd_queue	0x6bd4	0x2e8	symbol_size	0x6f64		direct_call_BL	0x94000000	outgoing	
.local/legacy-firmware/work/extract/stock-rootfs/lib/modules/5.4.55/mtk_pci.ko	c71b2073eeb2498c05c5e42bb5ceaf3df664cff42bf0b0740eb6152458e0857b	.rela.text	1042	.text	0x6ed8	0x6ed8	0x6f38	R_AARCH64_CALL26	memset	176	1	STT_NOTYPE	SHN_UNDEF	0x0	0x0			npu_rro_init_ind_cmd_queue	0x6bd4	0x304	symbol_size	0x6f64		direct_call_BL	0x94000000	outgoing	
.local/legacy-firmware/work/extract/stock-rootfs/lib/modules/5.4.55/mtk_pci.ko	c71b2073eeb2498c05c5e42bb5ceaf3df664cff42bf0b0740eb6152458e0857b	.rela.text	1043	.text	0x6f18	0x6f18	0x6f78	R_AARCH64_CALL26	host_notify_npuMbox	138	1	STT_NOTYPE	SHN_UNDEF	0x0	0x0			npu_rro_init_ind_cmd_queue	0x6bd4	0x344	symbol_size	0x6f64		direct_call_BL	0x94000000	outgoing	
.local/legacy-firmware/work/extract/stock-rootfs/lib/modules/5.4.55/mtk_pci.ko	c71b2073eeb2498c05c5e42bb5ceaf3df664cff42bf0b0740eb6152458e0857b	.rela.text	1044	.text	0x6f34	0x6f34	0x6f94	R_AARCH64_CALL26	dma_free_attrs	183	1	STT_NOTYPE	SHN_UNDEF	0x0	0x0			npu_rro_init_ind_cmd_queue	0x6bd4	0x360	symbol_size	0x6f64		direct_call_BL	0x94000000	outgoing	
.local/legacy-firmware/work/extract/stock-rootfs/lib/modules/5.4.55/mtk_pci.ko	c71b2073eeb2498c05c5e42bb5ceaf3df664cff42bf0b0740eb6152458e0857b	.rela.text	1047	.text	0x6f48	0x6f48	0x6fa8	R_AARCH64_CALL26	printk	173	1	STT_NOTYPE	SHN_UNDEF	0x0	0x0			npu_rro_init_ind_cmd_queue	0x6bd4	0x374	symbol_size	0x6f64		direct_call_BL	0x94000000	outgoing	
.local/legacy-firmware/work/extract/stock-rootfs/lib/modules/5.4.55/mtk_pci.ko	c71b2073eeb2498c05c5e42bb5ceaf3df664cff42bf0b0740eb6152458e0857b	.rela.text	1114	.text	0x7458	0x7458	0x74b8	R_AARCH64_CALL26		4	0	STT_SECTION	.text.unlikely	0x0	0x320	unnamed@.text.unlikely+0x320	0x320	npu_assign_trans	0x73d0	0x88	symbol_size	0x747c		direct_call_BL	0x94000000	incoming	
.local/legacy-firmware/work/extract/stock-rootfs/lib/modules/5.4.55/mtk_pci.ko	c71b2073eeb2498c05c5e42bb5ceaf3df664cff42bf0b0740eb6152458e0857b	.rela.text	1517	.text	0xa3a8	0xa3a8	0xa408	R_AARCH64_CALL26	get_ecnt_npu_dev	182	1	STT_NOTYPE	SHN_UNDEF	0x0	0x0			init_rro_addr_elem_by_seid	0xa2f0	0xb8	symbol_size	0xa4b8		direct_call_BL	0x94000000	outgoing	
.local/legacy-firmware/work/extract/stock-rootfs/lib/modules/5.4.55/mtk_pci.ko	c71b2073eeb2498c05c5e42bb5ceaf3df664cff42bf0b0740eb6152458e0857b	.rela.text	1518	.text	0xa3c8	0xa3c8	0xa428	R_AARCH64_CALL26	dma_alloc_attrs	169	1	STT_NOTYPE	SHN_UNDEF	0x0	0x0			init_rro_addr_elem_by_seid	0xa2f0	0xd8	symbol_size	0xa4b8		direct_call_BL	0x94000000	outgoing	
.local/legacy-firmware/work/extract/stock-rootfs/lib/modules/5.4.55/mtk_pci.ko	c71b2073eeb2498c05c5e42bb5ceaf3df664cff42bf0b0740eb6152458e0857b	.rela.text	1519	.text	0xa3e4	0xa3e4	0xa444	R_AARCH64_CALL26	memset	176	1	STT_NOTYPE	SHN_UNDEF	0x0	0x0			init_rro_addr_elem_by_seid	0xa2f0	0xf4	symbol_size	0xa4b8		direct_call_BL	0x94000000	outgoing	
.local/legacy-firmware/work/extract/stock-rootfs/lib/modules/5.4.55/mtk_pci.ko	c71b2073eeb2498c05c5e42bb5ceaf3df664cff42bf0b0740eb6152458e0857b	.rela.text	1520	.text	0xa424	0xa424	0xa484	R_AARCH64_CALL26	host_notify_npuMbox	138	1	STT_NOTYPE	SHN_UNDEF	0x0	0x0			init_rro_addr_elem_by_seid	0xa2f0	0x134	symbol_size	0xa4b8		direct_call_BL	0x94000000	outgoing	
.local/legacy-firmware/work/extract/stock-rootfs/lib/modules/5.4.55/mtk_pci.ko	c71b2073eeb2498c05c5e42bb5ceaf3df664cff42bf0b0740eb6152458e0857b	.rela.text	1521	.text	0xa440	0xa440	0xa4a0	R_AARCH64_CALL26	dma_free_attrs	183	1	STT_NOTYPE	SHN_UNDEF	0x0	0x0			init_rro_addr_elem_by_seid	0xa2f0	0x150	symbol_size	0xa4b8		direct_call_BL	0x94000000	outgoing	
.local/legacy-firmware/work/extract/stock-rootfs/lib/modules/5.4.55/mtk_pci.ko	c71b2073eeb2498c05c5e42bb5ceaf3df664cff42bf0b0740eb6152458e0857b	.rela.text	1524	.text	0xa46c	0xa46c	0xa4cc	R_AARCH64_CALL26	printk	173	1	STT_NOTYPE	SHN_UNDEF	0x0	0x0			init_rro_addr_elem_by_seid	0xa2f0	0x17c	symbol_size	0xa4b8		direct_call_BL	0x94000000	outgoing	
.local/legacy-firmware/work/extract/stock-rootfs/lib/modules/5.4.55/mtk_pci.ko	c71b2073eeb2498c05c5e42bb5ceaf3df664cff42bf0b0740eb6152458e0857b	.rela.text	1529	.text	0xa488	0xa488	0xa4e8	R_AARCH64_CALL26	_dev_info	155	1	STT_NOTYPE	SHN_UNDEF	0x0	0x0			init_rro_addr_elem_by_seid	0xa2f0	0x198	symbol_size	0xa4b8		direct_call_BL	0x94000000	outgoing	
.local/legacy-firmware/work/extract/stock-rootfs/lib/modules/5.4.55/mtk_pci.ko	c71b2073eeb2498c05c5e42bb5ceaf3df664cff42bf0b0740eb6152458e0857b	.rela.text	1532	.text	0xa4ac	0xa4ac	0xa50c	R_AARCH64_CALL26	printk	173	1	STT_NOTYPE	SHN_UNDEF	0x0	0x0			init_rro_addr_elem_by_seid	0xa2f0	0x1bc	symbol_size	0xa4b8		direct_call_BL	0x94000000	outgoing	
.local/legacy-firmware/work/extract/stock-rootfs/lib/modules/5.4.55/mtk_pci.ko	c71b2073eeb2498c05c5e42bb5ceaf3df664cff42bf0b0740eb6152458e0857b	.rela.text	1544	.text	0xa6a8	0xa6a8	0xa708	R_AARCH64_CALL26	dma_alloc_attrs	169	1	STT_NOTYPE	SHN_UNDEF	0x0	0x0			rro_sw_init	0xa670	0x38	symbol_size	0xacc0		direct_call_BL	0x94000000	outgoing	
.local/legacy-firmware/work/extract/stock-rootfs/lib/modules/5.4.55/mtk_pci.ko	c71b2073eeb2498c05c5e42bb5ceaf3df664cff42bf0b0740eb6152458e0857b	.rela.text	1545	.text	0xa6c8	0xa6c8	0xa728	R_AARCH64_CALL26	dma_alloc_attrs	169	1	STT_NOTYPE	SHN_UNDEF	0x0	0x0			rro_sw_init	0xa670	0x58	symbol_size	0xacc0		direct_call_BL	0x94000000	outgoing	
.local/legacy-firmware/work/extract/stock-rootfs/lib/modules/5.4.55/mtk_pci.ko	c71b2073eeb2498c05c5e42bb5ceaf3df664cff42bf0b0740eb6152458e0857b	.rela.text	1550	.text	0xa754	0xa754	0xa7b4	R_AARCH64_CALL26	get_ecnt_npu_dev	182	1	STT_NOTYPE	SHN_UNDEF	0x0	0x0			rro_sw_init	0xa670	0xe4	symbol_size	0xacc0		direct_call_BL	0x94000000	outgoing	
.local/legacy-firmware/work/extract/stock-rootfs/lib/modules/5.4.55/mtk_pci.ko	c71b2073eeb2498c05c5e42bb5ceaf3df664cff42bf0b0740eb6152458e0857b	.rela.text	1551	.text	0xa770	0xa770	0xa7d0	R_AARCH64_CALL26	dma_alloc_attrs	169	1	STT_NOTYPE	SHN_UNDEF	0x0	0x0			rro_sw_init	0xa670	0x100	symbol_size	0xacc0		direct_call_BL	0x94000000	outgoing	
.local/legacy-firmware/work/extract/stock-rootfs/lib/modules/5.4.55/mtk_pci.ko	c71b2073eeb2498c05c5e42bb5ceaf3df664cff42bf0b0740eb6152458e0857b	.rela.text	1552	.text	0xa78c	0xa78c	0xa7ec	R_AARCH64_CALL26	memset	176	1	STT_NOTYPE	SHN_UNDEF	0x0	0x0			rro_sw_init	0xa670	0x11c	symbol_size	0xacc0		direct_call_BL	0x94000000	outgoing	
.local/legacy-firmware/work/extract/stock-rootfs/lib/modules/5.4.55/mtk_pci.ko	c71b2073eeb2498c05c5e42bb5ceaf3df664cff42bf0b0740eb6152458e0857b	.rela.text	1553	.text	0xa7d8	0xa7d8	0xa838	R_AARCH64_CALL26	host_notify_npuMbox	138	1	STT_NOTYPE	SHN_UNDEF	0x0	0x0			rro_sw_init	0xa670	0x168	symbol_size	0xacc0		direct_call_BL	0x94000000	outgoing	
.local/legacy-firmware/work/extract/stock-rootfs/lib/modules/5.4.55/mtk_pci.ko	c71b2073eeb2498c05c5e42bb5ceaf3df664cff42bf0b0740eb6152458e0857b	.rela.text	1554	.text	0xa7f4	0xa7f4	0xa854	R_AARCH64_CALL26	dma_free_attrs	183	1	STT_NOTYPE	SHN_UNDEF	0x0	0x0			rro_sw_init	0xa670	0x184	symbol_size	0xacc0		direct_call_BL	0x94000000	outgoing	
.local/legacy-firmware/work/extract/stock-rootfs/lib/modules/5.4.55/mtk_pci.ko	c71b2073eeb2498c05c5e42bb5ceaf3df664cff42bf0b0740eb6152458e0857b	.rela.text	1555	.text	0xa838	0xa838	0xa898	R_AARCH64_CALL26	dma_alloc_attrs	169	1	STT_NOTYPE	SHN_UNDEF	0x0	0x0			rro_sw_init	0xa670	0x1c8	symbol_size	0xacc0		direct_call_BL	0x94000000	outgoing	
.local/legacy-firmware/work/extract/stock-rootfs/lib/modules/5.4.55/mtk_pci.ko	c71b2073eeb2498c05c5e42bb5ceaf3df664cff42bf0b0740eb6152458e0857b	.rela.text	1557	.text	0xa85c	0xa85c	0xa8bc	R_AARCH64_CALL26	memset	176	1	STT_NOTYPE	SHN_UNDEF	0x0	0x0			rro_sw_init	0xa670	0x1ec	symbol_size	0xacc0		direct_call_BL	0x94000000	outgoing	
.local/legacy-firmware/work/extract/stock-rootfs/lib/modules/5.4.55/mtk_pci.ko	c71b2073eeb2498c05c5e42bb5ceaf3df664cff42bf0b0740eb6152458e0857b	.rela.text	1558	.text	0xa8d0	0xa8d0	0xa930	R_AARCH64_CALL26	dma_alloc_attrs	169	1	STT_NOTYPE	SHN_UNDEF	0x0	0x0			rro_sw_init	0xa670	0x260	symbol_size	0xacc0		direct_call_BL	0x94000000	outgoing	
.local/legacy-firmware/work/extract/stock-rootfs/lib/modules/5.4.55/mtk_pci.ko	c71b2073eeb2498c05c5e42bb5ceaf3df664cff42bf0b0740eb6152458e0857b	.rela.text	1560	.text	0xa8fc	0xa8fc	0xa95c	R_AARCH64_CALL26	dma_alloc_attrs	169	1	STT_NOTYPE	SHN_UNDEF	0x0	0x0			rro_sw_init	0xa670	0x28c	symbol_size	0xacc0		direct_call_BL	0x94000000	outgoing	
.local/legacy-firmware/work/extract/stock-rootfs/lib/modules/5.4.55/mtk_pci.ko	c71b2073eeb2498c05c5e42bb5ceaf3df664cff42bf0b0740eb6152458e0857b	.rela.text	1565	.text	0xaa28	0xaa28	0xaa88	R_AARCH64_CALL26	mt_debugfs_create_devm_seqfile	148	1	STT_NOTYPE	SHN_UNDEF	0x0	0x0			rro_sw_init	0xa670	0x3b8	symbol_size	0xacc0		direct_call_BL	0x94000000	outgoing	
.local/legacy-firmware/work/extract/stock-rootfs/lib/modules/5.4.55/mtk_pci.ko	c71b2073eeb2498c05c5e42bb5ceaf3df664cff42bf0b0740eb6152458e0857b	.rela.text	1566	.text	0xaa34	0xaa34	0xaa94	R_AARCH64_CALL26	debugfs_lookup	158	1	STT_NOTYPE	SHN_UNDEF	0x0	0x0			rro_sw_init	0xa670	0x3c4	symbol_size	0xacc0		direct_call_BL	0x94000000	outgoing	
.local/legacy-firmware/work/extract/stock-rootfs/lib/modules/5.4.55/mtk_pci.ko	c71b2073eeb2498c05c5e42bb5ceaf3df664cff42bf0b0740eb6152458e0857b	.rela.text	1567	.text	0xaa80	0xaa80	0xaae0	R_AARCH64_CALL26	dma_alloc_attrs	169	1	STT_NOTYPE	SHN_UNDEF	0x0	0x0			rro_sw_init	0xa670	0x410	symbol_size	0xacc0		direct_call_BL	0x94000000	outgoing	
.local/legacy-firmware/work/extract/stock-rootfs/lib/modules/5.4.55/mtk_pci.ko	c71b2073eeb2498c05c5e42bb5ceaf3df664cff42bf0b0740eb6152458e0857b	.rela.text	1568	.text	0xaaac	0xaaac	0xab0c	R_AARCH64_CALL26	dma_alloc_attrs	169	1	STT_NOTYPE	SHN_UNDEF	0x0	0x0			rro_sw_init	0xa670	0x43c	symbol_size	0xacc0		direct_call_BL	0x94000000	outgoing	
.local/legacy-firmware/work/extract/stock-rootfs/lib/modules/5.4.55/mtk_pci.ko	c71b2073eeb2498c05c5e42bb5ceaf3df664cff42bf0b0740eb6152458e0857b	.rela.text	1569	.text	0xaacc	0xaacc	0xab2c	R_AARCH64_CALL26	dma_alloc_attrs	169	1	STT_NOTYPE	SHN_UNDEF	0x0	0x0			rro_sw_init	0xa670	0x45c	symbol_size	0xacc0		direct_call_BL	0x94000000	outgoing	
.local/legacy-firmware/work/extract/stock-rootfs/lib/modules/5.4.55/mtk_pci.ko	c71b2073eeb2498c05c5e42bb5ceaf3df664cff42bf0b0740eb6152458e0857b	.rela.text	1570	.text	0xaae8	0xaae8	0xab48	R_AARCH64_CALL26	get_ecnt_npu_dev	182	1	STT_NOTYPE	SHN_UNDEF	0x0	0x0			rro_sw_init	0xa670	0x478	symbol_size	0xacc0		direct_call_BL	0x94000000	outgoing	
.local/legacy-firmware/work/extract/stock-rootfs/lib/modules/5.4.55/mtk_pci.ko	c71b2073eeb2498c05c5e42bb5ceaf3df664cff42bf0b0740eb6152458e0857b	.rela.text	1571	.text	0xab04	0xab04	0xab64	R_AARCH64_CALL26	dma_alloc_attrs	169	1	STT_NOTYPE	SHN_UNDEF	0x0	0x0			rro_sw_init	0xa670	0x494	symbol_size	0xacc0		direct_call_BL	0x94000000	outgoing	
.local/legacy-firmware/work/extract/stock-rootfs/lib/modules/5.4.55/mtk_pci.ko	c71b2073eeb2498c05c5e42bb5ceaf3df664cff42bf0b0740eb6152458e0857b	.rela.text	1572	.text	0xab20	0xab20	0xab80	R_AARCH64_CALL26	memset	176	1	STT_NOTYPE	SHN_UNDEF	0x0	0x0			rro_sw_init	0xa670	0x4b0	symbol_size	0xacc0		direct_call_BL	0x94000000	outgoing	
.local/legacy-firmware/work/extract/stock-rootfs/lib/modules/5.4.55/mtk_pci.ko	c71b2073eeb2498c05c5e42bb5ceaf3df664cff42bf0b0740eb6152458e0857b	.rela.text	1573	.text	0xab64	0xab64	0xabc4	R_AARCH64_CALL26	host_notify_npuMbox	138	1	STT_NOTYPE	SHN_UNDEF	0x0	0x0			rro_sw_init	0xa670	0x4f4	symbol_size	0xacc0		direct_call_BL	0x94000000	outgoing	
.local/legacy-firmware/work/extract/stock-rootfs/lib/modules/5.4.55/mtk_pci.ko	c71b2073eeb2498c05c5e42bb5ceaf3df664cff42bf0b0740eb6152458e0857b	.rela.text	1574	.text	0xab80	0xab80	0xabe0	R_AARCH64_CALL26	dma_free_attrs	183	1	STT_NOTYPE	SHN_UNDEF	0x0	0x0			rro_sw_init	0xa670	0x510	symbol_size	0xacc0		direct_call_BL	0x94000000	outgoing	
.local/legacy-firmware/work/extract/stock-rootfs/lib/modules/5.4.55/mtk_pci.ko	c71b2073eeb2498c05c5e42bb5ceaf3df664cff42bf0b0740eb6152458e0857b	.rela.text	1577	.text	0xaba4	0xaba4	0xac04	R_AARCH64_CALL26	printk	173	1	STT_NOTYPE	SHN_UNDEF	0x0	0x0			rro_sw_init	0xa670	0x534	symbol_size	0xacc0		direct_call_BL	0x94000000	outgoing	
.local/legacy-firmware/work/extract/stock-rootfs/lib/modules/5.4.55/mtk_pci.ko	c71b2073eeb2498c05c5e42bb5ceaf3df664cff42bf0b0740eb6152458e0857b	.rela.text	1578	.text	0xabd8	0xabd8	0xac38	R_AARCH64_CALL26	dma_free_attrs	183	1	STT_NOTYPE	SHN_UNDEF	0x0	0x0			rro_sw_init	0xa670	0x568	symbol_size	0xacc0		direct_call_BL	0x94000000	outgoing	
.local/legacy-firmware/work/extract/stock-rootfs/lib/modules/5.4.55/mtk_pci.ko	c71b2073eeb2498c05c5e42bb5ceaf3df664cff42bf0b0740eb6152458e0857b	.rela.text	1582	.text	0xac2c	0xac2c	0xac8c	R_AARCH64_CALL26	printk	173	1	STT_NOTYPE	SHN_UNDEF	0x0	0x0			rro_sw_init	0xa670	0x5bc	symbol_size	0xacc0		direct_call_BL	0x94000000	outgoing	
.local/legacy-firmware/work/extract/stock-rootfs/lib/modules/5.4.55/mtk_pci.ko	c71b2073eeb2498c05c5e42bb5ceaf3df664cff42bf0b0740eb6152458e0857b	.rela.text	1587	.text	0xac48	0xac48	0xaca8	R_AARCH64_CALL26	_dev_info	155	1	STT_NOTYPE	SHN_UNDEF	0x0	0x0			rro_sw_init	0xa670	0x5d8	symbol_size	0xacc0		direct_call_BL	0x94000000	outgoing	
.local/legacy-firmware/work/extract/stock-rootfs/lib/modules/5.4.55/mtk_pci.ko	c71b2073eeb2498c05c5e42bb5ceaf3df664cff42bf0b0740eb6152458e0857b	.rela.text	1592	.text	0xac68	0xac68	0xacc8	R_AARCH64_CALL26	_dev_err	162	1	STT_NOTYPE	SHN_UNDEF	0x0	0x0			rro_sw_init	0xa670	0x5f8	symbol_size	0xacc0		direct_call_BL	0x94000000	outgoing	
.local/legacy-firmware/work/extract/stock-rootfs/lib/modules/5.4.55/mtk_pci.ko	c71b2073eeb2498c05c5e42bb5ceaf3df664cff42bf0b0740eb6152458e0857b	.rela.text	1595	.text	0xac80	0xac80	0xace0	R_AARCH64_CALL26	printk	173	1	STT_NOTYPE	SHN_UNDEF	0x0	0x0			rro_sw_init	0xa670	0x610	symbol_size	0xacc0		direct_call_BL	0x94000000	outgoing	
.local/legacy-firmware/work/extract/stock-rootfs/lib/modules/5.4.55/mtk_pci.ko	c71b2073eeb2498c05c5e42bb5ceaf3df664cff42bf0b0740eb6152458e0857b	.rela.text	1598	.text	0xac94	0xac94	0xacf4	R_AARCH64_CALL26	_dev_info	155	1	STT_NOTYPE	SHN_UNDEF	0x0	0x0			rro_sw_init	0xa670	0x624	symbol_size	0xacc0		direct_call_BL	0x94000000	outgoing	
.local/legacy-firmware/work/extract/stock-rootfs/lib/modules/5.4.55/mtk_pci.ko	c71b2073eeb2498c05c5e42bb5ceaf3df664cff42bf0b0740eb6152458e0857b	.rela.text	1601	.text	0xacb8	0xacb8	0xad18	R_AARCH64_CALL26	printk	173	1	STT_NOTYPE	SHN_UNDEF	0x0	0x0			rro_sw_init	0xa670	0x648	symbol_size	0xacc0		direct_call_BL	0x94000000	outgoing	
.local/legacy-firmware/work/extract/stock-rootfs/lib/modules/5.4.55/mtk_pci.ko	c71b2073eeb2498c05c5e42bb5ceaf3df664cff42bf0b0740eb6152458e0857b	.rela.text.unlikely	2	.text.unlikely	0x1c	0x1c	0xaf7c	R_AARCH64_CALL26	_dev_info	155	1	STT_NOTYPE	SHN_UNDEF	0x0	0x0			unnamed@.text.unlikely+0x0	0x0	0x1c	eh_frame_FDE	0x50	0x37c	direct_call_BL	0x94000000	outgoing	
.local/legacy-firmware/work/extract/stock-rootfs/lib/modules/5.4.55/mtk_pci.ko	c71b2073eeb2498c05c5e42bb5ceaf3df664cff42bf0b0740eb6152458e0857b	.rela.text.unlikely	7	.text.unlikely	0x40	0x40	0xafa0	R_AARCH64_CALL26	send_rro_done_msg_2_NPU	80	0	STT_FUNC	.text	0x6250	0x0	send_rro_done_msg_2_NPU	0x6250	unnamed@.text.unlikely+0x0	0x0	0x40	eh_frame_FDE	0x50	0x37c	direct_call_BL	0x94000000	both	
.local/legacy-firmware/work/extract/stock-rootfs/lib/modules/5.4.55/mtk_pci.ko	c71b2073eeb2498c05c5e42bb5ceaf3df664cff42bf0b0740eb6152458e0857b	.rela.text.unlikely	10	.text.unlikely	0x6c	0x6c	0xafcc	R_AARCH64_CALL26	_dev_info	155	1	STT_NOTYPE	SHN_UNDEF	0x0	0x0			unnamed@.text.unlikely+0x50	0x50	0x1c	eh_frame_FDE	0xa0	0x3a0	direct_call_BL	0x94000000	outgoing	
.local/legacy-firmware/work/extract/stock-rootfs/lib/modules/5.4.55/mtk_pci.ko	c71b2073eeb2498c05c5e42bb5ceaf3df664cff42bf0b0740eb6152458e0857b	.rela.text.unlikely	15	.text.unlikely	0x90	0x90	0xaff0	R_AARCH64_CALL26	send_rro_stop_msg_2_NPU	52	0	STT_FUNC	.text	0x6370	0x0	send_rro_stop_msg_2_NPU	0x6370	unnamed@.text.unlikely+0x50	0x50	0x40	eh_frame_FDE	0xa0	0x3a0	direct_call_BL	0x94000000	both	
.local/legacy-firmware/work/extract/stock-rootfs/lib/modules/5.4.55/mtk_pci.ko	c71b2073eeb2498c05c5e42bb5ceaf3df664cff42bf0b0740eb6152458e0857b	.rela.text.unlikely	28	.text.unlikely	0x244	0x244	0xb1a4	R_AARCH64_CALL26	get_ecnt_npu_dev	182	1	STT_NOTYPE	SHN_UNDEF	0x0	0x0			unnamed@.text.unlikely+0x224	0x224	0x20	eh_frame_FDE	0x320	0xef0	direct_call_BL	0x94000000	outgoing	
.local/legacy-firmware/work/extract/stock-rootfs/lib/modules/5.4.55/mtk_pci.ko	c71b2073eeb2498c05c5e42bb5ceaf3df664cff42bf0b0740eb6152458e0857b	.rela.text.unlikely	31	.text.unlikely	0x258	0x258	0xb1b8	R_AARCH64_CALL26	printk	173	1	STT_NOTYPE	SHN_UNDEF	0x0	0x0			unnamed@.text.unlikely+0x224	0x224	0x34	eh_frame_FDE	0x320	0xef0	direct_call_BL	0x94000000	outgoing	
.local/legacy-firmware/work/extract/stock-rootfs/lib/modules/5.4.55/mtk_pci.ko	c71b2073eeb2498c05c5e42bb5ceaf3df664cff42bf0b0740eb6152458e0857b	.rela.text.unlikely	32	.text.unlikely	0x274	0x274	0xb1d4	R_AARCH64_CALL26	dma_alloc_attrs	169	1	STT_NOTYPE	SHN_UNDEF	0x0	0x0			unnamed@.text.unlikely+0x224	0x224	0x50	eh_frame_FDE	0x320	0xef0	direct_call_BL	0x94000000	outgoing	
.local/legacy-firmware/work/extract/stock-rootfs/lib/modules/5.4.55/mtk_pci.ko	c71b2073eeb2498c05c5e42bb5ceaf3df664cff42bf0b0740eb6152458e0857b	.rela.text.unlikely	33	.text.unlikely	0x294	0x294	0xb1f4	R_AARCH64_CALL26	memset	176	1	STT_NOTYPE	SHN_UNDEF	0x0	0x0			unnamed@.text.unlikely+0x224	0x224	0x70	eh_frame_FDE	0x320	0xef0	direct_call_BL	0x94000000	outgoing	
.local/legacy-firmware/work/extract/stock-rootfs/lib/modules/5.4.55/mtk_pci.ko	c71b2073eeb2498c05c5e42bb5ceaf3df664cff42bf0b0740eb6152458e0857b	.rela.text.unlikely	34	.text.unlikely	0x2d4	0x2d4	0xb234	R_AARCH64_CALL26	host_notify_npuMbox	138	1	STT_NOTYPE	SHN_UNDEF	0x0	0x0			unnamed@.text.unlikely+0x224	0x224	0xb0	eh_frame_FDE	0x320	0xef0	direct_call_BL	0x94000000	outgoing	
.local/legacy-firmware/work/extract/stock-rootfs/lib/modules/5.4.55/mtk_pci.ko	c71b2073eeb2498c05c5e42bb5ceaf3df664cff42bf0b0740eb6152458e0857b	.rela.text.unlikely	35	.text.unlikely	0x2f0	0x2f0	0xb250	R_AARCH64_CALL26	dma_free_attrs	183	1	STT_NOTYPE	SHN_UNDEF	0x0	0x0			unnamed@.text.unlikely+0x224	0x224	0xcc	eh_frame_FDE	0x320	0xef0	direct_call_BL	0x94000000	outgoing	
.local/legacy-firmware/work/extract/stock-rootfs/lib/modules/5.4.55/mtk_pci.ko	c71b2073eeb2498c05c5e42bb5ceaf3df664cff42bf0b0740eb6152458e0857b	.rela.text.unlikely	38	.text.unlikely	0x304	0x304	0xb264	R_AARCH64_CALL26	printk	173	1	STT_NOTYPE	SHN_UNDEF	0x0	0x0			unnamed@.text.unlikely+0x224	0x224	0xe0	eh_frame_FDE	0x320	0xef0	direct_call_BL	0x94000000	outgoing	
.local/legacy-firmware/work/extract/stock-rootfs/lib/modules/5.4.55/mtk_pci.ko	c71b2073eeb2498c05c5e42bb5ceaf3df664cff42bf0b0740eb6152458e0857b	.rela.text.unlikely	39	.text.unlikely	0x340	0x340	0xb2a0	R_AARCH64_CALL26	get_ecnt_npu_dev	182	1	STT_NOTYPE	SHN_UNDEF	0x0	0x0			unnamed@.text.unlikely+0x320	0x320	0x20	eh_frame_FDE	0x414	0xfa4	direct_call_BL	0x94000000	outgoing	
.local/legacy-firmware/work/extract/stock-rootfs/lib/modules/5.4.55/mtk_pci.ko	c71b2073eeb2498c05c5e42bb5ceaf3df664cff42bf0b0740eb6152458e0857b	.rela.text.unlikely	42	.text.unlikely	0x350	0x350	0xb2b0	R_AARCH64_CALL26	printk	173	1	STT_NOTYPE	SHN_UNDEF	0x0	0x0			unnamed@.text.unlikely+0x320	0x320	0x30	eh_frame_FDE	0x414	0xfa4	direct_call_BL	0x94000000	outgoing	
.local/legacy-firmware/work/extract/stock-rootfs/lib/modules/5.4.55/mtk_pci.ko	c71b2073eeb2498c05c5e42bb5ceaf3df664cff42bf0b0740eb6152458e0857b	.rela.text.unlikely	43	.text.unlikely	0x36c	0x36c	0xb2cc	R_AARCH64_CALL26	dma_alloc_attrs	169	1	STT_NOTYPE	SHN_UNDEF	0x0	0x0			unnamed@.text.unlikely+0x320	0x320	0x4c	eh_frame_FDE	0x414	0xfa4	direct_call_BL	0x94000000	outgoing	
.local/legacy-firmware/work/extract/stock-rootfs/lib/modules/5.4.55/mtk_pci.ko	c71b2073eeb2498c05c5e42bb5ceaf3df664cff42bf0b0740eb6152458e0857b	.rela.text.unlikely	44	.text.unlikely	0x38c	0x38c	0xb2ec	R_AARCH64_CALL26	memset	176	1	STT_NOTYPE	SHN_UNDEF	0x0	0x0			unnamed@.text.unlikely+0x320	0x320	0x6c	eh_frame_FDE	0x414	0xfa4	direct_call_BL	0x94000000	outgoing	
.local/legacy-firmware/work/extract/stock-rootfs/lib/modules/5.4.55/mtk_pci.ko	c71b2073eeb2498c05c5e42bb5ceaf3df664cff42bf0b0740eb6152458e0857b	.rela.text.unlikely	45	.text.unlikely	0x3cc	0x3cc	0xb32c	R_AARCH64_CALL26	host_notify_npuMbox	138	1	STT_NOTYPE	SHN_UNDEF	0x0	0x0			unnamed@.text.unlikely+0x320	0x320	0xac	eh_frame_FDE	0x414	0xfa4	direct_call_BL	0x94000000	outgoing	
.local/legacy-firmware/work/extract/stock-rootfs/lib/modules/5.4.55/mtk_pci.ko	c71b2073eeb2498c05c5e42bb5ceaf3df664cff42bf0b0740eb6152458e0857b	.rela.text.unlikely	46	.text.unlikely	0x3e8	0x3e8	0xb348	R_AARCH64_CALL26	dma_free_attrs	183	1	STT_NOTYPE	SHN_UNDEF	0x0	0x0			unnamed@.text.unlikely+0x320	0x320	0xc8	eh_frame_FDE	0x414	0xfa4	direct_call_BL	0x94000000	outgoing	
.local/legacy-firmware/work/extract/stock-rootfs/lib/modules/5.4.55/mtk_pci.ko	c71b2073eeb2498c05c5e42bb5ceaf3df664cff42bf0b0740eb6152458e0857b	.rela.text.unlikely	49	.text.unlikely	0x3fc	0x3fc	0xb35c	R_AARCH64_CALL26	printk	173	1	STT_NOTYPE	SHN_UNDEF	0x0	0x0			unnamed@.text.unlikely+0x320	0x320	0xdc	eh_frame_FDE	0x414	0xfa4	direct_call_BL	0x94000000	outgoing	
.local/legacy-firmware/work/extract/stock-rootfs/lib/modules/5.4.55/npu.ko	fecef1a24531765da1243de773ee7e9bb5b20ff47f1ad3b3736e1f09e9db088e	.rela.text	384	.text	0xb74	0xb74	0xbd4	R_AARCH64_CALL26	get_ecnt_npu_dev	66	1	STT_NOTYPE	SHN_UNDEF	0x0	0x0			npu_wifi_offload_get_dbg_counter_address	0xb30	0x44	symbol_size	0xd88		direct_call_BL	0x94000000	outgoing	
.local/legacy-firmware/work/extract/stock-rootfs/lib/modules/5.4.55/npu.ko	fecef1a24531765da1243de773ee7e9bb5b20ff47f1ad3b3736e1f09e9db088e	.rela.text	385	.text	0xb98	0xb98	0xbf8	R_AARCH64_CALL26	dma_alloc_attrs	55	1	STT_NOTYPE	SHN_UNDEF	0x0	0x0			npu_wifi_offload_get_dbg_counter_address	0xb30	0x68	symbol_size	0xd88		direct_call_BL	0x94000000	outgoing	
.local/legacy-firmware/work/extract/stock-rootfs/lib/modules/5.4.55/npu.ko	fecef1a24531765da1243de773ee7e9bb5b20ff47f1ad3b3736e1f09e9db088e	.rela.text	386	.text	0xbb4	0xbb4	0xc14	R_AARCH64_CALL26	memset	62	1	STT_NOTYPE	SHN_UNDEF	0x0	0x0			npu_wifi_offload_get_dbg_counter_address	0xb30	0x84	symbol_size	0xd88		direct_call_BL	0x94000000	outgoing	
.local/legacy-firmware/work/extract/stock-rootfs/lib/modules/5.4.55/npu.ko	fecef1a24531765da1243de773ee7e9bb5b20ff47f1ad3b3736e1f09e9db088e	.rela.text	387	.text	0xbec	0xbec	0xc4c	R_AARCH64_CALL26	host_notify_npuMbox	49	1	STT_NOTYPE	SHN_UNDEF	0x0	0x0			npu_wifi_offload_get_dbg_counter_address	0xb30	0xbc	symbol_size	0xd88		direct_call_BL	0x94000000	outgoing	
.local/legacy-firmware/work/extract/stock-rootfs/lib/modules/5.4.55/npu.ko	fecef1a24531765da1243de773ee7e9bb5b20ff47f1ad3b3736e1f09e9db088e	.rela.text	388	.text	0xc14	0xc14	0xc74	R_AARCH64_CALL26	dma_free_attrs	67	1	STT_NOTYPE	SHN_UNDEF	0x0	0x0			npu_wifi_offload_get_dbg_counter_address	0xb30	0xe4	symbol_size	0xd88		direct_call_BL	0x94000000	outgoing	
.local/legacy-firmware/work/extract/stock-rootfs/lib/modules/5.4.55/npu.ko	fecef1a24531765da1243de773ee7e9bb5b20ff47f1ad3b3736e1f09e9db088e	.rela.text	391	.text	0xc48	0xc48	0xca8	R_AARCH64_CALL26	__ioremap	54	1	STT_NOTYPE	SHN_UNDEF	0x0	0x0			npu_wifi_offload_get_dbg_counter_address	0xb30	0x118	symbol_size	0xd88		direct_call_BL	0x94000000	outgoing	
.local/legacy-firmware/work/extract/stock-rootfs/lib/modules/5.4.55/npu.ko	fecef1a24531765da1243de773ee7e9bb5b20ff47f1ad3b3736e1f09e9db088e	.rela.text	396	.text	0xc70	0xc70	0xcd0	R_AARCH64_CALL26	printk	58	1	STT_NOTYPE	SHN_UNDEF	0x0	0x0			npu_wifi_offload_get_dbg_counter_address	0xb30	0x140	symbol_size	0xd88		direct_call_BL	0x94000000	outgoing	
.local/legacy-firmware/work/extract/stock-rootfs/lib/modules/5.4.55/npu.ko	fecef1a24531765da1243de773ee7e9bb5b20ff47f1ad3b3736e1f09e9db088e	.rela.text	401	.text	0xcb8	0xcb8	0xd18	R_AARCH64_CALL26	__ioremap	54	1	STT_NOTYPE	SHN_UNDEF	0x0	0x0			npu_wifi_offload_get_dbg_counter_address	0xb30	0x188	symbol_size	0xd88		direct_call_BL	0x94000000	outgoing	
.local/legacy-firmware/work/extract/stock-rootfs/lib/modules/5.4.55/npu.ko	fecef1a24531765da1243de773ee7e9bb5b20ff47f1ad3b3736e1f09e9db088e	.rela.text	406	.text	0xce0	0xce0	0xd40	R_AARCH64_CALL26	printk	58	1	STT_NOTYPE	SHN_UNDEF	0x0	0x0			npu_wifi_offload_get_dbg_counter_address	0xb30	0x1b0	symbol_size	0xd88		direct_call_BL	0x94000000	outgoing	
.local/legacy-firmware/work/extract/stock-rootfs/lib/modules/5.4.55/npu.ko	fecef1a24531765da1243de773ee7e9bb5b20ff47f1ad3b3736e1f09e9db088e	.rela.text	411	.text	0xd24	0xd24	0xd84	R_AARCH64_CALL26	dma_free_attrs	67	1	STT_NOTYPE	SHN_UNDEF	0x0	0x0			npu_wifi_offload_get_dbg_counter_address	0xb30	0x1f4	symbol_size	0xd88		direct_call_BL	0x94000000	outgoing	
.local/legacy-firmware/work/extract/stock-rootfs/lib/modules/5.4.55/npu.ko	fecef1a24531765da1243de773ee7e9bb5b20ff47f1ad3b3736e1f09e9db088e	.rela.text	414	.text	0xd30	0xd30	0xd90	R_AARCH64_CALL26	printk	58	1	STT_NOTYPE	SHN_UNDEF	0x0	0x0			npu_wifi_offload_get_dbg_counter_address	0xb30	0x200	symbol_size	0xd88		direct_call_BL	0x94000000	outgoing	
.local/legacy-firmware/work/extract/stock-rootfs/lib/modules/5.4.55/npu.ko	fecef1a24531765da1243de773ee7e9bb5b20ff47f1ad3b3736e1f09e9db088e	.rela.text	421	.text	0xd54	0xd54	0xdb4	R_AARCH64_CALL26	printk	58	1	STT_NOTYPE	SHN_UNDEF	0x0	0x0			npu_wifi_offload_get_dbg_counter_address	0xb30	0x224	symbol_size	0xd88		direct_call_BL	0x94000000	outgoing	
.local/legacy-firmware/work/extract/stock-rootfs/lib/modules/5.4.55/npu.ko	fecef1a24531765da1243de773ee7e9bb5b20ff47f1ad3b3736e1f09e9db088e	.rela.text	424	.text	0xd64	0xd64	0xdc4	R_AARCH64_CALL26	printk	58	1	STT_NOTYPE	SHN_UNDEF	0x0	0x0			npu_wifi_offload_get_dbg_counter_address	0xb30	0x234	symbol_size	0xd88		direct_call_BL	0x94000000	outgoing	
.local/legacy-firmware/work/extract/stock-rootfs/lib/modules/5.4.55/npu.ko	fecef1a24531765da1243de773ee7e9bb5b20ff47f1ad3b3736e1f09e9db088e	.rela.text	429	.text	0xd80	0xd80	0xde0	R_AARCH64_CALL26	printk	58	1	STT_NOTYPE	SHN_UNDEF	0x0	0x0			npu_wifi_offload_get_dbg_counter_address	0xb30	0x250	symbol_size	0xd88		direct_call_BL	0x94000000	outgoing	
.local/legacy-firmware/work/extract/stock-rootfs/lib/modules/5.4.55/npu.ko	fecef1a24531765da1243de773ee7e9bb5b20ff47f1ad3b3736e1f09e9db088e	.rela.text	433	.text	0xdc0	0xdc0	0xe20	R_AARCH64_CALL26	npu_wifi_offload_get_dbg_counter_address	35	0	STT_FUNC	.text	0xb30	0x0	npu_wifi_offload_get_dbg_counter_address	0xb30	print_npu_wifi_offload_dbg_counter	0xd90	0x30	symbol_size	0xdd8		direct_call_BL	0x94000000	incoming	
.local/legacy-firmware/work/extract/stock-rootfs/lib/modules/5.4.55/npu.ko	fecef1a24531765da1243de773ee7e9bb5b20ff47f1ad3b3736e1f09e9db088e	.rela.text	452	.text	0xf04	0xf04	0xf64	R_AARCH64_CALL26	npu_wifi_offload_get_dbg_counter_address	35	0	STT_FUNC	.text	0xb30	0x0	npu_wifi_offload_get_dbg_counter_address	0xb30	print_npu_wifi_offload_tx_dbg_counter	0xec0	0x44	symbol_size	0x1024		direct_call_BL	0x94000000	incoming	
.local/legacy-firmware/work/extract/stock-rootfs/lib/modules/5.4.55/npu.ko	fecef1a24531765da1243de773ee7e9bb5b20ff47f1ad3b3736e1f09e9db088e	.rela.text	530	.text	0x11cc	0x11cc	0x122c	R_AARCH64_CALL26	test_ram_b4_npu_load	61	1	STT_NOTYPE	SHN_UNDEF	0x0	0x0			init_module	0x11c4	0x8	symbol_size	0x14f0		direct_call_BL	0x94000000	outgoing	
.local/legacy-firmware/work/extract/stock-rootfs/lib/modules/5.4.55/npu.ko	fecef1a24531765da1243de773ee7e9bb5b20ff47f1ad3b3736e1f09e9db088e	.rela.text	535	.text	0x11f0	0x11f0	0x1250	R_AARCH64_CALL26	fileCopyToSram	22	0	STT_FUNC	.text	0x920	0x0	fileCopyToSram	0x920	init_module	0x11c4	0x2c	symbol_size	0x14f0		direct_call_BL	0x94000000	outgoing	
.local/legacy-firmware/work/extract/stock-rootfs/lib/modules/5.4.55/npu.ko	fecef1a24531765da1243de773ee7e9bb5b20ff47f1ad3b3736e1f09e9db088e	.rela.text	538	.text	0x120c	0x120c	0x126c	R_AARCH64_CALL26	fileCopyToSram	22	0	STT_FUNC	.text	0x920	0x0	fileCopyToSram	0x920	init_module	0x11c4	0x48	symbol_size	0x14f0		direct_call_BL	0x94000000	outgoing	
.local/legacy-firmware/work/extract/stock-rootfs/lib/modules/5.4.55/npu.ko	fecef1a24531765da1243de773ee7e9bb5b20ff47f1ad3b3736e1f09e9db088e	.rela.text	539	.text	0x121c	0x121c	0x127c	R_AARCH64_CALL26	set_npu_needed_info	48	1	STT_NOTYPE	SHN_UNDEF	0x0	0x0			init_module	0x11c4	0x58	symbol_size	0x14f0		direct_call_BL	0x94000000	outgoing	
.local/legacy-firmware/work/extract/stock-rootfs/lib/modules/5.4.55/npu.ko	fecef1a24531765da1243de773ee7e9bb5b20ff47f1ad3b3736e1f09e9db088e	.rela.text	540	.text	0x1220	0x1220	0x1280	R_AARCH64_CALL26	boot_npu_all_cores	60	1	STT_NOTYPE	SHN_UNDEF	0x0	0x0			init_module	0x11c4	0x5c	symbol_size	0x14f0		direct_call_BL	0x94000000	outgoing	
.local/legacy-firmware/work/extract/stock-rootfs/lib/modules/5.4.55/npu.ko	fecef1a24531765da1243de773ee7e9bb5b20ff47f1ad3b3736e1f09e9db088e	.rela.text	543	.text	0x1234	0x1234	0x1294	R_AARCH64_CALL26	create_proc_entry	51	1	STT_NOTYPE	SHN_UNDEF	0x0	0x0			init_module	0x11c4	0x70	symbol_size	0x14f0		direct_call_BL	0x94000000	outgoing	
.local/legacy-firmware/work/extract/stock-rootfs/lib/modules/5.4.55/npu.ko	fecef1a24531765da1243de773ee7e9bb5b20ff47f1ad3b3736e1f09e9db088e	.rela.text	548	.text	0x1258	0x1258	0x12b8	R_AARCH64_CALL26	create_proc_entry	51	1	STT_NOTYPE	SHN_UNDEF	0x0	0x0			init_module	0x11c4	0x94	symbol_size	0x14f0		direct_call_BL	0x94000000	outgoing	
.local/legacy-firmware/work/extract/stock-rootfs/lib/modules/5.4.55/npu.ko	fecef1a24531765da1243de773ee7e9bb5b20ff47f1ad3b3736e1f09e9db088e	.rela.text	553	.text	0x1278	0x1278	0x12d8	R_AARCH64_CALL26	create_proc_entry	51	1	STT_NOTYPE	SHN_UNDEF	0x0	0x0			init_module	0x11c4	0xb4	symbol_size	0x14f0		direct_call_BL	0x94000000	outgoing	
.local/legacy-firmware/work/extract/stock-rootfs/lib/modules/5.4.55/npu.ko	fecef1a24531765da1243de773ee7e9bb5b20ff47f1ad3b3736e1f09e9db088e	.rela.text	558	.text	0x1298	0x1298	0x12f8	R_AARCH64_CALL26	create_proc_entry	51	1	STT_NOTYPE	SHN_UNDEF	0x0	0x0			init_module	0x11c4	0xd4	symbol_size	0x14f0		direct_call_BL	0x94000000	outgoing	
.local/legacy-firmware/work/extract/stock-rootfs/lib/modules/5.4.55/npu.ko	fecef1a24531765da1243de773ee7e9bb5b20ff47f1ad3b3736e1f09e9db088e	.rela.text	561	.text	0x12a8	0x12a8	0x1308	R_AARCH64_CALL26	npu_wifi_offload_get_pkt_buf_addr	65	1	STT_NOTYPE	SHN_UNDEF	0x0	0x0			init_module	0x11c4	0xe4	symbol_size	0x14f0		direct_call_BL	0x94000000	outgoing	
.local/legacy-firmware/work/extract/stock-rootfs/lib/modules/5.4.55/npu.ko	fecef1a24531765da1243de773ee7e9bb5b20ff47f1ad3b3736e1f09e9db088e	.rela.text	562	.text	0x12b4	0x12b4	0x1314	R_AARCH64_CALL26	get_ecnt_npu_dev	66	1	STT_NOTYPE	SHN_UNDEF	0x0	0x0			init_module	0x11c4	0xf0	symbol_size	0x14f0		direct_call_BL	0x94000000	outgoing	
.local/legacy-firmware/work/extract/stock-rootfs/lib/modules/5.4.55/npu.ko	fecef1a24531765da1243de773ee7e9bb5b20ff47f1ad3b3736e1f09e9db088e	.rela.text	563	.text	0x12d0	0x12d0	0x1330	R_AARCH64_CALL26	dma_alloc_attrs	55	1	STT_NOTYPE	SHN_UNDEF	0x0	0x0			init_module	0x11c4	0x10c	symbol_size	0x14f0		direct_call_BL	0x94000000	outgoing	
.local/legacy-firmware/work/extract/stock-rootfs/lib/modules/5.4.55/npu.ko	fecef1a24531765da1243de773ee7e9bb5b20ff47f1ad3b3736e1f09e9db088e	.rela.text	564	.text	0x12ec	0x12ec	0x134c	R_AARCH64_CALL26	memset	62	1	STT_NOTYPE	SHN_UNDEF	0x0	0x0			init_module	0x11c4	0x128	symbol_size	0x14f0		direct_call_BL	0x94000000	outgoing	
.local/legacy-firmware/work/extract/stock-rootfs/lib/modules/5.4.55/npu.ko	fecef1a24531765da1243de773ee7e9bb5b20ff47f1ad3b3736e1f09e9db088e	.rela.text	565	.text	0x1334	0x1334	0x1394	R_AARCH64_CALL26	host_notify_npuMbox	49	1	STT_NOTYPE	SHN_UNDEF	0x0	0x0			init_module	0x11c4	0x170	symbol_size	0x14f0		direct_call_BL	0x94000000	outgoing	
.local/legacy-firmware/work/extract/stock-rootfs/lib/modules/5.4.55/npu.ko	fecef1a24531765da1243de773ee7e9bb5b20ff47f1ad3b3736e1f09e9db088e	.rela.text	566	.text	0x1350	0x1350	0x13b0	R_AARCH64_CALL26	dma_free_attrs	67	1	STT_NOTYPE	SHN_UNDEF	0x0	0x0			init_module	0x11c4	0x18c	symbol_size	0x14f0		direct_call_BL	0x94000000	outgoing	
.local/legacy-firmware/work/extract/stock-rootfs/lib/modules/5.4.55/npu.ko	fecef1a24531765da1243de773ee7e9bb5b20ff47f1ad3b3736e1f09e9db088e	.rela.text	569	.text	0x1368	0x1368	0x13c8	R_AARCH64_CALL26	npu_wifi_offload_get_tx_pkt_buf_addr	43	1	STT_NOTYPE	SHN_UNDEF	0x0	0x0			init_module	0x11c4	0x1a4	symbol_size	0x14f0		direct_call_BL	0x94000000	outgoing	
.local/legacy-firmware/work/extract/stock-rootfs/lib/modules/5.4.55/npu.ko	fecef1a24531765da1243de773ee7e9bb5b20ff47f1ad3b3736e1f09e9db088e	.rela.text	570	.text	0x1374	0x1374	0x13d4	R_AARCH64_CALL26	get_ecnt_npu_dev	66	1	STT_NOTYPE	SHN_UNDEF	0x0	0x0			init_module	0x11c4	0x1b0	symbol_size	0x14f0		direct_call_BL	0x94000000	outgoing	
.local/legacy-firmware/work/extract/stock-rootfs/lib/modules/5.4.55/npu.ko	fecef1a24531765da1243de773ee7e9bb5b20ff47f1ad3b3736e1f09e9db088e	.rela.text	571	.text	0x1390	0x1390	0x13f0	R_AARCH64_CALL26	dma_alloc_attrs	55	1	STT_NOTYPE	SHN_UNDEF	0x0	0x0			init_module	0x11c4	0x1cc	symbol_size	0x14f0		direct_call_BL	0x94000000	outgoing	
.local/legacy-firmware/work/extract/stock-rootfs/lib/modules/5.4.55/npu.ko	fecef1a24531765da1243de773ee7e9bb5b20ff47f1ad3b3736e1f09e9db088e	.rela.text	572	.text	0x13ac	0x13ac	0x140c	R_AARCH64_CALL26	memset	62	1	STT_NOTYPE	SHN_UNDEF	0x0	0x0			init_module	0x11c4	0x1e8	symbol_size	0x14f0		direct_call_BL	0x94000000	outgoing	
.local/legacy-firmware/work/extract/stock-rootfs/lib/modules/5.4.55/npu.ko	fecef1a24531765da1243de773ee7e9bb5b20ff47f1ad3b3736e1f09e9db088e	.rela.text	573	.text	0x13f4	0x13f4	0x1454	R_AARCH64_CALL26	host_notify_npuMbox	49	1	STT_NOTYPE	SHN_UNDEF	0x0	0x0			init_module	0x11c4	0x230	symbol_size	0x14f0		direct_call_BL	0x94000000	outgoing	
.local/legacy-firmware/work/extract/stock-rootfs/lib/modules/5.4.55/npu.ko	fecef1a24531765da1243de773ee7e9bb5b20ff47f1ad3b3736e1f09e9db088e	.rela.text	574	.text	0x1410	0x1410	0x1470	R_AARCH64_CALL26	dma_free_attrs	67	1	STT_NOTYPE	SHN_UNDEF	0x0	0x0			init_module	0x11c4	0x24c	symbol_size	0x14f0		direct_call_BL	0x94000000	outgoing	
.local/legacy-firmware/work/extract/stock-rootfs/lib/modules/5.4.55/npu.ko	fecef1a24531765da1243de773ee7e9bb5b20ff47f1ad3b3736e1f09e9db088e	.rela.text	575	.text	0x141c	0x141c	0x147c	R_AARCH64_CALL26	npu_wifi_offload_get_force_to_cpu_flag	64	1	STT_NOTYPE	SHN_UNDEF	0x0	0x0			init_module	0x11c4	0x258	symbol_size	0x14f0		direct_call_BL	0x94000000	outgoing	
.local/legacy-firmware/work/extract/stock-rootfs/lib/modules/5.4.55/npu.ko	fecef1a24531765da1243de773ee7e9bb5b20ff47f1ad3b3736e1f09e9db088e	.rela.text	576	.text	0x1424	0x1424	0x1484	R_AARCH64_CALL26		2	0	STT_SECTION	.text.unlikely	0x0	0x0	unnamed@.text.unlikely+0x0	0x0	init_module	0x11c4	0x260	symbol_size	0x14f0		direct_call_BL	0x94000000	both	
.local/legacy-firmware/work/extract/stock-rootfs/lib/modules/5.4.55/npu.ko	fecef1a24531765da1243de773ee7e9bb5b20ff47f1ad3b3736e1f09e9db088e	.rela.text	579	.text	0x144c	0x144c	0x14ac	R_AARCH64_CALL26	printk	58	1	STT_NOTYPE	SHN_UNDEF	0x0	0x0			init_module	0x11c4	0x288	symbol_size	0x14f0		direct_call_BL	0x94000000	outgoing	
.local/legacy-firmware/work/extract/stock-rootfs/lib/modules/5.4.55/npu.ko	fecef1a24531765da1243de773ee7e9bb5b20ff47f1ad3b3736e1f09e9db088e	.rela.text	582	.text	0x145c	0x145c	0x14bc	R_AARCH64_CALL26	printk	58	1	STT_NOTYPE	SHN_UNDEF	0x0	0x0			init_module	0x11c4	0x298	symbol_size	0x14f0		direct_call_BL	0x94000000	outgoing	
.local/legacy-firmware/work/extract/stock-rootfs/lib/modules/5.4.55/npu.ko	fecef1a24531765da1243de773ee7e9bb5b20ff47f1ad3b3736e1f09e9db088e	.rela.text	585	.text	0x1474	0x1474	0x14d4	R_AARCH64_CALL26	printk	58	1	STT_NOTYPE	SHN_UNDEF	0x0	0x0			init_module	0x11c4	0x2b0	symbol_size	0x14f0		direct_call_BL	0x94000000	outgoing	
.local/legacy-firmware/work/extract/stock-rootfs/lib/modules/5.4.55/npu.ko	fecef1a24531765da1243de773ee7e9bb5b20ff47f1ad3b3736e1f09e9db088e	.rela.text	588	.text	0x1480	0x1480	0x14e0	R_AARCH64_CALL26	printk	58	1	STT_NOTYPE	SHN_UNDEF	0x0	0x0			init_module	0x11c4	0x2bc	symbol_size	0x14f0		direct_call_BL	0x94000000	outgoing	
.local/legacy-firmware/work/extract/stock-rootfs/lib/modules/5.4.55/npu.ko	fecef1a24531765da1243de773ee7e9bb5b20ff47f1ad3b3736e1f09e9db088e	.rela.text	591	.text	0x1490	0x1490	0x14f0	R_AARCH64_CALL26	printk	58	1	STT_NOTYPE	SHN_UNDEF	0x0	0x0			init_module	0x11c4	0x2cc	symbol_size	0x14f0		direct_call_BL	0x94000000	outgoing	
.local/legacy-firmware/work/extract/stock-rootfs/lib/modules/5.4.55/npu.ko	fecef1a24531765da1243de773ee7e9bb5b20ff47f1ad3b3736e1f09e9db088e	.rela.text	596	.text	0x14ac	0x14ac	0x150c	R_AARCH64_CALL26	printk	58	1	STT_NOTYPE	SHN_UNDEF	0x0	0x0			init_module	0x11c4	0x2e8	symbol_size	0x14f0		direct_call_BL	0x94000000	outgoing	
.local/legacy-firmware/work/extract/stock-rootfs/lib/modules/5.4.55/npu.ko	fecef1a24531765da1243de773ee7e9bb5b20ff47f1ad3b3736e1f09e9db088e	.rela.text	599	.text	0x14b8	0x14b8	0x1518	R_AARCH64_CALL26	printk	58	1	STT_NOTYPE	SHN_UNDEF	0x0	0x0			init_module	0x11c4	0x2f4	symbol_size	0x14f0		direct_call_BL	0x94000000	outgoing	
.local/legacy-firmware/work/extract/stock-rootfs/lib/modules/5.4.55/npu.ko	fecef1a24531765da1243de773ee7e9bb5b20ff47f1ad3b3736e1f09e9db088e	.rela.text	602	.text	0x14c8	0x14c8	0x1528	R_AARCH64_CALL26	printk	58	1	STT_NOTYPE	SHN_UNDEF	0x0	0x0			init_module	0x11c4	0x304	symbol_size	0x14f0		direct_call_BL	0x94000000	outgoing	
.local/legacy-firmware/work/extract/stock-rootfs/lib/modules/5.4.55/npu.ko	fecef1a24531765da1243de773ee7e9bb5b20ff47f1ad3b3736e1f09e9db088e	.rela.text	605	.text	0x14d8	0x14d8	0x1538	R_AARCH64_CALL26	printk	58	1	STT_NOTYPE	SHN_UNDEF	0x0	0x0			init_module	0x11c4	0x314	symbol_size	0x14f0		direct_call_BL	0x94000000	outgoing	
.local/legacy-firmware/work/extract/stock-rootfs/lib/modules/5.4.55/npu.ko	fecef1a24531765da1243de773ee7e9bb5b20ff47f1ad3b3736e1f09e9db088e	.rela.text	608	.text	0x14e8	0x14e8	0x1548	R_AARCH64_CALL26	printk	58	1	STT_NOTYPE	SHN_UNDEF	0x0	0x0			init_module	0x11c4	0x324	symbol_size	0x14f0		direct_call_BL	0x94000000	outgoing	
.local/legacy-firmware/work/extract/stock-rootfs/lib/modules/5.4.55/npu.ko	fecef1a24531765da1243de773ee7e9bb5b20ff47f1ad3b3736e1f09e9db088e	.rela.text.unlikely	2	.text.unlikely	0x24	0x24	0x15a0	R_AARCH64_CALL26	printk	58	1	STT_NOTYPE	SHN_UNDEF	0x0	0x0			unnamed@.text.unlikely+0x0	0x0	0x24	eh_frame_FDE	0x10c	0x28	direct_call_BL	0x94000000	outgoing	
.local/legacy-firmware/work/extract/stock-rootfs/lib/modules/5.4.55/npu.ko	fecef1a24531765da1243de773ee7e9bb5b20ff47f1ad3b3736e1f09e9db088e	.rela.text.unlikely	3	.text.unlikely	0x28	0x28	0x15a4	R_AARCH64_CALL26	get_ecnt_npu_dev	66	1	STT_NOTYPE	SHN_UNDEF	0x0	0x0			unnamed@.text.unlikely+0x0	0x0	0x28	eh_frame_FDE	0x10c	0x28	direct_call_BL	0x94000000	outgoing	
.local/legacy-firmware/work/extract/stock-rootfs/lib/modules/5.4.55/npu.ko	fecef1a24531765da1243de773ee7e9bb5b20ff47f1ad3b3736e1f09e9db088e	.rela.text.unlikely	6	.text.unlikely	0x3c	0x3c	0x15b8	R_AARCH64_CALL26	printk	58	1	STT_NOTYPE	SHN_UNDEF	0x0	0x0			unnamed@.text.unlikely+0x0	0x0	0x3c	eh_frame_FDE	0x10c	0x28	direct_call_BL	0x94000000	outgoing	
.local/legacy-firmware/work/extract/stock-rootfs/lib/modules/5.4.55/npu.ko	fecef1a24531765da1243de773ee7e9bb5b20ff47f1ad3b3736e1f09e9db088e	.rela.text.unlikely	7	.text.unlikely	0x58	0x58	0x15d4	R_AARCH64_CALL26	dma_alloc_attrs	55	1	STT_NOTYPE	SHN_UNDEF	0x0	0x0			unnamed@.text.unlikely+0x0	0x0	0x58	eh_frame_FDE	0x10c	0x28	direct_call_BL	0x94000000	outgoing	
.local/legacy-firmware/work/extract/stock-rootfs/lib/modules/5.4.55/npu.ko	fecef1a24531765da1243de773ee7e9bb5b20ff47f1ad3b3736e1f09e9db088e	.rela.text.unlikely	8	.text.unlikely	0x74	0x74	0x15f0	R_AARCH64_CALL26	memset	62	1	STT_NOTYPE	SHN_UNDEF	0x0	0x0			unnamed@.text.unlikely+0x0	0x0	0x74	eh_frame_FDE	0x10c	0x28	direct_call_BL	0x94000000	outgoing	
.local/legacy-firmware/work/extract/stock-rootfs/lib/modules/5.4.55/npu.ko	fecef1a24531765da1243de773ee7e9bb5b20ff47f1ad3b3736e1f09e9db088e	.rela.text.unlikely	9	.text.unlikely	0xbc	0xbc	0x1638	R_AARCH64_CALL26	host_notify_npuMbox	49	1	STT_NOTYPE	SHN_UNDEF	0x0	0x0			unnamed@.text.unlikely+0x0	0x0	0xbc	eh_frame_FDE	0x10c	0x28	direct_call_BL	0x94000000	outgoing	
.local/legacy-firmware/work/extract/stock-rootfs/lib/modules/5.4.55/npu.ko	fecef1a24531765da1243de773ee7e9bb5b20ff47f1ad3b3736e1f09e9db088e	.rela.text.unlikely	10	.text.unlikely	0xd8	0xd8	0x1654	R_AARCH64_CALL26	dma_free_attrs	67	1	STT_NOTYPE	SHN_UNDEF	0x0	0x0			unnamed@.text.unlikely+0x0	0x0	0xd8	eh_frame_FDE	0x10c	0x28	direct_call_BL	0x94000000	outgoing	
.local/legacy-firmware/work/extract/stock-rootfs/lib/modules/5.4.55/npu.ko	fecef1a24531765da1243de773ee7e9bb5b20ff47f1ad3b3736e1f09e9db088e	.rela.text.unlikely	15	.text.unlikely	0xf4	0xf4	0x1670	R_AARCH64_CALL26	printk	58	1	STT_NOTYPE	SHN_UNDEF	0x0	0x0			unnamed@.text.unlikely+0x0	0x0	0xf4	eh_frame_FDE	0x10c	0x28	direct_call_BL	0x94000000	outgoing	
.local/legacy-firmware/work/extract/stock-rootfs/lib/modules/5.4.55/speedtest.ko	2654ada906e418dc8320f4885996fda8ba4d4a6e06435220e5596cf7b8c94196	.rela.text	3939	.text	0x107ac	0x107ac	0x1080c	R_AARCH64_CALL26	get_ecnt_npu_dev	443	1	STT_NOTYPE	SHN_UNDEF	0x0	0x0			npu_wifi_offload_get_dbg_counter_address	0x10770	0x3c	symbol_size	0x109d8		direct_call_BL	0x94000000	outgoing	
.local/legacy-firmware/work/extract/stock-rootfs/lib/modules/5.4.55/speedtest.ko	2654ada906e418dc8320f4885996fda8ba4d4a6e06435220e5596cf7b8c94196	.rela.text	3940	.text	0x107d0	0x107d0	0x10830	R_AARCH64_CALL26	dma_alloc_attrs	423	1	STT_NOTYPE	SHN_UNDEF	0x0	0x0			npu_wifi_offload_get_dbg_counter_address	0x10770	0x60	symbol_size	0x109d8		direct_call_BL	0x94000000	outgoing	
.local/legacy-firmware/work/extract/stock-rootfs/lib/modules/5.4.55/speedtest.ko	2654ada906e418dc8320f4885996fda8ba4d4a6e06435220e5596cf7b8c94196	.rela.text	3941	.text	0x107ec	0x107ec	0x1084c	R_AARCH64_CALL26	memset	431	1	STT_NOTYPE	SHN_UNDEF	0x0	0x0			npu_wifi_offload_get_dbg_counter_address	0x10770	0x7c	symbol_size	0x109d8		direct_call_BL	0x94000000	outgoing	
.local/legacy-firmware/work/extract/stock-rootfs/lib/modules/5.4.55/speedtest.ko	2654ada906e418dc8320f4885996fda8ba4d4a6e06435220e5596cf7b8c94196	.rela.text	3942	.text	0x10824	0x10824	0x10884	R_AARCH64_CALL26	host_notify_npuMbox	396	1	STT_NOTYPE	SHN_UNDEF	0x0	0x0			npu_wifi_offload_get_dbg_counter_address	0x10770	0xb4	symbol_size	0x109d8		direct_call_BL	0x94000000	outgoing	
.local/legacy-firmware/work/extract/stock-rootfs/lib/modules/5.4.55/speedtest.ko	2654ada906e418dc8320f4885996fda8ba4d4a6e06435220e5596cf7b8c94196	.rela.text	3943	.text	0x1084c	0x1084c	0x108ac	R_AARCH64_CALL26	dma_free_attrs	445	1	STT_NOTYPE	SHN_UNDEF	0x0	0x0			npu_wifi_offload_get_dbg_counter_address	0x10770	0xdc	symbol_size	0x109d8		direct_call_BL	0x94000000	outgoing	
.local/legacy-firmware/work/extract/stock-rootfs/lib/modules/5.4.55/speedtest.ko	2654ada906e418dc8320f4885996fda8ba4d4a6e06435220e5596cf7b8c94196	.rela.text	3948	.text	0x1088c	0x1088c	0x108ec	R_AARCH64_CALL26	__ioremap	415	1	STT_NOTYPE	SHN_UNDEF	0x0	0x0			npu_wifi_offload_get_dbg_counter_address	0x10770	0x11c	symbol_size	0x109d8		direct_call_BL	0x94000000	outgoing	
.local/legacy-firmware/work/extract/stock-rootfs/lib/modules/5.4.55/speedtest.ko	2654ada906e418dc8320f4885996fda8ba4d4a6e06435220e5596cf7b8c94196	.rela.text	3951	.text	0x108ac	0x108ac	0x1090c	R_AARCH64_CALL26	printk	429	1	STT_NOTYPE	SHN_UNDEF	0x0	0x0			npu_wifi_offload_get_dbg_counter_address	0x10770	0x13c	symbol_size	0x109d8		direct_call_BL	0x94000000	outgoing	
.local/legacy-firmware/work/extract/stock-rootfs/lib/modules/5.4.55/speedtest.ko	2654ada906e418dc8320f4885996fda8ba4d4a6e06435220e5596cf7b8c94196	.rela.text	3958	.text	0x108fc	0x108fc	0x1095c	R_AARCH64_CALL26	__ioremap	415	1	STT_NOTYPE	SHN_UNDEF	0x0	0x0			npu_wifi_offload_get_dbg_counter_address	0x10770	0x18c	symbol_size	0x109d8		direct_call_BL	0x94000000	outgoing	
.local/legacy-firmware/work/extract/stock-rootfs/lib/modules/5.4.55/speedtest.ko	2654ada906e418dc8320f4885996fda8ba4d4a6e06435220e5596cf7b8c94196	.rela.text	3961	.text	0x10920	0x10920	0x10980	R_AARCH64_CALL26	printk	429	1	STT_NOTYPE	SHN_UNDEF	0x0	0x0			npu_wifi_offload_get_dbg_counter_address	0x10770	0x1b0	symbol_size	0x109d8		direct_call_BL	0x94000000	outgoing	
.local/legacy-firmware/work/extract/stock-rootfs/lib/modules/5.4.55/speedtest.ko	2654ada906e418dc8320f4885996fda8ba4d4a6e06435220e5596cf7b8c94196	.rela.text	3968	.text	0x10974	0x10974	0x109d4	R_AARCH64_CALL26	dma_free_attrs	445	1	STT_NOTYPE	SHN_UNDEF	0x0	0x0			npu_wifi_offload_get_dbg_counter_address	0x10770	0x204	symbol_size	0x109d8		direct_call_BL	0x94000000	outgoing	
.local/legacy-firmware/work/extract/stock-rootfs/lib/modules/5.4.55/speedtest.ko	2654ada906e418dc8320f4885996fda8ba4d4a6e06435220e5596cf7b8c94196	.rela.text	3971	.text	0x10980	0x10980	0x109e0	R_AARCH64_CALL26	printk	429	1	STT_NOTYPE	SHN_UNDEF	0x0	0x0			npu_wifi_offload_get_dbg_counter_address	0x10770	0x210	symbol_size	0x109d8		direct_call_BL	0x94000000	outgoing	
.local/legacy-firmware/work/extract/stock-rootfs/lib/modules/5.4.55/speedtest.ko	2654ada906e418dc8320f4885996fda8ba4d4a6e06435220e5596cf7b8c94196	.rela.text	3978	.text	0x109a4	0x109a4	0x10a04	R_AARCH64_CALL26	printk	429	1	STT_NOTYPE	SHN_UNDEF	0x0	0x0			npu_wifi_offload_get_dbg_counter_address	0x10770	0x234	symbol_size	0x109d8		direct_call_BL	0x94000000	outgoing	
.local/legacy-firmware/work/extract/stock-rootfs/lib/modules/5.4.55/speedtest.ko	2654ada906e418dc8320f4885996fda8ba4d4a6e06435220e5596cf7b8c94196	.rela.text	3981	.text	0x109b4	0x109b4	0x10a14	R_AARCH64_CALL26	printk	429	1	STT_NOTYPE	SHN_UNDEF	0x0	0x0			npu_wifi_offload_get_dbg_counter_address	0x10770	0x244	symbol_size	0x109d8		direct_call_BL	0x94000000	outgoing	
.local/legacy-firmware/work/extract/stock-rootfs/lib/modules/5.4.55/speedtest.ko	2654ada906e418dc8320f4885996fda8ba4d4a6e06435220e5596cf7b8c94196	.rela.text	3986	.text	0x109d0	0x109d0	0x10a30	R_AARCH64_CALL26	printk	429	1	STT_NOTYPE	SHN_UNDEF	0x0	0x0			npu_wifi_offload_get_dbg_counter_address	0x10770	0x260	symbol_size	0x109d8		direct_call_BL	0x94000000	outgoing	
.local/legacy-firmware/work/extract/stock-rootfs/lib/modules/5.4.55/speedtest.ko	2654ada906e418dc8320f4885996fda8ba4d4a6e06435220e5596cf7b8c94196	.rela.text.unlikely	189	.text.unlikely	0x8b8	0x8b8	0x13dbc	R_AARCH64_CALL26	npu_wifi_offload_get_dbg_counter_address	367	0	STT_FUNC	.text	0x10770	0x0	npu_wifi_offload_get_dbg_counter_address	0x10770	init_module	0x2b4	0x604	symbol_size	0x8dc		direct_call_BL	0x94000000	incoming	
.local/legacy-firmware/work/extract/stock-rootfs/lib/modules/5.4.55/tccicmd.ko	9a0e081553d6d92ad198e8b346c28f97b63855dde181bde14f57575a2964ed45	.rela.text	94	.text	0xc08	0xc08	0xc68	R_AARCH64_CALL26	__stack_chk_fail	114	1	STT_NOTYPE	SHN_UNDEF	0x0	0x0			unnamed@.text+0xb94	0xb94	0x74	eh_frame_FDE	0xd58	0x2a4	direct_call_BL	0x94000000	outgoing	
.local/legacy-firmware/work/extract/stock-rootfs/lib/modules/5.4.55/tccicmd.ko	9a0e081553d6d92ad198e8b346c28f97b63855dde181bde14f57575a2964ed45	.rela.text	97	.text	0xc28	0xc28	0xc88	R_AARCH64_CALL26	sscanf	123	1	STT_NOTYPE	SHN_UNDEF	0x0	0x0			unnamed@.text+0xb94	0xb94	0x94	eh_frame_FDE	0xd58	0x2a4	direct_call_BL	0x94000000	outgoing	
.local/legacy-firmware/work/extract/stock-rootfs/lib/modules/5.4.55/tccicmd.ko	9a0e081553d6d92ad198e8b346c28f97b63855dde181bde14f57575a2964ed45	.rela.text	100	.text	0xc38	0xc38	0xc98	R_AARCH64_CALL26	printk	124	1	STT_NOTYPE	SHN_UNDEF	0x0	0x0			unnamed@.text+0xb94	0xb94	0xa4	eh_frame_FDE	0xd58	0x2a4	direct_call_BL	0x94000000	outgoing	
.local/legacy-firmware/work/extract/stock-rootfs/lib/modules/5.4.55/tccicmd.ko	9a0e081553d6d92ad198e8b346c28f97b63855dde181bde14f57575a2964ed45	.rela.text	101	.text	0xc44	0xc44	0xca4	R_AARCH64_CALL26	get_ecnt_npu_dev	129	1	STT_NOTYPE	SHN_UNDEF	0x0	0x0			unnamed@.text+0xb94	0xb94	0xb0	eh_frame_FDE	0xd58	0x2a4	direct_call_BL	0x94000000	outgoing	
.local/legacy-firmware/work/extract/stock-rootfs/lib/modules/5.4.55/tccicmd.ko	9a0e081553d6d92ad198e8b346c28f97b63855dde181bde14f57575a2964ed45	.rela.text	104	.text	0xc58	0xc58	0xcb8	R_AARCH64_CALL26	printk	124	1	STT_NOTYPE	SHN_UNDEF	0x0	0x0			unnamed@.text+0xb94	0xb94	0xc4	eh_frame_FDE	0xd58	0x2a4	direct_call_BL	0x94000000	outgoing	
.local/legacy-firmware/work/extract/stock-rootfs/lib/modules/5.4.55/tccicmd.ko	9a0e081553d6d92ad198e8b346c28f97b63855dde181bde14f57575a2964ed45	.rela.text	107	.text	0xc64	0xc64	0xcc4	R_AARCH64_CALL26	printk	124	1	STT_NOTYPE	SHN_UNDEF	0x0	0x0			unnamed@.text+0xb94	0xb94	0xd0	eh_frame_FDE	0xd58	0x2a4	direct_call_BL	0x94000000	outgoing	
.local/legacy-firmware/work/extract/stock-rootfs/lib/modules/5.4.55/tccicmd.ko	9a0e081553d6d92ad198e8b346c28f97b63855dde181bde14f57575a2964ed45	.rela.text	108	.text	0xc80	0xc80	0xce0	R_AARCH64_CALL26	dma_alloc_attrs	119	1	STT_NOTYPE	SHN_UNDEF	0x0	0x0			unnamed@.text+0xb94	0xb94	0xec	eh_frame_FDE	0xd58	0x2a4	direct_call_BL	0x94000000	outgoing	
.local/legacy-firmware/work/extract/stock-rootfs/lib/modules/5.4.55/tccicmd.ko	9a0e081553d6d92ad198e8b346c28f97b63855dde181bde14f57575a2964ed45	.rela.text	109	.text	0xca0	0xca0	0xd00	R_AARCH64_CALL26	memset	126	1	STT_NOTYPE	SHN_UNDEF	0x0	0x0			unnamed@.text+0xb94	0xb94	0x10c	eh_frame_FDE	0xd58	0x2a4	direct_call_BL	0x94000000	outgoing	
.local/legacy-firmware/work/extract/stock-rootfs/lib/modules/5.4.55/tccicmd.ko	9a0e081553d6d92ad198e8b346c28f97b63855dde181bde14f57575a2964ed45	.rela.text	112	.text	0xcc8	0xcc8	0xd28	R_AARCH64_CALL26	printk	124	1	STT_NOTYPE	SHN_UNDEF	0x0	0x0			unnamed@.text+0xb94	0xb94	0x134	eh_frame_FDE	0xd58	0x2a4	direct_call_BL	0x94000000	outgoing	
.local/legacy-firmware/work/extract/stock-rootfs/lib/modules/5.4.55/tccicmd.ko	9a0e081553d6d92ad198e8b346c28f97b63855dde181bde14f57575a2964ed45	.rela.text	115	.text	0xcdc	0xcdc	0xd3c	R_AARCH64_CALL26	printk	124	1	STT_NOTYPE	SHN_UNDEF	0x0	0x0			unnamed@.text+0xb94	0xb94	0x148	eh_frame_FDE	0xd58	0x2a4	direct_call_BL	0x94000000	outgoing	
.local/legacy-firmware/work/extract/stock-rootfs/lib/modules/5.4.55/tccicmd.ko	9a0e081553d6d92ad198e8b346c28f97b63855dde181bde14f57575a2964ed45	.rela.text	116	.text	0xd0c	0xd0c	0xd6c	R_AARCH64_CALL26	host_notify_npuMbox	109	1	STT_NOTYPE	SHN_UNDEF	0x0	0x0			unnamed@.text+0xb94	0xb94	0x178	eh_frame_FDE	0xd58	0x2a4	direct_call_BL	0x94000000	outgoing	
.local/legacy-firmware/work/extract/stock-rootfs/lib/modules/5.4.55/tccicmd.ko	9a0e081553d6d92ad198e8b346c28f97b63855dde181bde14f57575a2964ed45	.rela.text	117	.text	0xd28	0xd28	0xd88	R_AARCH64_CALL26	dma_free_attrs	130	1	STT_NOTYPE	SHN_UNDEF	0x0	0x0			unnamed@.text+0xb94	0xb94	0x194	eh_frame_FDE	0xd58	0x2a4	direct_call_BL	0x94000000	outgoing	
.local/legacy-firmware/work/extract/stock-rootfs/lib/modules/5.4.55/tccicmd.ko	9a0e081553d6d92ad198e8b346c28f97b63855dde181bde14f57575a2964ed45	.rela.text	120	.text	0xd3c	0xd3c	0xd9c	R_AARCH64_CALL26	printk	124	1	STT_NOTYPE	SHN_UNDEF	0x0	0x0			unnamed@.text+0xb94	0xb94	0x1a8	eh_frame_FDE	0xd58	0x2a4	direct_call_BL	0x94000000	outgoing	
