file	sha256	relocation_section	relocation_index	target_section	offset	elf_address	file_offset	type	symbol	symbol_index	symbol_undefined	symbol_type	symbol_section	symbol_value	addend	resolved_target_functions	resolved_target_address	owners	owner_start	owner_offset	owner_extent	owner_end	owner_fde	evidence	instruction_word	selection_relation	containing_object
.local/legacy-firmware/work/extract/stock-rootfs/lib/modules/5.4.55/hw_nat.ko	894b91053435a85fa44abb62bfe218c50ffc316f2a2252a75c0d1847f527f200	.rela.text	9608	.text	0x374a4	0x374a4	0x37504	R_AARCH64_CALL26	get_gdmpSram_dev	1068	1	STT_NOTYPE	SHN_UNDEF	0x0	0x0			unnamed@.text+0x37490	0x37490	0x14	eh_frame_FDE	0x3759c	0x99c8	direct_call_BL	0x94000000	outgoing	
.local/legacy-firmware/work/extract/stock-rootfs/lib/modules/5.4.55/hw_nat.ko	894b91053435a85fa44abb62bfe218c50ffc316f2a2252a75c0d1847f527f200	.rela.text	9609	.text	0x374c4	0x374c4	0x37524	R_AARCH64_CALL26	dma_alloc_attrs	1095	1	STT_NOTYPE	SHN_UNDEF	0x0	0x0			unnamed@.text+0x37490	0x37490	0x34	eh_frame_FDE	0x3759c	0x99c8	direct_call_BL	0x94000000	outgoing	
.local/legacy-firmware/work/extract/stock-rootfs/lib/modules/5.4.55/hw_nat.ko	894b91053435a85fa44abb62bfe218c50ffc316f2a2252a75c0d1847f527f200	.rela.text	9610	.text	0x3750c	0x3750c	0x3756c	R_AARCH64_CALL26	memmove	976	1	STT_NOTYPE	SHN_UNDEF	0x0	0x0			unnamed@.text+0x37490	0x37490	0x7c	eh_frame_FDE	0x3759c	0x99c8	direct_call_BL	0x94000000	outgoing	
.local/legacy-firmware/work/extract/stock-rootfs/lib/modules/5.4.55/hw_nat.ko	894b91053435a85fa44abb62bfe218c50ffc316f2a2252a75c0d1847f527f200	.rela.text	9611	.text	0x37548	0x37548	0x375a8	R_AARCH64_CALL26	host_notify_npuMbox	1004	1	STT_NOTYPE	SHN_UNDEF	0x0	0x0			unnamed@.text+0x37490	0x37490	0xb8	eh_frame_FDE	0x3759c	0x99c8	direct_call_BL	0x94000000	outgoing	
.local/legacy-firmware/work/extract/stock-rootfs/lib/modules/5.4.55/hw_nat.ko	894b91053435a85fa44abb62bfe218c50ffc316f2a2252a75c0d1847f527f200	.rela.text	9612	.text	0x37568	0x37568	0x375c8	R_AARCH64_CALL26	dma_free_attrs	1171	1	STT_NOTYPE	SHN_UNDEF	0x0	0x0			unnamed@.text+0x37490	0x37490	0xd8	eh_frame_FDE	0x3759c	0x99c8	direct_call_BL	0x94000000	outgoing	
.local/legacy-firmware/work/extract/stock-rootfs/lib/modules/5.4.55/hw_nat.ko	894b91053435a85fa44abb62bfe218c50ffc316f2a2252a75c0d1847f527f200	.rela.text	9613	.text	0x3757c	0x3757c	0x375dc	R_AARCH64_ADR_PREL_PG_HI21		4	0	STT_SECTION	.rodata.str1.8	0x0	0x78f8		0x78f8	unnamed@.text+0x37490	0x37490	0xec	eh_frame_FDE	0x3759c	0x99c8	executable_reference	0x90000000	outgoing	
.local/legacy-firmware/work/extract/stock-rootfs/lib/modules/5.4.55/hw_nat.ko	894b91053435a85fa44abb62bfe218c50ffc316f2a2252a75c0d1847f527f200	.rela.text	9614	.text	0x37580	0x37580	0x375e0	R_AARCH64_ADD_ABS_LO12_NC		4	0	STT_SECTION	.rodata.str1.8	0x0	0x78f8		0x78f8	unnamed@.text+0x37490	0x37490	0xf0	eh_frame_FDE	0x3759c	0x99c8	executable_reference	0x91000000	outgoing	
.local/legacy-firmware/work/extract/stock-rootfs/lib/modules/5.4.55/hw_nat.ko	894b91053435a85fa44abb62bfe218c50ffc316f2a2252a75c0d1847f527f200	.rela.text	9615	.text	0x37584	0x37584	0x375e4	R_AARCH64_CALL26	printk	1119	1	STT_NOTYPE	SHN_UNDEF	0x0	0x0			unnamed@.text+0x37490	0x37490	0xf4	eh_frame_FDE	0x3759c	0x99c8	direct_call_BL	0x94000000	outgoing	
.local/legacy-firmware/work/extract/stock-rootfs/lib/modules/5.4.55/hw_nat.ko	894b91053435a85fa44abb62bfe218c50ffc316f2a2252a75c0d1847f527f200	.rela.text	9616	.text	0x3758c	0x3758c	0x375ec	R_AARCH64_ADR_PREL_PG_HI21		4	0	STT_SECTION	.rodata.str1.8	0x0	0x7918		0x7918	unnamed@.text+0x37490	0x37490	0xfc	eh_frame_FDE	0x3759c	0x99c8	executable_reference	0x90000000	outgoing	
.local/legacy-firmware/work/extract/stock-rootfs/lib/modules/5.4.55/hw_nat.ko	894b91053435a85fa44abb62bfe218c50ffc316f2a2252a75c0d1847f527f200	.rela.text	9617	.text	0x37590	0x37590	0x375f0	R_AARCH64_ADD_ABS_LO12_NC		4	0	STT_SECTION	.rodata.str1.8	0x0	0x7918		0x7918	unnamed@.text+0x37490	0x37490	0x100	eh_frame_FDE	0x3759c	0x99c8	executable_reference	0x91000000	outgoing	
.local/legacy-firmware/work/extract/stock-rootfs/lib/modules/5.4.55/hw_nat.ko	894b91053435a85fa44abb62bfe218c50ffc316f2a2252a75c0d1847f527f200	.rela.text	9618	.text	0x37594	0x37594	0x375f4	R_AARCH64_CALL26	printk	1119	1	STT_NOTYPE	SHN_UNDEF	0x0	0x0			unnamed@.text+0x37490	0x37490	0x104	eh_frame_FDE	0x3759c	0x99c8	direct_call_BL	0x94000000	outgoing	
.local/legacy-firmware/work/extract/stock-rootfs/lib/modules/5.4.55/hw_nat.ko	894b91053435a85fa44abb62bfe218c50ffc316f2a2252a75c0d1847f527f200	.rela.text	9631	.text	0x37754	0x37754	0x377b4	R_AARCH64_CALL26	get_gdmpSram_dev	1068	1	STT_NOTYPE	SHN_UNDEF	0x0	0x0			unnamed@.text+0x37740	0x37740	0x14	eh_frame_FDE	0x37844	0x9a60	direct_call_BL	0x94000000	outgoing	
.local/legacy-firmware/work/extract/stock-rootfs/lib/modules/5.4.55/hw_nat.ko	894b91053435a85fa44abb62bfe218c50ffc316f2a2252a75c0d1847f527f200	.rela.text	9632	.text	0x37774	0x37774	0x377d4	R_AARCH64_CALL26	dma_alloc_attrs	1095	1	STT_NOTYPE	SHN_UNDEF	0x0	0x0			unnamed@.text+0x37740	0x37740	0x34	eh_frame_FDE	0x37844	0x9a60	direct_call_BL	0x94000000	outgoing	
.local/legacy-firmware/work/extract/stock-rootfs/lib/modules/5.4.55/hw_nat.ko	894b91053435a85fa44abb62bfe218c50ffc316f2a2252a75c0d1847f527f200	.rela.text	9633	.text	0x377f0	0x377f0	0x37850	R_AARCH64_CALL26	host_notify_npuMbox	1004	1	STT_NOTYPE	SHN_UNDEF	0x0	0x0			unnamed@.text+0x37740	0x37740	0xb0	eh_frame_FDE	0x37844	0x9a60	direct_call_BL	0x94000000	outgoing	
.local/legacy-firmware/work/extract/stock-rootfs/lib/modules/5.4.55/hw_nat.ko	894b91053435a85fa44abb62bfe218c50ffc316f2a2252a75c0d1847f527f200	.rela.text	9634	.text	0x37810	0x37810	0x37870	R_AARCH64_CALL26	dma_free_attrs	1171	1	STT_NOTYPE	SHN_UNDEF	0x0	0x0			unnamed@.text+0x37740	0x37740	0xd0	eh_frame_FDE	0x37844	0x9a60	direct_call_BL	0x94000000	outgoing	
.local/legacy-firmware/work/extract/stock-rootfs/lib/modules/5.4.55/hw_nat.ko	894b91053435a85fa44abb62bfe218c50ffc316f2a2252a75c0d1847f527f200	.rela.text	9635	.text	0x37824	0x37824	0x37884	R_AARCH64_ADR_PREL_PG_HI21		4	0	STT_SECTION	.rodata.str1.8	0x0	0x78f8		0x78f8	unnamed@.text+0x37740	0x37740	0xe4	eh_frame_FDE	0x37844	0x9a60	executable_reference	0x90000000	outgoing	
.local/legacy-firmware/work/extract/stock-rootfs/lib/modules/5.4.55/hw_nat.ko	894b91053435a85fa44abb62bfe218c50ffc316f2a2252a75c0d1847f527f200	.rela.text	9636	.text	0x37828	0x37828	0x37888	R_AARCH64_ADD_ABS_LO12_NC		4	0	STT_SECTION	.rodata.str1.8	0x0	0x78f8		0x78f8	unnamed@.text+0x37740	0x37740	0xe8	eh_frame_FDE	0x37844	0x9a60	executable_reference	0x91000000	outgoing	
.local/legacy-firmware/work/extract/stock-rootfs/lib/modules/5.4.55/hw_nat.ko	894b91053435a85fa44abb62bfe218c50ffc316f2a2252a75c0d1847f527f200	.rela.text	9637	.text	0x3782c	0x3782c	0x3788c	R_AARCH64_CALL26	printk	1119	1	STT_NOTYPE	SHN_UNDEF	0x0	0x0			unnamed@.text+0x37740	0x37740	0xec	eh_frame_FDE	0x37844	0x9a60	direct_call_BL	0x94000000	outgoing	
.local/legacy-firmware/work/extract/stock-rootfs/lib/modules/5.4.55/hw_nat.ko	894b91053435a85fa44abb62bfe218c50ffc316f2a2252a75c0d1847f527f200	.rela.text	9638	.text	0x37834	0x37834	0x37894	R_AARCH64_ADR_PREL_PG_HI21		4	0	STT_SECTION	.rodata.str1.8	0x0	0x7960		0x7960	unnamed@.text+0x37740	0x37740	0xf4	eh_frame_FDE	0x37844	0x9a60	executable_reference	0x90000000	outgoing	
.local/legacy-firmware/work/extract/stock-rootfs/lib/modules/5.4.55/hw_nat.ko	894b91053435a85fa44abb62bfe218c50ffc316f2a2252a75c0d1847f527f200	.rela.text	9639	.text	0x37838	0x37838	0x37898	R_AARCH64_ADD_ABS_LO12_NC		4	0	STT_SECTION	.rodata.str1.8	0x0	0x7960		0x7960	unnamed@.text+0x37740	0x37740	0xf8	eh_frame_FDE	0x37844	0x9a60	executable_reference	0x91000000	outgoing	
.local/legacy-firmware/work/extract/stock-rootfs/lib/modules/5.4.55/hw_nat.ko	894b91053435a85fa44abb62bfe218c50ffc316f2a2252a75c0d1847f527f200	.rela.text	9640	.text	0x3783c	0x3783c	0x3789c	R_AARCH64_CALL26	printk	1119	1	STT_NOTYPE	SHN_UNDEF	0x0	0x0			unnamed@.text+0x37740	0x37740	0xfc	eh_frame_FDE	0x37844	0x9a60	direct_call_BL	0x94000000	outgoing	
.local/legacy-firmware/work/extract/stock-rootfs/lib/modules/5.4.55/hw_nat.ko	894b91053435a85fa44abb62bfe218c50ffc316f2a2252a75c0d1847f527f200	.rela.text	9641	.text	0x37850	0x37850	0x378b0	R_AARCH64_ADR_PREL_PG_HI21		6	0	STT_SECTION	.bss	0x0	0x30bd0		0x30bd0	ecnt_hwnat_npu_check_vxlan_hdr_list	0x37844	0xc	symbol_size	0x37a60		executable_reference	0x90000017	outgoing	
.local/legacy-firmware/work/extract/stock-rootfs/lib/modules/5.4.55/hw_nat.ko	894b91053435a85fa44abb62bfe218c50ffc316f2a2252a75c0d1847f527f200	.rela.text	9642	.text	0x37858	0x37858	0x378b8	R_AARCH64_ADD_ABS_LO12_NC		6	0	STT_SECTION	.bss	0x0	0x30bd0		0x30bd0	ecnt_hwnat_npu_check_vxlan_hdr_list	0x37844	0x14	symbol_size	0x37a60		executable_reference	0x910002f7	outgoing	
.local/legacy-firmware/work/extract/stock-rootfs/lib/modules/5.4.55/hw_nat.ko	894b91053435a85fa44abb62bfe218c50ffc316f2a2252a75c0d1847f527f200	.rela.text	9643	.text	0x378e4	0x378e4	0x37944	R_AARCH64_CALL26	hwnat_check_entry_is_bind	180	0	STT_FUNC	.text	0x18030	0x0	hwnat_check_entry_is_bind	0x18030	ecnt_hwnat_npu_check_vxlan_hdr_list	0x37844	0xa0	symbol_size	0x37a60		direct_call_BL	0x94000000	outgoing	
.local/legacy-firmware/work/extract/stock-rootfs/lib/modules/5.4.55/hw_nat.ko	894b91053435a85fa44abb62bfe218c50ffc316f2a2252a75c0d1847f527f200	.rela.text	9644	.text	0x37904	0x37904	0x37964	R_AARCH64_CALL26	kfree	1001	1	STT_NOTYPE	SHN_UNDEF	0x0	0x0			ecnt_hwnat_npu_check_vxlan_hdr_list	0x37844	0xc0	symbol_size	0x37a60		direct_call_BL	0x94000000	outgoing	
.local/legacy-firmware/work/extract/stock-rootfs/lib/modules/5.4.55/hw_nat.ko	894b91053435a85fa44abb62bfe218c50ffc316f2a2252a75c0d1847f527f200	.rela.text	9645	.text	0x37968	0x37968	0x379c8	R_AARCH64_CALL26	get_gdmpSram_dev	1068	1	STT_NOTYPE	SHN_UNDEF	0x0	0x0			ecnt_hwnat_npu_check_vxlan_hdr_list	0x37844	0x124	symbol_size	0x37a60		direct_call_BL	0x94000000	outgoing	
.local/legacy-firmware/work/extract/stock-rootfs/lib/modules/5.4.55/hw_nat.ko	894b91053435a85fa44abb62bfe218c50ffc316f2a2252a75c0d1847f527f200	.rela.text	9646	.text	0x37988	0x37988	0x379e8	R_AARCH64_CALL26	dma_alloc_attrs	1095	1	STT_NOTYPE	SHN_UNDEF	0x0	0x0			ecnt_hwnat_npu_check_vxlan_hdr_list	0x37844	0x144	symbol_size	0x37a60		direct_call_BL	0x94000000	outgoing	
.local/legacy-firmware/work/extract/stock-rootfs/lib/modules/5.4.55/hw_nat.ko	894b91053435a85fa44abb62bfe218c50ffc316f2a2252a75c0d1847f527f200	.rela.text	9647	.text	0x379f8	0x379f8	0x37a58	R_AARCH64_CALL26	host_notify_npuMbox	1004	1	STT_NOTYPE	SHN_UNDEF	0x0	0x0			ecnt_hwnat_npu_check_vxlan_hdr_list	0x37844	0x1b4	symbol_size	0x37a60		direct_call_BL	0x94000000	outgoing	
.local/legacy-firmware/work/extract/stock-rootfs/lib/modules/5.4.55/hw_nat.ko	894b91053435a85fa44abb62bfe218c50ffc316f2a2252a75c0d1847f527f200	.rela.text	9648	.text	0x37a18	0x37a18	0x37a78	R_AARCH64_CALL26	dma_free_attrs	1171	1	STT_NOTYPE	SHN_UNDEF	0x0	0x0			ecnt_hwnat_npu_check_vxlan_hdr_list	0x37844	0x1d4	symbol_size	0x37a60		direct_call_BL	0x94000000	outgoing	
.local/legacy-firmware/work/extract/stock-rootfs/lib/modules/5.4.55/hw_nat.ko	894b91053435a85fa44abb62bfe218c50ffc316f2a2252a75c0d1847f527f200	.rela.text	9649	.text	0x37a38	0x37a38	0x37a98	R_AARCH64_CALL26	queued_write_lock_slowpath	943	1	STT_NOTYPE	SHN_UNDEF	0x0	0x0			ecnt_hwnat_npu_check_vxlan_hdr_list	0x37844	0x1f4	symbol_size	0x37a60		direct_call_BL	0x94000000	outgoing	
.local/legacy-firmware/work/extract/stock-rootfs/lib/modules/5.4.55/hw_nat.ko	894b91053435a85fa44abb62bfe218c50ffc316f2a2252a75c0d1847f527f200	.rela.text	9650	.text	0x37a40	0x37a40	0x37aa0	R_AARCH64_ADR_PREL_PG_HI21		4	0	STT_SECTION	.rodata.str1.8	0x0	0x78f8		0x78f8	ecnt_hwnat_npu_check_vxlan_hdr_list	0x37844	0x1fc	symbol_size	0x37a60		executable_reference	0x90000000	outgoing	
.local/legacy-firmware/work/extract/stock-rootfs/lib/modules/5.4.55/hw_nat.ko	894b91053435a85fa44abb62bfe218c50ffc316f2a2252a75c0d1847f527f200	.rela.text	9651	.text	0x37a44	0x37a44	0x37aa4	R_AARCH64_ADD_ABS_LO12_NC		4	0	STT_SECTION	.rodata.str1.8	0x0	0x78f8		0x78f8	ecnt_hwnat_npu_check_vxlan_hdr_list	0x37844	0x200	symbol_size	0x37a60		executable_reference	0x91000000	outgoing	
.local/legacy-firmware/work/extract/stock-rootfs/lib/modules/5.4.55/hw_nat.ko	894b91053435a85fa44abb62bfe218c50ffc316f2a2252a75c0d1847f527f200	.rela.text	9652	.text	0x37a48	0x37a48	0x37aa8	R_AARCH64_CALL26	printk	1119	1	STT_NOTYPE	SHN_UNDEF	0x0	0x0			ecnt_hwnat_npu_check_vxlan_hdr_list	0x37844	0x204	symbol_size	0x37a60		direct_call_BL	0x94000000	outgoing	
.local/legacy-firmware/work/extract/stock-rootfs/lib/modules/5.4.55/hw_nat.ko	894b91053435a85fa44abb62bfe218c50ffc316f2a2252a75c0d1847f527f200	.rela.text	9653	.text	0x37a50	0x37a50	0x37ab0	R_AARCH64_ADR_PREL_PG_HI21		4	0	STT_SECTION	.rodata.str1.8	0x0	0x7998		0x7998	ecnt_hwnat_npu_check_vxlan_hdr_list	0x37844	0x20c	symbol_size	0x37a60		executable_reference	0x90000000	outgoing	
.local/legacy-firmware/work/extract/stock-rootfs/lib/modules/5.4.55/hw_nat.ko	894b91053435a85fa44abb62bfe218c50ffc316f2a2252a75c0d1847f527f200	.rela.text	9654	.text	0x37a54	0x37a54	0x37ab4	R_AARCH64_ADD_ABS_LO12_NC		4	0	STT_SECTION	.rodata.str1.8	0x0	0x7998		0x7998	ecnt_hwnat_npu_check_vxlan_hdr_list	0x37844	0x210	symbol_size	0x37a60		executable_reference	0x91000000	outgoing	
.local/legacy-firmware/work/extract/stock-rootfs/lib/modules/5.4.55/hw_nat.ko	894b91053435a85fa44abb62bfe218c50ffc316f2a2252a75c0d1847f527f200	.rela.text	9655	.text	0x37a58	0x37a58	0x37ab8	R_AARCH64_CALL26	printk	1119	1	STT_NOTYPE	SHN_UNDEF	0x0	0x0			ecnt_hwnat_npu_check_vxlan_hdr_list	0x37844	0x214	symbol_size	0x37a60		direct_call_BL	0x94000000	outgoing	
.local/legacy-firmware/work/extract/stock-rootfs/lib/modules/5.4.55/hw_nat.ko	894b91053435a85fa44abb62bfe218c50ffc316f2a2252a75c0d1847f527f200	.rela.text	9669	.text	0x37c64	0x37c64	0x37cc4	R_AARCH64_ADR_PREL_PG_HI21		4	0	STT_SECTION	.rodata.str1.8	0x0	0x79c8		0x79c8	unnamed@.text+0x37c14	0x37c14	0x50	eh_frame_FDE	0x37da8	0x9b0c	executable_reference	0x90000001	outgoing	
.local/legacy-firmware/work/extract/stock-rootfs/lib/modules/5.4.55/hw_nat.ko	894b91053435a85fa44abb62bfe218c50ffc316f2a2252a75c0d1847f527f200	.rela.text	9670	.text	0x37c68	0x37c68	0x37cc8	R_AARCH64_ADD_ABS_LO12_NC		4	0	STT_SECTION	.rodata.str1.8	0x0	0x79c8		0x79c8	unnamed@.text+0x37c14	0x37c14	0x54	eh_frame_FDE	0x37da8	0x9b0c	executable_reference	0x91000021	outgoing	
.local/legacy-firmware/work/extract/stock-rootfs/lib/modules/5.4.55/hw_nat.ko	894b91053435a85fa44abb62bfe218c50ffc316f2a2252a75c0d1847f527f200	.rela.text	9671	.text	0x37c74	0x37c74	0x37cd4	R_AARCH64_CALL26	sscanf	1118	1	STT_NOTYPE	SHN_UNDEF	0x0	0x0			unnamed@.text+0x37c14	0x37c14	0x60	eh_frame_FDE	0x37da8	0x9b0c	direct_call_BL	0x94000000	outgoing	
.local/legacy-firmware/work/extract/stock-rootfs/lib/modules/5.4.55/hw_nat.ko	894b91053435a85fa44abb62bfe218c50ffc316f2a2252a75c0d1847f527f200	.rela.text	9672	.text	0x37c80	0x37c80	0x37ce0	R_AARCH64_CALL26	get_gdmpSram_dev	1068	1	STT_NOTYPE	SHN_UNDEF	0x0	0x0			unnamed@.text+0x37c14	0x37c14	0x6c	eh_frame_FDE	0x37da8	0x9b0c	direct_call_BL	0x94000000	outgoing	
.local/legacy-firmware/work/extract/stock-rootfs/lib/modules/5.4.55/hw_nat.ko	894b91053435a85fa44abb62bfe218c50ffc316f2a2252a75c0d1847f527f200	.rela.text	9673	.text	0x37c9c	0x37c9c	0x37cfc	R_AARCH64_CALL26	dma_alloc_attrs	1095	1	STT_NOTYPE	SHN_UNDEF	0x0	0x0			unnamed@.text+0x37c14	0x37c14	0x88	eh_frame_FDE	0x37da8	0x9b0c	direct_call_BL	0x94000000	outgoing	
.local/legacy-firmware/work/extract/stock-rootfs/lib/modules/5.4.55/hw_nat.ko	894b91053435a85fa44abb62bfe218c50ffc316f2a2252a75c0d1847f527f200	.rela.text	9674	.text	0x37d18	0x37d18	0x37d78	R_AARCH64_CALL26	host_notify_npuMbox	1004	1	STT_NOTYPE	SHN_UNDEF	0x0	0x0			unnamed@.text+0x37c14	0x37c14	0x104	eh_frame_FDE	0x37da8	0x9b0c	direct_call_BL	0x94000000	outgoing	
.local/legacy-firmware/work/extract/stock-rootfs/lib/modules/5.4.55/hw_nat.ko	894b91053435a85fa44abb62bfe218c50ffc316f2a2252a75c0d1847f527f200	.rela.text	9675	.text	0x37d38	0x37d38	0x37d98	R_AARCH64_CALL26	dma_free_attrs	1171	1	STT_NOTYPE	SHN_UNDEF	0x0	0x0			unnamed@.text+0x37c14	0x37c14	0x124	eh_frame_FDE	0x37da8	0x9b0c	direct_call_BL	0x94000000	outgoing	
.local/legacy-firmware/work/extract/stock-rootfs/lib/modules/5.4.55/hw_nat.ko	894b91053435a85fa44abb62bfe218c50ffc316f2a2252a75c0d1847f527f200	.rela.text	9676	.text	0x37d84	0x37d84	0x37de4	R_AARCH64_CALL26	__stack_chk_fail	1047	1	STT_NOTYPE	SHN_UNDEF	0x0	0x0			unnamed@.text+0x37c14	0x37c14	0x170	eh_frame_FDE	0x37da8	0x9b0c	direct_call_BL	0x94000000	outgoing	
.local/legacy-firmware/work/extract/stock-rootfs/lib/modules/5.4.55/hw_nat.ko	894b91053435a85fa44abb62bfe218c50ffc316f2a2252a75c0d1847f527f200	.rela.text	9677	.text	0x37d88	0x37d88	0x37de8	R_AARCH64_ADR_PREL_PG_HI21		4	0	STT_SECTION	.rodata.str1.8	0x0	0x78f8		0x78f8	unnamed@.text+0x37c14	0x37c14	0x174	eh_frame_FDE	0x37da8	0x9b0c	executable_reference	0x90000000	outgoing	
.local/legacy-firmware/work/extract/stock-rootfs/lib/modules/5.4.55/hw_nat.ko	894b91053435a85fa44abb62bfe218c50ffc316f2a2252a75c0d1847f527f200	.rela.text	9678	.text	0x37d8c	0x37d8c	0x37dec	R_AARCH64_ADD_ABS_LO12_NC		4	0	STT_SECTION	.rodata.str1.8	0x0	0x78f8		0x78f8	unnamed@.text+0x37c14	0x37c14	0x178	eh_frame_FDE	0x37da8	0x9b0c	executable_reference	0x91000000	outgoing	
.local/legacy-firmware/work/extract/stock-rootfs/lib/modules/5.4.55/hw_nat.ko	894b91053435a85fa44abb62bfe218c50ffc316f2a2252a75c0d1847f527f200	.rela.text	9679	.text	0x37d90	0x37d90	0x37df0	R_AARCH64_CALL26	printk	1119	1	STT_NOTYPE	SHN_UNDEF	0x0	0x0			unnamed@.text+0x37c14	0x37c14	0x17c	eh_frame_FDE	0x37da8	0x9b0c	direct_call_BL	0x94000000	outgoing	
.local/legacy-firmware/work/extract/stock-rootfs/lib/modules/5.4.55/hw_nat.ko	894b91053435a85fa44abb62bfe218c50ffc316f2a2252a75c0d1847f527f200	.rela.text	9680	.text	0x37d98	0x37d98	0x37df8	R_AARCH64_ADR_PREL_PG_HI21		4	0	STT_SECTION	.rodata.str1.8	0x0	0x79d0		0x79d0	unnamed@.text+0x37c14	0x37c14	0x184	eh_frame_FDE	0x37da8	0x9b0c	executable_reference	0x90000000	outgoing	
.local/legacy-firmware/work/extract/stock-rootfs/lib/modules/5.4.55/hw_nat.ko	894b91053435a85fa44abb62bfe218c50ffc316f2a2252a75c0d1847f527f200	.rela.text	9681	.text	0x37d9c	0x37d9c	0x37dfc	R_AARCH64_ADD_ABS_LO12_NC		4	0	STT_SECTION	.rodata.str1.8	0x0	0x79d0		0x79d0	unnamed@.text+0x37c14	0x37c14	0x188	eh_frame_FDE	0x37da8	0x9b0c	executable_reference	0x91000000	outgoing	
.local/legacy-firmware/work/extract/stock-rootfs/lib/modules/5.4.55/hw_nat.ko	894b91053435a85fa44abb62bfe218c50ffc316f2a2252a75c0d1847f527f200	.rela.text	9682	.text	0x37da0	0x37da0	0x37e00	R_AARCH64_CALL26	printk	1119	1	STT_NOTYPE	SHN_UNDEF	0x0	0x0			unnamed@.text+0x37c14	0x37c14	0x18c	eh_frame_FDE	0x37da8	0x9b0c	direct_call_BL	0x94000000	outgoing	
.local/legacy-firmware/work/extract/stock-rootfs/lib/modules/5.4.55/hw_nat.ko	894b91053435a85fa44abb62bfe218c50ffc316f2a2252a75c0d1847f527f200	.rela.text	9789	.text	0x382d8	0x382d8	0x38338	R_AARCH64_ADR_PREL_PG_HI21		3	0	STT_SECTION	.rodata	0x0	0x7f8		0x7f8	unnamed@.text+0x382d4	0x382d4	0x4	eh_frame_FDE	0x3858c	0x9bac	executable_reference	0x90000000	outgoing	
.local/legacy-firmware/work/extract/stock-rootfs/lib/modules/5.4.55/hw_nat.ko	894b91053435a85fa44abb62bfe218c50ffc316f2a2252a75c0d1847f527f200	.rela.text	9790	.text	0x382dc	0x382dc	0x3833c	R_AARCH64_ADD_ABS_LO12_NC		3	0	STT_SECTION	.rodata	0x0	0x7f8		0x7f8	unnamed@.text+0x382d4	0x382d4	0x8	eh_frame_FDE	0x3858c	0x9bac	executable_reference	0x91000004	outgoing	
.local/legacy-firmware/work/extract/stock-rootfs/lib/modules/5.4.55/hw_nat.ko	894b91053435a85fa44abb62bfe218c50ffc316f2a2252a75c0d1847f527f200	.rela.text	9791	.text	0x3830c	0x3830c	0x3836c	R_AARCH64_LDST32_ABS_LO12_NC		3	0	STT_SECTION	.rodata	0x0	0x7f8		0x7f8	unnamed@.text+0x382d4	0x382d4	0x38	eh_frame_FDE	0x3858c	0x9bac	executable_reference	0xb9400009	outgoing	
.local/legacy-firmware/work/extract/stock-rootfs/lib/modules/5.4.55/hw_nat.ko	894b91053435a85fa44abb62bfe218c50ffc316f2a2252a75c0d1847f527f200	.rela.text	9792	.text	0x38390	0x38390	0x383f0	R_AARCH64_ADR_PREL_PG_HI21		4	0	STT_SECTION	.rodata.str1.8	0x0	0x7a28		0x7a28	unnamed@.text+0x382d4	0x382d4	0xbc	eh_frame_FDE	0x3858c	0x9bac	executable_reference	0x90000001	outgoing	
.local/legacy-firmware/work/extract/stock-rootfs/lib/modules/5.4.55/hw_nat.ko	894b91053435a85fa44abb62bfe218c50ffc316f2a2252a75c0d1847f527f200	.rela.text	9793	.text	0x38394	0x38394	0x383f4	R_AARCH64_ADD_ABS_LO12_NC		4	0	STT_SECTION	.rodata.str1.8	0x0	0x7a28		0x7a28	unnamed@.text+0x382d4	0x382d4	0xc0	eh_frame_FDE	0x3858c	0x9bac	executable_reference	0x91000021	outgoing	
.local/legacy-firmware/work/extract/stock-rootfs/lib/modules/5.4.55/hw_nat.ko	894b91053435a85fa44abb62bfe218c50ffc316f2a2252a75c0d1847f527f200	.rela.text	9794	.text	0x3839c	0x3839c	0x383fc	R_AARCH64_CALL26	sscanf	1118	1	STT_NOTYPE	SHN_UNDEF	0x0	0x0			unnamed@.text+0x382d4	0x382d4	0xc8	eh_frame_FDE	0x3858c	0x9bac	direct_call_BL	0x94000000	outgoing	
.local/legacy-firmware/work/extract/stock-rootfs/lib/modules/5.4.55/hw_nat.ko	894b91053435a85fa44abb62bfe218c50ffc316f2a2252a75c0d1847f527f200	.rela.text	9795	.text	0x383bc	0x383bc	0x3841c	R_AARCH64_ADR_PREL_PG_HI21		4	0	STT_SECTION	.rodata.str1.8	0x0	0x7ec0		0x7ec0	unnamed@.text+0x382d4	0x382d4	0xe8	eh_frame_FDE	0x3858c	0x9bac	executable_reference	0x90000000	outgoing	
.local/legacy-firmware/work/extract/stock-rootfs/lib/modules/5.4.55/hw_nat.ko	894b91053435a85fa44abb62bfe218c50ffc316f2a2252a75c0d1847f527f200	.rela.text	9796	.text	0x383c4	0x383c4	0x38424	R_AARCH64_ADD_ABS_LO12_NC		4	0	STT_SECTION	.rodata.str1.8	0x0	0x7ec0		0x7ec0	unnamed@.text+0x382d4	0x382d4	0xf0	eh_frame_FDE	0x3858c	0x9bac	executable_reference	0x91000000	outgoing	
.local/legacy-firmware/work/extract/stock-rootfs/lib/modules/5.4.55/hw_nat.ko	894b91053435a85fa44abb62bfe218c50ffc316f2a2252a75c0d1847f527f200	.rela.text	9797	.text	0x383c8	0x383c8	0x38428	R_AARCH64_CALL26	printk	1119	1	STT_NOTYPE	SHN_UNDEF	0x0	0x0			unnamed@.text+0x382d4	0x382d4	0xf4	eh_frame_FDE	0x3858c	0x9bac	direct_call_BL	0x94000000	outgoing	
.local/legacy-firmware/work/extract/stock-rootfs/lib/modules/5.4.55/hw_nat.ko	894b91053435a85fa44abb62bfe218c50ffc316f2a2252a75c0d1847f527f200	.rela.text	9798	.text	0x3842c	0x3842c	0x3848c	R_AARCH64_CALL26	GetMacAddr	1221	1	STT_NOTYPE	SHN_UNDEF	0x0	0x0			unnamed@.text+0x382d4	0x382d4	0x158	eh_frame_FDE	0x3858c	0x9bac	direct_call_BL	0x94000000	outgoing	
.local/legacy-firmware/work/extract/stock-rootfs/lib/modules/5.4.55/hw_nat.ko	894b91053435a85fa44abb62bfe218c50ffc316f2a2252a75c0d1847f527f200	.rela.text	9799	.text	0x3847c	0x3847c	0x384dc	R_AARCH64_CALL26	get_gdmpSram_dev	1068	1	STT_NOTYPE	SHN_UNDEF	0x0	0x0			unnamed@.text+0x382d4	0x382d4	0x1a8	eh_frame_FDE	0x3858c	0x9bac	direct_call_BL	0x94000000	outgoing	
.local/legacy-firmware/work/extract/stock-rootfs/lib/modules/5.4.55/hw_nat.ko	894b91053435a85fa44abb62bfe218c50ffc316f2a2252a75c0d1847f527f200	.rela.text	9800	.text	0x38498	0x38498	0x384f8	R_AARCH64_CALL26	dma_alloc_attrs	1095	1	STT_NOTYPE	SHN_UNDEF	0x0	0x0			unnamed@.text+0x382d4	0x382d4	0x1c4	eh_frame_FDE	0x3858c	0x9bac	direct_call_BL	0x94000000	outgoing	
.local/legacy-firmware/work/extract/stock-rootfs/lib/modules/5.4.55/hw_nat.ko	894b91053435a85fa44abb62bfe218c50ffc316f2a2252a75c0d1847f527f200	.rela.text	9801	.text	0x384e0	0x384e0	0x38540	R_AARCH64_CALL26	memmove	976	1	STT_NOTYPE	SHN_UNDEF	0x0	0x0			unnamed@.text+0x382d4	0x382d4	0x20c	eh_frame_FDE	0x3858c	0x9bac	direct_call_BL	0x94000000	outgoing	
.local/legacy-firmware/work/extract/stock-rootfs/lib/modules/5.4.55/hw_nat.ko	894b91053435a85fa44abb62bfe218c50ffc316f2a2252a75c0d1847f527f200	.rela.text	9802	.text	0x38518	0x38518	0x38578	R_AARCH64_CALL26	host_notify_npuMbox	1004	1	STT_NOTYPE	SHN_UNDEF	0x0	0x0			unnamed@.text+0x382d4	0x382d4	0x244	eh_frame_FDE	0x3858c	0x9bac	direct_call_BL	0x94000000	outgoing	
.local/legacy-firmware/work/extract/stock-rootfs/lib/modules/5.4.55/hw_nat.ko	894b91053435a85fa44abb62bfe218c50ffc316f2a2252a75c0d1847f527f200	.rela.text	9803	.text	0x38538	0x38538	0x38598	R_AARCH64_CALL26	dma_free_attrs	1171	1	STT_NOTYPE	SHN_UNDEF	0x0	0x0			unnamed@.text+0x382d4	0x382d4	0x264	eh_frame_FDE	0x3858c	0x9bac	direct_call_BL	0x94000000	outgoing	
.local/legacy-firmware/work/extract/stock-rootfs/lib/modules/5.4.55/hw_nat.ko	894b91053435a85fa44abb62bfe218c50ffc316f2a2252a75c0d1847f527f200	.rela.text	9804	.text	0x38568	0x38568	0x385c8	R_AARCH64_CALL26	__stack_chk_fail	1047	1	STT_NOTYPE	SHN_UNDEF	0x0	0x0			unnamed@.text+0x382d4	0x382d4	0x294	eh_frame_FDE	0x3858c	0x9bac	direct_call_BL	0x94000000	outgoing	
.local/legacy-firmware/work/extract/stock-rootfs/lib/modules/5.4.55/hw_nat.ko	894b91053435a85fa44abb62bfe218c50ffc316f2a2252a75c0d1847f527f200	.rela.text	9805	.text	0x3856c	0x3856c	0x385cc	R_AARCH64_ADR_PREL_PG_HI21		4	0	STT_SECTION	.rodata.str1.8	0x0	0x78f8		0x78f8	unnamed@.text+0x382d4	0x382d4	0x298	eh_frame_FDE	0x3858c	0x9bac	executable_reference	0x90000000	outgoing	
.local/legacy-firmware/work/extract/stock-rootfs/lib/modules/5.4.55/hw_nat.ko	894b91053435a85fa44abb62bfe218c50ffc316f2a2252a75c0d1847f527f200	.rela.text	9806	.text	0x38570	0x38570	0x385d0	R_AARCH64_ADD_ABS_LO12_NC		4	0	STT_SECTION	.rodata.str1.8	0x0	0x78f8		0x78f8	unnamed@.text+0x382d4	0x382d4	0x29c	eh_frame_FDE	0x3858c	0x9bac	executable_reference	0x91000000	outgoing	
.local/legacy-firmware/work/extract/stock-rootfs/lib/modules/5.4.55/hw_nat.ko	894b91053435a85fa44abb62bfe218c50ffc316f2a2252a75c0d1847f527f200	.rela.text	9807	.text	0x38574	0x38574	0x385d4	R_AARCH64_CALL26	printk	1119	1	STT_NOTYPE	SHN_UNDEF	0x0	0x0			unnamed@.text+0x382d4	0x382d4	0x2a0	eh_frame_FDE	0x3858c	0x9bac	direct_call_BL	0x94000000	outgoing	
.local/legacy-firmware/work/extract/stock-rootfs/lib/modules/5.4.55/hw_nat.ko	894b91053435a85fa44abb62bfe218c50ffc316f2a2252a75c0d1847f527f200	.rela.text	9808	.text	0x3857c	0x3857c	0x385dc	R_AARCH64_ADR_PREL_PG_HI21		4	0	STT_SECTION	.rodata.str1.8	0x0	0x7918		0x7918	unnamed@.text+0x382d4	0x382d4	0x2a8	eh_frame_FDE	0x3858c	0x9bac	executable_reference	0x90000000	outgoing	
.local/legacy-firmware/work/extract/stock-rootfs/lib/modules/5.4.55/hw_nat.ko	894b91053435a85fa44abb62bfe218c50ffc316f2a2252a75c0d1847f527f200	.rela.text	9809	.text	0x38580	0x38580	0x385e0	R_AARCH64_ADD_ABS_LO12_NC		4	0	STT_SECTION	.rodata.str1.8	0x0	0x7918		0x7918	unnamed@.text+0x382d4	0x382d4	0x2ac	eh_frame_FDE	0x3858c	0x9bac	executable_reference	0x91000000	outgoing	
.local/legacy-firmware/work/extract/stock-rootfs/lib/modules/5.4.55/hw_nat.ko	894b91053435a85fa44abb62bfe218c50ffc316f2a2252a75c0d1847f527f200	.rela.text	9810	.text	0x38584	0x38584	0x385e4	R_AARCH64_CALL26	printk	1119	1	STT_NOTYPE	SHN_UNDEF	0x0	0x0			unnamed@.text+0x382d4	0x382d4	0x2b0	eh_frame_FDE	0x3858c	0x9bac	direct_call_BL	0x94000000	outgoing	
.local/legacy-firmware/work/extract/stock-rootfs/lib/modules/5.4.55/hw_nat.ko	894b91053435a85fa44abb62bfe218c50ffc316f2a2252a75c0d1847f527f200	.rela.text	9820	.text	0x387a0	0x387a0	0x38800	R_AARCH64_CALL26	__stack_chk_fail	1047	1	STT_NOTYPE	SHN_UNDEF	0x0	0x0			unnamed@.text+0x386f0	0x386f0	0xb0	eh_frame_FDE	0x38c64	0x9c50	direct_call_BL	0x94000000	outgoing	
.local/legacy-firmware/work/extract/stock-rootfs/lib/modules/5.4.55/hw_nat.ko	894b91053435a85fa44abb62bfe218c50ffc316f2a2252a75c0d1847f527f200	.rela.text	9821	.text	0x387b8	0x387b8	0x38818	R_AARCH64_ADR_PREL_PG_HI21		4	0	STT_SECTION	.rodata.str1.8	0x0	0x7f38		0x7f38	unnamed@.text+0x386f0	0x386f0	0xc8	eh_frame_FDE	0x38c64	0x9c50	executable_reference	0x90000001	outgoing	
.local/legacy-firmware/work/extract/stock-rootfs/lib/modules/5.4.55/hw_nat.ko	894b91053435a85fa44abb62bfe218c50ffc316f2a2252a75c0d1847f527f200	.rela.text	9822	.text	0x387bc	0x387bc	0x3881c	R_AARCH64_ADD_ABS_LO12_NC		4	0	STT_SECTION	.rodata.str1.8	0x0	0x7f38		0x7f38	unnamed@.text+0x386f0	0x386f0	0xcc	eh_frame_FDE	0x38c64	0x9c50	executable_reference	0x91000021	outgoing	
.local/legacy-firmware/work/extract/stock-rootfs/lib/modules/5.4.55/hw_nat.ko	894b91053435a85fa44abb62bfe218c50ffc316f2a2252a75c0d1847f527f200	.rela.text	9823	.text	0x387c0	0x387c0	0x38820	R_AARCH64_CALL26	sscanf	1118	1	STT_NOTYPE	SHN_UNDEF	0x0	0x0			unnamed@.text+0x386f0	0x386f0	0xd0	eh_frame_FDE	0x38c64	0x9c50	direct_call_BL	0x94000000	outgoing	
.local/legacy-firmware/work/extract/stock-rootfs/lib/modules/5.4.55/hw_nat.ko	894b91053435a85fa44abb62bfe218c50ffc316f2a2252a75c0d1847f527f200	.rela.text	9824	.text	0x387c4	0x387c4	0x38824	R_AARCH64_ADR_PREL_PG_HI21		4	0	STT_SECTION	.rodata.str1.8	0x0	0x7f48		0x7f48	unnamed@.text+0x386f0	0x386f0	0xd4	eh_frame_FDE	0x38c64	0x9c50	executable_reference	0x90000001	outgoing	
.local/legacy-firmware/work/extract/stock-rootfs/lib/modules/5.4.55/hw_nat.ko	894b91053435a85fa44abb62bfe218c50ffc316f2a2252a75c0d1847f527f200	.rela.text	9825	.text	0x387cc	0x387cc	0x3882c	R_AARCH64_ADD_ABS_LO12_NC		4	0	STT_SECTION	.rodata.str1.8	0x0	0x7f48		0x7f48	unnamed@.text+0x386f0	0x386f0	0xdc	eh_frame_FDE	0x38c64	0x9c50	executable_reference	0x91000021	outgoing	
.local/legacy-firmware/work/extract/stock-rootfs/lib/modules/5.4.55/hw_nat.ko	894b91053435a85fa44abb62bfe218c50ffc316f2a2252a75c0d1847f527f200	.rela.text	9826	.text	0x387d0	0x387d0	0x38830	R_AARCH64_CALL26	strcmp	1151	1	STT_NOTYPE	SHN_UNDEF	0x0	0x0			unnamed@.text+0x386f0	0x386f0	0xe0	eh_frame_FDE	0x38c64	0x9c50	direct_call_BL	0x94000000	outgoing	
.local/legacy-firmware/work/extract/stock-rootfs/lib/modules/5.4.55/hw_nat.ko	894b91053435a85fa44abb62bfe218c50ffc316f2a2252a75c0d1847f527f200	.rela.text	9827	.text	0x387dc	0x387dc	0x3883c	R_AARCH64_ADR_PREL_PG_HI21		4	0	STT_SECTION	.rodata.str1.8	0x0	0x7f50		0x7f50	unnamed@.text+0x386f0	0x386f0	0xec	eh_frame_FDE	0x38c64	0x9c50	executable_reference	0x90000000	outgoing	
.local/legacy-firmware/work/extract/stock-rootfs/lib/modules/5.4.55/hw_nat.ko	894b91053435a85fa44abb62bfe218c50ffc316f2a2252a75c0d1847f527f200	.rela.text	9828	.text	0x387e0	0x387e0	0x38840	R_AARCH64_ADD_ABS_LO12_NC		4	0	STT_SECTION	.rodata.str1.8	0x0	0x7f50		0x7f50	unnamed@.text+0x386f0	0x386f0	0xf0	eh_frame_FDE	0x38c64	0x9c50	executable_reference	0x91000000	outgoing	
.local/legacy-firmware/work/extract/stock-rootfs/lib/modules/5.4.55/hw_nat.ko	894b91053435a85fa44abb62bfe218c50ffc316f2a2252a75c0d1847f527f200	.rela.text	9829	.text	0x387e4	0x387e4	0x38844	R_AARCH64_CALL26	printk	1119	1	STT_NOTYPE	SHN_UNDEF	0x0	0x0			unnamed@.text+0x386f0	0x386f0	0xf4	eh_frame_FDE	0x38c64	0x9c50	direct_call_BL	0x94000000	outgoing	
.local/legacy-firmware/work/extract/stock-rootfs/lib/modules/5.4.55/hw_nat.ko	894b91053435a85fa44abb62bfe218c50ffc316f2a2252a75c0d1847f527f200	.rela.text	9830	.text	0x387f0	0x387f0	0x38850	R_AARCH64_CALL26	ecnt_hwnat_npu_srv6_hdr_structure	857	0	STT_FUNC	.text	0x38590	0x0	ecnt_hwnat_npu_srv6_hdr_structure	0x38590	unnamed@.text+0x386f0	0x386f0	0x100	eh_frame_FDE	0x38c64	0x9c50	direct_call_BL	0x94000000	outgoing	
.local/legacy-firmware/work/extract/stock-rootfs/lib/modules/5.4.55/hw_nat.ko	894b91053435a85fa44abb62bfe218c50ffc316f2a2252a75c0d1847f527f200	.rela.text	9831	.text	0x38808	0x38808	0x38868	R_AARCH64_CALL26	get_gdmpSram_dev	1068	1	STT_NOTYPE	SHN_UNDEF	0x0	0x0			unnamed@.text+0x386f0	0x386f0	0x118	eh_frame_FDE	0x38c64	0x9c50	direct_call_BL	0x94000000	outgoing	
.local/legacy-firmware/work/extract/stock-rootfs/lib/modules/5.4.55/hw_nat.ko	894b91053435a85fa44abb62bfe218c50ffc316f2a2252a75c0d1847f527f200	.rela.text	9832	.text	0x38818	0x38818	0x38878	R_AARCH64_ADR_PREL_PG_HI21		4	0	STT_SECTION	.rodata.str1.8	0x0	0x78f8		0x78f8	unnamed@.text+0x386f0	0x386f0	0x128	eh_frame_FDE	0x38c64	0x9c50	executable_reference	0x90000000	outgoing	
.local/legacy-firmware/work/extract/stock-rootfs/lib/modules/5.4.55/hw_nat.ko	894b91053435a85fa44abb62bfe218c50ffc316f2a2252a75c0d1847f527f200	.rela.text	9833	.text	0x3881c	0x3881c	0x3887c	R_AARCH64_ADD_ABS_LO12_NC		4	0	STT_SECTION	.rodata.str1.8	0x0	0x78f8		0x78f8	unnamed@.text+0x386f0	0x386f0	0x12c	eh_frame_FDE	0x38c64	0x9c50	executable_reference	0x91000000	outgoing	
.local/legacy-firmware/work/extract/stock-rootfs/lib/modules/5.4.55/hw_nat.ko	894b91053435a85fa44abb62bfe218c50ffc316f2a2252a75c0d1847f527f200	.rela.text	9834	.text	0x38820	0x38820	0x38880	R_AARCH64_CALL26	printk	1119	1	STT_NOTYPE	SHN_UNDEF	0x0	0x0			unnamed@.text+0x386f0	0x386f0	0x130	eh_frame_FDE	0x38c64	0x9c50	direct_call_BL	0x94000000	outgoing	
.local/legacy-firmware/work/extract/stock-rootfs/lib/modules/5.4.55/hw_nat.ko	894b91053435a85fa44abb62bfe218c50ffc316f2a2252a75c0d1847f527f200	.rela.text	9835	.text	0x38834	0x38834	0x38894	R_AARCH64_ADR_PREL_PG_HI21		4	0	STT_SECTION	.rodata.str1.8	0x0	0x7f98		0x7f98	unnamed@.text+0x386f0	0x386f0	0x144	eh_frame_FDE	0x38c64	0x9c50	executable_reference	0x90000001	outgoing	
.local/legacy-firmware/work/extract/stock-rootfs/lib/modules/5.4.55/hw_nat.ko	894b91053435a85fa44abb62bfe218c50ffc316f2a2252a75c0d1847f527f200	.rela.text	9836	.text	0x3883c	0x3883c	0x3889c	R_AARCH64_ADD_ABS_LO12_NC		4	0	STT_SECTION	.rodata.str1.8	0x0	0x7f98		0x7f98	unnamed@.text+0x386f0	0x386f0	0x14c	eh_frame_FDE	0x38c64	0x9c50	executable_reference	0x91000021	outgoing	
.local/legacy-firmware/work/extract/stock-rootfs/lib/modules/5.4.55/hw_nat.ko	894b91053435a85fa44abb62bfe218c50ffc316f2a2252a75c0d1847f527f200	.rela.text	9837	.text	0x38840	0x38840	0x388a0	R_AARCH64_CALL26	strcmp	1151	1	STT_NOTYPE	SHN_UNDEF	0x0	0x0			unnamed@.text+0x386f0	0x386f0	0x150	eh_frame_FDE	0x38c64	0x9c50	direct_call_BL	0x94000000	outgoing	
.local/legacy-firmware/work/extract/stock-rootfs/lib/modules/5.4.55/hw_nat.ko	894b91053435a85fa44abb62bfe218c50ffc316f2a2252a75c0d1847f527f200	.rela.text	9838	.text	0x38870	0x38870	0x388d0	R_AARCH64_ADR_PREL_PG_HI21		4	0	STT_SECTION	.rodata.str1.8	0x0	0x7fa0		0x7fa0	unnamed@.text+0x386f0	0x386f0	0x180	eh_frame_FDE	0x38c64	0x9c50	executable_reference	0x90000001	outgoing	
.local/legacy-firmware/work/extract/stock-rootfs/lib/modules/5.4.55/hw_nat.ko	894b91053435a85fa44abb62bfe218c50ffc316f2a2252a75c0d1847f527f200	.rela.text	9839	.text	0x38878	0x38878	0x388d8	R_AARCH64_ADD_ABS_LO12_NC		4	0	STT_SECTION	.rodata.str1.8	0x0	0x7fa0		0x7fa0	unnamed@.text+0x386f0	0x386f0	0x188	eh_frame_FDE	0x38c64	0x9c50	executable_reference	0x91000021	outgoing	
.local/legacy-firmware/work/extract/stock-rootfs/lib/modules/5.4.55/hw_nat.ko	894b91053435a85fa44abb62bfe218c50ffc316f2a2252a75c0d1847f527f200	.rela.text	9840	.text	0x38880	0x38880	0x388e0	R_AARCH64_ADR_PREL_PG_HI21		5	0	STT_SECTION	.data	0x0	0x688		0x688	unnamed@.text+0x386f0	0x386f0	0x190	eh_frame_FDE	0x38c64	0x9c50	executable_reference	0x90000017	outgoing	
.local/legacy-firmware/work/extract/stock-rootfs/lib/modules/5.4.55/hw_nat.ko	894b91053435a85fa44abb62bfe218c50ffc316f2a2252a75c0d1847f527f200	.rela.text	9841	.text	0x38884	0x38884	0x388e4	R_AARCH64_ADD_ABS_LO12_NC		5	0	STT_SECTION	.data	0x0	0x688		0x688	unnamed@.text+0x386f0	0x386f0	0x194	eh_frame_FDE	0x38c64	0x9c50	executable_reference	0x910002f6	outgoing	
.local/legacy-firmware/work/extract/stock-rootfs/lib/modules/5.4.55/hw_nat.ko	894b91053435a85fa44abb62bfe218c50ffc316f2a2252a75c0d1847f527f200	.rela.text	9842	.text	0x3888c	0x3888c	0x388ec	R_AARCH64_CALL26	sscanf	1118	1	STT_NOTYPE	SHN_UNDEF	0x0	0x0			unnamed@.text+0x386f0	0x386f0	0x19c	eh_frame_FDE	0x38c64	0x9c50	direct_call_BL	0x94000000	outgoing	
.local/legacy-firmware/work/extract/stock-rootfs/lib/modules/5.4.55/hw_nat.ko	894b91053435a85fa44abb62bfe218c50ffc316f2a2252a75c0d1847f527f200	.rela.text	9843	.text	0x38898	0x38898	0x388f8	R_AARCH64_CALL26		2	0	STT_SECTION	.text.unlikely	0x0	0x4140	unnamed@.text.unlikely+0x4140	0x4140	unnamed@.text+0x386f0	0x386f0	0x1a8	eh_frame_FDE	0x38c64	0x9c50	direct_call_BL	0x94000000	outgoing	
.local/legacy-firmware/work/extract/stock-rootfs/lib/modules/5.4.55/hw_nat.ko	894b91053435a85fa44abb62bfe218c50ffc316f2a2252a75c0d1847f527f200	.rela.text	9844	.text	0x388a0	0x388a0	0x38900	R_AARCH64_ADR_PREL_PG_HI21		4	0	STT_SECTION	.rodata.str1.8	0x0	0x7fc0		0x7fc0	unnamed@.text+0x386f0	0x386f0	0x1b0	eh_frame_FDE	0x38c64	0x9c50	executable_reference	0x90000000	outgoing	
.local/legacy-firmware/work/extract/stock-rootfs/lib/modules/5.4.55/hw_nat.ko	894b91053435a85fa44abb62bfe218c50ffc316f2a2252a75c0d1847f527f200	.rela.text	9845	.text	0x388a8	0x388a8	0x38908	R_AARCH64_ADD_ABS_LO12_NC		4	0	STT_SECTION	.rodata.str1.8	0x0	0x7fc0		0x7fc0	unnamed@.text+0x386f0	0x386f0	0x1b8	eh_frame_FDE	0x38c64	0x9c50	executable_reference	0x91000000	outgoing	
.local/legacy-firmware/work/extract/stock-rootfs/lib/modules/5.4.55/hw_nat.ko	894b91053435a85fa44abb62bfe218c50ffc316f2a2252a75c0d1847f527f200	.rela.text	9846	.text	0x388f4	0x388f4	0x38954	R_AARCH64_LDST8_ABS_LO12_NC		5	0	STT_SECTION	.data	0x0	0x688		0x688	unnamed@.text+0x386f0	0x386f0	0x204	eh_frame_FDE	0x38c64	0x9c50	executable_reference	0x394002e1	outgoing	
.local/legacy-firmware/work/extract/stock-rootfs/lib/modules/5.4.55/hw_nat.ko	894b91053435a85fa44abb62bfe218c50ffc316f2a2252a75c0d1847f527f200	.rela.text	9847	.text	0x38908	0x38908	0x38968	R_AARCH64_CALL26	printk	1119	1	STT_NOTYPE	SHN_UNDEF	0x0	0x0			unnamed@.text+0x386f0	0x386f0	0x218	eh_frame_FDE	0x38c64	0x9c50	direct_call_BL	0x94000000	outgoing	
.local/legacy-firmware/work/extract/stock-rootfs/lib/modules/5.4.55/hw_nat.ko	894b91053435a85fa44abb62bfe218c50ffc316f2a2252a75c0d1847f527f200	.rela.text	9848	.text	0x3890c	0x3890c	0x3896c	R_AARCH64_CALL26	get_gdmpSram_dev	1068	1	STT_NOTYPE	SHN_UNDEF	0x0	0x0			unnamed@.text+0x386f0	0x386f0	0x21c	eh_frame_FDE	0x38c64	0x9c50	direct_call_BL	0x94000000	outgoing	
.local/legacy-firmware/work/extract/stock-rootfs/lib/modules/5.4.55/hw_nat.ko	894b91053435a85fa44abb62bfe218c50ffc316f2a2252a75c0d1847f527f200	.rela.text	9849	.text	0x38928	0x38928	0x38988	R_AARCH64_CALL26	dma_alloc_attrs	1095	1	STT_NOTYPE	SHN_UNDEF	0x0	0x0			unnamed@.text+0x386f0	0x386f0	0x238	eh_frame_FDE	0x38c64	0x9c50	direct_call_BL	0x94000000	outgoing	
.local/legacy-firmware/work/extract/stock-rootfs/lib/modules/5.4.55/hw_nat.ko	894b91053435a85fa44abb62bfe218c50ffc316f2a2252a75c0d1847f527f200	.rela.text	9850	.text	0x38938	0x38938	0x38998	R_AARCH64_CALL26	memset	1134	1	STT_NOTYPE	SHN_UNDEF	0x0	0x0			unnamed@.text+0x386f0	0x386f0	0x248	eh_frame_FDE	0x38c64	0x9c50	direct_call_BL	0x94000000	outgoing	
.local/legacy-firmware/work/extract/stock-rootfs/lib/modules/5.4.55/hw_nat.ko	894b91053435a85fa44abb62bfe218c50ffc316f2a2252a75c0d1847f527f200	.rela.text	9851	.text	0x38990	0x38990	0x389f0	R_AARCH64_CALL26	host_notify_npuMbox	1004	1	STT_NOTYPE	SHN_UNDEF	0x0	0x0			unnamed@.text+0x386f0	0x386f0	0x2a0	eh_frame_FDE	0x38c64	0x9c50	direct_call_BL	0x94000000	outgoing	
.local/legacy-firmware/work/extract/stock-rootfs/lib/modules/5.4.55/hw_nat.ko	894b91053435a85fa44abb62bfe218c50ffc316f2a2252a75c0d1847f527f200	.rela.text	9852	.text	0x3899c	0x3899c	0x389fc	R_AARCH64_ADR_PREL_PG_HI21		4	0	STT_SECTION	.rodata.str1.8	0x0	0x8010		0x8010	unnamed@.text+0x386f0	0x386f0	0x2ac	eh_frame_FDE	0x38c64	0x9c50	executable_reference	0x90000000	outgoing	
.local/legacy-firmware/work/extract/stock-rootfs/lib/modules/5.4.55/hw_nat.ko	894b91053435a85fa44abb62bfe218c50ffc316f2a2252a75c0d1847f527f200	.rela.text	9853	.text	0x389a0	0x389a0	0x38a00	R_AARCH64_ADD_ABS_LO12_NC		4	0	STT_SECTION	.rodata.str1.8	0x0	0x8010		0x8010	unnamed@.text+0x386f0	0x386f0	0x2b0	eh_frame_FDE	0x38c64	0x9c50	executable_reference	0x91000000	outgoing	
.local/legacy-firmware/work/extract/stock-rootfs/lib/modules/5.4.55/hw_nat.ko	894b91053435a85fa44abb62bfe218c50ffc316f2a2252a75c0d1847f527f200	.rela.text	9854	.text	0x389a4	0x389a4	0x38a04	R_AARCH64_CALL26	printk	1119	1	STT_NOTYPE	SHN_UNDEF	0x0	0x0			unnamed@.text+0x386f0	0x386f0	0x2b4	eh_frame_FDE	0x38c64	0x9c50	direct_call_BL	0x94000000	outgoing	
.local/legacy-firmware/work/extract/stock-rootfs/lib/modules/5.4.55/hw_nat.ko	894b91053435a85fa44abb62bfe218c50ffc316f2a2252a75c0d1847f527f200	.rela.text	9855	.text	0x389bc	0x389bc	0x38a1c	R_AARCH64_CALL26	dma_free_attrs	1171	1	STT_NOTYPE	SHN_UNDEF	0x0	0x0			unnamed@.text+0x386f0	0x386f0	0x2cc	eh_frame_FDE	0x38c64	0x9c50	direct_call_BL	0x94000000	outgoing	
.local/legacy-firmware/work/extract/stock-rootfs/lib/modules/5.4.55/hw_nat.ko	894b91053435a85fa44abb62bfe218c50ffc316f2a2252a75c0d1847f527f200	.rela.text	9856	.text	0x389c8	0x389c8	0x38a28	R_AARCH64_ADR_PREL_PG_HI21		4	0	STT_SECTION	.rodata.str1.8	0x0	0x8040		0x8040	unnamed@.text+0x386f0	0x386f0	0x2d8	eh_frame_FDE	0x38c64	0x9c50	executable_reference	0x90000001	outgoing	
.local/legacy-firmware/work/extract/stock-rootfs/lib/modules/5.4.55/hw_nat.ko	894b91053435a85fa44abb62bfe218c50ffc316f2a2252a75c0d1847f527f200	.rela.text	9857	.text	0x389d0	0x389d0	0x38a30	R_AARCH64_ADD_ABS_LO12_NC		4	0	STT_SECTION	.rodata.str1.8	0x0	0x8040		0x8040	unnamed@.text+0x386f0	0x386f0	0x2e0	eh_frame_FDE	0x38c64	0x9c50	executable_reference	0x91000021	outgoing	
.local/legacy-firmware/work/extract/stock-rootfs/lib/modules/5.4.55/hw_nat.ko	894b91053435a85fa44abb62bfe218c50ffc316f2a2252a75c0d1847f527f200	.rela.text	9858	.text	0x389d4	0x389d4	0x38a34	R_AARCH64_CALL26	strcmp	1151	1	STT_NOTYPE	SHN_UNDEF	0x0	0x0			unnamed@.text+0x386f0	0x386f0	0x2e4	eh_frame_FDE	0x38c64	0x9c50	direct_call_BL	0x94000000	outgoing	
.local/legacy-firmware/work/extract/stock-rootfs/lib/modules/5.4.55/hw_nat.ko	894b91053435a85fa44abb62bfe218c50ffc316f2a2252a75c0d1847f527f200	.rela.text	9859	.text	0x38a04	0x38a04	0x38a64	R_AARCH64_ADR_PREL_PG_HI21		4	0	STT_SECTION	.rodata.str1.8	0x0	0x7fa0		0x7fa0	unnamed@.text+0x386f0	0x386f0	0x314	eh_frame_FDE	0x38c64	0x9c50	executable_reference	0x90000001	outgoing	
.local/legacy-firmware/work/extract/stock-rootfs/lib/modules/5.4.55/hw_nat.ko	894b91053435a85fa44abb62bfe218c50ffc316f2a2252a75c0d1847f527f200	.rela.text	9860	.text	0x38a10	0x38a10	0x38a70	R_AARCH64_ADR_PREL_PG_HI21		5	0	STT_SECTION	.data	0x0	0x688		0x688	unnamed@.text+0x386f0	0x386f0	0x320	eh_frame_FDE	0x38c64	0x9c50	executable_reference	0x90000015	outgoing	
.local/legacy-firmware/work/extract/stock-rootfs/lib/modules/5.4.55/hw_nat.ko	894b91053435a85fa44abb62bfe218c50ffc316f2a2252a75c0d1847f527f200	.rela.text	9861	.text	0x38a14	0x38a14	0x38a74	R_AARCH64_ADD_ABS_LO12_NC		5	0	STT_SECTION	.data	0x0	0x688		0x688	unnamed@.text+0x386f0	0x386f0	0x324	eh_frame_FDE	0x38c64	0x9c50	executable_reference	0x910002b5	outgoing	
.local/legacy-firmware/work/extract/stock-rootfs/lib/modules/5.4.55/hw_nat.ko	894b91053435a85fa44abb62bfe218c50ffc316f2a2252a75c0d1847f527f200	.rela.text	9862	.text	0x38a18	0x38a18	0x38a78	R_AARCH64_ADD_ABS_LO12_NC		4	0	STT_SECTION	.rodata.str1.8	0x0	0x7fa0		0x7fa0	unnamed@.text+0x386f0	0x386f0	0x328	eh_frame_FDE	0x38c64	0x9c50	executable_reference	0x91000021	outgoing	
.local/legacy-firmware/work/extract/stock-rootfs/lib/modules/5.4.55/hw_nat.ko	894b91053435a85fa44abb62bfe218c50ffc316f2a2252a75c0d1847f527f200	.rela.text	9863	.text	0x38a1c	0x38a1c	0x38a7c	R_AARCH64_CALL26	sscanf	1118	1	STT_NOTYPE	SHN_UNDEF	0x0	0x0			unnamed@.text+0x386f0	0x386f0	0x32c	eh_frame_FDE	0x38c64	0x9c50	direct_call_BL	0x94000000	outgoing	
.local/legacy-firmware/work/extract/stock-rootfs/lib/modules/5.4.55/hw_nat.ko	894b91053435a85fa44abb62bfe218c50ffc316f2a2252a75c0d1847f527f200	.rela.text	9864	.text	0x38a28	0x38a28	0x38a88	R_AARCH64_CALL26		2	0	STT_SECTION	.text.unlikely	0x0	0x4140	unnamed@.text.unlikely+0x4140	0x4140	unnamed@.text+0x386f0	0x386f0	0x338	eh_frame_FDE	0x38c64	0x9c50	direct_call_BL	0x94000000	outgoing	
.local/legacy-firmware/work/extract/stock-rootfs/lib/modules/5.4.55/hw_nat.ko	894b91053435a85fa44abb62bfe218c50ffc316f2a2252a75c0d1847f527f200	.rela.text	9865	.text	0x38a30	0x38a30	0x38a90	R_AARCH64_ADR_PREL_PG_HI21		4	0	STT_SECTION	.rodata.str1.8	0x0	0x8048		0x8048	unnamed@.text+0x386f0	0x386f0	0x340	eh_frame_FDE	0x38c64	0x9c50	executable_reference	0x90000000	outgoing	
.local/legacy-firmware/work/extract/stock-rootfs/lib/modules/5.4.55/hw_nat.ko	894b91053435a85fa44abb62bfe218c50ffc316f2a2252a75c0d1847f527f200	.rela.text	9866	.text	0x38a38	0x38a38	0x38a98	R_AARCH64_ADD_ABS_LO12_NC		4	0	STT_SECTION	.rodata.str1.8	0x0	0x8048		0x8048	unnamed@.text+0x386f0	0x386f0	0x348	eh_frame_FDE	0x38c64	0x9c50	executable_reference	0x91000000	outgoing	
.local/legacy-firmware/work/extract/stock-rootfs/lib/modules/5.4.55/hw_nat.ko	894b91053435a85fa44abb62bfe218c50ffc316f2a2252a75c0d1847f527f200	.rela.text	9867	.text	0x38a98	0x38a98	0x38af8	R_AARCH64_CALL26	printk	1119	1	STT_NOTYPE	SHN_UNDEF	0x0	0x0			unnamed@.text+0x386f0	0x386f0	0x3a8	eh_frame_FDE	0x38c64	0x9c50	direct_call_BL	0x94000000	outgoing	
.local/legacy-firmware/work/extract/stock-rootfs/lib/modules/5.4.55/hw_nat.ko	894b91053435a85fa44abb62bfe218c50ffc316f2a2252a75c0d1847f527f200	.rela.text	9868	.text	0x38aa0	0x38aa0	0x38b00	R_AARCH64_ADR_PREL_PG_HI21		4	0	STT_SECTION	.rodata.str1.8	0x0	0x8098		0x8098	unnamed@.text+0x386f0	0x386f0	0x3b0	eh_frame_FDE	0x38c64	0x9c50	executable_reference	0x90000001	outgoing	
.local/legacy-firmware/work/extract/stock-rootfs/lib/modules/5.4.55/hw_nat.ko	894b91053435a85fa44abb62bfe218c50ffc316f2a2252a75c0d1847f527f200	.rela.text	9869	.text	0x38aa8	0x38aa8	0x38b08	R_AARCH64_ADD_ABS_LO12_NC		4	0	STT_SECTION	.rodata.str1.8	0x0	0x8098		0x8098	unnamed@.text+0x386f0	0x386f0	0x3b8	eh_frame_FDE	0x38c64	0x9c50	executable_reference	0x91000021	outgoing	
.local/legacy-firmware/work/extract/stock-rootfs/lib/modules/5.4.55/hw_nat.ko	894b91053435a85fa44abb62bfe218c50ffc316f2a2252a75c0d1847f527f200	.rela.text	9870	.text	0x38aac	0x38aac	0x38b0c	R_AARCH64_CALL26	strcmp	1151	1	STT_NOTYPE	SHN_UNDEF	0x0	0x0			unnamed@.text+0x386f0	0x386f0	0x3bc	eh_frame_FDE	0x38c64	0x9c50	direct_call_BL	0x94000000	outgoing	
.local/legacy-firmware/work/extract/stock-rootfs/lib/modules/5.4.55/hw_nat.ko	894b91053435a85fa44abb62bfe218c50ffc316f2a2252a75c0d1847f527f200	.rela.text	9871	.text	0x38ae8	0x38ae8	0x38b48	R_AARCH64_ADR_PREL_PG_HI21		4	0	STT_SECTION	.rodata.str1.8	0x0	0x80a0		0x80a0	unnamed@.text+0x386f0	0x386f0	0x3f8	eh_frame_FDE	0x38c64	0x9c50	executable_reference	0x90000001	outgoing	
.local/legacy-firmware/work/extract/stock-rootfs/lib/modules/5.4.55/hw_nat.ko	894b91053435a85fa44abb62bfe218c50ffc316f2a2252a75c0d1847f527f200	.rela.text	9872	.text	0x38aec	0x38aec	0x38b4c	R_AARCH64_ADD_ABS_LO12_NC		4	0	STT_SECTION	.rodata.str1.8	0x0	0x80a0		0x80a0	unnamed@.text+0x386f0	0x386f0	0x3fc	eh_frame_FDE	0x38c64	0x9c50	executable_reference	0x91000021	outgoing	
.local/legacy-firmware/work/extract/stock-rootfs/lib/modules/5.4.55/hw_nat.ko	894b91053435a85fa44abb62bfe218c50ffc316f2a2252a75c0d1847f527f200	.rela.text	9873	.text	0x38af0	0x38af0	0x38b50	R_AARCH64_CALL26	sscanf	1118	1	STT_NOTYPE	SHN_UNDEF	0x0	0x0			unnamed@.text+0x386f0	0x386f0	0x400	eh_frame_FDE	0x38c64	0x9c50	direct_call_BL	0x94000000	outgoing	
.local/legacy-firmware/work/extract/stock-rootfs/lib/modules/5.4.55/hw_nat.ko	894b91053435a85fa44abb62bfe218c50ffc316f2a2252a75c0d1847f527f200	.rela.text	9874	.text	0x38b00	0x38b00	0x38b60	R_AARCH64_ADR_PREL_PG_HI21		4	0	STT_SECTION	.rodata.str1.8	0x0	0x8118		0x8118	unnamed@.text+0x386f0	0x386f0	0x410	eh_frame_FDE	0x38c64	0x9c50	executable_reference	0x90000000	outgoing	
.local/legacy-firmware/work/extract/stock-rootfs/lib/modules/5.4.55/hw_nat.ko	894b91053435a85fa44abb62bfe218c50ffc316f2a2252a75c0d1847f527f200	.rela.text	9875	.text	0x38b04	0x38b04	0x38b64	R_AARCH64_ADD_ABS_LO12_NC		4	0	STT_SECTION	.rodata.str1.8	0x0	0x8118		0x8118	unnamed@.text+0x386f0	0x386f0	0x414	eh_frame_FDE	0x38c64	0x9c50	executable_reference	0x91000000	outgoing	
.local/legacy-firmware/work/extract/stock-rootfs/lib/modules/5.4.55/hw_nat.ko	894b91053435a85fa44abb62bfe218c50ffc316f2a2252a75c0d1847f527f200	.rela.text	9876	.text	0x38b08	0x38b08	0x38b68	R_AARCH64_CALL26	printk	1119	1	STT_NOTYPE	SHN_UNDEF	0x0	0x0			unnamed@.text+0x386f0	0x386f0	0x418	eh_frame_FDE	0x38c64	0x9c50	direct_call_BL	0x94000000	outgoing	
.local/legacy-firmware/work/extract/stock-rootfs/lib/modules/5.4.55/hw_nat.ko	894b91053435a85fa44abb62bfe218c50ffc316f2a2252a75c0d1847f527f200	.rela.text	9877	.text	0x38b0c	0x38b0c	0x38b6c	R_AARCH64_ADR_PREL_PG_HI21		4	0	STT_SECTION	.rodata.str1.8	0x0	0x8168		0x8168	unnamed@.text+0x386f0	0x386f0	0x41c	eh_frame_FDE	0x38c64	0x9c50	executable_reference	0x90000000	outgoing	
.local/legacy-firmware/work/extract/stock-rootfs/lib/modules/5.4.55/hw_nat.ko	894b91053435a85fa44abb62bfe218c50ffc316f2a2252a75c0d1847f527f200	.rela.text	9878	.text	0x38b10	0x38b10	0x38b70	R_AARCH64_ADD_ABS_LO12_NC		4	0	STT_SECTION	.rodata.str1.8	0x0	0x8168		0x8168	unnamed@.text+0x386f0	0x386f0	0x420	eh_frame_FDE	0x38c64	0x9c50	executable_reference	0x91000000	outgoing	
.local/legacy-firmware/work/extract/stock-rootfs/lib/modules/5.4.55/hw_nat.ko	894b91053435a85fa44abb62bfe218c50ffc316f2a2252a75c0d1847f527f200	.rela.text	9879	.text	0x38b14	0x38b14	0x38b74	R_AARCH64_CALL26	printk	1119	1	STT_NOTYPE	SHN_UNDEF	0x0	0x0			unnamed@.text+0x386f0	0x386f0	0x424	eh_frame_FDE	0x38c64	0x9c50	direct_call_BL	0x94000000	outgoing	
.local/legacy-firmware/work/extract/stock-rootfs/lib/modules/5.4.55/hw_nat.ko	894b91053435a85fa44abb62bfe218c50ffc316f2a2252a75c0d1847f527f200	.rela.text	9880	.text	0x38b18	0x38b18	0x38b78	R_AARCH64_ADR_PREL_PG_HI21		4	0	STT_SECTION	.rodata.str1.8	0x0	0x81c8		0x81c8	unnamed@.text+0x386f0	0x386f0	0x428	eh_frame_FDE	0x38c64	0x9c50	executable_reference	0x90000000	outgoing	
.local/legacy-firmware/work/extract/stock-rootfs/lib/modules/5.4.55/hw_nat.ko	894b91053435a85fa44abb62bfe218c50ffc316f2a2252a75c0d1847f527f200	.rela.text	9881	.text	0x38b1c	0x38b1c	0x38b7c	R_AARCH64_ADD_ABS_LO12_NC		4	0	STT_SECTION	.rodata.str1.8	0x0	0x81c8		0x81c8	unnamed@.text+0x386f0	0x386f0	0x42c	eh_frame_FDE	0x38c64	0x9c50	executable_reference	0x91000000	outgoing	
.local/legacy-firmware/work/extract/stock-rootfs/lib/modules/5.4.55/hw_nat.ko	894b91053435a85fa44abb62bfe218c50ffc316f2a2252a75c0d1847f527f200	.rela.text	9882	.text	0x38b20	0x38b20	0x38b80	R_AARCH64_CALL26	printk	1119	1	STT_NOTYPE	SHN_UNDEF	0x0	0x0			unnamed@.text+0x386f0	0x386f0	0x430	eh_frame_FDE	0x38c64	0x9c50	direct_call_BL	0x94000000	outgoing	
.local/legacy-firmware/work/extract/stock-rootfs/lib/modules/5.4.55/hw_nat.ko	894b91053435a85fa44abb62bfe218c50ffc316f2a2252a75c0d1847f527f200	.rela.text	9883	.text	0x38b38	0x38b38	0x38b98	R_AARCH64_CALL26	dma_alloc_attrs	1095	1	STT_NOTYPE	SHN_UNDEF	0x0	0x0			unnamed@.text+0x386f0	0x386f0	0x448	eh_frame_FDE	0x38c64	0x9c50	direct_call_BL	0x94000000	outgoing	
.local/legacy-firmware/work/extract/stock-rootfs/lib/modules/5.4.55/hw_nat.ko	894b91053435a85fa44abb62bfe218c50ffc316f2a2252a75c0d1847f527f200	.rela.text	9884	.text	0x38b48	0x38b48	0x38ba8	R_AARCH64_CALL26	memset	1134	1	STT_NOTYPE	SHN_UNDEF	0x0	0x0			unnamed@.text+0x386f0	0x386f0	0x458	eh_frame_FDE	0x38c64	0x9c50	direct_call_BL	0x94000000	outgoing	
.local/legacy-firmware/work/extract/stock-rootfs/lib/modules/5.4.55/hw_nat.ko	894b91053435a85fa44abb62bfe218c50ffc316f2a2252a75c0d1847f527f200	.rela.text	9885	.text	0x38b70	0x38b70	0x38bd0	R_AARCH64_CALL26	memmove	976	1	STT_NOTYPE	SHN_UNDEF	0x0	0x0			unnamed@.text+0x386f0	0x386f0	0x480	eh_frame_FDE	0x38c64	0x9c50	direct_call_BL	0x94000000	outgoing	
.local/legacy-firmware/work/extract/stock-rootfs/lib/modules/5.4.55/hw_nat.ko	894b91053435a85fa44abb62bfe218c50ffc316f2a2252a75c0d1847f527f200	.rela.text	9886	.text	0x38bac	0x38bac	0x38c0c	R_AARCH64_CALL26	host_notify_npuMbox	1004	1	STT_NOTYPE	SHN_UNDEF	0x0	0x0			unnamed@.text+0x386f0	0x386f0	0x4bc	eh_frame_FDE	0x38c64	0x9c50	direct_call_BL	0x94000000	outgoing	
.local/legacy-firmware/work/extract/stock-rootfs/lib/modules/5.4.55/hw_nat.ko	894b91053435a85fa44abb62bfe218c50ffc316f2a2252a75c0d1847f527f200	.rela.text	9887	.text	0x38bb8	0x38bb8	0x38c18	R_AARCH64_ADR_PREL_PG_HI21		4	0	STT_SECTION	.rodata.str1.8	0x0	0x7f68		0x7f68	unnamed@.text+0x386f0	0x386f0	0x4c8	eh_frame_FDE	0x38c64	0x9c50	executable_reference	0x90000000	outgoing	
.local/legacy-firmware/work/extract/stock-rootfs/lib/modules/5.4.55/hw_nat.ko	894b91053435a85fa44abb62bfe218c50ffc316f2a2252a75c0d1847f527f200	.rela.text	9888	.text	0x38bbc	0x38bbc	0x38c1c	R_AARCH64_ADD_ABS_LO12_NC		4	0	STT_SECTION	.rodata.str1.8	0x0	0x7f68		0x7f68	unnamed@.text+0x386f0	0x386f0	0x4cc	eh_frame_FDE	0x38c64	0x9c50	executable_reference	0x91000000	outgoing	
.local/legacy-firmware/work/extract/stock-rootfs/lib/modules/5.4.55/hw_nat.ko	894b91053435a85fa44abb62bfe218c50ffc316f2a2252a75c0d1847f527f200	.rela.text	9889	.text	0x38bc0	0x38bc0	0x38c20	R_AARCH64_CALL26	printk	1119	1	STT_NOTYPE	SHN_UNDEF	0x0	0x0			unnamed@.text+0x386f0	0x386f0	0x4d0	eh_frame_FDE	0x38c64	0x9c50	direct_call_BL	0x94000000	outgoing	
.local/legacy-firmware/work/extract/stock-rootfs/lib/modules/5.4.55/hw_nat.ko	894b91053435a85fa44abb62bfe218c50ffc316f2a2252a75c0d1847f527f200	.rela.text	9890	.text	0x38bc8	0x38bc8	0x38c28	R_AARCH64_ADR_PREL_PG_HI21		5	0	STT_SECTION	.data	0x0	0x688		0x688	unnamed@.text+0x386f0	0x386f0	0x4d8	eh_frame_FDE	0x38c64	0x9c50	executable_reference	0x90000015	outgoing	
.local/legacy-firmware/work/extract/stock-rootfs/lib/modules/5.4.55/hw_nat.ko	894b91053435a85fa44abb62bfe218c50ffc316f2a2252a75c0d1847f527f200	.rela.text	9891	.text	0x38bcc	0x38bcc	0x38c2c	R_AARCH64_ADD_ABS_LO12_NC		5	0	STT_SECTION	.data	0x0	0x688		0x688	unnamed@.text+0x386f0	0x386f0	0x4dc	eh_frame_FDE	0x38c64	0x9c50	executable_reference	0x910002b5	outgoing	
.local/legacy-firmware/work/extract/stock-rootfs/lib/modules/5.4.55/hw_nat.ko	894b91053435a85fa44abb62bfe218c50ffc316f2a2252a75c0d1847f527f200	.rela.text	9892	.text	0x38bdc	0x38bdc	0x38c3c	R_AARCH64_CALL26		2	0	STT_SECTION	.text.unlikely	0x0	0x4140	unnamed@.text.unlikely+0x4140	0x4140	unnamed@.text+0x386f0	0x386f0	0x4ec	eh_frame_FDE	0x38c64	0x9c50	direct_call_BL	0x94000000	outgoing	
.local/legacy-firmware/work/extract/stock-rootfs/lib/modules/5.4.55/hw_nat.ko	894b91053435a85fa44abb62bfe218c50ffc316f2a2252a75c0d1847f527f200	.rela.text	9893	.text	0x38be4	0x38be4	0x38c44	R_AARCH64_ADR_PREL_PG_HI21		4	0	STT_SECTION	.rodata.str1.8	0x0	0x80c0		0x80c0	unnamed@.text+0x386f0	0x386f0	0x4f4	eh_frame_FDE	0x38c64	0x9c50	executable_reference	0x90000000	outgoing	
.local/legacy-firmware/work/extract/stock-rootfs/lib/modules/5.4.55/hw_nat.ko	894b91053435a85fa44abb62bfe218c50ffc316f2a2252a75c0d1847f527f200	.rela.text	9894	.text	0x38be8	0x38be8	0x38c48	R_AARCH64_ADD_ABS_LO12_NC		4	0	STT_SECTION	.rodata.str1.8	0x0	0x80c0		0x80c0	unnamed@.text+0x386f0	0x386f0	0x4f8	eh_frame_FDE	0x38c64	0x9c50	executable_reference	0x91000000	outgoing	
.local/legacy-firmware/work/extract/stock-rootfs/lib/modules/5.4.55/hw_nat.ko	894b91053435a85fa44abb62bfe218c50ffc316f2a2252a75c0d1847f527f200	.rela.text	9895	.text	0x38c5c	0x38c5c	0x38cbc	R_AARCH64_CALL26	printk	1119	1	STT_NOTYPE	SHN_UNDEF	0x0	0x0			unnamed@.text+0x386f0	0x386f0	0x56c	eh_frame_FDE	0x38c64	0x9c50	direct_call_BL	0x94000000	outgoing	
.local/legacy-firmware/work/extract/stock-rootfs/lib/modules/5.4.55/hw_nat.ko	894b91053435a85fa44abb62bfe218c50ffc316f2a2252a75c0d1847f527f200	.rela.text	9927	.text	0x38e80	0x38e80	0x38ee0	R_AARCH64_ADR_PREL_PG_HI21		1	0	STT_SECTION	.text	0x0	0x386f0	unnamed@.text+0x386f0	0x386f0	ecnt_hwnat_npu_init	0x38e00	0x80	symbol_size	0x38f78		executable_reference	0x90000001	incoming	
.local/legacy-firmware/work/extract/stock-rootfs/lib/modules/5.4.55/hw_nat.ko	894b91053435a85fa44abb62bfe218c50ffc316f2a2252a75c0d1847f527f200	.rela.text	9928	.text	0x38e84	0x38e84	0x38ee4	R_AARCH64_ADD_ABS_LO12_NC		1	0	STT_SECTION	.text	0x0	0x386f0	unnamed@.text+0x386f0	0x386f0	ecnt_hwnat_npu_init	0x38e00	0x84	symbol_size	0x38f78		executable_reference	0x91000021	incoming	
.local/legacy-firmware/work/extract/stock-rootfs/lib/modules/5.4.55/hw_nat.ko	894b91053435a85fa44abb62bfe218c50ffc316f2a2252a75c0d1847f527f200	.rela.text	9932	.text	0x38ea0	0x38ea0	0x38f00	R_AARCH64_ADR_PREL_PG_HI21		1	0	STT_SECTION	.text	0x0	0x382d4	unnamed@.text+0x382d4	0x382d4	ecnt_hwnat_npu_init	0x38e00	0xa0	symbol_size	0x38f78		executable_reference	0x90000001	incoming	
.local/legacy-firmware/work/extract/stock-rootfs/lib/modules/5.4.55/hw_nat.ko	894b91053435a85fa44abb62bfe218c50ffc316f2a2252a75c0d1847f527f200	.rela.text	9933	.text	0x38ea4	0x38ea4	0x38f04	R_AARCH64_ADD_ABS_LO12_NC		1	0	STT_SECTION	.text	0x0	0x382d4	unnamed@.text+0x382d4	0x382d4	ecnt_hwnat_npu_init	0x38e00	0xa4	symbol_size	0x38f78		executable_reference	0x91000021	incoming	
.local/legacy-firmware/work/extract/stock-rootfs/lib/modules/5.4.55/hw_nat.ko	894b91053435a85fa44abb62bfe218c50ffc316f2a2252a75c0d1847f527f200	.rela.text	9937	.text	0x38ec0	0x38ec0	0x38f20	R_AARCH64_ADR_PREL_PG_HI21		1	0	STT_SECTION	.text	0x0	0x37c14	unnamed@.text+0x37c14	0x37c14	ecnt_hwnat_npu_init	0x38e00	0xc0	symbol_size	0x38f78		executable_reference	0x90000001	incoming	
.local/legacy-firmware/work/extract/stock-rootfs/lib/modules/5.4.55/hw_nat.ko	894b91053435a85fa44abb62bfe218c50ffc316f2a2252a75c0d1847f527f200	.rela.text	9938	.text	0x38ec4	0x38ec4	0x38f24	R_AARCH64_ADD_ABS_LO12_NC		1	0	STT_SECTION	.text	0x0	0x37c14	unnamed@.text+0x37c14	0x37c14	ecnt_hwnat_npu_init	0x38e00	0xc4	symbol_size	0x38f78		executable_reference	0x91000021	incoming	
.local/legacy-firmware/work/extract/stock-rootfs/lib/modules/5.4.55/hw_nat.ko	894b91053435a85fa44abb62bfe218c50ffc316f2a2252a75c0d1847f527f200	.rela.text	9960	.text	0x38f5c	0x38f5c	0x38fbc	R_AARCH64_ADR_PREL_PG_HI21	ecnt_hwnat_npu_check_vxlan_hdr_list	676	0	STT_FUNC	.text	0x37844	0x0	ecnt_hwnat_npu_check_vxlan_hdr_list	0x37844	ecnt_hwnat_npu_init	0x38e00	0x15c	symbol_size	0x38f78		executable_reference	0x90000000	incoming	
.local/legacy-firmware/work/extract/stock-rootfs/lib/modules/5.4.55/hw_nat.ko	894b91053435a85fa44abb62bfe218c50ffc316f2a2252a75c0d1847f527f200	.rela.text	9962	.text	0x38f64	0x38f64	0x38fc4	R_AARCH64_ADD_ABS_LO12_NC	ecnt_hwnat_npu_check_vxlan_hdr_list	676	0	STT_FUNC	.text	0x37844	0x0	ecnt_hwnat_npu_check_vxlan_hdr_list	0x37844	ecnt_hwnat_npu_init	0x38e00	0x164	symbol_size	0x38f78		executable_reference	0x91000000	incoming	
.local/legacy-firmware/work/extract/stock-rootfs/lib/modules/5.4.55/hw_nat.ko	894b91053435a85fa44abb62bfe218c50ffc316f2a2252a75c0d1847f527f200	.rela.text.unlikely	78	.text.unlikely	0x990	0x990	0x46d84	R_AARCH64_ADR_PREL_PG_HI21	npu_stat	1115	1	STT_NOTYPE	SHN_UNDEF	0x0	0x0			unnamed@.text.unlikely+0x98c	0x98c	0x4	eh_frame_FDE	0xab0	0xc4	executable_reference	0x90000001	outgoing	
.local/legacy-firmware/work/extract/stock-rootfs/lib/modules/5.4.55/hw_nat.ko	894b91053435a85fa44abb62bfe218c50ffc316f2a2252a75c0d1847f527f200	.rela.text.unlikely	79	.text.unlikely	0x99c	0x99c	0x46d90	R_AARCH64_LDST8_ABS_LO12_NC	npu_stat	1115	1	STT_NOTYPE	SHN_UNDEF	0x0	0x0			unnamed@.text.unlikely+0x98c	0x98c	0x10	eh_frame_FDE	0xab0	0xc4	executable_reference	0x39400037	outgoing	
.local/legacy-firmware/work/extract/stock-rootfs/lib/modules/5.4.55/hw_nat.ko	894b91053435a85fa44abb62bfe218c50ffc316f2a2252a75c0d1847f527f200	.rela.text.unlikely	80	.text.unlikely	0x9b8	0x9b8	0x46dac	R_AARCH64_ADR_PREL_PG_HI21		4	0	STT_SECTION	.rodata.str1.8	0x0	0x40		0x40	unnamed@.text.unlikely+0x98c	0x98c	0x2c	eh_frame_FDE	0xab0	0xc4	executable_reference	0x90000000	outgoing	
.local/legacy-firmware/work/extract/stock-rootfs/lib/modules/5.4.55/hw_nat.ko	894b91053435a85fa44abb62bfe218c50ffc316f2a2252a75c0d1847f527f200	.rela.text.unlikely	81	.text.unlikely	0x9bc	0x9bc	0x46db0	R_AARCH64_ADD_ABS_LO12_NC		4	0	STT_SECTION	.rodata.str1.8	0x0	0x40		0x40	unnamed@.text.unlikely+0x98c	0x98c	0x30	eh_frame_FDE	0xab0	0xc4	executable_reference	0x91000000	outgoing	
.local/legacy-firmware/work/extract/stock-rootfs/lib/modules/5.4.55/hw_nat.ko	894b91053435a85fa44abb62bfe218c50ffc316f2a2252a75c0d1847f527f200	.rela.text.unlikely	82	.text.unlikely	0x9c4	0x9c4	0x46db8	R_AARCH64_CALL26	printk	1119	1	STT_NOTYPE	SHN_UNDEF	0x0	0x0			unnamed@.text.unlikely+0x98c	0x98c	0x38	eh_frame_FDE	0xab0	0xc4	direct_call_BL	0x94000000	outgoing	
.local/legacy-firmware/work/extract/stock-rootfs/lib/modules/5.4.55/hw_nat.ko	894b91053435a85fa44abb62bfe218c50ffc316f2a2252a75c0d1847f527f200	.rela.text.unlikely	83	.text.unlikely	0x9c8	0x9c8	0x46dbc	R_AARCH64_CALL26	get_ecnt_npu_dev	1164	1	STT_NOTYPE	SHN_UNDEF	0x0	0x0			unnamed@.text.unlikely+0x98c	0x98c	0x3c	eh_frame_FDE	0xab0	0xc4	direct_call_BL	0x94000000	outgoing	
.local/legacy-firmware/work/extract/stock-rootfs/lib/modules/5.4.55/hw_nat.ko	894b91053435a85fa44abb62bfe218c50ffc316f2a2252a75c0d1847f527f200	.rela.text.unlikely	84	.text.unlikely	0x9d4	0x9d4	0x46dc8	R_AARCH64_ADR_PREL_PG_HI21		4	0	STT_SECTION	.rodata.str1.8	0x0	0x58		0x58	unnamed@.text.unlikely+0x98c	0x98c	0x48	eh_frame_FDE	0xab0	0xc4	executable_reference	0x90000000	outgoing	
.local/legacy-firmware/work/extract/stock-rootfs/lib/modules/5.4.55/hw_nat.ko	894b91053435a85fa44abb62bfe218c50ffc316f2a2252a75c0d1847f527f200	.rela.text.unlikely	85	.text.unlikely	0x9d8	0x9d8	0x46dcc	R_AARCH64_ADD_ABS_LO12_NC		4	0	STT_SECTION	.rodata.str1.8	0x0	0x58		0x58	unnamed@.text.unlikely+0x98c	0x98c	0x4c	eh_frame_FDE	0xab0	0xc4	executable_reference	0x91000000	outgoing	
.local/legacy-firmware/work/extract/stock-rootfs/lib/modules/5.4.55/hw_nat.ko	894b91053435a85fa44abb62bfe218c50ffc316f2a2252a75c0d1847f527f200	.rela.text.unlikely	86	.text.unlikely	0x9dc	0x9dc	0x46dd0	R_AARCH64_CALL26	printk	1119	1	STT_NOTYPE	SHN_UNDEF	0x0	0x0			unnamed@.text.unlikely+0x98c	0x98c	0x50	eh_frame_FDE	0xab0	0xc4	direct_call_BL	0x94000000	outgoing	
.local/legacy-firmware/work/extract/stock-rootfs/lib/modules/5.4.55/hw_nat.ko	894b91053435a85fa44abb62bfe218c50ffc316f2a2252a75c0d1847f527f200	.rela.text.unlikely	87	.text.unlikely	0x9f4	0x9f4	0x46de8	R_AARCH64_CALL26	dma_alloc_attrs	1095	1	STT_NOTYPE	SHN_UNDEF	0x0	0x0			unnamed@.text.unlikely+0x98c	0x98c	0x68	eh_frame_FDE	0xab0	0xc4	direct_call_BL	0x94000000	outgoing	
.local/legacy-firmware/work/extract/stock-rootfs/lib/modules/5.4.55/hw_nat.ko	894b91053435a85fa44abb62bfe218c50ffc316f2a2252a75c0d1847f527f200	.rela.text.unlikely	88	.text.unlikely	0xa10	0xa10	0x46e04	R_AARCH64_CALL26	memset	1134	1	STT_NOTYPE	SHN_UNDEF	0x0	0x0			unnamed@.text.unlikely+0x98c	0x98c	0x84	eh_frame_FDE	0xab0	0xc4	direct_call_BL	0x94000000	outgoing	
.local/legacy-firmware/work/extract/stock-rootfs/lib/modules/5.4.55/hw_nat.ko	894b91053435a85fa44abb62bfe218c50ffc316f2a2252a75c0d1847f527f200	.rela.text.unlikely	89	.text.unlikely	0xa54	0xa54	0x46e48	R_AARCH64_CALL26	host_notify_npuMbox	1004	1	STT_NOTYPE	SHN_UNDEF	0x0	0x0			unnamed@.text.unlikely+0x98c	0x98c	0xc8	eh_frame_FDE	0xab0	0xc4	direct_call_BL	0x94000000	outgoing	
.local/legacy-firmware/work/extract/stock-rootfs/lib/modules/5.4.55/hw_nat.ko	894b91053435a85fa44abb62bfe218c50ffc316f2a2252a75c0d1847f527f200	.rela.text.unlikely	90	.text.unlikely	0xa70	0xa70	0x46e64	R_AARCH64_CALL26	dma_free_attrs	1171	1	STT_NOTYPE	SHN_UNDEF	0x0	0x0			unnamed@.text.unlikely+0x98c	0x98c	0xe4	eh_frame_FDE	0xab0	0xc4	direct_call_BL	0x94000000	outgoing	
.local/legacy-firmware/work/extract/stock-rootfs/lib/modules/5.4.55/hw_nat.ko	894b91053435a85fa44abb62bfe218c50ffc316f2a2252a75c0d1847f527f200	.rela.text.unlikely	91	.text.unlikely	0xa7c	0xa7c	0x46e70	R_AARCH64_ADR_PREL_PG_HI21		3	0	STT_SECTION	.rodata	0x0	0x0		0x0	unnamed@.text.unlikely+0x98c	0x98c	0xf0	eh_frame_FDE	0xab0	0xc4	executable_reference	0x90000001	outgoing	
.local/legacy-firmware/work/extract/stock-rootfs/lib/modules/5.4.55/hw_nat.ko	894b91053435a85fa44abb62bfe218c50ffc316f2a2252a75c0d1847f527f200	.rela.text.unlikely	92	.text.unlikely	0xa80	0xa80	0x46e74	R_AARCH64_ADR_PREL_PG_HI21		4	0	STT_SECTION	.rodata.str1.8	0x0	0x78		0x78	unnamed@.text.unlikely+0x98c	0x98c	0xf4	eh_frame_FDE	0xab0	0xc4	executable_reference	0x90000000	outgoing	
.local/legacy-firmware/work/extract/stock-rootfs/lib/modules/5.4.55/hw_nat.ko	894b91053435a85fa44abb62bfe218c50ffc316f2a2252a75c0d1847f527f200	.rela.text.unlikely	93	.text.unlikely	0xa84	0xa84	0x46e78	R_AARCH64_ADD_ABS_LO12_NC		3	0	STT_SECTION	.rodata	0x0	0x0		0x0	unnamed@.text.unlikely+0x98c	0x98c	0xf8	eh_frame_FDE	0xab0	0xc4	executable_reference	0x91000021	outgoing	
.local/legacy-firmware/work/extract/stock-rootfs/lib/modules/5.4.55/hw_nat.ko	894b91053435a85fa44abb62bfe218c50ffc316f2a2252a75c0d1847f527f200	.rela.text.unlikely	94	.text.unlikely	0xa88	0xa88	0x46e7c	R_AARCH64_ADD_ABS_LO12_NC		4	0	STT_SECTION	.rodata.str1.8	0x0	0x78		0x78	unnamed@.text.unlikely+0x98c	0x98c	0xfc	eh_frame_FDE	0xab0	0xc4	executable_reference	0x91000000	outgoing	
.local/legacy-firmware/work/extract/stock-rootfs/lib/modules/5.4.55/hw_nat.ko	894b91053435a85fa44abb62bfe218c50ffc316f2a2252a75c0d1847f527f200	.rela.text.unlikely	95	.text.unlikely	0xa8c	0xa8c	0x46e80	R_AARCH64_CALL26	printk	1119	1	STT_NOTYPE	SHN_UNDEF	0x0	0x0			unnamed@.text.unlikely+0x98c	0x98c	0x100	eh_frame_FDE	0xab0	0xc4	direct_call_BL	0x94000000	outgoing	
.local/legacy-firmware/work/extract/stock-rootfs/lib/modules/5.4.55/hw_nat.ko	894b91053435a85fa44abb62bfe218c50ffc316f2a2252a75c0d1847f527f200	.rela.text.unlikely	96	.text.unlikely	0xa98	0xa98	0x46e8c	R_AARCH64_CALL26	npu_wifi_offload_set_force_to_cpu_flag	1169	1	STT_NOTYPE	SHN_UNDEF	0x0	0x0			unnamed@.text.unlikely+0x98c	0x98c	0x10c	eh_frame_FDE	0xab0	0xc4	direct_call_BL	0x94000000	outgoing	
.local/legacy-firmware/work/extract/stock-rootfs/lib/modules/5.4.55/hw_nat.ko	894b91053435a85fa44abb62bfe218c50ffc316f2a2252a75c0d1847f527f200	.rela.eh_frame	5	.eh_frame	0xcc	0xcc	0x56874	R_AARCH64_PREL32		2	0	STT_SECTION	.text.unlikely	0x0	0x98c	unnamed@.text.unlikely+0x98c	0x98c							data_reference		incoming	
.local/legacy-firmware/work/extract/stock-rootfs/lib/modules/5.4.55/hw_nat.ko	894b91053435a85fa44abb62bfe218c50ffc316f2a2252a75c0d1847f527f200	.rela.eh_frame	815	.eh_frame	0x99d0	0x99d0	0x60178	R_AARCH64_PREL32		1	0	STT_SECTION	.text	0x0	0x37490	unnamed@.text+0x37490	0x37490							data_reference		incoming	
.local/legacy-firmware/work/extract/stock-rootfs/lib/modules/5.4.55/hw_nat.ko	894b91053435a85fa44abb62bfe218c50ffc316f2a2252a75c0d1847f527f200	.rela.eh_frame	818	.eh_frame	0x9a68	0x9a68	0x60210	R_AARCH64_PREL32		1	0	STT_SECTION	.text	0x0	0x37740	unnamed@.text+0x37740	0x37740							data_reference		incoming	
.local/legacy-firmware/work/extract/stock-rootfs/lib/modules/5.4.55/hw_nat.ko	894b91053435a85fa44abb62bfe218c50ffc316f2a2252a75c0d1847f527f200	.rela.eh_frame	819	.eh_frame	0x9a9c	0x9a9c	0x60244	R_AARCH64_PREL32		1	0	STT_SECTION	.text	0x0	0x37844	ecnt_hwnat_npu_check_vxlan_hdr_list	0x37844							data_reference		incoming	
.local/legacy-firmware/work/extract/stock-rootfs/lib/modules/5.4.55/hw_nat.ko	894b91053435a85fa44abb62bfe218c50ffc316f2a2252a75c0d1847f527f200	.rela.eh_frame	821	.eh_frame	0x9b14	0x9b14	0x602bc	R_AARCH64_PREL32		1	0	STT_SECTION	.text	0x0	0x37c14	unnamed@.text+0x37c14	0x37c14							data_reference		incoming	
.local/legacy-firmware/work/extract/stock-rootfs/lib/modules/5.4.55/hw_nat.ko	894b91053435a85fa44abb62bfe218c50ffc316f2a2252a75c0d1847f527f200	.rela.eh_frame	824	.eh_frame	0x9bb4	0x9bb4	0x6035c	R_AARCH64_PREL32		1	0	STT_SECTION	.text	0x0	0x382d4	unnamed@.text+0x382d4	0x382d4							data_reference		incoming	
.local/legacy-firmware/work/extract/stock-rootfs/lib/modules/5.4.55/hw_nat.ko	894b91053435a85fa44abb62bfe218c50ffc316f2a2252a75c0d1847f527f200	.rela.eh_frame	826	.eh_frame	0x9c58	0x9c58	0x60400	R_AARCH64_PREL32		1	0	STT_SECTION	.text	0x0	0x386f0	unnamed@.text+0x386f0	0x386f0							data_reference		incoming	
.local/legacy-firmware/work/extract/stock-rootfs/lib/modules/5.4.55/mt7990.ko	502cd4b1ddab60b5a23a0d4d904f49ddae795dfa09154d70b63f933add323f81	.rela.text	0	.text	0x178	0x178	0x1d8	R_AARCH64_CALL26	__const_udelay	63	1	STT_NOTYPE	SHN_UNDEF	0x0	0x0			unnamed@.text+0x140	0x140	0x38	eh_frame_FDE	0x1ac	0x8c	direct_call_BL	0x94000000	outgoing	
.local/legacy-firmware/work/extract/stock-rootfs/lib/modules/5.4.55/mt7990.ko	502cd4b1ddab60b5a23a0d4d904f49ddae795dfa09154d70b63f933add323f81	.rela.text	86	.text	0xd90	0xd90	0xdf0	R_AARCH64_CALL26	__const_udelay	63	1	STT_NOTYPE	SHN_UNDEF	0x0	0x0			unnamed@.text+0xcc4	0xcc4	0xcc	eh_frame_FDE	0xe70	0x3b0	direct_call_BL	0x94000000	outgoing	
.local/legacy-firmware/work/extract/stock-rootfs/lib/modules/5.4.55/mt7990.ko	502cd4b1ddab60b5a23a0d4d904f49ddae795dfa09154d70b63f933add323f81	.rela.text	87	.text	0xe50	0xe50	0xeb0	R_AARCH64_ADR_PREL_PG_HI21		5	0	STT_SECTION	.rodata	0x0	0x0		0x0	unnamed@.text+0xcc4	0xcc4	0x18c	eh_frame_FDE	0xe70	0x3b0	executable_reference	0x90000002	outgoing	
.local/legacy-firmware/work/extract/stock-rootfs/lib/modules/5.4.55/mt7990.ko	502cd4b1ddab60b5a23a0d4d904f49ddae795dfa09154d70b63f933add323f81	.rela.text	88	.text	0xe54	0xe54	0xeb4	R_AARCH64_ADD_ABS_LO12_NC		5	0	STT_SECTION	.rodata	0x0	0x0		0x0	unnamed@.text+0xcc4	0xcc4	0x190	eh_frame_FDE	0xe70	0x3b0	executable_reference	0x91000042	outgoing	
.local/legacy-firmware/work/extract/stock-rootfs/lib/modules/5.4.55/mt7990.ko	502cd4b1ddab60b5a23a0d4d904f49ddae795dfa09154d70b63f933add323f81	.rela.text	89	.text	0xe58	0xe58	0xeb8	R_AARCH64_ADR_PREL_PG_HI21		6	0	STT_SECTION	.rodata.str1.8	0x0	0x288		0x288	unnamed@.text+0xcc4	0xcc4	0x194	eh_frame_FDE	0xe70	0x3b0	executable_reference	0x90000001	outgoing	
.local/legacy-firmware/work/extract/stock-rootfs/lib/modules/5.4.55/mt7990.ko	502cd4b1ddab60b5a23a0d4d904f49ddae795dfa09154d70b63f933add323f81	.rela.text	90	.text	0xe60	0xe60	0xec0	R_AARCH64_ADD_ABS_LO12_NC		6	0	STT_SECTION	.rodata.str1.8	0x0	0x288		0x288	unnamed@.text+0xcc4	0xcc4	0x19c	eh_frame_FDE	0xe70	0x3b0	executable_reference	0x91000021	outgoing	
.local/legacy-firmware/work/extract/stock-rootfs/lib/modules/5.4.55/mt7990.ko	502cd4b1ddab60b5a23a0d4d904f49ddae795dfa09154d70b63f933add323f81	.rela.text	91	.text	0xe68	0xe68	0xec8	R_AARCH64_CALL26	_dev_err	53	1	STT_NOTYPE	SHN_UNDEF	0x0	0x0			unnamed@.text+0xcc4	0xcc4	0x1a4	eh_frame_FDE	0xe70	0x3b0	direct_call_BL	0x94000000	outgoing	
.local/legacy-firmware/work/extract/stock-rootfs/lib/modules/5.4.55/mt7990.ko	502cd4b1ddab60b5a23a0d4d904f49ddae795dfa09154d70b63f933add323f81	.rela.eh_frame	4	.eh_frame	0x94	0x94	0x508e8c	R_AARCH64_PREL32		1	0	STT_SECTION	.text	0x0	0x140	unnamed@.text+0x140	0x140							data_reference		incoming	
.local/legacy-firmware/work/extract/stock-rootfs/lib/modules/5.4.55/mt7990.ko	502cd4b1ddab60b5a23a0d4d904f49ddae795dfa09154d70b63f933add323f81	.rela.eh_frame	20	.eh_frame	0x3b8	0x3b8	0x5091b0	R_AARCH64_PREL32		1	0	STT_SECTION	.text	0x0	0xcc4	unnamed@.text+0xcc4	0xcc4							data_reference		incoming	
.local/legacy-firmware/work/extract/stock-rootfs/lib/modules/5.4.55/mt7990.ko	502cd4b1ddab60b5a23a0d4d904f49ddae795dfa09154d70b63f933add323f81	.rela.data	12	.data	0x80	0x80	0x509300	R_AARCH64_ABS64		1	0	STT_SECTION	.text	0x0	0xcc4	unnamed@.text+0xcc4	0xcc4							data_reference		incoming	
.local/legacy-firmware/work/extract/stock-rootfs/lib/modules/5.4.55/mt7990.ko	502cd4b1ddab60b5a23a0d4d904f49ddae795dfa09154d70b63f933add323f81	.rela.data	32	.data	0x420	0x420	0x5096a0	R_AARCH64_ABS64		1	0	STT_SECTION	.text	0x0	0x140	unnamed@.text+0x140	0x140							data_reference		incoming	
.local/legacy-firmware/work/extract/stock-rootfs/lib/modules/5.4.55/mt_wifi.ko	40c8f974ad7317776f602c069c009d1f0d5d939d622ccdee275423fad1e35cb0	.rela.text	8100	.text	0x236d8	0x236d8	0x23738	R_AARCH64_CALL26	os_str_tol	10280	0	STT_FUNC	.text	0x39dab4	0x0	os_str_tol	0x39dab4	unnamed@.text+0x236c0	0x236c0	0x18	eh_frame_FDE	0x237e4	0x4580	direct_call_BL	0x94000000	outgoing	
.local/legacy-firmware/work/extract/stock-rootfs/lib/modules/5.4.55/mt_wifi.ko	40c8f974ad7317776f602c069c009d1f0d5d939d622ccdee275423fad1e35cb0	.rela.text	8101	.text	0x236e0	0x236e0	0x23740	R_AARCH64_ADR_PREL_PG_HI21		6	0	STT_SECTION	.rodata.str1.8	0x0	0x8f78		0x8f78	unnamed@.text+0x236c0	0x236c0	0x20	eh_frame_FDE	0x237e4	0x4580	executable_reference	0x90000000	outgoing	
.local/legacy-firmware/work/extract/stock-rootfs/lib/modules/5.4.55/mt_wifi.ko	40c8f974ad7317776f602c069c009d1f0d5d939d622ccdee275423fad1e35cb0	.rela.text	8102	.text	0x236e8	0x236e8	0x23748	R_AARCH64_ADD_ABS_LO12_NC		6	0	STT_SECTION	.rodata.str1.8	0x0	0x8f78		0x8f78	unnamed@.text+0x236c0	0x236c0	0x28	eh_frame_FDE	0x237e4	0x4580	executable_reference	0x91000000	outgoing	
.local/legacy-firmware/work/extract/stock-rootfs/lib/modules/5.4.55/mt_wifi.ko	40c8f974ad7317776f602c069c009d1f0d5d939d622ccdee275423fad1e35cb0	.rela.text	8103	.text	0x236ec	0x236ec	0x2374c	R_AARCH64_CALL26	printk	10601	1	STT_NOTYPE	SHN_UNDEF	0x0	0x0			unnamed@.text+0x236c0	0x236c0	0x2c	eh_frame_FDE	0x237e4	0x4580	direct_call_BL	0x94000000	outgoing	
.local/legacy-firmware/work/extract/stock-rootfs/lib/modules/5.4.55/mt_wifi.ko	40c8f974ad7317776f602c069c009d1f0d5d939d622ccdee275423fad1e35cb0	.rela.text	8104	.text	0x236f4	0x236f4	0x23754	R_AARCH64_CALL26	get_ecnt_npu_dev	10734	1	STT_NOTYPE	SHN_UNDEF	0x0	0x0			unnamed@.text+0x236c0	0x236c0	0x34	eh_frame_FDE	0x237e4	0x4580	direct_call_BL	0x94000000	outgoing	
.local/legacy-firmware/work/extract/stock-rootfs/lib/modules/5.4.55/mt_wifi.ko	40c8f974ad7317776f602c069c009d1f0d5d939d622ccdee275423fad1e35cb0	.rela.text	8105	.text	0x23714	0x23714	0x23774	R_AARCH64_CALL26	dma_alloc_attrs	10733	1	STT_NOTYPE	SHN_UNDEF	0x0	0x0			unnamed@.text+0x236c0	0x236c0	0x54	eh_frame_FDE	0x237e4	0x4580	direct_call_BL	0x94000000	outgoing	
.local/legacy-firmware/work/extract/stock-rootfs/lib/modules/5.4.55/mt_wifi.ko	40c8f974ad7317776f602c069c009d1f0d5d939d622ccdee275423fad1e35cb0	.rela.text	8106	.text	0x23730	0x23730	0x23790	R_AARCH64_CALL26	memset	10677	1	STT_NOTYPE	SHN_UNDEF	0x0	0x0			unnamed@.text+0x236c0	0x236c0	0x70	eh_frame_FDE	0x237e4	0x4580	direct_call_BL	0x94000000	outgoing	
.local/legacy-firmware/work/extract/stock-rootfs/lib/modules/5.4.55/mt_wifi.ko	40c8f974ad7317776f602c069c009d1f0d5d939d622ccdee275423fad1e35cb0	.rela.text	8107	.text	0x23778	0x23778	0x237d8	R_AARCH64_CALL26	host_notify_npuMbox	10611	1	STT_NOTYPE	SHN_UNDEF	0x0	0x0			unnamed@.text+0x236c0	0x236c0	0xb8	eh_frame_FDE	0x237e4	0x4580	direct_call_BL	0x94000000	outgoing	
.local/legacy-firmware/work/extract/stock-rootfs/lib/modules/5.4.55/mt_wifi.ko	40c8f974ad7317776f602c069c009d1f0d5d939d622ccdee275423fad1e35cb0	.rela.text	8108	.text	0x23794	0x23794	0x237f4	R_AARCH64_CALL26	dma_free_attrs	10713	1	STT_NOTYPE	SHN_UNDEF	0x0	0x0			unnamed@.text+0x236c0	0x236c0	0xd4	eh_frame_FDE	0x237e4	0x4580	direct_call_BL	0x94000000	outgoing	
.local/legacy-firmware/work/extract/stock-rootfs/lib/modules/5.4.55/mt_wifi.ko	40c8f974ad7317776f602c069c009d1f0d5d939d622ccdee275423fad1e35cb0	.rela.text	8109	.text	0x237b4	0x237b4	0x23814	R_AARCH64_ADR_PREL_PG_HI21		6	0	STT_SECTION	.rodata.str1.8	0x0	0x8f48		0x8f48	unnamed@.text+0x236c0	0x236c0	0xf4	eh_frame_FDE	0x237e4	0x4580	executable_reference	0x90000000	outgoing	
.local/legacy-firmware/work/extract/stock-rootfs/lib/modules/5.4.55/mt_wifi.ko	40c8f974ad7317776f602c069c009d1f0d5d939d622ccdee275423fad1e35cb0	.rela.text	8110	.text	0x237b8	0x237b8	0x23818	R_AARCH64_ADD_ABS_LO12_NC		6	0	STT_SECTION	.rodata.str1.8	0x0	0x8f48		0x8f48	unnamed@.text+0x236c0	0x236c0	0xf8	eh_frame_FDE	0x237e4	0x4580	executable_reference	0x91000000	outgoing	
.local/legacy-firmware/work/extract/stock-rootfs/lib/modules/5.4.55/mt_wifi.ko	40c8f974ad7317776f602c069c009d1f0d5d939d622ccdee275423fad1e35cb0	.rela.text	8111	.text	0x237bc	0x237bc	0x2381c	R_AARCH64_CALL26	printk	10601	1	STT_NOTYPE	SHN_UNDEF	0x0	0x0			unnamed@.text+0x236c0	0x236c0	0xfc	eh_frame_FDE	0x237e4	0x4580	direct_call_BL	0x94000000	outgoing	
.local/legacy-firmware/work/extract/stock-rootfs/lib/modules/5.4.55/mt_wifi.ko	40c8f974ad7317776f602c069c009d1f0d5d939d622ccdee275423fad1e35cb0	.rela.text	8112	.text	0x237c4	0x237c4	0x23824	R_AARCH64_ADR_PREL_PG_HI21		5	0	STT_SECTION	.rodata	0x0	0xdb8		0xdb8	unnamed@.text+0x236c0	0x236c0	0x104	eh_frame_FDE	0x237e4	0x4580	executable_reference	0x90000001	outgoing	
.local/legacy-firmware/work/extract/stock-rootfs/lib/modules/5.4.55/mt_wifi.ko	40c8f974ad7317776f602c069c009d1f0d5d939d622ccdee275423fad1e35cb0	.rela.text	8113	.text	0x237c8	0x237c8	0x23828	R_AARCH64_ADD_ABS_LO12_NC		5	0	STT_SECTION	.rodata	0x0	0xdb8		0xdb8	unnamed@.text+0x236c0	0x236c0	0x108	eh_frame_FDE	0x237e4	0x4580	executable_reference	0x91000021	outgoing	
.local/legacy-firmware/work/extract/stock-rootfs/lib/modules/5.4.55/mt_wifi.ko	40c8f974ad7317776f602c069c009d1f0d5d939d622ccdee275423fad1e35cb0	.rela.text	8114	.text	0x237d0	0x237d0	0x23830	R_AARCH64_ADR_PREL_PG_HI21		6	0	STT_SECTION	.rodata.str1.8	0x0	0x8f68		0x8f68	unnamed@.text+0x236c0	0x236c0	0x110	eh_frame_FDE	0x237e4	0x4580	executable_reference	0x90000000	outgoing	
.local/legacy-firmware/work/extract/stock-rootfs/lib/modules/5.4.55/mt_wifi.ko	40c8f974ad7317776f602c069c009d1f0d5d939d622ccdee275423fad1e35cb0	.rela.text	8115	.text	0x237d4	0x237d4	0x23834	R_AARCH64_ADD_ABS_LO12_NC		6	0	STT_SECTION	.rodata.str1.8	0x0	0x8f68		0x8f68	unnamed@.text+0x236c0	0x236c0	0x114	eh_frame_FDE	0x237e4	0x4580	executable_reference	0x91000000	outgoing	
.local/legacy-firmware/work/extract/stock-rootfs/lib/modules/5.4.55/mt_wifi.ko	40c8f974ad7317776f602c069c009d1f0d5d939d622ccdee275423fad1e35cb0	.rela.text	8116	.text	0x237d8	0x237d8	0x23838	R_AARCH64_CALL26	printk	10601	1	STT_NOTYPE	SHN_UNDEF	0x0	0x0			unnamed@.text+0x236c0	0x236c0	0x118	eh_frame_FDE	0x237e4	0x4580	direct_call_BL	0x94000000	outgoing	
.local/legacy-firmware/work/extract/stock-rootfs/lib/modules/5.4.55/mt_wifi.ko	40c8f974ad7317776f602c069c009d1f0d5d939d622ccdee275423fad1e35cb0	.rela.text	60905	.text	0x10d568	0x10d568	0x10d5c8	R_AARCH64_ADR_PREL_PG_HI21	hwifi_ser_handler	8788	0	STT_FUNC	.text	0x386870	0x0	hwifi_ser_handler	0x386870	mt7990_init	0x10cae0	0xa88	symbol_size	0x10d5e8		executable_reference	0x90000000	incoming	
.local/legacy-firmware/work/extract/stock-rootfs/lib/modules/5.4.55/mt_wifi.ko	40c8f974ad7317776f602c069c009d1f0d5d939d622ccdee275423fad1e35cb0	.rela.text	60906	.text	0x10d56c	0x10d56c	0x10d5cc	R_AARCH64_ADD_ABS_LO12_NC	hwifi_ser_handler	8788	0	STT_FUNC	.text	0x386870	0x0	hwifi_ser_handler	0x386870	mt7990_init	0x10cae0	0xa8c	symbol_size	0x10d5e8		executable_reference	0x91000000	incoming	
.local/legacy-firmware/work/extract/stock-rootfs/lib/modules/5.4.55/mt_wifi.ko	40c8f974ad7317776f602c069c009d1f0d5d939d622ccdee275423fad1e35cb0	.rela.text	63071	.text	0x115450	0x115450	0x1154b0	R_AARCH64_ADR_PREL_PG_HI21	DebugCategory	8827	0	STT_OBJECT	.data	0x26c978	0x0		0x26c978	mt7990_ser_1_0_v1	0x115440	0x10	symbol_size	0x115f74		executable_reference	0x90000016	outgoing	
.local/legacy-firmware/work/extract/stock-rootfs/lib/modules/5.4.55/mt_wifi.ko	40c8f974ad7317776f602c069c009d1f0d5d939d622ccdee275423fad1e35cb0	.rela.text	63072	.text	0x11545c	0x11545c	0x1154bc	R_AARCH64_LDST32_ABS_LO12_NC	DebugCategory	8827	0	STT_OBJECT	.data	0x26c978	0x0		0x26c978	mt7990_ser_1_0_v1	0x115440	0x1c	symbol_size	0x115f74		executable_reference	0xb94002c0	outgoing	
.local/legacy-firmware/work/extract/stock-rootfs/lib/modules/5.4.55/mt_wifi.ko	40c8f974ad7317776f602c069c009d1f0d5d939d622ccdee275423fad1e35cb0	.rela.text	63073	.text	0x115484	0x115484	0x1154e4	R_AARCH64_ADR_PREL_PG_HI21	DebugSubCategory	3953	0	STT_OBJECT	.data	0x26c980	0x208		0x26cb88	mt7990_ser_1_0_v1	0x115440	0x44	symbol_size	0x115f74		executable_reference	0x9000001a	outgoing	
.local/legacy-firmware/work/extract/stock-rootfs/lib/modules/5.4.55/mt_wifi.ko	40c8f974ad7317776f602c069c009d1f0d5d939d622ccdee275423fad1e35cb0	.rela.text	63074	.text	0x115488	0x115488	0x1154e8	R_AARCH64_LDST32_ABS_LO12_NC	DebugSubCategory	3953	0	STT_OBJECT	.data	0x26c980	0x208		0x26cb88	mt7990_ser_1_0_v1	0x115440	0x48	symbol_size	0x115f74		executable_reference	0xb9400340	outgoing	
.local/legacy-firmware/work/extract/stock-rootfs/lib/modules/5.4.55/mt_wifi.ko	40c8f974ad7317776f602c069c009d1f0d5d939d622ccdee275423fad1e35cb0	.rela.text	63075	.text	0x11549c	0x11549c	0x1154fc	R_AARCH64_CALL26	ser_get_all_pAd_by_chipid_hwid	4148	0	STT_FUNC	.text	0x398540	0x0	ser_get_all_pAd_by_chipid_hwid	0x398540	mt7990_ser_1_0_v1	0x115440	0x5c	symbol_size	0x115f74		direct_call_BL	0x94000000	outgoing	
.local/legacy-firmware/work/extract/stock-rootfs/lib/modules/5.4.55/mt_wifi.ko	40c8f974ad7317776f602c069c009d1f0d5d939d622ccdee275423fad1e35cb0	.rela.text	63076	.text	0x1154e0	0x1154e0	0x115540	R_AARCH64_LDST32_ABS_LO12_NC	DebugCategory	8827	0	STT_OBJECT	.data	0x26c978	0x0		0x26c978	mt7990_ser_1_0_v1	0x115440	0xa0	symbol_size	0x115f74		executable_reference	0xb94002c1	outgoing	
.local/legacy-firmware/work/extract/stock-rootfs/lib/modules/5.4.55/mt_wifi.ko	40c8f974ad7317776f602c069c009d1f0d5d939d622ccdee275423fad1e35cb0	.rela.text	63077	.text	0x1154f0	0x1154f0	0x115550	R_AARCH64_ADR_PREL_PG_HI21	DebugSubCategory	3953	0	STT_OBJECT	.data	0x26c980	0x0		0x26c980	mt7990_ser_1_0_v1	0x115440	0xb0	symbol_size	0x115f74		executable_reference	0x9000001a	outgoing	
.local/legacy-firmware/work/extract/stock-rootfs/lib/modules/5.4.55/mt_wifi.ko	40c8f974ad7317776f602c069c009d1f0d5d939d622ccdee275423fad1e35cb0	.rela.text	63078	.text	0x1154f4	0x1154f4	0x115554	R_AARCH64_ADD_ABS_LO12_NC	DebugSubCategory	3953	0	STT_OBJECT	.data	0x26c980	0x0		0x26c980	mt7990_ser_1_0_v1	0x115440	0xb4	symbol_size	0x115f74		executable_reference	0x9100035a	outgoing	
.local/legacy-firmware/work/extract/stock-rootfs/lib/modules/5.4.55/mt_wifi.ko	40c8f974ad7317776f602c069c009d1f0d5d939d622ccdee275423fad1e35cb0	.rela.text	63079	.text	0x115520	0x115520	0x115580	R_AARCH64_CALL26	ser_get_time	1913	0	STT_FUNC	.text	0x3982a0	0x0	ser_get_time	0x3982a0	mt7990_ser_1_0_v1	0x115440	0xe0	symbol_size	0x115f74		direct_call_BL	0x94000000	outgoing	
.local/legacy-firmware/work/extract/stock-rootfs/lib/modules/5.4.55/mt_wifi.ko	40c8f974ad7317776f602c069c009d1f0d5d939d622ccdee275423fad1e35cb0	.rela.text	63080	.text	0x115530	0x115530	0x115590	R_AARCH64_CALL26	ser_tans_ser_state	10278	0	STT_FUNC	.text	0x398130	0x0	ser_tans_ser_state	0x398130	mt7990_ser_1_0_v1	0x115440	0xf0	symbol_size	0x115f74		direct_call_BL	0x94000000	outgoing	
.local/legacy-firmware/work/extract/stock-rootfs/lib/modules/5.4.55/mt_wifi.ko	40c8f974ad7317776f602c069c009d1f0d5d939d622ccdee275423fad1e35cb0	.rela.text	63081	.text	0x11553c	0x11553c	0x11559c	R_AARCH64_CALL26	ser_ack_event	8663	0	STT_FUNC	.text	0x398604	0x0	ser_ack_event	0x398604	mt7990_ser_1_0_v1	0x115440	0xfc	symbol_size	0x115f74		direct_call_BL	0x94000000	both	
.local/legacy-firmware/work/extract/stock-rootfs/lib/modules/5.4.55/mt_wifi.ko	40c8f974ad7317776f602c069c009d1f0d5d939d622ccdee275423fad1e35cb0	.rela.text	63082	.text	0x115540	0x115540	0x1155a0	R_AARCH64_CALL26	ser_get_time	1913	0	STT_FUNC	.text	0x3982a0	0x0	ser_get_time	0x3982a0	mt7990_ser_1_0_v1	0x115440	0x100	symbol_size	0x115f74		direct_call_BL	0x94000000	outgoing	
.local/legacy-firmware/work/extract/stock-rootfs/lib/modules/5.4.55/mt_wifi.ko	40c8f974ad7317776f602c069c009d1f0d5d939d622ccdee275423fad1e35cb0	.rela.text	63083	.text	0x115580	0x115580	0x1155e0	R_AARCH64_LDST32_ABS_LO12_NC	DebugCategory	8827	0	STT_OBJECT	.data	0x26c978	0x0		0x26c978	mt7990_ser_1_0_v1	0x115440	0x140	symbol_size	0x115f74		executable_reference	0xb94002c0	outgoing	
.local/legacy-firmware/work/extract/stock-rootfs/lib/modules/5.4.55/mt_wifi.ko	40c8f974ad7317776f602c069c009d1f0d5d939d622ccdee275423fad1e35cb0	.rela.text	63084	.text	0x115588	0x115588	0x1155e8	R_AARCH64_ADR_PREL_PG_HI21	DebugSubCategory	3953	0	STT_OBJECT	.data	0x26c980	0x88		0x26ca08	mt7990_ser_1_0_v1	0x115440	0x148	symbol_size	0x115f74		executable_reference	0x90000000	outgoing	
.local/legacy-firmware/work/extract/stock-rootfs/lib/modules/5.4.55/mt_wifi.ko	40c8f974ad7317776f602c069c009d1f0d5d939d622ccdee275423fad1e35cb0	.rela.text	63085	.text	0x11558c	0x11558c	0x1155ec	R_AARCH64_LDST32_ABS_LO12_NC	DebugSubCategory	3953	0	STT_OBJECT	.data	0x26c980	0x88		0x26ca08	mt7990_ser_1_0_v1	0x115440	0x14c	symbol_size	0x115f74		executable_reference	0xb9400000	outgoing	
.local/legacy-firmware/work/extract/stock-rootfs/lib/modules/5.4.55/mt_wifi.ko	40c8f974ad7317776f602c069c009d1f0d5d939d622ccdee275423fad1e35cb0	.rela.text	63086	.text	0x115594	0x115594	0x1155f4	R_AARCH64_ADR_PREL_PG_HI21		6	0	STT_SECTION	.rodata.str1.8	0x0	0x45528		0x45528	mt7990_ser_1_0_v1	0x115440	0x154	symbol_size	0x115f74		executable_reference	0x90000005	outgoing	
.local/legacy-firmware/work/extract/stock-rootfs/lib/modules/5.4.55/mt_wifi.ko	40c8f974ad7317776f602c069c009d1f0d5d939d622ccdee275423fad1e35cb0	.rela.text	63087	.text	0x115598	0x115598	0x1155f8	R_AARCH64_ADR_PREL_PG_HI21		5	0	STT_SECTION	.rodata	0x0	0x12a08		0x12a08	mt7990_ser_1_0_v1	0x115440	0x158	symbol_size	0x115f74		executable_reference	0x90000003	outgoing	
.local/legacy-firmware/work/extract/stock-rootfs/lib/modules/5.4.55/mt_wifi.ko	40c8f974ad7317776f602c069c009d1f0d5d939d622ccdee275423fad1e35cb0	.rela.text	63088	.text	0x11559c	0x11559c	0x1155fc	R_AARCH64_ADD_ABS_LO12_NC		6	0	STT_SECTION	.rodata.str1.8	0x0	0x45528		0x45528	mt7990_ser_1_0_v1	0x115440	0x15c	symbol_size	0x115f74		executable_reference	0x910000a5	outgoing	
.local/legacy-firmware/work/extract/stock-rootfs/lib/modules/5.4.55/mt_wifi.ko	40c8f974ad7317776f602c069c009d1f0d5d939d622ccdee275423fad1e35cb0	.rela.text	63089	.text	0x1155a0	0x1155a0	0x115600	R_AARCH64_ADD_ABS_LO12_NC		5	0	STT_SECTION	.rodata	0x0	0x12a08		0x12a08	mt7990_ser_1_0_v1	0x115440	0x160	symbol_size	0x115f74		executable_reference	0x91000063	outgoing	
.local/legacy-firmware/work/extract/stock-rootfs/lib/modules/5.4.55/mt_wifi.ko	40c8f974ad7317776f602c069c009d1f0d5d939d622ccdee275423fad1e35cb0	.rela.text	63090	.text	0x1155b4	0x1155b4	0x115614	R_AARCH64_CALL26	mtwf_dbg_prt	4914	0	STT_FUNC	.text	0x1e46b0	0x0	mtwf_dbg_prt	0x1e46b0	mt7990_ser_1_0_v1	0x115440	0x174	symbol_size	0x115f74		direct_call_BL	0x94000000	outgoing	
.local/legacy-firmware/work/extract/stock-rootfs/lib/modules/5.4.55/mt_wifi.ko	40c8f974ad7317776f602c069c009d1f0d5d939d622ccdee275423fad1e35cb0	.rela.text	63091	.text	0x1155bc	0x1155bc	0x11561c	R_AARCH64_LDST32_ABS_LO12_NC	DebugCategory	8827	0	STT_OBJECT	.data	0x26c978	0x0		0x26c978	mt7990_ser_1_0_v1	0x115440	0x17c	symbol_size	0x115f74		executable_reference	0xb94002c0	outgoing	
.local/legacy-firmware/work/extract/stock-rootfs/lib/modules/5.4.55/mt_wifi.ko	40c8f974ad7317776f602c069c009d1f0d5d939d622ccdee275423fad1e35cb0	.rela.text	63092	.text	0x1155c4	0x1155c4	0x115624	R_AARCH64_ADR_PREL_PG_HI21	DebugSubCategory	3953	0	STT_OBJECT	.data	0x26c980	0x88		0x26ca08	mt7990_ser_1_0_v1	0x115440	0x184	symbol_size	0x115f74		executable_reference	0x90000000	outgoing	
.local/legacy-firmware/work/extract/stock-rootfs/lib/modules/5.4.55/mt_wifi.ko	40c8f974ad7317776f602c069c009d1f0d5d939d622ccdee275423fad1e35cb0	.rela.text	63093	.text	0x1155c8	0x1155c8	0x115628	R_AARCH64_LDST32_ABS_LO12_NC	DebugSubCategory	3953	0	STT_OBJECT	.data	0x26c980	0x88		0x26ca08	mt7990_ser_1_0_v1	0x115440	0x188	symbol_size	0x115f74		executable_reference	0xb9400000	outgoing	
.local/legacy-firmware/work/extract/stock-rootfs/lib/modules/5.4.55/mt_wifi.ko	40c8f974ad7317776f602c069c009d1f0d5d939d622ccdee275423fad1e35cb0	.rela.text	63094	.text	0x1155d0	0x1155d0	0x115630	R_AARCH64_ADR_PREL_PG_HI21		6	0	STT_SECTION	.rodata.str1.8	0x0	0x45500		0x45500	mt7990_ser_1_0_v1	0x115440	0x190	symbol_size	0x115f74		executable_reference	0x90000005	outgoing	
.local/legacy-firmware/work/extract/stock-rootfs/lib/modules/5.4.55/mt_wifi.ko	40c8f974ad7317776f602c069c009d1f0d5d939d622ccdee275423fad1e35cb0	.rela.text	63095	.text	0x1155d4	0x1155d4	0x115634	R_AARCH64_ADR_PREL_PG_HI21		5	0	STT_SECTION	.rodata	0x0	0x12a08		0x12a08	mt7990_ser_1_0_v1	0x115440	0x194	symbol_size	0x115f74		executable_reference	0x90000003	outgoing	
.local/legacy-firmware/work/extract/stock-rootfs/lib/modules/5.4.55/mt_wifi.ko	40c8f974ad7317776f602c069c009d1f0d5d939d622ccdee275423fad1e35cb0	.rela.text	63096	.text	0x1155d8	0x1155d8	0x115638	R_AARCH64_ADD_ABS_LO12_NC		6	0	STT_SECTION	.rodata.str1.8	0x0	0x45500		0x45500	mt7990_ser_1_0_v1	0x115440	0x198	symbol_size	0x115f74		executable_reference	0x910000a5	outgoing	
.local/legacy-firmware/work/extract/stock-rootfs/lib/modules/5.4.55/mt_wifi.ko	40c8f974ad7317776f602c069c009d1f0d5d939d622ccdee275423fad1e35cb0	.rela.text	63097	.text	0x1155dc	0x1155dc	0x11563c	R_AARCH64_ADD_ABS_LO12_NC		5	0	STT_SECTION	.rodata	0x0	0x12a08		0x12a08	mt7990_ser_1_0_v1	0x115440	0x19c	symbol_size	0x115f74		executable_reference	0x91000063	outgoing	
.local/legacy-firmware/work/extract/stock-rootfs/lib/modules/5.4.55/mt_wifi.ko	40c8f974ad7317776f602c069c009d1f0d5d939d622ccdee275423fad1e35cb0	.rela.text	63098	.text	0x1155f0	0x1155f0	0x115650	R_AARCH64_CALL26	mtwf_dbg_prt	4914	0	STT_FUNC	.text	0x1e46b0	0x0	mtwf_dbg_prt	0x1e46b0	mt7990_ser_1_0_v1	0x115440	0x1b0	symbol_size	0x115f74		direct_call_BL	0x94000000	outgoing	
.local/legacy-firmware/work/extract/stock-rootfs/lib/modules/5.4.55/mt_wifi.ko	40c8f974ad7317776f602c069c009d1f0d5d939d622ccdee275423fad1e35cb0	.rela.text	63099	.text	0x115630	0x115630	0x115690	R_AARCH64_ADR_PREL_PG_HI21		6	0	STT_SECTION	.rodata.str1.8	0x0	0x454c8		0x454c8	mt7990_ser_1_0_v1	0x115440	0x1f0	symbol_size	0x115f74		executable_reference	0x90000005	outgoing	
.local/legacy-firmware/work/extract/stock-rootfs/lib/modules/5.4.55/mt_wifi.ko	40c8f974ad7317776f602c069c009d1f0d5d939d622ccdee275423fad1e35cb0	.rela.text	63100	.text	0x115634	0x115634	0x115694	R_AARCH64_ADR_PREL_PG_HI21		5	0	STT_SECTION	.rodata	0x0	0x12a08		0x12a08	mt7990_ser_1_0_v1	0x115440	0x1f4	symbol_size	0x115f74		executable_reference	0x90000003	outgoing	
.local/legacy-firmware/work/extract/stock-rootfs/lib/modules/5.4.55/mt_wifi.ko	40c8f974ad7317776f602c069c009d1f0d5d939d622ccdee275423fad1e35cb0	.rela.text	63101	.text	0x115638	0x115638	0x115698	R_AARCH64_ADD_ABS_LO12_NC		6	0	STT_SECTION	.rodata.str1.8	0x0	0x454c8		0x454c8	mt7990_ser_1_0_v1	0x115440	0x1f8	symbol_size	0x115f74		executable_reference	0x910000a5	outgoing	
.local/legacy-firmware/work/extract/stock-rootfs/lib/modules/5.4.55/mt_wifi.ko	40c8f974ad7317776f602c069c009d1f0d5d939d622ccdee275423fad1e35cb0	.rela.text	63102	.text	0x11563c	0x11563c	0x11569c	R_AARCH64_ADD_ABS_LO12_NC		5	0	STT_SECTION	.rodata	0x0	0x12a08		0x12a08	mt7990_ser_1_0_v1	0x115440	0x1fc	symbol_size	0x115f74		executable_reference	0x91000063	outgoing	
.local/legacy-firmware/work/extract/stock-rootfs/lib/modules/5.4.55/mt_wifi.ko	40c8f974ad7317776f602c069c009d1f0d5d939d622ccdee275423fad1e35cb0	.rela.text	63103	.text	0x115650	0x115650	0x1156b0	R_AARCH64_CALL26	mtwf_dbg_prt	4914	0	STT_FUNC	.text	0x1e46b0	0x0	mtwf_dbg_prt	0x1e46b0	mt7990_ser_1_0_v1	0x115440	0x210	symbol_size	0x115f74		direct_call_BL	0x94000000	outgoing	
.local/legacy-firmware/work/extract/stock-rootfs/lib/modules/5.4.55/mt_wifi.ko	40c8f974ad7317776f602c069c009d1f0d5d939d622ccdee275423fad1e35cb0	.rela.text	63104	.text	0x115668	0x115668	0x1156c8	R_AARCH64_CALL26	asic_ser_handler	5465	0	STT_FUNC	.text	0x34d820	0x0	asic_ser_handler	0x34d820	mt7990_ser_1_0_v1	0x115440	0x228	symbol_size	0x115f74		direct_call_BL	0x94000000	both	
.local/legacy-firmware/work/extract/stock-rootfs/lib/modules/5.4.55/mt_wifi.ko	40c8f974ad7317776f602c069c009d1f0d5d939d622ccdee275423fad1e35cb0	.rela.text	63105	.text	0x115678	0x115678	0x1156d8	R_AARCH64_CALL26	asic_ser_handler	5465	0	STT_FUNC	.text	0x34d820	0x0	asic_ser_handler	0x34d820	mt7990_ser_1_0_v1	0x115440	0x238	symbol_size	0x115f74		direct_call_BL	0x94000000	both	
.local/legacy-firmware/work/extract/stock-rootfs/lib/modules/5.4.55/mt_wifi.ko	40c8f974ad7317776f602c069c009d1f0d5d939d622ccdee275423fad1e35cb0	.rela.text	63106	.text	0x115680	0x115680	0x1156e0	R_AARCH64_LDST32_ABS_LO12_NC	DebugCategory	8827	0	STT_OBJECT	.data	0x26c978	0x0		0x26c978	mt7990_ser_1_0_v1	0x115440	0x240	symbol_size	0x115f74		executable_reference	0xb94002c0	outgoing	
.local/legacy-firmware/work/extract/stock-rootfs/lib/modules/5.4.55/mt_wifi.ko	40c8f974ad7317776f602c069c009d1f0d5d939d622ccdee275423fad1e35cb0	.rela.text	63107	.text	0x115688	0x115688	0x1156e8	R_AARCH64_ADR_PREL_PG_HI21	DebugSubCategory	3953	0	STT_OBJECT	.data	0x26c980	0x208		0x26cb88	mt7990_ser_1_0_v1	0x115440	0x248	symbol_size	0x115f74		executable_reference	0x90000000	outgoing	
.local/legacy-firmware/work/extract/stock-rootfs/lib/modules/5.4.55/mt_wifi.ko	40c8f974ad7317776f602c069c009d1f0d5d939d622ccdee275423fad1e35cb0	.rela.text	63108	.text	0x11568c	0x11568c	0x1156ec	R_AARCH64_LDST32_ABS_LO12_NC	DebugSubCategory	3953	0	STT_OBJECT	.data	0x26c980	0x208		0x26cb88	mt7990_ser_1_0_v1	0x115440	0x24c	symbol_size	0x115f74		executable_reference	0xb9400000	outgoing	
.local/legacy-firmware/work/extract/stock-rootfs/lib/modules/5.4.55/mt_wifi.ko	40c8f974ad7317776f602c069c009d1f0d5d939d622ccdee275423fad1e35cb0	.rela.text	63109	.text	0x115698	0x115698	0x1156f8	R_AARCH64_CALL26	ser_get_curr_state	5913	0	STT_FUNC	.text	0x398180	0x0	ser_get_curr_state	0x398180	mt7990_ser_1_0_v1	0x115440	0x258	symbol_size	0x115f74		direct_call_BL	0x94000000	outgoing	
.local/legacy-firmware/work/extract/stock-rootfs/lib/modules/5.4.55/mt_wifi.ko	40c8f974ad7317776f602c069c009d1f0d5d939d622ccdee275423fad1e35cb0	.rela.text	63110	.text	0x1156a4	0x1156a4	0x115704	R_AARCH64_ADR_PREL_PG_HI21		6	0	STT_SECTION	.rodata.str1.8	0x0	0x45598		0x45598	mt7990_ser_1_0_v1	0x115440	0x264	symbol_size	0x115f74		executable_reference	0x90000005	outgoing	
.local/legacy-firmware/work/extract/stock-rootfs/lib/modules/5.4.55/mt_wifi.ko	40c8f974ad7317776f602c069c009d1f0d5d939d622ccdee275423fad1e35cb0	.rela.text	63111	.text	0x1156a8	0x1156a8	0x115708	R_AARCH64_ADR_PREL_PG_HI21		5	0	STT_SECTION	.rodata	0x0	0x12a08		0x12a08	mt7990_ser_1_0_v1	0x115440	0x268	symbol_size	0x115f74		executable_reference	0x90000003	outgoing	
.local/legacy-firmware/work/extract/stock-rootfs/lib/modules/5.4.55/mt_wifi.ko	40c8f974ad7317776f602c069c009d1f0d5d939d622ccdee275423fad1e35cb0	.rela.text	63112	.text	0x1156ac	0x1156ac	0x11570c	R_AARCH64_ADD_ABS_LO12_NC		6	0	STT_SECTION	.rodata.str1.8	0x0	0x45598		0x45598	mt7990_ser_1_0_v1	0x115440	0x26c	symbol_size	0x115f74		executable_reference	0x910000a5	outgoing	
.local/legacy-firmware/work/extract/stock-rootfs/lib/modules/5.4.55/mt_wifi.ko	40c8f974ad7317776f602c069c009d1f0d5d939d622ccdee275423fad1e35cb0	.rela.text	63113	.text	0x1156b0	0x1156b0	0x115710	R_AARCH64_ADD_ABS_LO12_NC		5	0	STT_SECTION	.rodata	0x0	0x12a08		0x12a08	mt7990_ser_1_0_v1	0x115440	0x270	symbol_size	0x115f74		executable_reference	0x91000063	outgoing	
.local/legacy-firmware/work/extract/stock-rootfs/lib/modules/5.4.55/mt_wifi.ko	40c8f974ad7317776f602c069c009d1f0d5d939d622ccdee275423fad1e35cb0	.rela.text	63114	.text	0x1156c4	0x1156c4	0x115724	R_AARCH64_CALL26	mtwf_dbg_prt	4914	0	STT_FUNC	.text	0x1e46b0	0x0	mtwf_dbg_prt	0x1e46b0	mt7990_ser_1_0_v1	0x115440	0x284	symbol_size	0x115f74		direct_call_BL	0x94000000	outgoing	
.local/legacy-firmware/work/extract/stock-rootfs/lib/modules/5.4.55/mt_wifi.ko	40c8f974ad7317776f602c069c009d1f0d5d939d622ccdee275423fad1e35cb0	.rela.text	63115	.text	0x1156e8	0x1156e8	0x115748	R_AARCH64_CALL26	ser_tans_ser_state	10278	0	STT_FUNC	.text	0x398130	0x0	ser_tans_ser_state	0x398130	mt7990_ser_1_0_v1	0x115440	0x2a8	symbol_size	0x115f74		direct_call_BL	0x94000000	outgoing	
.local/legacy-firmware/work/extract/stock-rootfs/lib/modules/5.4.55/mt_wifi.ko	40c8f974ad7317776f602c069c009d1f0d5d939d622ccdee275423fad1e35cb0	.rela.text	63116	.text	0x1156f8	0x1156f8	0x115758	R_AARCH64_CALL26	mt7990_ser_1_0_v1	7353	0	STT_FUNC	.text	0x115440	0x0	mt7990_ser_1_0_v1	0x115440	mt7990_ser_1_0_v1	0x115440	0x2b8	symbol_size	0x115f74		direct_call_BL	0x94000000	both	
.local/legacy-firmware/work/extract/stock-rootfs/lib/modules/5.4.55/mt_wifi.ko	40c8f974ad7317776f602c069c009d1f0d5d939d622ccdee275423fad1e35cb0	.rela.text	63117	.text	0x115710	0x115710	0x115770	R_AARCH64_LDST32_ABS_LO12_NC	DebugCategory	8827	0	STT_OBJECT	.data	0x26c978	0x0		0x26c978	mt7990_ser_1_0_v1	0x115440	0x2d0	symbol_size	0x115f74		executable_reference	0xb94002c0	outgoing	
.local/legacy-firmware/work/extract/stock-rootfs/lib/modules/5.4.55/mt_wifi.ko	40c8f974ad7317776f602c069c009d1f0d5d939d622ccdee275423fad1e35cb0	.rela.text	63118	.text	0x115718	0x115718	0x115778	R_AARCH64_ADR_PREL_PG_HI21	DebugSubCategory	3953	0	STT_OBJECT	.data	0x26c980	0x208		0x26cb88	mt7990_ser_1_0_v1	0x115440	0x2d8	symbol_size	0x115f74		executable_reference	0x90000000	outgoing	
.local/legacy-firmware/work/extract/stock-rootfs/lib/modules/5.4.55/mt_wifi.ko	40c8f974ad7317776f602c069c009d1f0d5d939d622ccdee275423fad1e35cb0	.rela.text	63119	.text	0x11571c	0x11571c	0x11577c	R_AARCH64_LDST32_ABS_LO12_NC	DebugSubCategory	3953	0	STT_OBJECT	.data	0x26c980	0x208		0x26cb88	mt7990_ser_1_0_v1	0x115440	0x2dc	symbol_size	0x115f74		executable_reference	0xb9400000	outgoing	
.local/legacy-firmware/work/extract/stock-rootfs/lib/modules/5.4.55/mt_wifi.ko	40c8f974ad7317776f602c069c009d1f0d5d939d622ccdee275423fad1e35cb0	.rela.text	63120	.text	0x115734	0x115734	0x115794	R_AARCH64_CALL26	asic_ser_handler	5465	0	STT_FUNC	.text	0x34d820	0x0	asic_ser_handler	0x34d820	mt7990_ser_1_0_v1	0x115440	0x2f4	symbol_size	0x115f74		direct_call_BL	0x94000000	both	
.local/legacy-firmware/work/extract/stock-rootfs/lib/modules/5.4.55/mt_wifi.ko	40c8f974ad7317776f602c069c009d1f0d5d939d622ccdee275423fad1e35cb0	.rela.text	63121	.text	0x115738	0x115738	0x115798	R_AARCH64_LDST32_ABS_LO12_NC	DebugCategory	8827	0	STT_OBJECT	.data	0x26c978	0x0		0x26c978	mt7990_ser_1_0_v1	0x115440	0x2f8	symbol_size	0x115f74		executable_reference	0xb94002c0	outgoing	
.local/legacy-firmware/work/extract/stock-rootfs/lib/modules/5.4.55/mt_wifi.ko	40c8f974ad7317776f602c069c009d1f0d5d939d622ccdee275423fad1e35cb0	.rela.text	63122	.text	0x115740	0x115740	0x1157a0	R_AARCH64_ADR_PREL_PG_HI21	DebugSubCategory	3953	0	STT_OBJECT	.data	0x26c980	0x208		0x26cb88	mt7990_ser_1_0_v1	0x115440	0x300	symbol_size	0x115f74		executable_reference	0x90000000	outgoing	
.local/legacy-firmware/work/extract/stock-rootfs/lib/modules/5.4.55/mt_wifi.ko	40c8f974ad7317776f602c069c009d1f0d5d939d622ccdee275423fad1e35cb0	.rela.text	63123	.text	0x115744	0x115744	0x1157a4	R_AARCH64_LDST32_ABS_LO12_NC	DebugSubCategory	3953	0	STT_OBJECT	.data	0x26c980	0x208		0x26cb88	mt7990_ser_1_0_v1	0x115440	0x304	symbol_size	0x115f74		executable_reference	0xb9400000	outgoing	
.local/legacy-firmware/work/extract/stock-rootfs/lib/modules/5.4.55/mt_wifi.ko	40c8f974ad7317776f602c069c009d1f0d5d939d622ccdee275423fad1e35cb0	.rela.text	63124	.text	0x115758	0x115758	0x1157b8	R_AARCH64_CALL26	asic_ser_handler	5465	0	STT_FUNC	.text	0x34d820	0x0	asic_ser_handler	0x34d820	mt7990_ser_1_0_v1	0x115440	0x318	symbol_size	0x115f74		direct_call_BL	0x94000000	both	
.local/legacy-firmware/work/extract/stock-rootfs/lib/modules/5.4.55/mt_wifi.ko	40c8f974ad7317776f602c069c009d1f0d5d939d622ccdee275423fad1e35cb0	.rela.text	63125	.text	0x11576c	0x11576c	0x1157cc	R_AARCH64_ADR_PREL_PG_HI21		6	0	STT_SECTION	.rodata.str1.8	0x0	0x45558		0x45558	mt7990_ser_1_0_v1	0x115440	0x32c	symbol_size	0x115f74		executable_reference	0x90000005	outgoing	
.local/legacy-firmware/work/extract/stock-rootfs/lib/modules/5.4.55/mt_wifi.ko	40c8f974ad7317776f602c069c009d1f0d5d939d622ccdee275423fad1e35cb0	.rela.text	63126	.text	0x115770	0x115770	0x1157d0	R_AARCH64_ADR_PREL_PG_HI21		5	0	STT_SECTION	.rodata	0x0	0x12a08		0x12a08	mt7990_ser_1_0_v1	0x115440	0x330	symbol_size	0x115f74		executable_reference	0x90000003	outgoing	
.local/legacy-firmware/work/extract/stock-rootfs/lib/modules/5.4.55/mt_wifi.ko	40c8f974ad7317776f602c069c009d1f0d5d939d622ccdee275423fad1e35cb0	.rela.text	63127	.text	0x115774	0x115774	0x1157d4	R_AARCH64_ADD_ABS_LO12_NC		6	0	STT_SECTION	.rodata.str1.8	0x0	0x45558		0x45558	mt7990_ser_1_0_v1	0x115440	0x334	symbol_size	0x115f74		executable_reference	0x910000a5	outgoing	
.local/legacy-firmware/work/extract/stock-rootfs/lib/modules/5.4.55/mt_wifi.ko	40c8f974ad7317776f602c069c009d1f0d5d939d622ccdee275423fad1e35cb0	.rela.text	63128	.text	0x115778	0x115778	0x1157d8	R_AARCH64_ADD_ABS_LO12_NC		5	0	STT_SECTION	.rodata	0x0	0x12a08		0x12a08	mt7990_ser_1_0_v1	0x115440	0x338	symbol_size	0x115f74		executable_reference	0x91000063	outgoing	
.local/legacy-firmware/work/extract/stock-rootfs/lib/modules/5.4.55/mt_wifi.ko	40c8f974ad7317776f602c069c009d1f0d5d939d622ccdee275423fad1e35cb0	.rela.text	63129	.text	0x11578c	0x11578c	0x1157ec	R_AARCH64_CALL26	mtwf_dbg_prt	4914	0	STT_FUNC	.text	0x1e46b0	0x0	mtwf_dbg_prt	0x1e46b0	mt7990_ser_1_0_v1	0x115440	0x34c	symbol_size	0x115f74		direct_call_BL	0x94000000	outgoing	
.local/legacy-firmware/work/extract/stock-rootfs/lib/modules/5.4.55/mt_wifi.ko	40c8f974ad7317776f602c069c009d1f0d5d939d622ccdee275423fad1e35cb0	.rela.text	63130	.text	0x1157a4	0x1157a4	0x115804	R_AARCH64_ADR_PREL_PG_HI21		5	0	STT_SECTION	.rodata	0x0	0x12a08		0x12a08	mt7990_ser_1_0_v1	0x115440	0x364	symbol_size	0x115f74		executable_reference	0x9000001b	outgoing	
.local/legacy-firmware/work/extract/stock-rootfs/lib/modules/5.4.55/mt_wifi.ko	40c8f974ad7317776f602c069c009d1f0d5d939d622ccdee275423fad1e35cb0	.rela.text	63131	.text	0x1157a8	0x1157a8	0x115808	R_AARCH64_ADD_ABS_LO12_NC		5	0	STT_SECTION	.rodata	0x0	0x12a08		0x12a08	mt7990_ser_1_0_v1	0x115440	0x368	symbol_size	0x115f74		executable_reference	0x9100037b	outgoing	
.local/legacy-firmware/work/extract/stock-rootfs/lib/modules/5.4.55/mt_wifi.ko	40c8f974ad7317776f602c069c009d1f0d5d939d622ccdee275423fad1e35cb0	.rela.text	63132	.text	0x1157ac	0x1157ac	0x11580c	R_AARCH64_ADR_PREL_PG_HI21		6	0	STT_SECTION	.rodata.str1.8	0x0	0x45548		0x45548	mt7990_ser_1_0_v1	0x115440	0x36c	symbol_size	0x115f74		executable_reference	0x90000005	outgoing	
.local/legacy-firmware/work/extract/stock-rootfs/lib/modules/5.4.55/mt_wifi.ko	40c8f974ad7317776f602c069c009d1f0d5d939d622ccdee275423fad1e35cb0	.rela.text	63133	.text	0x1157b8	0x1157b8	0x115818	R_AARCH64_ADD_ABS_LO12_NC		6	0	STT_SECTION	.rodata.str1.8	0x0	0x45548		0x45548	mt7990_ser_1_0_v1	0x115440	0x378	symbol_size	0x115f74		executable_reference	0x910000a5	outgoing	
.local/legacy-firmware/work/extract/stock-rootfs/lib/modules/5.4.55/mt_wifi.ko	40c8f974ad7317776f602c069c009d1f0d5d939d622ccdee275423fad1e35cb0	.rela.text	63134	.text	0x1157cc	0x1157cc	0x11582c	R_AARCH64_CALL26	mtwf_dbg_prt	4914	0	STT_FUNC	.text	0x1e46b0	0x0	mtwf_dbg_prt	0x1e46b0	mt7990_ser_1_0_v1	0x115440	0x38c	symbol_size	0x115f74		direct_call_BL	0x94000000	outgoing	
.local/legacy-firmware/work/extract/stock-rootfs/lib/modules/5.4.55/mt_wifi.ko	40c8f974ad7317776f602c069c009d1f0d5d939d622ccdee275423fad1e35cb0	.rela.text	63135	.text	0x11580c	0x11580c	0x11586c	R_AARCH64_LDST32_ABS_LO12_NC	DebugCategory	8827	0	STT_OBJECT	.data	0x26c978	0x0		0x26c978	mt7990_ser_1_0_v1	0x115440	0x3cc	symbol_size	0x115f74		executable_reference	0xb94002c0	outgoing	
.local/legacy-firmware/work/extract/stock-rootfs/lib/modules/5.4.55/mt_wifi.ko	40c8f974ad7317776f602c069c009d1f0d5d939d622ccdee275423fad1e35cb0	.rela.text	63136	.text	0x115824	0x115824	0x115884	R_AARCH64_CALL26	ser_get_curr_state	5913	0	STT_FUNC	.text	0x398180	0x0	ser_get_curr_state	0x398180	mt7990_ser_1_0_v1	0x115440	0x3e4	symbol_size	0x115f74		direct_call_BL	0x94000000	outgoing	
.local/legacy-firmware/work/extract/stock-rootfs/lib/modules/5.4.55/mt_wifi.ko	40c8f974ad7317776f602c069c009d1f0d5d939d622ccdee275423fad1e35cb0	.rela.text	63137	.text	0x115830	0x115830	0x115890	R_AARCH64_ADR_PREL_PG_HI21		6	0	STT_SECTION	.rodata.str1.8	0x0	0x45598		0x45598	mt7990_ser_1_0_v1	0x115440	0x3f0	symbol_size	0x115f74		executable_reference	0x90000005	outgoing	
.local/legacy-firmware/work/extract/stock-rootfs/lib/modules/5.4.55/mt_wifi.ko	40c8f974ad7317776f602c069c009d1f0d5d939d622ccdee275423fad1e35cb0	.rela.text	63138	.text	0x115834	0x115834	0x115894	R_AARCH64_ADR_PREL_PG_HI21		5	0	STT_SECTION	.rodata	0x0	0x12a08		0x12a08	mt7990_ser_1_0_v1	0x115440	0x3f4	symbol_size	0x115f74		executable_reference	0x90000003	outgoing	
.local/legacy-firmware/work/extract/stock-rootfs/lib/modules/5.4.55/mt_wifi.ko	40c8f974ad7317776f602c069c009d1f0d5d939d622ccdee275423fad1e35cb0	.rela.text	63139	.text	0x115838	0x115838	0x115898	R_AARCH64_ADD_ABS_LO12_NC		6	0	STT_SECTION	.rodata.str1.8	0x0	0x45598		0x45598	mt7990_ser_1_0_v1	0x115440	0x3f8	symbol_size	0x115f74		executable_reference	0x910000a5	outgoing	
.local/legacy-firmware/work/extract/stock-rootfs/lib/modules/5.4.55/mt_wifi.ko	40c8f974ad7317776f602c069c009d1f0d5d939d622ccdee275423fad1e35cb0	.rela.text	63140	.text	0x11583c	0x11583c	0x11589c	R_AARCH64_ADD_ABS_LO12_NC		5	0	STT_SECTION	.rodata	0x0	0x12a08		0x12a08	mt7990_ser_1_0_v1	0x115440	0x3fc	symbol_size	0x115f74		executable_reference	0x91000063	outgoing	
.local/legacy-firmware/work/extract/stock-rootfs/lib/modules/5.4.55/mt_wifi.ko	40c8f974ad7317776f602c069c009d1f0d5d939d622ccdee275423fad1e35cb0	.rela.text	63141	.text	0x115850	0x115850	0x1158b0	R_AARCH64_CALL26	mtwf_dbg_prt	4914	0	STT_FUNC	.text	0x1e46b0	0x0	mtwf_dbg_prt	0x1e46b0	mt7990_ser_1_0_v1	0x115440	0x410	symbol_size	0x115f74		direct_call_BL	0x94000000	outgoing	
.local/legacy-firmware/work/extract/stock-rootfs/lib/modules/5.4.55/mt_wifi.ko	40c8f974ad7317776f602c069c009d1f0d5d939d622ccdee275423fad1e35cb0	.rela.text	63142	.text	0x115870	0x115870	0x1158d0	R_AARCH64_LDST32_ABS_LO12_NC	DebugCategory	8827	0	STT_OBJECT	.data	0x26c978	0x0		0x26c978	mt7990_ser_1_0_v1	0x115440	0x430	symbol_size	0x115f74		executable_reference	0xb94002c0	outgoing	
.local/legacy-firmware/work/extract/stock-rootfs/lib/modules/5.4.55/mt_wifi.ko	40c8f974ad7317776f602c069c009d1f0d5d939d622ccdee275423fad1e35cb0	.rela.text	63143	.text	0x115884	0x115884	0x1158e4	R_AARCH64_CALL26	ser_get_time	1913	0	STT_FUNC	.text	0x3982a0	0x0	ser_get_time	0x3982a0	mt7990_ser_1_0_v1	0x115440	0x444	symbol_size	0x115f74		direct_call_BL	0x94000000	outgoing	
.local/legacy-firmware/work/extract/stock-rootfs/lib/modules/5.4.55/mt_wifi.ko	40c8f974ad7317776f602c069c009d1f0d5d939d622ccdee275423fad1e35cb0	.rela.text	63144	.text	0x1158ac	0x1158ac	0x11590c	R_AARCH64_CALL26	qm_exit_perband	7278	0	STT_FUNC	.text	0x1b9310	0x0	qm_exit_perband	0x1b9310	mt7990_ser_1_0_v1	0x115440	0x46c	symbol_size	0x115f74		direct_call_BL	0x94000000	outgoing	
.local/legacy-firmware/work/extract/stock-rootfs/lib/modules/5.4.55/mt_wifi.ko	40c8f974ad7317776f602c069c009d1f0d5d939d622ccdee275423fad1e35cb0	.rela.text	63145	.text	0x1158f4	0x1158f4	0x115954	R_AARCH64_CALL26	ser_ack_event	8663	0	STT_FUNC	.text	0x398604	0x0	ser_ack_event	0x398604	mt7990_ser_1_0_v1	0x115440	0x4b4	symbol_size	0x115f74		direct_call_BL	0x94000000	both	
.local/legacy-firmware/work/extract/stock-rootfs/lib/modules/5.4.55/mt_wifi.ko	40c8f974ad7317776f602c069c009d1f0d5d939d622ccdee275423fad1e35cb0	.rela.text	63146	.text	0x1158fc	0x1158fc	0x11595c	R_AARCH64_CALL26	ser_get_fe_pAd_by_mainpAd	1478	0	STT_FUNC	.text	0x398764	0x0	ser_get_fe_pAd_by_mainpAd	0x398764	mt7990_ser_1_0_v1	0x115440	0x4bc	symbol_size	0x115f74		direct_call_BL	0x94000000	outgoing	
.local/legacy-firmware/work/extract/stock-rootfs/lib/modules/5.4.55/mt_wifi.ko	40c8f974ad7317776f602c069c009d1f0d5d939d622ccdee275423fad1e35cb0	.rela.text	63147	.text	0x115920	0x115920	0x115980	R_AARCH64_CALL26	ser_tans_ser_state	10278	0	STT_FUNC	.text	0x398130	0x0	ser_tans_ser_state	0x398130	mt7990_ser_1_0_v1	0x115440	0x4e0	symbol_size	0x115f74		direct_call_BL	0x94000000	outgoing	
.local/legacy-firmware/work/extract/stock-rootfs/lib/modules/5.4.55/mt_wifi.ko	40c8f974ad7317776f602c069c009d1f0d5d939d622ccdee275423fad1e35cb0	.rela.text	63148	.text	0x115928	0x115928	0x115988	R_AARCH64_LDST32_ABS_LO12_NC	DebugCategory	8827	0	STT_OBJECT	.data	0x26c978	0x0		0x26c978	mt7990_ser_1_0_v1	0x115440	0x4e8	symbol_size	0x115f74		executable_reference	0xb94002c0	outgoing	
.local/legacy-firmware/work/extract/stock-rootfs/lib/modules/5.4.55/mt_wifi.ko	40c8f974ad7317776f602c069c009d1f0d5d939d622ccdee275423fad1e35cb0	.rela.text	63149	.text	0x11593c	0x11593c	0x11599c	R_AARCH64_CALL26	ser_get_curr_state	5913	0	STT_FUNC	.text	0x398180	0x0	ser_get_curr_state	0x398180	mt7990_ser_1_0_v1	0x115440	0x4fc	symbol_size	0x115f74		direct_call_BL	0x94000000	outgoing	
.local/legacy-firmware/work/extract/stock-rootfs/lib/modules/5.4.55/mt_wifi.ko	40c8f974ad7317776f602c069c009d1f0d5d939d622ccdee275423fad1e35cb0	.rela.text	63150	.text	0x11594c	0x11594c	0x1159ac	R_AARCH64_ADR_PREL_PG_HI21		6	0	STT_SECTION	.rodata.str1.8	0x0	0x45598		0x45598	mt7990_ser_1_0_v1	0x115440	0x50c	symbol_size	0x115f74		executable_reference	0x90000005	outgoing	
.local/legacy-firmware/work/extract/stock-rootfs/lib/modules/5.4.55/mt_wifi.ko	40c8f974ad7317776f602c069c009d1f0d5d939d622ccdee275423fad1e35cb0	.rela.text	63151	.text	0x115954	0x115954	0x1159b4	R_AARCH64_ADD_ABS_LO12_NC		6	0	STT_SECTION	.rodata.str1.8	0x0	0x45598		0x45598	mt7990_ser_1_0_v1	0x115440	0x514	symbol_size	0x115f74		executable_reference	0x910000a5	outgoing	
.local/legacy-firmware/work/extract/stock-rootfs/lib/modules/5.4.55/mt_wifi.ko	40c8f974ad7317776f602c069c009d1f0d5d939d622ccdee275423fad1e35cb0	.rela.text	63152	.text	0x115964	0x115964	0x1159c4	R_AARCH64_CALL26	mtwf_dbg_prt	4914	0	STT_FUNC	.text	0x1e46b0	0x0	mtwf_dbg_prt	0x1e46b0	mt7990_ser_1_0_v1	0x115440	0x524	symbol_size	0x115f74		direct_call_BL	0x94000000	outgoing	
.local/legacy-firmware/work/extract/stock-rootfs/lib/modules/5.4.55/mt_wifi.ko	40c8f974ad7317776f602c069c009d1f0d5d939d622ccdee275423fad1e35cb0	.rela.text	63153	.text	0x115978	0x115978	0x1159d8	R_AARCH64_CALL26	ser_tans_ser_state	10278	0	STT_FUNC	.text	0x398130	0x0	ser_tans_ser_state	0x398130	mt7990_ser_1_0_v1	0x115440	0x538	symbol_size	0x115f74		direct_call_BL	0x94000000	outgoing	
.local/legacy-firmware/work/extract/stock-rootfs/lib/modules/5.4.55/mt_wifi.ko	40c8f974ad7317776f602c069c009d1f0d5d939d622ccdee275423fad1e35cb0	.rela.text	63154	.text	0x115984	0x115984	0x1159e4	R_AARCH64_LDST32_ABS_LO12_NC	DebugCategory	8827	0	STT_OBJECT	.data	0x26c978	0x0		0x26c978	mt7990_ser_1_0_v1	0x115440	0x544	symbol_size	0x115f74		executable_reference	0xb94002c0	outgoing	
.local/legacy-firmware/work/extract/stock-rootfs/lib/modules/5.4.55/mt_wifi.ko	40c8f974ad7317776f602c069c009d1f0d5d939d622ccdee275423fad1e35cb0	.rela.text	63155	.text	0x11599c	0x11599c	0x1159fc	R_AARCH64_CALL26	ser_get_curr_state	5913	0	STT_FUNC	.text	0x398180	0x0	ser_get_curr_state	0x398180	mt7990_ser_1_0_v1	0x115440	0x55c	symbol_size	0x115f74		direct_call_BL	0x94000000	outgoing	
.local/legacy-firmware/work/extract/stock-rootfs/lib/modules/5.4.55/mt_wifi.ko	40c8f974ad7317776f602c069c009d1f0d5d939d622ccdee275423fad1e35cb0	.rela.text	63156	.text	0x1159a8	0x1159a8	0x115a08	R_AARCH64_ADR_PREL_PG_HI21		6	0	STT_SECTION	.rodata.str1.8	0x0	0x45598		0x45598	mt7990_ser_1_0_v1	0x115440	0x568	symbol_size	0x115f74		executable_reference	0x90000005	outgoing	
.local/legacy-firmware/work/extract/stock-rootfs/lib/modules/5.4.55/mt_wifi.ko	40c8f974ad7317776f602c069c009d1f0d5d939d622ccdee275423fad1e35cb0	.rela.text	63157	.text	0x1159ac	0x1159ac	0x115a0c	R_AARCH64_ADR_PREL_PG_HI21		5	0	STT_SECTION	.rodata	0x0	0x12a08		0x12a08	mt7990_ser_1_0_v1	0x115440	0x56c	symbol_size	0x115f74		executable_reference	0x90000003	outgoing	
.local/legacy-firmware/work/extract/stock-rootfs/lib/modules/5.4.55/mt_wifi.ko	40c8f974ad7317776f602c069c009d1f0d5d939d622ccdee275423fad1e35cb0	.rela.text	63158	.text	0x1159b0	0x1159b0	0x115a10	R_AARCH64_ADD_ABS_LO12_NC		6	0	STT_SECTION	.rodata.str1.8	0x0	0x45598		0x45598	mt7990_ser_1_0_v1	0x115440	0x570	symbol_size	0x115f74		executable_reference	0x910000a5	outgoing	
.local/legacy-firmware/work/extract/stock-rootfs/lib/modules/5.4.55/mt_wifi.ko	40c8f974ad7317776f602c069c009d1f0d5d939d622ccdee275423fad1e35cb0	.rela.text	63159	.text	0x1159b4	0x1159b4	0x115a14	R_AARCH64_ADD_ABS_LO12_NC		5	0	STT_SECTION	.rodata	0x0	0x12a08		0x12a08	mt7990_ser_1_0_v1	0x115440	0x574	symbol_size	0x115f74		executable_reference	0x91000063	outgoing	
.local/legacy-firmware/work/extract/stock-rootfs/lib/modules/5.4.55/mt_wifi.ko	40c8f974ad7317776f602c069c009d1f0d5d939d622ccdee275423fad1e35cb0	.rela.text	63160	.text	0x1159c8	0x1159c8	0x115a28	R_AARCH64_CALL26	mtwf_dbg_prt	4914	0	STT_FUNC	.text	0x1e46b0	0x0	mtwf_dbg_prt	0x1e46b0	mt7990_ser_1_0_v1	0x115440	0x588	symbol_size	0x115f74		direct_call_BL	0x94000000	outgoing	
.local/legacy-firmware/work/extract/stock-rootfs/lib/modules/5.4.55/mt_wifi.ko	40c8f974ad7317776f602c069c009d1f0d5d939d622ccdee275423fad1e35cb0	.rela.text	63161	.text	0x1159d0	0x1159d0	0x115a30	R_AARCH64_CALL26	ser_get_time	1913	0	STT_FUNC	.text	0x3982a0	0x0	ser_get_time	0x3982a0	mt7990_ser_1_0_v1	0x115440	0x590	symbol_size	0x115f74		direct_call_BL	0x94000000	outgoing	
.local/legacy-firmware/work/extract/stock-rootfs/lib/modules/5.4.55/mt_wifi.ko	40c8f974ad7317776f602c069c009d1f0d5d939d622ccdee275423fad1e35cb0	.rela.text	63162	.text	0x1159d8	0x1159d8	0x115a38	R_AARCH64_LDST32_ABS_LO12_NC	DebugCategory	8827	0	STT_OBJECT	.data	0x26c978	0x0		0x26c978	mt7990_ser_1_0_v1	0x115440	0x598	symbol_size	0x115f74		executable_reference	0xb94002c1	outgoing	
.local/legacy-firmware/work/extract/stock-rootfs/lib/modules/5.4.55/mt_wifi.ko	40c8f974ad7317776f602c069c009d1f0d5d939d622ccdee275423fad1e35cb0	.rela.text	63163	.text	0x1159e0	0x1159e0	0x115a40	R_AARCH64_ADR_PREL_PG_HI21	DebugSubCategory	3953	0	STT_OBJECT	.data	0x26c980	0x88		0x26ca08	mt7990_ser_1_0_v1	0x115440	0x5a0	symbol_size	0x115f74		executable_reference	0x90000000	outgoing	
.local/legacy-firmware/work/extract/stock-rootfs/lib/modules/5.4.55/mt_wifi.ko	40c8f974ad7317776f602c069c009d1f0d5d939d622ccdee275423fad1e35cb0	.rela.text	63164	.text	0x1159e4	0x1159e4	0x115a44	R_AARCH64_LDST32_ABS_LO12_NC	DebugSubCategory	3953	0	STT_OBJECT	.data	0x26c980	0x88		0x26ca08	mt7990_ser_1_0_v1	0x115440	0x5a4	symbol_size	0x115f74		executable_reference	0xb9400000	outgoing	
.local/legacy-firmware/work/extract/stock-rootfs/lib/modules/5.4.55/mt_wifi.ko	40c8f974ad7317776f602c069c009d1f0d5d939d622ccdee275423fad1e35cb0	.rela.text	63165	.text	0x1159ec	0x1159ec	0x115a4c	R_AARCH64_CALL26	ser_get_time	1913	0	STT_FUNC	.text	0x3982a0	0x0	ser_get_time	0x3982a0	mt7990_ser_1_0_v1	0x115440	0x5ac	symbol_size	0x115f74		direct_call_BL	0x94000000	outgoing	
.local/legacy-firmware/work/extract/stock-rootfs/lib/modules/5.4.55/mt_wifi.ko	40c8f974ad7317776f602c069c009d1f0d5d939d622ccdee275423fad1e35cb0	.rela.text	63166	.text	0x1159f8	0x1159f8	0x115a58	R_AARCH64_CALL26	_ser_dump_timelog	3347	0	STT_FUNC	.text	0x3982b4	0x0	_ser_dump_timelog	0x3982b4	mt7990_ser_1_0_v1	0x115440	0x5b8	symbol_size	0x115f74		direct_call_BL	0x94000000	outgoing	
.local/legacy-firmware/work/extract/stock-rootfs/lib/modules/5.4.55/mt_wifi.ko	40c8f974ad7317776f602c069c009d1f0d5d939d622ccdee275423fad1e35cb0	.rela.text	63167	.text	0x115a04	0x115a04	0x115a64	R_AARCH64_LDST32_ABS_LO12_NC	DebugCategory	8827	0	STT_OBJECT	.data	0x26c978	0x0		0x26c978	mt7990_ser_1_0_v1	0x115440	0x5c4	symbol_size	0x115f74		executable_reference	0xb94002c0	outgoing	
.local/legacy-firmware/work/extract/stock-rootfs/lib/modules/5.4.55/mt_wifi.ko	40c8f974ad7317776f602c069c009d1f0d5d939d622ccdee275423fad1e35cb0	.rela.text	63168	.text	0x115a0c	0x115a0c	0x115a6c	R_AARCH64_ADR_PREL_PG_HI21	DebugSubCategory	3953	0	STT_OBJECT	.data	0x26c980	0x88		0x26ca08	mt7990_ser_1_0_v1	0x115440	0x5cc	symbol_size	0x115f74		executable_reference	0x90000000	outgoing	
.local/legacy-firmware/work/extract/stock-rootfs/lib/modules/5.4.55/mt_wifi.ko	40c8f974ad7317776f602c069c009d1f0d5d939d622ccdee275423fad1e35cb0	.rela.text	63169	.text	0x115a10	0x115a10	0x115a70	R_AARCH64_LDST32_ABS_LO12_NC	DebugSubCategory	3953	0	STT_OBJECT	.data	0x26c980	0x88		0x26ca08	mt7990_ser_1_0_v1	0x115440	0x5d0	symbol_size	0x115f74		executable_reference	0xb9400000	outgoing	
.local/legacy-firmware/work/extract/stock-rootfs/lib/modules/5.4.55/mt_wifi.ko	40c8f974ad7317776f602c069c009d1f0d5d939d622ccdee275423fad1e35cb0	.rela.text	63170	.text	0x115a20	0x115a20	0x115a80	R_AARCH64_CALL26	ser_tans_ser_state	10278	0	STT_FUNC	.text	0x398130	0x0	ser_tans_ser_state	0x398130	mt7990_ser_1_0_v1	0x115440	0x5e0	symbol_size	0x115f74		direct_call_BL	0x94000000	outgoing	
.local/legacy-firmware/work/extract/stock-rootfs/lib/modules/5.4.55/mt_wifi.ko	40c8f974ad7317776f602c069c009d1f0d5d939d622ccdee275423fad1e35cb0	.rela.text	63171	.text	0x115a28	0x115a28	0x115a88	R_AARCH64_CALL26	mt7990_ser_1_0_v1	7353	0	STT_FUNC	.text	0x115440	0x0	mt7990_ser_1_0_v1	0x115440	mt7990_ser_1_0_v1	0x115440	0x5e8	symbol_size	0x115f74		direct_call_BL	0x94000000	both	
.local/legacy-firmware/work/extract/stock-rootfs/lib/modules/5.4.55/mt_wifi.ko	40c8f974ad7317776f602c069c009d1f0d5d939d622ccdee275423fad1e35cb0	.rela.text	63172	.text	0x115a38	0x115a38	0x115a98	R_AARCH64_CALL26	os_zero_mem	9981	0	STT_FUNC	.text	0x39d9e4	0x0	os_zero_mem	0x39d9e4	mt7990_ser_1_0_v1	0x115440	0x5f8	symbol_size	0x115f74		direct_call_BL	0x94000000	outgoing	
.local/legacy-firmware/work/extract/stock-rootfs/lib/modules/5.4.55/mt_wifi.ko	40c8f974ad7317776f602c069c009d1f0d5d939d622ccdee275423fad1e35cb0	.rela.text	63173	.text	0x115a3c	0x115a3c	0x115a9c	R_AARCH64_CALL26	ser_get_time	1913	0	STT_FUNC	.text	0x3982a0	0x0	ser_get_time	0x3982a0	mt7990_ser_1_0_v1	0x115440	0x5fc	symbol_size	0x115f74		direct_call_BL	0x94000000	outgoing	
.local/legacy-firmware/work/extract/stock-rootfs/lib/modules/5.4.55/mt_wifi.ko	40c8f974ad7317776f602c069c009d1f0d5d939d622ccdee275423fad1e35cb0	.rela.text	63174	.text	0x115a44	0x115a44	0x115aa4	R_AARCH64_LDST32_ABS_LO12_NC	DebugCategory	8827	0	STT_OBJECT	.data	0x26c978	0x0		0x26c978	mt7990_ser_1_0_v1	0x115440	0x604	symbol_size	0x115f74		executable_reference	0xb94002c1	outgoing	
.local/legacy-firmware/work/extract/stock-rootfs/lib/modules/5.4.55/mt_wifi.ko	40c8f974ad7317776f602c069c009d1f0d5d939d622ccdee275423fad1e35cb0	.rela.text	63175	.text	0x115a4c	0x115a4c	0x115aac	R_AARCH64_ADR_PREL_PG_HI21	DebugSubCategory	3953	0	STT_OBJECT	.data	0x26c980	0x208		0x26cb88	mt7990_ser_1_0_v1	0x115440	0x60c	symbol_size	0x115f74		executable_reference	0x90000000	outgoing	
.local/legacy-firmware/work/extract/stock-rootfs/lib/modules/5.4.55/mt_wifi.ko	40c8f974ad7317776f602c069c009d1f0d5d939d622ccdee275423fad1e35cb0	.rela.text	63176	.text	0x115a50	0x115a50	0x115ab0	R_AARCH64_LDST32_ABS_LO12_NC	DebugSubCategory	3953	0	STT_OBJECT	.data	0x26c980	0x208		0x26cb88	mt7990_ser_1_0_v1	0x115440	0x610	symbol_size	0x115f74		executable_reference	0xb9400000	outgoing	
.local/legacy-firmware/work/extract/stock-rootfs/lib/modules/5.4.55/mt_wifi.ko	40c8f974ad7317776f602c069c009d1f0d5d939d622ccdee275423fad1e35cb0	.rela.text	63177	.text	0x115a68	0x115a68	0x115ac8	R_AARCH64_ADR_PREL_PG_HI21		6	0	STT_SECTION	.rodata.str1.8	0x0	0x45580		0x45580	mt7990_ser_1_0_v1	0x115440	0x628	symbol_size	0x115f74		executable_reference	0x90000006	outgoing	
.local/legacy-firmware/work/extract/stock-rootfs/lib/modules/5.4.55/mt_wifi.ko	40c8f974ad7317776f602c069c009d1f0d5d939d622ccdee275423fad1e35cb0	.rela.text	63178	.text	0x115a6c	0x115a6c	0x115acc	R_AARCH64_ADR_PREL_PG_HI21	rtmp_timer_ser_l1_timeout	4380	0	STT_FUNC	.text	0x1c7bd0	0x0	rtmp_timer_ser_l1_timeout	0x1c7bd0	mt7990_ser_1_0_v1	0x115440	0x62c	symbol_size	0x115f74		executable_reference	0x90000003	outgoing	
.local/legacy-firmware/work/extract/stock-rootfs/lib/modules/5.4.55/mt_wifi.ko	40c8f974ad7317776f602c069c009d1f0d5d939d622ccdee275423fad1e35cb0	.rela.text	63179	.text	0x115a70	0x115a70	0x115ad0	R_AARCH64_ADD_ABS_LO12_NC		6	0	STT_SECTION	.rodata.str1.8	0x0	0x45580		0x45580	mt7990_ser_1_0_v1	0x115440	0x630	symbol_size	0x115f74		executable_reference	0x910000c6	outgoing	
.local/legacy-firmware/work/extract/stock-rootfs/lib/modules/5.4.55/mt_wifi.ko	40c8f974ad7317776f602c069c009d1f0d5d939d622ccdee275423fad1e35cb0	.rela.text	63180	.text	0x115a74	0x115a74	0x115ad4	R_AARCH64_ADD_ABS_LO12_NC	rtmp_timer_ser_l1_timeout	4380	0	STT_FUNC	.text	0x1c7bd0	0x0	rtmp_timer_ser_l1_timeout	0x1c7bd0	mt7990_ser_1_0_v1	0x115440	0x634	symbol_size	0x115f74		executable_reference	0x91000063	outgoing	
.local/legacy-firmware/work/extract/stock-rootfs/lib/modules/5.4.55/mt_wifi.ko	40c8f974ad7317776f602c069c009d1f0d5d939d622ccdee275423fad1e35cb0	.rela.text	63181	.text	0x115a80	0x115a80	0x115ae0	R_AARCH64_CALL26	physical_device_init_timer	4639	0	STT_FUNC	.text	0x38acf0	0x0	physical_device_init_timer	0x38acf0	mt7990_ser_1_0_v1	0x115440	0x640	symbol_size	0x115f74		direct_call_BL	0x94000000	outgoing	
.local/legacy-firmware/work/extract/stock-rootfs/lib/modules/5.4.55/mt_wifi.ko	40c8f974ad7317776f602c069c009d1f0d5d939d622ccdee275423fad1e35cb0	.rela.text	63182	.text	0x115a8c	0x115a8c	0x115aec	R_AARCH64_CALL26	RTMPSetTimer	2788	0	STT_FUNC	.text	0x1c4b94	0x0	RTMPSetTimer	0x1c4b94	mt7990_ser_1_0_v1	0x115440	0x64c	symbol_size	0x115f74		direct_call_BL	0x94000000	outgoing	
.local/legacy-firmware/work/extract/stock-rootfs/lib/modules/5.4.55/mt_wifi.ko	40c8f974ad7317776f602c069c009d1f0d5d939d622ccdee275423fad1e35cb0	.rela.text	63183	.text	0x115a98	0x115a98	0x115af8	R_AARCH64_CALL26	ser_tans_ser_state	10278	0	STT_FUNC	.text	0x398130	0x0	ser_tans_ser_state	0x398130	mt7990_ser_1_0_v1	0x115440	0x658	symbol_size	0x115f74		direct_call_BL	0x94000000	outgoing	
.local/legacy-firmware/work/extract/stock-rootfs/lib/modules/5.4.55/mt_wifi.ko	40c8f974ad7317776f602c069c009d1f0d5d939d622ccdee275423fad1e35cb0	.rela.text	63184	.text	0x115b0c	0x115b0c	0x115b6c	R_AARCH64_CALL26	asic_ser_handler	5465	0	STT_FUNC	.text	0x34d820	0x0	asic_ser_handler	0x34d820	mt7990_ser_1_0_v1	0x115440	0x6cc	symbol_size	0x115f74		direct_call_BL	0x94000000	both	
.local/legacy-firmware/work/extract/stock-rootfs/lib/modules/5.4.55/mt_wifi.ko	40c8f974ad7317776f602c069c009d1f0d5d939d622ccdee275423fad1e35cb0	.rela.text	63185	.text	0x115b20	0x115b20	0x115b80	R_AARCH64_CALL26	asic_ser_handler	5465	0	STT_FUNC	.text	0x34d820	0x0	asic_ser_handler	0x34d820	mt7990_ser_1_0_v1	0x115440	0x6e0	symbol_size	0x115f74		direct_call_BL	0x94000000	both	
.local/legacy-firmware/work/extract/stock-rootfs/lib/modules/5.4.55/mt_wifi.ko	40c8f974ad7317776f602c069c009d1f0d5d939d622ccdee275423fad1e35cb0	.rela.text	63186	.text	0x115b38	0x115b38	0x115b98	R_AARCH64_CALL26	qm_init_perband	8845	0	STT_FUNC	.text	0x1b9250	0x0	qm_init_perband	0x1b9250	mt7990_ser_1_0_v1	0x115440	0x6f8	symbol_size	0x115f74		direct_call_BL	0x94000000	outgoing	
.local/legacy-firmware/work/extract/stock-rootfs/lib/modules/5.4.55/mt_wifi.ko	40c8f974ad7317776f602c069c009d1f0d5d939d622ccdee275423fad1e35cb0	.rela.text	63187	.text	0x115b40	0x115b40	0x115ba0	R_AARCH64_CALL26	tm_init	1821	0	STT_FUNC	.text	0x3a7e30	0x0	tm_init	0x3a7e30	mt7990_ser_1_0_v1	0x115440	0x700	symbol_size	0x115f74		direct_call_BL	0x94000000	outgoing	
.local/legacy-firmware/work/extract/stock-rootfs/lib/modules/5.4.55/mt_wifi.ko	40c8f974ad7317776f602c069c009d1f0d5d939d622ccdee275423fad1e35cb0	.rela.text	63188	.text	0x115b7c	0x115b7c	0x115bdc	R_AARCH64_CALL26	tm_exit	5042	0	STT_FUNC	.text	0x3a7ea4	0x0	tm_exit	0x3a7ea4	mt7990_ser_1_0_v1	0x115440	0x73c	symbol_size	0x115f74		direct_call_BL	0x94000000	outgoing	
.local/legacy-firmware/work/extract/stock-rootfs/lib/modules/5.4.55/mt_wifi.ko	40c8f974ad7317776f602c069c009d1f0d5d939d622ccdee275423fad1e35cb0	.rela.text	63189	.text	0x115c00	0x115c00	0x115c60	R_AARCH64_CALL26	asic_ser_handler	5465	0	STT_FUNC	.text	0x34d820	0x0	asic_ser_handler	0x34d820	mt7990_ser_1_0_v1	0x115440	0x7c0	symbol_size	0x115f74		direct_call_BL	0x94000000	both	
.local/legacy-firmware/work/extract/stock-rootfs/lib/modules/5.4.55/mt_wifi.ko	40c8f974ad7317776f602c069c009d1f0d5d939d622ccdee275423fad1e35cb0	.rela.text	63190	.text	0x115c10	0x115c10	0x115c70	R_AARCH64_CALL26	asic_ser_handler	5465	0	STT_FUNC	.text	0x34d820	0x0	asic_ser_handler	0x34d820	mt7990_ser_1_0_v1	0x115440	0x7d0	symbol_size	0x115f74		direct_call_BL	0x94000000	both	
.local/legacy-firmware/work/extract/stock-rootfs/lib/modules/5.4.55/mt_wifi.ko	40c8f974ad7317776f602c069c009d1f0d5d939d622ccdee275423fad1e35cb0	.rela.text	63191	.text	0x115c1c	0x115c1c	0x115c7c	R_AARCH64_CALL26	ser_tans_ser_state	10278	0	STT_FUNC	.text	0x398130	0x0	ser_tans_ser_state	0x398130	mt7990_ser_1_0_v1	0x115440	0x7dc	symbol_size	0x115f74		direct_call_BL	0x94000000	outgoing	
.local/legacy-firmware/work/extract/stock-rootfs/lib/modules/5.4.55/mt_wifi.ko	40c8f974ad7317776f602c069c009d1f0d5d939d622ccdee275423fad1e35cb0	.rela.text	63192	.text	0x115c28	0x115c28	0x115c88	R_AARCH64_CALL26	ser_ack_event	8663	0	STT_FUNC	.text	0x398604	0x0	ser_ack_event	0x398604	mt7990_ser_1_0_v1	0x115440	0x7e8	symbol_size	0x115f74		direct_call_BL	0x94000000	both	
.local/legacy-firmware/work/extract/stock-rootfs/lib/modules/5.4.55/mt_wifi.ko	40c8f974ad7317776f602c069c009d1f0d5d939d622ccdee275423fad1e35cb0	.rela.text	63193	.text	0x115c2c	0x115c2c	0x115c8c	R_AARCH64_CALL26	ser_get_time	1913	0	STT_FUNC	.text	0x3982a0	0x0	ser_get_time	0x3982a0	mt7990_ser_1_0_v1	0x115440	0x7ec	symbol_size	0x115f74		direct_call_BL	0x94000000	outgoing	
.local/legacy-firmware/work/extract/stock-rootfs/lib/modules/5.4.55/mt_wifi.ko	40c8f974ad7317776f602c069c009d1f0d5d939d622ccdee275423fad1e35cb0	.rela.text	63194	.text	0x115c44	0x115c44	0x115ca4	R_AARCH64_CALL26	ser_ack_event	8663	0	STT_FUNC	.text	0x398604	0x0	ser_ack_event	0x398604	mt7990_ser_1_0_v1	0x115440	0x804	symbol_size	0x115f74		direct_call_BL	0x94000000	both	
.local/legacy-firmware/work/extract/stock-rootfs/lib/modules/5.4.55/mt_wifi.ko	40c8f974ad7317776f602c069c009d1f0d5d939d622ccdee275423fad1e35cb0	.rela.text	63195	.text	0x115c60	0x115c60	0x115cc0	R_AARCH64_CALL26	asic_ser_handler	5465	0	STT_FUNC	.text	0x34d820	0x0	asic_ser_handler	0x34d820	mt7990_ser_1_0_v1	0x115440	0x820	symbol_size	0x115f74		direct_call_BL	0x94000000	both	
.local/legacy-firmware/work/extract/stock-rootfs/lib/modules/5.4.55/mt_wifi.ko	40c8f974ad7317776f602c069c009d1f0d5d939d622ccdee275423fad1e35cb0	.rela.text	63196	.text	0x115c98	0x115c98	0x115cf8	R_AARCH64_CALL26	RtmpusecDelay	8309	0	STT_FUNC	.text	0x39a3a4	0x0	RtmpusecDelay	0x39a3a4	mt7990_ser_1_0_v1	0x115440	0x858	symbol_size	0x115f74		direct_call_BL	0x94000000	outgoing	
.local/legacy-firmware/work/extract/stock-rootfs/lib/modules/5.4.55/mt_wifi.ko	40c8f974ad7317776f602c069c009d1f0d5d939d622ccdee275423fad1e35cb0	.rela.text	63197	.text	0x115cb0	0x115cb0	0x115d10	R_AARCH64_CALL26	asic_ser_handler	5465	0	STT_FUNC	.text	0x34d820	0x0	asic_ser_handler	0x34d820	mt7990_ser_1_0_v1	0x115440	0x870	symbol_size	0x115f74		direct_call_BL	0x94000000	both	
.local/legacy-firmware/work/extract/stock-rootfs/lib/modules/5.4.55/mt_wifi.ko	40c8f974ad7317776f602c069c009d1f0d5d939d622ccdee275423fad1e35cb0	.rela.text	63198	.text	0x115ce4	0x115ce4	0x115d44	R_AARCH64_CALL26	ser_ack_event	8663	0	STT_FUNC	.text	0x398604	0x0	ser_ack_event	0x398604	mt7990_ser_1_0_v1	0x115440	0x8a4	symbol_size	0x115f74		direct_call_BL	0x94000000	both	
.local/legacy-firmware/work/extract/stock-rootfs/lib/modules/5.4.55/mt_wifi.ko	40c8f974ad7317776f602c069c009d1f0d5d939d622ccdee275423fad1e35cb0	.rela.text	63199	.text	0x115cf0	0x115cf0	0x115d50	R_AARCH64_CALL26	RtmpusecDelay	8309	0	STT_FUNC	.text	0x39a3a4	0x0	RtmpusecDelay	0x39a3a4	mt7990_ser_1_0_v1	0x115440	0x8b0	symbol_size	0x115f74		direct_call_BL	0x94000000	outgoing	
.local/legacy-firmware/work/extract/stock-rootfs/lib/modules/5.4.55/mt_wifi.ko	40c8f974ad7317776f602c069c009d1f0d5d939d622ccdee275423fad1e35cb0	.rela.text	63200	.text	0x115cf8	0x115cf8	0x115d58	R_AARCH64_CALL26	mt7990_ser_1_0_v1	7353	0	STT_FUNC	.text	0x115440	0x0	mt7990_ser_1_0_v1	0x115440	mt7990_ser_1_0_v1	0x115440	0x8b8	symbol_size	0x115f74		direct_call_BL	0x94000000	both	
.local/legacy-firmware/work/extract/stock-rootfs/lib/modules/5.4.55/mt_wifi.ko	40c8f974ad7317776f602c069c009d1f0d5d939d622ccdee275423fad1e35cb0	.rela.text	63201	.text	0x115cfc	0x115cfc	0x115d5c	R_AARCH64_CALL26	ser_get_time	1913	0	STT_FUNC	.text	0x3982a0	0x0	ser_get_time	0x3982a0	mt7990_ser_1_0_v1	0x115440	0x8bc	symbol_size	0x115f74		direct_call_BL	0x94000000	outgoing	
.local/legacy-firmware/work/extract/stock-rootfs/lib/modules/5.4.55/mt_wifi.ko	40c8f974ad7317776f602c069c009d1f0d5d939d622ccdee275423fad1e35cb0	.rela.text	63202	.text	0x115d10	0x115d10	0x115d70	R_AARCH64_CALL26	ser_get_time	1913	0	STT_FUNC	.text	0x3982a0	0x0	ser_get_time	0x3982a0	mt7990_ser_1_0_v1	0x115440	0x8d0	symbol_size	0x115f74		direct_call_BL	0x94000000	outgoing	
.local/legacy-firmware/work/extract/stock-rootfs/lib/modules/5.4.55/mt_wifi.ko	40c8f974ad7317776f602c069c009d1f0d5d939d622ccdee275423fad1e35cb0	.rela.text	63203	.text	0x115d24	0x115d24	0x115d84	R_AARCH64_CALL26	ser_tans_ser_state	10278	0	STT_FUNC	.text	0x398130	0x0	ser_tans_ser_state	0x398130	mt7990_ser_1_0_v1	0x115440	0x8e4	symbol_size	0x115f74		direct_call_BL	0x94000000	outgoing	
.local/legacy-firmware/work/extract/stock-rootfs/lib/modules/5.4.55/mt_wifi.ko	40c8f974ad7317776f602c069c009d1f0d5d939d622ccdee275423fad1e35cb0	.rela.text	63204	.text	0x115d28	0x115d28	0x115d88	R_AARCH64_CALL26	ser_get_time	1913	0	STT_FUNC	.text	0x3982a0	0x0	ser_get_time	0x3982a0	mt7990_ser_1_0_v1	0x115440	0x8e8	symbol_size	0x115f74		direct_call_BL	0x94000000	outgoing	
.local/legacy-firmware/work/extract/stock-rootfs/lib/modules/5.4.55/mt_wifi.ko	40c8f974ad7317776f602c069c009d1f0d5d939d622ccdee275423fad1e35cb0	.rela.text	63205	.text	0x115d34	0x115d34	0x115d94	R_AARCH64_CALL26	_ser_dump_timelog	3347	0	STT_FUNC	.text	0x3982b4	0x0	_ser_dump_timelog	0x3982b4	mt7990_ser_1_0_v1	0x115440	0x8f4	symbol_size	0x115f74		direct_call_BL	0x94000000	outgoing	
.local/legacy-firmware/work/extract/stock-rootfs/lib/modules/5.4.55/mt_wifi.ko	40c8f974ad7317776f602c069c009d1f0d5d939d622ccdee275423fad1e35cb0	.rela.text	63206	.text	0x115d40	0x115d40	0x115da0	R_AARCH64_LDST32_ABS_LO12_NC	DebugCategory	8827	0	STT_OBJECT	.data	0x26c978	0x0		0x26c978	mt7990_ser_1_0_v1	0x115440	0x900	symbol_size	0x115f74		executable_reference	0xb94002c0	outgoing	
.local/legacy-firmware/work/extract/stock-rootfs/lib/modules/5.4.55/mt_wifi.ko	40c8f974ad7317776f602c069c009d1f0d5d939d622ccdee275423fad1e35cb0	.rela.text	63207	.text	0x115d48	0x115d48	0x115da8	R_AARCH64_ADR_PREL_PG_HI21	DebugSubCategory	3953	0	STT_OBJECT	.data	0x26c980	0x0		0x26c980	mt7990_ser_1_0_v1	0x115440	0x908	symbol_size	0x115f74		executable_reference	0x9000001a	outgoing	
.local/legacy-firmware/work/extract/stock-rootfs/lib/modules/5.4.55/mt_wifi.ko	40c8f974ad7317776f602c069c009d1f0d5d939d622ccdee275423fad1e35cb0	.rela.text	63208	.text	0x115d4c	0x115d4c	0x115dac	R_AARCH64_ADD_ABS_LO12_NC	DebugSubCategory	3953	0	STT_OBJECT	.data	0x26c980	0x0		0x26c980	mt7990_ser_1_0_v1	0x115440	0x90c	symbol_size	0x115f74		executable_reference	0x9100035a	outgoing	
.local/legacy-firmware/work/extract/stock-rootfs/lib/modules/5.4.55/mt_wifi.ko	40c8f974ad7317776f602c069c009d1f0d5d939d622ccdee275423fad1e35cb0	.rela.text	63209	.text	0x115d88	0x115d88	0x115de8	R_AARCH64_LDST32_ABS_LO12_NC	DebugCategory	8827	0	STT_OBJECT	.data	0x26c978	0x0		0x26c978	mt7990_ser_1_0_v1	0x115440	0x948	symbol_size	0x115f74		executable_reference	0xb94002c0	outgoing	
.local/legacy-firmware/work/extract/stock-rootfs/lib/modules/5.4.55/mt_wifi.ko	40c8f974ad7317776f602c069c009d1f0d5d939d622ccdee275423fad1e35cb0	.rela.text	63210	.text	0x115d90	0x115d90	0x115df0	R_AARCH64_ADR_PREL_PG_HI21	DebugSubCategory	3953	0	STT_OBJECT	.data	0x26c980	0x0		0x26c980	mt7990_ser_1_0_v1	0x115440	0x950	symbol_size	0x115f74		executable_reference	0x9000001a	outgoing	
.local/legacy-firmware/work/extract/stock-rootfs/lib/modules/5.4.55/mt_wifi.ko	40c8f974ad7317776f602c069c009d1f0d5d939d622ccdee275423fad1e35cb0	.rela.text	63211	.text	0x115d94	0x115d94	0x115df4	R_AARCH64_ADD_ABS_LO12_NC	DebugSubCategory	3953	0	STT_OBJECT	.data	0x26c980	0x0		0x26c980	mt7990_ser_1_0_v1	0x115440	0x954	symbol_size	0x115f74		executable_reference	0x9100035a	outgoing	
.local/legacy-firmware/work/extract/stock-rootfs/lib/modules/5.4.55/mt_wifi.ko	40c8f974ad7317776f602c069c009d1f0d5d939d622ccdee275423fad1e35cb0	.rela.text	63212	.text	0x115da8	0x115da8	0x115e08	R_AARCH64_CALL26	RTMPReleaseTimer	2324	0	STT_FUNC	.text	0x1c50e0	0x0	RTMPReleaseTimer	0x1c50e0	mt7990_ser_1_0_v1	0x115440	0x968	symbol_size	0x115f74		direct_call_BL	0x94000000	outgoing	
.local/legacy-firmware/work/extract/stock-rootfs/lib/modules/5.4.55/mt_wifi.ko	40c8f974ad7317776f602c069c009d1f0d5d939d622ccdee275423fad1e35cb0	.rela.text	63213	.text	0x115dbc	0x115dbc	0x115e1c	R_AARCH64_CALL26	ba_refresh_bar_all	5537	0	STT_FUNC	.text	0x1de790	0x0	ba_refresh_bar_all	0x1de790	mt7990_ser_1_0_v1	0x115440	0x97c	symbol_size	0x115f74		direct_call_BL	0x94000000	outgoing	
.local/legacy-firmware/work/extract/stock-rootfs/lib/modules/5.4.55/mt_wifi.ko	40c8f974ad7317776f602c069c009d1f0d5d939d622ccdee275423fad1e35cb0	.rela.text	63214	.text	0x115ddc	0x115ddc	0x115e3c	R_AARCH64_CALL26	HcIsRadioAcq	3256	0	STT_FUNC	.text	0x350564	0x0	HcIsRadioAcq	0x350564	mt7990_ser_1_0_v1	0x115440	0x99c	symbol_size	0x115f74		direct_call_BL	0x94000000	outgoing	
.local/legacy-firmware/work/extract/stock-rootfs/lib/modules/5.4.55/mt_wifi.ko	40c8f974ad7317776f602c069c009d1f0d5d939d622ccdee275423fad1e35cb0	.rela.text	63215	.text	0x115e00	0x115e00	0x115e60	R_AARCH64_CALL26	UpdateBeaconHandler	10121	0	STT_FUNC	.text	0x11e280	0x0	UpdateBeaconHandler	0x11e280	mt7990_ser_1_0_v1	0x115440	0x9c0	symbol_size	0x115f74		direct_call_BL	0x94000000	outgoing	
.local/legacy-firmware/work/extract/stock-rootfs/lib/modules/5.4.55/mt_wifi.ko	40c8f974ad7317776f602c069c009d1f0d5d939d622ccdee275423fad1e35cb0	.rela.text	63216	.text	0x115e08	0x115e08	0x115e68	R_AARCH64_ADR_PREL_PG_HI21		6	0	STT_SECTION	.rodata.str1.8	0x0	0x45630		0x45630	mt7990_ser_1_0_v1	0x115440	0x9c8	symbol_size	0x115f74		executable_reference	0x90000005	outgoing	
.local/legacy-firmware/work/extract/stock-rootfs/lib/modules/5.4.55/mt_wifi.ko	40c8f974ad7317776f602c069c009d1f0d5d939d622ccdee275423fad1e35cb0	.rela.text	63217	.text	0x115e0c	0x115e0c	0x115e6c	R_AARCH64_ADR_PREL_PG_HI21		5	0	STT_SECTION	.rodata	0x0	0x12a08		0x12a08	mt7990_ser_1_0_v1	0x115440	0x9cc	symbol_size	0x115f74		executable_reference	0x90000003	outgoing	
.local/legacy-firmware/work/extract/stock-rootfs/lib/modules/5.4.55/mt_wifi.ko	40c8f974ad7317776f602c069c009d1f0d5d939d622ccdee275423fad1e35cb0	.rela.text	63218	.text	0x115e10	0x115e10	0x115e70	R_AARCH64_ADD_ABS_LO12_NC		6	0	STT_SECTION	.rodata.str1.8	0x0	0x45630		0x45630	mt7990_ser_1_0_v1	0x115440	0x9d0	symbol_size	0x115f74		executable_reference	0x910000a5	outgoing	
.local/legacy-firmware/work/extract/stock-rootfs/lib/modules/5.4.55/mt_wifi.ko	40c8f974ad7317776f602c069c009d1f0d5d939d622ccdee275423fad1e35cb0	.rela.text	63219	.text	0x115e14	0x115e14	0x115e74	R_AARCH64_ADD_ABS_LO12_NC		5	0	STT_SECTION	.rodata	0x0	0x12a08		0x12a08	mt7990_ser_1_0_v1	0x115440	0x9d4	symbol_size	0x115f74		executable_reference	0x91000063	outgoing	
.local/legacy-firmware/work/extract/stock-rootfs/lib/modules/5.4.55/mt_wifi.ko	40c8f974ad7317776f602c069c009d1f0d5d939d622ccdee275423fad1e35cb0	.rela.text	63220	.text	0x115e28	0x115e28	0x115e88	R_AARCH64_CALL26	mtwf_dbg_prt	4914	0	STT_FUNC	.text	0x1e46b0	0x0	mtwf_dbg_prt	0x1e46b0	mt7990_ser_1_0_v1	0x115440	0x9e8	symbol_size	0x115f74		direct_call_BL	0x94000000	outgoing	
.local/legacy-firmware/work/extract/stock-rootfs/lib/modules/5.4.55/mt_wifi.ko	40c8f974ad7317776f602c069c009d1f0d5d939d622ccdee275423fad1e35cb0	.rela.text	63221	.text	0x115e30	0x115e30	0x115e90	R_AARCH64_ADR_PREL_PG_HI21		6	0	STT_SECTION	.rodata.str1.8	0x0	0x455f8		0x455f8	mt7990_ser_1_0_v1	0x115440	0x9f0	symbol_size	0x115f74		executable_reference	0x90000005	outgoing	
.local/legacy-firmware/work/extract/stock-rootfs/lib/modules/5.4.55/mt_wifi.ko	40c8f974ad7317776f602c069c009d1f0d5d939d622ccdee275423fad1e35cb0	.rela.text	63222	.text	0x115e34	0x115e34	0x115e94	R_AARCH64_ADR_PREL_PG_HI21		5	0	STT_SECTION	.rodata	0x0	0x12a08		0x12a08	mt7990_ser_1_0_v1	0x115440	0x9f4	symbol_size	0x115f74		executable_reference	0x90000003	outgoing	
.local/legacy-firmware/work/extract/stock-rootfs/lib/modules/5.4.55/mt_wifi.ko	40c8f974ad7317776f602c069c009d1f0d5d939d622ccdee275423fad1e35cb0	.rela.text	63223	.text	0x115e38	0x115e38	0x115e98	R_AARCH64_ADD_ABS_LO12_NC		6	0	STT_SECTION	.rodata.str1.8	0x0	0x455f8		0x455f8	mt7990_ser_1_0_v1	0x115440	0x9f8	symbol_size	0x115f74		executable_reference	0x910000a5	outgoing	
.local/legacy-firmware/work/extract/stock-rootfs/lib/modules/5.4.55/mt_wifi.ko	40c8f974ad7317776f602c069c009d1f0d5d939d622ccdee275423fad1e35cb0	.rela.text	63224	.text	0x115e3c	0x115e3c	0x115e9c	R_AARCH64_ADD_ABS_LO12_NC		5	0	STT_SECTION	.rodata	0x0	0x12a08		0x12a08	mt7990_ser_1_0_v1	0x115440	0x9fc	symbol_size	0x115f74		executable_reference	0x91000063	outgoing	
.local/legacy-firmware/work/extract/stock-rootfs/lib/modules/5.4.55/mt_wifi.ko	40c8f974ad7317776f602c069c009d1f0d5d939d622ccdee275423fad1e35cb0	.rela.text	63225	.text	0x115e50	0x115e50	0x115eb0	R_AARCH64_CALL26	mtwf_dbg_prt	4914	0	STT_FUNC	.text	0x1e46b0	0x0	mtwf_dbg_prt	0x1e46b0	mt7990_ser_1_0_v1	0x115440	0xa10	symbol_size	0x115f74		direct_call_BL	0x94000000	outgoing	
.local/legacy-firmware/work/extract/stock-rootfs/lib/modules/5.4.55/mt_wifi.ko	40c8f974ad7317776f602c069c009d1f0d5d939d622ccdee275423fad1e35cb0	.rela.text	63226	.text	0x115e64	0x115e64	0x115ec4	R_AARCH64_CALL26	ser_get_curr_state	5913	0	STT_FUNC	.text	0x398180	0x0	ser_get_curr_state	0x398180	mt7990_ser_1_0_v1	0x115440	0xa24	symbol_size	0x115f74		direct_call_BL	0x94000000	outgoing	
.local/legacy-firmware/work/extract/stock-rootfs/lib/modules/5.4.55/mt_wifi.ko	40c8f974ad7317776f602c069c009d1f0d5d939d622ccdee275423fad1e35cb0	.rela.text	63227	.text	0x115e70	0x115e70	0x115ed0	R_AARCH64_ADR_PREL_PG_HI21		6	0	STT_SECTION	.rodata.str1.8	0x0	0x45598		0x45598	mt7990_ser_1_0_v1	0x115440	0xa30	symbol_size	0x115f74		executable_reference	0x90000005	outgoing	
.local/legacy-firmware/work/extract/stock-rootfs/lib/modules/5.4.55/mt_wifi.ko	40c8f974ad7317776f602c069c009d1f0d5d939d622ccdee275423fad1e35cb0	.rela.text	63228	.text	0x115e74	0x115e74	0x115ed4	R_AARCH64_ADR_PREL_PG_HI21		5	0	STT_SECTION	.rodata	0x0	0x12a08		0x12a08	mt7990_ser_1_0_v1	0x115440	0xa34	symbol_size	0x115f74		executable_reference	0x90000003	outgoing	
.local/legacy-firmware/work/extract/stock-rootfs/lib/modules/5.4.55/mt_wifi.ko	40c8f974ad7317776f602c069c009d1f0d5d939d622ccdee275423fad1e35cb0	.rela.text	63229	.text	0x115e78	0x115e78	0x115ed8	R_AARCH64_ADD_ABS_LO12_NC		6	0	STT_SECTION	.rodata.str1.8	0x0	0x45598		0x45598	mt7990_ser_1_0_v1	0x115440	0xa38	symbol_size	0x115f74		executable_reference	0x910000a5	outgoing	
.local/legacy-firmware/work/extract/stock-rootfs/lib/modules/5.4.55/mt_wifi.ko	40c8f974ad7317776f602c069c009d1f0d5d939d622ccdee275423fad1e35cb0	.rela.text	63230	.text	0x115e7c	0x115e7c	0x115edc	R_AARCH64_ADD_ABS_LO12_NC		5	0	STT_SECTION	.rodata	0x0	0x12a08		0x12a08	mt7990_ser_1_0_v1	0x115440	0xa3c	symbol_size	0x115f74		executable_reference	0x91000063	outgoing	
.local/legacy-firmware/work/extract/stock-rootfs/lib/modules/5.4.55/mt_wifi.ko	40c8f974ad7317776f602c069c009d1f0d5d939d622ccdee275423fad1e35cb0	.rela.text	63231	.text	0x115e90	0x115e90	0x115ef0	R_AARCH64_CALL26	mtwf_dbg_prt	4914	0	STT_FUNC	.text	0x1e46b0	0x0	mtwf_dbg_prt	0x1e46b0	mt7990_ser_1_0_v1	0x115440	0xa50	symbol_size	0x115f74		direct_call_BL	0x94000000	outgoing	
.local/legacy-firmware/work/extract/stock-rootfs/lib/modules/5.4.55/mt_wifi.ko	40c8f974ad7317776f602c069c009d1f0d5d939d622ccdee275423fad1e35cb0	.rela.text	63232	.text	0x115e9c	0x115e9c	0x115efc	R_AARCH64_CALL26	ser_get_curr_state	5913	0	STT_FUNC	.text	0x398180	0x0	ser_get_curr_state	0x398180	mt7990_ser_1_0_v1	0x115440	0xa5c	symbol_size	0x115f74		direct_call_BL	0x94000000	outgoing	
.local/legacy-firmware/work/extract/stock-rootfs/lib/modules/5.4.55/mt_wifi.ko	40c8f974ad7317776f602c069c009d1f0d5d939d622ccdee275423fad1e35cb0	.rela.text	63233	.text	0x115ea8	0x115ea8	0x115f08	R_AARCH64_ADR_PREL_PG_HI21		6	0	STT_SECTION	.rodata.str1.8	0x0	0x455c0		0x455c0	mt7990_ser_1_0_v1	0x115440	0xa68	symbol_size	0x115f74		executable_reference	0x90000005	outgoing	
.local/legacy-firmware/work/extract/stock-rootfs/lib/modules/5.4.55/mt_wifi.ko	40c8f974ad7317776f602c069c009d1f0d5d939d622ccdee275423fad1e35cb0	.rela.text	63234	.text	0x115eac	0x115eac	0x115f0c	R_AARCH64_ADR_PREL_PG_HI21		5	0	STT_SECTION	.rodata	0x0	0x12a08		0x12a08	mt7990_ser_1_0_v1	0x115440	0xa6c	symbol_size	0x115f74		executable_reference	0x90000003	outgoing	
.local/legacy-firmware/work/extract/stock-rootfs/lib/modules/5.4.55/mt_wifi.ko	40c8f974ad7317776f602c069c009d1f0d5d939d622ccdee275423fad1e35cb0	.rela.text	63235	.text	0x115eb0	0x115eb0	0x115f10	R_AARCH64_ADD_ABS_LO12_NC		6	0	STT_SECTION	.rodata.str1.8	0x0	0x455c0		0x455c0	mt7990_ser_1_0_v1	0x115440	0xa70	symbol_size	0x115f74		executable_reference	0x910000a5	outgoing	
.local/legacy-firmware/work/extract/stock-rootfs/lib/modules/5.4.55/mt_wifi.ko	40c8f974ad7317776f602c069c009d1f0d5d939d622ccdee275423fad1e35cb0	.rela.text	63236	.text	0x115eb4	0x115eb4	0x115f14	R_AARCH64_ADD_ABS_LO12_NC		5	0	STT_SECTION	.rodata	0x0	0x12a08		0x12a08	mt7990_ser_1_0_v1	0x115440	0xa74	symbol_size	0x115f74		executable_reference	0x91000063	outgoing	
.local/legacy-firmware/work/extract/stock-rootfs/lib/modules/5.4.55/mt_wifi.ko	40c8f974ad7317776f602c069c009d1f0d5d939d622ccdee275423fad1e35cb0	.rela.text	63237	.text	0x115ec8	0x115ec8	0x115f28	R_AARCH64_CALL26	mtwf_dbg_prt	4914	0	STT_FUNC	.text	0x1e46b0	0x0	mtwf_dbg_prt	0x1e46b0	mt7990_ser_1_0_v1	0x115440	0xa88	symbol_size	0x115f74		direct_call_BL	0x94000000	outgoing	
.local/legacy-firmware/work/extract/stock-rootfs/lib/modules/5.4.55/mt_wifi.ko	40c8f974ad7317776f602c069c009d1f0d5d939d622ccdee275423fad1e35cb0	.rela.text	63238	.text	0x115ed0	0x115ed0	0x115f30	R_AARCH64_ADR_PREL_PG_HI21		6	0	STT_SECTION	.rodata.str1.8	0x0	0x45568		0x45568	mt7990_ser_1_0_v1	0x115440	0xa90	symbol_size	0x115f74		executable_reference	0x90000005	outgoing	
.local/legacy-firmware/work/extract/stock-rootfs/lib/modules/5.4.55/mt_wifi.ko	40c8f974ad7317776f602c069c009d1f0d5d939d622ccdee275423fad1e35cb0	.rela.text	63239	.text	0x115ed4	0x115ed4	0x115f34	R_AARCH64_ADR_PREL_PG_HI21		5	0	STT_SECTION	.rodata	0x0	0x12a08		0x12a08	mt7990_ser_1_0_v1	0x115440	0xa94	symbol_size	0x115f74		executable_reference	0x90000003	outgoing	
.local/legacy-firmware/work/extract/stock-rootfs/lib/modules/5.4.55/mt_wifi.ko	40c8f974ad7317776f602c069c009d1f0d5d939d622ccdee275423fad1e35cb0	.rela.text	63240	.text	0x115ed8	0x115ed8	0x115f38	R_AARCH64_ADD_ABS_LO12_NC		6	0	STT_SECTION	.rodata.str1.8	0x0	0x45568		0x45568	mt7990_ser_1_0_v1	0x115440	0xa98	symbol_size	0x115f74		executable_reference	0x910000a5	outgoing	
.local/legacy-firmware/work/extract/stock-rootfs/lib/modules/5.4.55/mt_wifi.ko	40c8f974ad7317776f602c069c009d1f0d5d939d622ccdee275423fad1e35cb0	.rela.text	63241	.text	0x115edc	0x115edc	0x115f3c	R_AARCH64_ADD_ABS_LO12_NC		5	0	STT_SECTION	.rodata	0x0	0x12a08		0x12a08	mt7990_ser_1_0_v1	0x115440	0xa9c	symbol_size	0x115f74		executable_reference	0x91000063	outgoing	
.local/legacy-firmware/work/extract/stock-rootfs/lib/modules/5.4.55/mt_wifi.ko	40c8f974ad7317776f602c069c009d1f0d5d939d622ccdee275423fad1e35cb0	.rela.text	63242	.text	0x115ef0	0x115ef0	0x115f50	R_AARCH64_CALL26	mtwf_dbg_prt	4914	0	STT_FUNC	.text	0x1e46b0	0x0	mtwf_dbg_prt	0x1e46b0	mt7990_ser_1_0_v1	0x115440	0xab0	symbol_size	0x115f74		direct_call_BL	0x94000000	outgoing	
.local/legacy-firmware/work/extract/stock-rootfs/lib/modules/5.4.55/mt_wifi.ko	40c8f974ad7317776f602c069c009d1f0d5d939d622ccdee275423fad1e35cb0	.rela.text	63243	.text	0x115f04	0x115f04	0x115f64	R_AARCH64_ADR_PREL_PG_HI21		6	0	STT_SECTION	.rodata.str1.8	0x0	0x45610		0x45610	mt7990_ser_1_0_v1	0x115440	0xac4	symbol_size	0x115f74		executable_reference	0x90000005	outgoing	
.local/legacy-firmware/work/extract/stock-rootfs/lib/modules/5.4.55/mt_wifi.ko	40c8f974ad7317776f602c069c009d1f0d5d939d622ccdee275423fad1e35cb0	.rela.text	63244	.text	0x115f08	0x115f08	0x115f68	R_AARCH64_ADR_PREL_PG_HI21		5	0	STT_SECTION	.rodata	0x0	0x12a08		0x12a08	mt7990_ser_1_0_v1	0x115440	0xac8	symbol_size	0x115f74		executable_reference	0x90000003	outgoing	
.local/legacy-firmware/work/extract/stock-rootfs/lib/modules/5.4.55/mt_wifi.ko	40c8f974ad7317776f602c069c009d1f0d5d939d622ccdee275423fad1e35cb0	.rela.text	63245	.text	0x115f0c	0x115f0c	0x115f6c	R_AARCH64_ADD_ABS_LO12_NC		6	0	STT_SECTION	.rodata.str1.8	0x0	0x45610		0x45610	mt7990_ser_1_0_v1	0x115440	0xacc	symbol_size	0x115f74		executable_reference	0x910000a5	outgoing	
.local/legacy-firmware/work/extract/stock-rootfs/lib/modules/5.4.55/mt_wifi.ko	40c8f974ad7317776f602c069c009d1f0d5d939d622ccdee275423fad1e35cb0	.rela.text	63246	.text	0x115f10	0x115f10	0x115f70	R_AARCH64_ADD_ABS_LO12_NC		5	0	STT_SECTION	.rodata	0x0	0x12a08		0x12a08	mt7990_ser_1_0_v1	0x115440	0xad0	symbol_size	0x115f74		executable_reference	0x91000063	outgoing	
.local/legacy-firmware/work/extract/stock-rootfs/lib/modules/5.4.55/mt_wifi.ko	40c8f974ad7317776f602c069c009d1f0d5d939d622ccdee275423fad1e35cb0	.rela.text	63247	.text	0x115f24	0x115f24	0x115f84	R_AARCH64_CALL26	mtwf_dbg_prt	4914	0	STT_FUNC	.text	0x1e46b0	0x0	mtwf_dbg_prt	0x1e46b0	mt7990_ser_1_0_v1	0x115440	0xae4	symbol_size	0x115f74		direct_call_BL	0x94000000	outgoing	
.local/legacy-firmware/work/extract/stock-rootfs/lib/modules/5.4.55/mt_wifi.ko	40c8f974ad7317776f602c069c009d1f0d5d939d622ccdee275423fad1e35cb0	.rela.text	63248	.text	0x115f2c	0x115f2c	0x115f8c	R_AARCH64_ADR_PREL_PG_HI21		6	0	STT_SECTION	.rodata.str1.8	0x0	0x455f8		0x455f8	mt7990_ser_1_0_v1	0x115440	0xaec	symbol_size	0x115f74		executable_reference	0x90000005	outgoing	
.local/legacy-firmware/work/extract/stock-rootfs/lib/modules/5.4.55/mt_wifi.ko	40c8f974ad7317776f602c069c009d1f0d5d939d622ccdee275423fad1e35cb0	.rela.text	63249	.text	0x115f30	0x115f30	0x115f90	R_AARCH64_ADR_PREL_PG_HI21		5	0	STT_SECTION	.rodata	0x0	0x12a08		0x12a08	mt7990_ser_1_0_v1	0x115440	0xaf0	symbol_size	0x115f74		executable_reference	0x90000003	outgoing	
.local/legacy-firmware/work/extract/stock-rootfs/lib/modules/5.4.55/mt_wifi.ko	40c8f974ad7317776f602c069c009d1f0d5d939d622ccdee275423fad1e35cb0	.rela.text	63250	.text	0x115f34	0x115f34	0x115f94	R_AARCH64_ADD_ABS_LO12_NC		6	0	STT_SECTION	.rodata.str1.8	0x0	0x455f8		0x455f8	mt7990_ser_1_0_v1	0x115440	0xaf4	symbol_size	0x115f74		executable_reference	0x910000a5	outgoing	
.local/legacy-firmware/work/extract/stock-rootfs/lib/modules/5.4.55/mt_wifi.ko	40c8f974ad7317776f602c069c009d1f0d5d939d622ccdee275423fad1e35cb0	.rela.text	63251	.text	0x115f38	0x115f38	0x115f98	R_AARCH64_ADD_ABS_LO12_NC		5	0	STT_SECTION	.rodata	0x0	0x12a08		0x12a08	mt7990_ser_1_0_v1	0x115440	0xaf8	symbol_size	0x115f74		executable_reference	0x91000063	outgoing	
.local/legacy-firmware/work/extract/stock-rootfs/lib/modules/5.4.55/mt_wifi.ko	40c8f974ad7317776f602c069c009d1f0d5d939d622ccdee275423fad1e35cb0	.rela.text	63252	.text	0x115f4c	0x115f4c	0x115fac	R_AARCH64_CALL26	mtwf_dbg_prt	4914	0	STT_FUNC	.text	0x1e46b0	0x0	mtwf_dbg_prt	0x1e46b0	mt7990_ser_1_0_v1	0x115440	0xb0c	symbol_size	0x115f74		direct_call_BL	0x94000000	outgoing	
.local/legacy-firmware/work/extract/stock-rootfs/lib/modules/5.4.55/mt_wifi.ko	40c8f974ad7317776f602c069c009d1f0d5d939d622ccdee275423fad1e35cb0	.rela.text	63253	.text	0x115f94	0x115f94	0x115ff4	R_AARCH64_CALL26	ser_get_all_pAd_by_chipid_hwid	4148	0	STT_FUNC	.text	0x398540	0x0	ser_get_all_pAd_by_chipid_hwid	0x398540	mt7990_ser_10_0_v1	0x115f74	0x20	symbol_size	0x116010		direct_call_BL	0x94000000	outgoing	
.local/legacy-firmware/work/extract/stock-rootfs/lib/modules/5.4.55/mt_wifi.ko	40c8f974ad7317776f602c069c009d1f0d5d939d622ccdee275423fad1e35cb0	.rela.text	63254	.text	0x115fa8	0x115fa8	0x116008	R_AARCH64_ADR_PREL_PG_HI21	DebugCategory	8827	0	STT_OBJECT	.data	0x26c978	0x0		0x26c978	mt7990_ser_10_0_v1	0x115f74	0x34	symbol_size	0x116010		executable_reference	0x90000000	outgoing	
.local/legacy-firmware/work/extract/stock-rootfs/lib/modules/5.4.55/mt_wifi.ko	40c8f974ad7317776f602c069c009d1f0d5d939d622ccdee275423fad1e35cb0	.rela.text	63255	.text	0x115fac	0x115fac	0x11600c	R_AARCH64_LDST32_ABS_LO12_NC	DebugCategory	8827	0	STT_OBJECT	.data	0x26c978	0x0		0x26c978	mt7990_ser_10_0_v1	0x115f74	0x38	symbol_size	0x116010		executable_reference	0xb9400000	outgoing	
.local/legacy-firmware/work/extract/stock-rootfs/lib/modules/5.4.55/mt_wifi.ko	40c8f974ad7317776f602c069c009d1f0d5d939d622ccdee275423fad1e35cb0	.rela.text	63256	.text	0x115fb4	0x115fb4	0x116014	R_AARCH64_ADR_PREL_PG_HI21	DebugSubCategory	3953	0	STT_OBJECT	.data	0x26c980	0x88		0x26ca08	mt7990_ser_10_0_v1	0x115f74	0x40	symbol_size	0x116010		executable_reference	0x90000000	outgoing	
.local/legacy-firmware/work/extract/stock-rootfs/lib/modules/5.4.55/mt_wifi.ko	40c8f974ad7317776f602c069c009d1f0d5d939d622ccdee275423fad1e35cb0	.rela.text	63257	.text	0x115fb8	0x115fb8	0x116018	R_AARCH64_LDST32_ABS_LO12_NC	DebugSubCategory	3953	0	STT_OBJECT	.data	0x26c980	0x88		0x26ca08	mt7990_ser_10_0_v1	0x115f74	0x44	symbol_size	0x116010		executable_reference	0xb9400000	outgoing	
.local/legacy-firmware/work/extract/stock-rootfs/lib/modules/5.4.55/mt_wifi.ko	40c8f974ad7317776f602c069c009d1f0d5d939d622ccdee275423fad1e35cb0	.rela.text	63258	.text	0x115fd8	0x115fd8	0x116038	R_AARCH64_CALL26	UniCmdSER	3002	0	STT_FUNC	.text	0xb9bc0	0x0	UniCmdSER	0xb9bc0	mt7990_ser_10_0_v1	0x115f74	0x64	symbol_size	0x116010		direct_call_BL	0x94000000	outgoing	
.local/legacy-firmware/work/extract/stock-rootfs/lib/modules/5.4.55/mt_wifi.ko	40c8f974ad7317776f602c069c009d1f0d5d939d622ccdee275423fad1e35cb0	.rela.text	63259	.text	0x115fe4	0x115fe4	0x116044	R_AARCH64_ADR_PREL_PG_HI21		5	0	STT_SECTION	.rodata	0x0	0x12a08		0x12a08	mt7990_ser_10_0_v1	0x115f74	0x70	symbol_size	0x116010		executable_reference	0x90000003	outgoing	
.local/legacy-firmware/work/extract/stock-rootfs/lib/modules/5.4.55/mt_wifi.ko	40c8f974ad7317776f602c069c009d1f0d5d939d622ccdee275423fad1e35cb0	.rela.text	63260	.text	0x115fe8	0x115fe8	0x116048	R_AARCH64_ADD_ABS_LO12_NC		5	0	STT_SECTION	.rodata	0x0	0x12a08		0x12a08	mt7990_ser_10_0_v1	0x115f74	0x74	symbol_size	0x116010		executable_reference	0x91000063	outgoing	
.local/legacy-firmware/work/extract/stock-rootfs/lib/modules/5.4.55/mt_wifi.ko	40c8f974ad7317776f602c069c009d1f0d5d939d622ccdee275423fad1e35cb0	.rela.text	63261	.text	0x115ff0	0x115ff0	0x116050	R_AARCH64_ADR_PREL_PG_HI21		6	0	STT_SECTION	.rodata.str1.8	0x0	0x45500		0x45500	mt7990_ser_10_0_v1	0x115f74	0x7c	symbol_size	0x116010		executable_reference	0x90000005	outgoing	
.local/legacy-firmware/work/extract/stock-rootfs/lib/modules/5.4.55/mt_wifi.ko	40c8f974ad7317776f602c069c009d1f0d5d939d622ccdee275423fad1e35cb0	.rela.text	63262	.text	0x115ff8	0x115ff8	0x116058	R_AARCH64_ADD_ABS_LO12_NC		6	0	STT_SECTION	.rodata.str1.8	0x0	0x45500		0x45500	mt7990_ser_10_0_v1	0x115f74	0x84	symbol_size	0x116010		executable_reference	0x910000a5	outgoing	
.local/legacy-firmware/work/extract/stock-rootfs/lib/modules/5.4.55/mt_wifi.ko	40c8f974ad7317776f602c069c009d1f0d5d939d622ccdee275423fad1e35cb0	.rela.text	63263	.text	0x116008	0x116008	0x116068	R_AARCH64_CALL26	mtwf_dbg_prt	4914	0	STT_FUNC	.text	0x1e46b0	0x0	mtwf_dbg_prt	0x1e46b0	mt7990_ser_10_0_v1	0x115f74	0x94	symbol_size	0x116010		direct_call_BL	0x94000000	outgoing	
.local/legacy-firmware/work/extract/stock-rootfs/lib/modules/5.4.55/mt_wifi.ko	40c8f974ad7317776f602c069c009d1f0d5d939d622ccdee275423fad1e35cb0	.rela.text	63264	.text	0x116010	0x116010	0x116070	R_AARCH64_ADR_PREL_PG_HI21	DebugCategory	8827	0	STT_OBJECT	.data	0x26c978	0x0		0x26c978	mt7990_ser_0_5_v1	0x116010	0x0	symbol_size	0x11608c		executable_reference	0x90000001	outgoing	
.local/legacy-firmware/work/extract/stock-rootfs/lib/modules/5.4.55/mt_wifi.ko	40c8f974ad7317776f602c069c009d1f0d5d939d622ccdee275423fad1e35cb0	.rela.text	63265	.text	0x116014	0x116014	0x116074	R_AARCH64_LDST32_ABS_LO12_NC	DebugCategory	8827	0	STT_OBJECT	.data	0x26c978	0x0		0x26c978	mt7990_ser_0_5_v1	0x116010	0x4	symbol_size	0x11608c		executable_reference	0xb9400021	outgoing	
.local/legacy-firmware/work/extract/stock-rootfs/lib/modules/5.4.55/mt_wifi.ko	40c8f974ad7317776f602c069c009d1f0d5d939d622ccdee275423fad1e35cb0	.rela.text	63266	.text	0x11601c	0x11601c	0x11607c	R_AARCH64_ADR_PREL_PG_HI21	DebugSubCategory	3953	0	STT_OBJECT	.data	0x26c980	0x108		0x26ca88	mt7990_ser_0_5_v1	0x116010	0xc	symbol_size	0x11608c		executable_reference	0x90000001	outgoing	
.local/legacy-firmware/work/extract/stock-rootfs/lib/modules/5.4.55/mt_wifi.ko	40c8f974ad7317776f602c069c009d1f0d5d939d622ccdee275423fad1e35cb0	.rela.text	63267	.text	0x116020	0x116020	0x116080	R_AARCH64_LDST32_ABS_LO12_NC	DebugSubCategory	3953	0	STT_OBJECT	.data	0x26c980	0x108		0x26ca88	mt7990_ser_0_5_v1	0x116010	0x10	symbol_size	0x11608c		executable_reference	0xb9400021	outgoing	
.local/legacy-firmware/work/extract/stock-rootfs/lib/modules/5.4.55/mt_wifi.ko	40c8f974ad7317776f602c069c009d1f0d5d939d622ccdee275423fad1e35cb0	.rela.text	63268	.text	0x116030	0x116030	0x116090	R_AARCH64_ADR_PREL_PG_HI21		5	0	STT_SECTION	.rodata	0x0	0x12a08		0x12a08	mt7990_ser_0_5_v1	0x116010	0x20	symbol_size	0x11608c		executable_reference	0x90000003	outgoing	
.local/legacy-firmware/work/extract/stock-rootfs/lib/modules/5.4.55/mt_wifi.ko	40c8f974ad7317776f602c069c009d1f0d5d939d622ccdee275423fad1e35cb0	.rela.text	63269	.text	0x116034	0x116034	0x116094	R_AARCH64_ADD_ABS_LO12_NC		5	0	STT_SECTION	.rodata	0x0	0x12a08		0x12a08	mt7990_ser_0_5_v1	0x116010	0x24	symbol_size	0x11608c		executable_reference	0x91000063	outgoing	
.local/legacy-firmware/work/extract/stock-rootfs/lib/modules/5.4.55/mt_wifi.ko	40c8f974ad7317776f602c069c009d1f0d5d939d622ccdee275423fad1e35cb0	.rela.text	63270	.text	0x116040	0x116040	0x1160a0	R_AARCH64_ADR_PREL_PG_HI21		6	0	STT_SECTION	.rodata.str1.8	0x0	0x454c8		0x454c8	mt7990_ser_0_5_v1	0x116010	0x30	symbol_size	0x11608c		executable_reference	0x90000005	outgoing	
.local/legacy-firmware/work/extract/stock-rootfs/lib/modules/5.4.55/mt_wifi.ko	40c8f974ad7317776f602c069c009d1f0d5d939d622ccdee275423fad1e35cb0	.rela.text	63271	.text	0x11604c	0x11604c	0x1160ac	R_AARCH64_ADD_ABS_LO12_NC		6	0	STT_SECTION	.rodata.str1.8	0x0	0x454c8		0x454c8	mt7990_ser_0_5_v1	0x116010	0x3c	symbol_size	0x11608c		executable_reference	0x910000a5	outgoing	
.local/legacy-firmware/work/extract/stock-rootfs/lib/modules/5.4.55/mt_wifi.ko	40c8f974ad7317776f602c069c009d1f0d5d939d622ccdee275423fad1e35cb0	.rela.text	63272	.text	0x11607c	0x11607c	0x1160dc	R_AARCH64_CALL26	mtwf_dbg_prt	4914	0	STT_FUNC	.text	0x1e46b0	0x0	mtwf_dbg_prt	0x1e46b0	mt7990_ser_0_5_v1	0x116010	0x6c	symbol_size	0x11608c		direct_call_BL	0x94000000	outgoing	
.local/legacy-firmware/work/extract/stock-rootfs/lib/modules/5.4.55/mt_wifi.ko	40c8f974ad7317776f602c069c009d1f0d5d939d622ccdee275423fad1e35cb0	.rela.text	63273	.text	0x116090	0x116090	0x1160f0	R_AARCH64_ADR_PREL_PG_HI21	DebugCategory	8827	0	STT_OBJECT	.data	0x26c978	0x0		0x26c978	mt7990_ser_0_0_v1	0x116090	0x0	symbol_size	0x11610c		executable_reference	0x90000001	outgoing	
.local/legacy-firmware/work/extract/stock-rootfs/lib/modules/5.4.55/mt_wifi.ko	40c8f974ad7317776f602c069c009d1f0d5d939d622ccdee275423fad1e35cb0	.rela.text	63274	.text	0x116094	0x116094	0x1160f4	R_AARCH64_LDST32_ABS_LO12_NC	DebugCategory	8827	0	STT_OBJECT	.data	0x26c978	0x0		0x26c978	mt7990_ser_0_0_v1	0x116090	0x4	symbol_size	0x11610c		executable_reference	0xb9400021	outgoing	
.local/legacy-firmware/work/extract/stock-rootfs/lib/modules/5.4.55/mt_wifi.ko	40c8f974ad7317776f602c069c009d1f0d5d939d622ccdee275423fad1e35cb0	.rela.text	63275	.text	0x11609c	0x11609c	0x1160fc	R_AARCH64_ADR_PREL_PG_HI21	DebugSubCategory	3953	0	STT_OBJECT	.data	0x26c980	0x108		0x26ca88	mt7990_ser_0_0_v1	0x116090	0xc	symbol_size	0x11610c		executable_reference	0x90000001	outgoing	
.local/legacy-firmware/work/extract/stock-rootfs/lib/modules/5.4.55/mt_wifi.ko	40c8f974ad7317776f602c069c009d1f0d5d939d622ccdee275423fad1e35cb0	.rela.text	63276	.text	0x1160a0	0x1160a0	0x116100	R_AARCH64_LDST32_ABS_LO12_NC	DebugSubCategory	3953	0	STT_OBJECT	.data	0x26c980	0x108		0x26ca88	mt7990_ser_0_0_v1	0x116090	0x10	symbol_size	0x11610c		executable_reference	0xb9400021	outgoing	
.local/legacy-firmware/work/extract/stock-rootfs/lib/modules/5.4.55/mt_wifi.ko	40c8f974ad7317776f602c069c009d1f0d5d939d622ccdee275423fad1e35cb0	.rela.text	63277	.text	0x1160b0	0x1160b0	0x116110	R_AARCH64_ADR_PREL_PG_HI21		5	0	STT_SECTION	.rodata	0x0	0x12a08		0x12a08	mt7990_ser_0_0_v1	0x116090	0x20	symbol_size	0x11610c		executable_reference	0x90000003	outgoing	
.local/legacy-firmware/work/extract/stock-rootfs/lib/modules/5.4.55/mt_wifi.ko	40c8f974ad7317776f602c069c009d1f0d5d939d622ccdee275423fad1e35cb0	.rela.text	63278	.text	0x1160b4	0x1160b4	0x116114	R_AARCH64_ADD_ABS_LO12_NC		5	0	STT_SECTION	.rodata	0x0	0x12a08		0x12a08	mt7990_ser_0_0_v1	0x116090	0x24	symbol_size	0x11610c		executable_reference	0x91000063	outgoing	
.local/legacy-firmware/work/extract/stock-rootfs/lib/modules/5.4.55/mt_wifi.ko	40c8f974ad7317776f602c069c009d1f0d5d939d622ccdee275423fad1e35cb0	.rela.text	63279	.text	0x1160c0	0x1160c0	0x116120	R_AARCH64_ADR_PREL_PG_HI21		6	0	STT_SECTION	.rodata.str1.8	0x0	0x454c8		0x454c8	mt7990_ser_0_0_v1	0x116090	0x30	symbol_size	0x11610c		executable_reference	0x90000005	outgoing	
.local/legacy-firmware/work/extract/stock-rootfs/lib/modules/5.4.55/mt_wifi.ko	40c8f974ad7317776f602c069c009d1f0d5d939d622ccdee275423fad1e35cb0	.rela.text	63280	.text	0x1160cc	0x1160cc	0x11612c	R_AARCH64_ADD_ABS_LO12_NC		6	0	STT_SECTION	.rodata.str1.8	0x0	0x454c8		0x454c8	mt7990_ser_0_0_v1	0x116090	0x3c	symbol_size	0x11610c		executable_reference	0x910000a5	outgoing	
.local/legacy-firmware/work/extract/stock-rootfs/lib/modules/5.4.55/mt_wifi.ko	40c8f974ad7317776f602c069c009d1f0d5d939d622ccdee275423fad1e35cb0	.rela.text	63281	.text	0x1160fc	0x1160fc	0x11615c	R_AARCH64_CALL26	mtwf_dbg_prt	4914	0	STT_FUNC	.text	0x1e46b0	0x0	mtwf_dbg_prt	0x1e46b0	mt7990_ser_0_0_v1	0x116090	0x6c	symbol_size	0x11610c		direct_call_BL	0x94000000	outgoing	
.local/legacy-firmware/work/extract/stock-rootfs/lib/modules/5.4.55/mt_wifi.ko	40c8f974ad7317776f602c069c009d1f0d5d939d622ccdee275423fad1e35cb0	.rela.text	63306	.text	0x116304	0x116304	0x116364	R_AARCH64_CALL26	ser_get_all_pAd_by_chipid_hwid	4148	0	STT_FUNC	.text	0x398540	0x0	ser_get_all_pAd_by_chipid_hwid	0x398540	mt7990_fe_reset	0x1162e0	0x24	symbol_size	0x116450		direct_call_BL	0x94000000	outgoing	
.local/legacy-firmware/work/extract/stock-rootfs/lib/modules/5.4.55/mt_wifi.ko	40c8f974ad7317776f602c069c009d1f0d5d939d622ccdee275423fad1e35cb0	.rela.text	63307	.text	0x116338	0x116338	0x116398	R_AARCH64_ADR_PREL_PG_HI21	DebugCategory	8827	0	STT_OBJECT	.data	0x26c978	0x0		0x26c978	mt7990_fe_reset	0x1162e0	0x58	symbol_size	0x116450		executable_reference	0x90000000	outgoing	
.local/legacy-firmware/work/extract/stock-rootfs/lib/modules/5.4.55/mt_wifi.ko	40c8f974ad7317776f602c069c009d1f0d5d939d622ccdee275423fad1e35cb0	.rela.text	63308	.text	0x11633c	0x11633c	0x11639c	R_AARCH64_LDST32_ABS_LO12_NC	DebugCategory	8827	0	STT_OBJECT	.data	0x26c978	0x0		0x26c978	mt7990_fe_reset	0x1162e0	0x5c	symbol_size	0x116450		executable_reference	0xb9400000	outgoing	
.local/legacy-firmware/work/extract/stock-rootfs/lib/modules/5.4.55/mt_wifi.ko	40c8f974ad7317776f602c069c009d1f0d5d939d622ccdee275423fad1e35cb0	.rela.text	63309	.text	0x116344	0x116344	0x1163a4	R_AARCH64_ADR_PREL_PG_HI21	DebugSubCategory	3953	0	STT_OBJECT	.data	0x26c980	0x88		0x26ca08	mt7990_fe_reset	0x1162e0	0x64	symbol_size	0x116450		executable_reference	0x90000000	outgoing	
.local/legacy-firmware/work/extract/stock-rootfs/lib/modules/5.4.55/mt_wifi.ko	40c8f974ad7317776f602c069c009d1f0d5d939d622ccdee275423fad1e35cb0	.rela.text	63310	.text	0x116348	0x116348	0x1163a8	R_AARCH64_LDST32_ABS_LO12_NC	DebugSubCategory	3953	0	STT_OBJECT	.data	0x26c980	0x88		0x26ca08	mt7990_fe_reset	0x1162e0	0x68	symbol_size	0x116450		executable_reference	0xb9400000	outgoing	
.local/legacy-firmware/work/extract/stock-rootfs/lib/modules/5.4.55/mt_wifi.ko	40c8f974ad7317776f602c069c009d1f0d5d939d622ccdee275423fad1e35cb0	.rela.text	63311	.text	0x116350	0x116350	0x1163b0	R_AARCH64_ADR_PREL_PG_HI21		5	0	STT_SECTION	.rodata	0x0	0x12a08		0x12a08	mt7990_fe_reset	0x1162e0	0x70	symbol_size	0x116450		executable_reference	0x90000003	outgoing	
.local/legacy-firmware/work/extract/stock-rootfs/lib/modules/5.4.55/mt_wifi.ko	40c8f974ad7317776f602c069c009d1f0d5d939d622ccdee275423fad1e35cb0	.rela.text	63312	.text	0x116354	0x116354	0x1163b4	R_AARCH64_ADD_ABS_LO12_NC		5	0	STT_SECTION	.rodata	0x0	0x12a08		0x12a08	mt7990_fe_reset	0x1162e0	0x74	symbol_size	0x116450		executable_reference	0x91000063	outgoing	
.local/legacy-firmware/work/extract/stock-rootfs/lib/modules/5.4.55/mt_wifi.ko	40c8f974ad7317776f602c069c009d1f0d5d939d622ccdee275423fad1e35cb0	.rela.text	63313	.text	0x11635c	0x11635c	0x1163bc	R_AARCH64_ADR_PREL_PG_HI21		6	0	STT_SECTION	.rodata.str1.8	0x0	0x45500		0x45500	mt7990_fe_reset	0x1162e0	0x7c	symbol_size	0x116450		executable_reference	0x90000005	outgoing	
.local/legacy-firmware/work/extract/stock-rootfs/lib/modules/5.4.55/mt_wifi.ko	40c8f974ad7317776f602c069c009d1f0d5d939d622ccdee275423fad1e35cb0	.rela.text	63314	.text	0x116364	0x116364	0x1163c4	R_AARCH64_ADD_ABS_LO12_NC		6	0	STT_SECTION	.rodata.str1.8	0x0	0x45500		0x45500	mt7990_fe_reset	0x1162e0	0x84	symbol_size	0x116450		executable_reference	0x910000a5	outgoing	
.local/legacy-firmware/work/extract/stock-rootfs/lib/modules/5.4.55/mt_wifi.ko	40c8f974ad7317776f602c069c009d1f0d5d939d622ccdee275423fad1e35cb0	.rela.text	63315	.text	0x116374	0x116374	0x1163d4	R_AARCH64_CALL26	mtwf_dbg_prt	4914	0	STT_FUNC	.text	0x1e46b0	0x0	mtwf_dbg_prt	0x1e46b0	mt7990_fe_reset	0x1162e0	0x94	symbol_size	0x116450		direct_call_BL	0x94000000	outgoing	
.local/legacy-firmware/work/extract/stock-rootfs/lib/modules/5.4.55/mt_wifi.ko	40c8f974ad7317776f602c069c009d1f0d5d939d622ccdee275423fad1e35cb0	.rela.text	63316	.text	0x116388	0x116388	0x1163e8	R_AARCH64_CALL26	asic_ser_handler	5465	0	STT_FUNC	.text	0x34d820	0x0	asic_ser_handler	0x34d820	mt7990_fe_reset	0x1162e0	0xa8	symbol_size	0x116450		direct_call_BL	0x94000000	both	
.local/legacy-firmware/work/extract/stock-rootfs/lib/modules/5.4.55/mt_wifi.ko	40c8f974ad7317776f602c069c009d1f0d5d939d622ccdee275423fad1e35cb0	.rela.text	63317	.text	0x116390	0x116390	0x1163f0	R_AARCH64_ADR_PREL_PG_HI21	DebugCategory	8827	0	STT_OBJECT	.data	0x26c978	0x0		0x26c978	mt7990_fe_reset	0x1162e0	0xb0	symbol_size	0x116450		executable_reference	0x90000000	outgoing	
.local/legacy-firmware/work/extract/stock-rootfs/lib/modules/5.4.55/mt_wifi.ko	40c8f974ad7317776f602c069c009d1f0d5d939d622ccdee275423fad1e35cb0	.rela.text	63318	.text	0x116394	0x116394	0x1163f4	R_AARCH64_LDST32_ABS_LO12_NC	DebugCategory	8827	0	STT_OBJECT	.data	0x26c978	0x0		0x26c978	mt7990_fe_reset	0x1162e0	0xb4	symbol_size	0x116450		executable_reference	0xb9400000	outgoing	
.local/legacy-firmware/work/extract/stock-rootfs/lib/modules/5.4.55/mt_wifi.ko	40c8f974ad7317776f602c069c009d1f0d5d939d622ccdee275423fad1e35cb0	.rela.text	63319	.text	0x11639c	0x11639c	0x1163fc	R_AARCH64_ADR_PREL_PG_HI21	DebugSubCategory	3953	0	STT_OBJECT	.data	0x26c980	0x88		0x26ca08	mt7990_fe_reset	0x1162e0	0xbc	symbol_size	0x116450		executable_reference	0x90000000	outgoing	
.local/legacy-firmware/work/extract/stock-rootfs/lib/modules/5.4.55/mt_wifi.ko	40c8f974ad7317776f602c069c009d1f0d5d939d622ccdee275423fad1e35cb0	.rela.text	63320	.text	0x1163a0	0x1163a0	0x116400	R_AARCH64_LDST32_ABS_LO12_NC	DebugSubCategory	3953	0	STT_OBJECT	.data	0x26c980	0x88		0x26ca08	mt7990_fe_reset	0x1162e0	0xc0	symbol_size	0x116450		executable_reference	0xb9400000	outgoing	
.local/legacy-firmware/work/extract/stock-rootfs/lib/modules/5.4.55/mt_wifi.ko	40c8f974ad7317776f602c069c009d1f0d5d939d622ccdee275423fad1e35cb0	.rela.text	63321	.text	0x1163a8	0x1163a8	0x116408	R_AARCH64_ADR_PREL_PG_HI21		5	0	STT_SECTION	.rodata	0x0	0x12a08		0x12a08	mt7990_fe_reset	0x1162e0	0xc8	symbol_size	0x116450		executable_reference	0x90000003	outgoing	
.local/legacy-firmware/work/extract/stock-rootfs/lib/modules/5.4.55/mt_wifi.ko	40c8f974ad7317776f602c069c009d1f0d5d939d622ccdee275423fad1e35cb0	.rela.text	63322	.text	0x1163ac	0x1163ac	0x11640c	R_AARCH64_ADD_ABS_LO12_NC		5	0	STT_SECTION	.rodata	0x0	0x12a08		0x12a08	mt7990_fe_reset	0x1162e0	0xcc	symbol_size	0x116450		executable_reference	0x91000063	outgoing	
.local/legacy-firmware/work/extract/stock-rootfs/lib/modules/5.4.55/mt_wifi.ko	40c8f974ad7317776f602c069c009d1f0d5d939d622ccdee275423fad1e35cb0	.rela.text	63323	.text	0x1163b4	0x1163b4	0x116414	R_AARCH64_ADR_PREL_PG_HI21		6	0	STT_SECTION	.rodata.str1.8	0x0	0x456b0		0x456b0	mt7990_fe_reset	0x1162e0	0xd4	symbol_size	0x116450		executable_reference	0x90000005	outgoing	
.local/legacy-firmware/work/extract/stock-rootfs/lib/modules/5.4.55/mt_wifi.ko	40c8f974ad7317776f602c069c009d1f0d5d939d622ccdee275423fad1e35cb0	.rela.text	63324	.text	0x1163bc	0x1163bc	0x11641c	R_AARCH64_ADD_ABS_LO12_NC		6	0	STT_SECTION	.rodata.str1.8	0x0	0x456b0		0x456b0	mt7990_fe_reset	0x1162e0	0xdc	symbol_size	0x116450		executable_reference	0x910000a5	outgoing	
.local/legacy-firmware/work/extract/stock-rootfs/lib/modules/5.4.55/mt_wifi.ko	40c8f974ad7317776f602c069c009d1f0d5d939d622ccdee275423fad1e35cb0	.rela.text	63325	.text	0x1163d0	0x1163d0	0x116430	R_AARCH64_CALL26	mtwf_dbg_prt	4914	0	STT_FUNC	.text	0x1e46b0	0x0	mtwf_dbg_prt	0x1e46b0	mt7990_fe_reset	0x1162e0	0xf0	symbol_size	0x116450		direct_call_BL	0x94000000	outgoing	
.local/legacy-firmware/work/extract/stock-rootfs/lib/modules/5.4.55/mt_wifi.ko	40c8f974ad7317776f602c069c009d1f0d5d939d622ccdee275423fad1e35cb0	.rela.text	63326	.text	0x1163e4	0x1163e4	0x116444	R_AARCH64_CALL26	asic_ser_handler	5465	0	STT_FUNC	.text	0x34d820	0x0	asic_ser_handler	0x34d820	mt7990_fe_reset	0x1162e0	0x104	symbol_size	0x116450		direct_call_BL	0x94000000	both	
.local/legacy-firmware/work/extract/stock-rootfs/lib/modules/5.4.55/mt_wifi.ko	40c8f974ad7317776f602c069c009d1f0d5d939d622ccdee275423fad1e35cb0	.rela.text	63327	.text	0x1163f4	0x1163f4	0x116454	R_AARCH64_CALL26	ser_ack_event	8663	0	STT_FUNC	.text	0x398604	0x0	ser_ack_event	0x398604	mt7990_fe_reset	0x1162e0	0x114	symbol_size	0x116450		direct_call_BL	0x94000000	both	
.local/legacy-firmware/work/extract/stock-rootfs/lib/modules/5.4.55/mt_wifi.ko	40c8f974ad7317776f602c069c009d1f0d5d939d622ccdee275423fad1e35cb0	.rela.text	63328	.text	0x1163f8	0x1163f8	0x116458	R_AARCH64_ADR_PREL_PG_HI21	DebugCategory	8827	0	STT_OBJECT	.data	0x26c978	0x0		0x26c978	mt7990_fe_reset	0x1162e0	0x118	symbol_size	0x116450		executable_reference	0x90000000	outgoing	
.local/legacy-firmware/work/extract/stock-rootfs/lib/modules/5.4.55/mt_wifi.ko	40c8f974ad7317776f602c069c009d1f0d5d939d622ccdee275423fad1e35cb0	.rela.text	63329	.text	0x1163fc	0x1163fc	0x11645c	R_AARCH64_LDST32_ABS_LO12_NC	DebugCategory	8827	0	STT_OBJECT	.data	0x26c978	0x0		0x26c978	mt7990_fe_reset	0x1162e0	0x11c	symbol_size	0x116450		executable_reference	0xb9400000	outgoing	
.local/legacy-firmware/work/extract/stock-rootfs/lib/modules/5.4.55/mt_wifi.ko	40c8f974ad7317776f602c069c009d1f0d5d939d622ccdee275423fad1e35cb0	.rela.text	63330	.text	0x116404	0x116404	0x116464	R_AARCH64_ADR_PREL_PG_HI21	DebugSubCategory	3953	0	STT_OBJECT	.data	0x26c980	0x88		0x26ca08	mt7990_fe_reset	0x1162e0	0x124	symbol_size	0x116450		executable_reference	0x90000000	outgoing	
.local/legacy-firmware/work/extract/stock-rootfs/lib/modules/5.4.55/mt_wifi.ko	40c8f974ad7317776f602c069c009d1f0d5d939d622ccdee275423fad1e35cb0	.rela.text	63331	.text	0x116408	0x116408	0x116468	R_AARCH64_LDST32_ABS_LO12_NC	DebugSubCategory	3953	0	STT_OBJECT	.data	0x26c980	0x88		0x26ca08	mt7990_fe_reset	0x1162e0	0x128	symbol_size	0x116450		executable_reference	0xb9400000	outgoing	
.local/legacy-firmware/work/extract/stock-rootfs/lib/modules/5.4.55/mt_wifi.ko	40c8f974ad7317776f602c069c009d1f0d5d939d622ccdee275423fad1e35cb0	.rela.text	63332	.text	0x116410	0x116410	0x116470	R_AARCH64_ADR_PREL_PG_HI21		5	0	STT_SECTION	.rodata	0x0	0x12a08		0x12a08	mt7990_fe_reset	0x1162e0	0x130	symbol_size	0x116450		executable_reference	0x90000003	outgoing	
.local/legacy-firmware/work/extract/stock-rootfs/lib/modules/5.4.55/mt_wifi.ko	40c8f974ad7317776f602c069c009d1f0d5d939d622ccdee275423fad1e35cb0	.rela.text	63333	.text	0x116414	0x116414	0x116474	R_AARCH64_ADD_ABS_LO12_NC		5	0	STT_SECTION	.rodata	0x0	0x12a08		0x12a08	mt7990_fe_reset	0x1162e0	0x134	symbol_size	0x116450		executable_reference	0x91000063	outgoing	
.local/legacy-firmware/work/extract/stock-rootfs/lib/modules/5.4.55/mt_wifi.ko	40c8f974ad7317776f602c069c009d1f0d5d939d622ccdee275423fad1e35cb0	.rela.text	63334	.text	0x11641c	0x11641c	0x11647c	R_AARCH64_ADR_PREL_PG_HI21		6	0	STT_SECTION	.rodata.str1.8	0x0	0x45690		0x45690	mt7990_fe_reset	0x1162e0	0x13c	symbol_size	0x116450		executable_reference	0x90000005	outgoing	
.local/legacy-firmware/work/extract/stock-rootfs/lib/modules/5.4.55/mt_wifi.ko	40c8f974ad7317776f602c069c009d1f0d5d939d622ccdee275423fad1e35cb0	.rela.text	63335	.text	0x116424	0x116424	0x116484	R_AARCH64_ADD_ABS_LO12_NC		6	0	STT_SECTION	.rodata.str1.8	0x0	0x45690		0x45690	mt7990_fe_reset	0x1162e0	0x144	symbol_size	0x116450		executable_reference	0x910000a5	outgoing	
.local/legacy-firmware/work/extract/stock-rootfs/lib/modules/5.4.55/mt_wifi.ko	40c8f974ad7317776f602c069c009d1f0d5d939d622ccdee275423fad1e35cb0	.rela.text	63336	.text	0x116438	0x116438	0x116498	R_AARCH64_CALL26	mtwf_dbg_prt	4914	0	STT_FUNC	.text	0x1e46b0	0x0	mtwf_dbg_prt	0x1e46b0	mt7990_fe_reset	0x1162e0	0x158	symbol_size	0x116450		direct_call_BL	0x94000000	outgoing	
.local/legacy-firmware/work/extract/stock-rootfs/lib/modules/5.4.55/mt_wifi.ko	40c8f974ad7317776f602c069c009d1f0d5d939d622ccdee275423fad1e35cb0	.rela.text	63337	.text	0x116448	0x116448	0x1164a8	R_AARCH64_CALL26	ser_ack_event	8663	0	STT_FUNC	.text	0x398604	0x0	ser_ack_event	0x398604	mt7990_fe_reset	0x1162e0	0x168	symbol_size	0x116450		direct_call_BL	0x94000000	both	
.local/legacy-firmware/work/extract/stock-rootfs/lib/modules/5.4.55/mt_wifi.ko	40c8f974ad7317776f602c069c009d1f0d5d939d622ccdee275423fad1e35cb0	.rela.text	63338	.text	0x116474	0x116474	0x1164d4	R_AARCH64_CALL26	ser_get_all_pAd_by_chipid_hwid	4148	0	STT_FUNC	.text	0x398540	0x0	ser_get_all_pAd_by_chipid_hwid	0x398540	mt7990_fe_wdma_reset	0x116450	0x24	symbol_size	0x116500		direct_call_BL	0x94000000	outgoing	
.local/legacy-firmware/work/extract/stock-rootfs/lib/modules/5.4.55/mt_wifi.ko	40c8f974ad7317776f602c069c009d1f0d5d939d622ccdee275423fad1e35cb0	.rela.text	63339	.text	0x11649c	0x11649c	0x1164fc	R_AARCH64_ADR_PREL_PG_HI21	DebugCategory	8827	0	STT_OBJECT	.data	0x26c978	0x0		0x26c978	mt7990_fe_wdma_reset	0x116450	0x4c	symbol_size	0x116500		executable_reference	0x90000000	outgoing	
.local/legacy-firmware/work/extract/stock-rootfs/lib/modules/5.4.55/mt_wifi.ko	40c8f974ad7317776f602c069c009d1f0d5d939d622ccdee275423fad1e35cb0	.rela.text	63340	.text	0x1164a0	0x1164a0	0x116500	R_AARCH64_LDST32_ABS_LO12_NC	DebugCategory	8827	0	STT_OBJECT	.data	0x26c978	0x0		0x26c978	mt7990_fe_wdma_reset	0x116450	0x50	symbol_size	0x116500		executable_reference	0xb9400000	outgoing	
.local/legacy-firmware/work/extract/stock-rootfs/lib/modules/5.4.55/mt_wifi.ko	40c8f974ad7317776f602c069c009d1f0d5d939d622ccdee275423fad1e35cb0	.rela.text	63341	.text	0x1164a8	0x1164a8	0x116508	R_AARCH64_ADR_PREL_PG_HI21	DebugSubCategory	3953	0	STT_OBJECT	.data	0x26c980	0x88		0x26ca08	mt7990_fe_wdma_reset	0x116450	0x58	symbol_size	0x116500		executable_reference	0x90000000	outgoing	
.local/legacy-firmware/work/extract/stock-rootfs/lib/modules/5.4.55/mt_wifi.ko	40c8f974ad7317776f602c069c009d1f0d5d939d622ccdee275423fad1e35cb0	.rela.text	63342	.text	0x1164ac	0x1164ac	0x11650c	R_AARCH64_LDST32_ABS_LO12_NC	DebugSubCategory	3953	0	STT_OBJECT	.data	0x26c980	0x88		0x26ca08	mt7990_fe_wdma_reset	0x116450	0x5c	symbol_size	0x116500		executable_reference	0xb9400000	outgoing	
.local/legacy-firmware/work/extract/stock-rootfs/lib/modules/5.4.55/mt_wifi.ko	40c8f974ad7317776f602c069c009d1f0d5d939d622ccdee275423fad1e35cb0	.rela.text	63343	.text	0x1164b4	0x1164b4	0x116514	R_AARCH64_ADR_PREL_PG_HI21		5	0	STT_SECTION	.rodata	0x0	0x12a08		0x12a08	mt7990_fe_wdma_reset	0x116450	0x64	symbol_size	0x116500		executable_reference	0x90000003	outgoing	
.local/legacy-firmware/work/extract/stock-rootfs/lib/modules/5.4.55/mt_wifi.ko	40c8f974ad7317776f602c069c009d1f0d5d939d622ccdee275423fad1e35cb0	.rela.text	63344	.text	0x1164b8	0x1164b8	0x116518	R_AARCH64_ADD_ABS_LO12_NC		5	0	STT_SECTION	.rodata	0x0	0x12a08		0x12a08	mt7990_fe_wdma_reset	0x116450	0x68	symbol_size	0x116500		executable_reference	0x91000063	outgoing	
.local/legacy-firmware/work/extract/stock-rootfs/lib/modules/5.4.55/mt_wifi.ko	40c8f974ad7317776f602c069c009d1f0d5d939d622ccdee275423fad1e35cb0	.rela.text	63345	.text	0x1164c0	0x1164c0	0x116520	R_AARCH64_ADR_PREL_PG_HI21		6	0	STT_SECTION	.rodata.str1.8	0x0	0x45500		0x45500	mt7990_fe_wdma_reset	0x116450	0x70	symbol_size	0x116500		executable_reference	0x90000005	outgoing	
.local/legacy-firmware/work/extract/stock-rootfs/lib/modules/5.4.55/mt_wifi.ko	40c8f974ad7317776f602c069c009d1f0d5d939d622ccdee275423fad1e35cb0	.rela.text	63346	.text	0x1164c8	0x1164c8	0x116528	R_AARCH64_ADD_ABS_LO12_NC		6	0	STT_SECTION	.rodata.str1.8	0x0	0x45500		0x45500	mt7990_fe_wdma_reset	0x116450	0x78	symbol_size	0x116500		executable_reference	0x910000a5	outgoing	
.local/legacy-firmware/work/extract/stock-rootfs/lib/modules/5.4.55/mt_wifi.ko	40c8f974ad7317776f602c069c009d1f0d5d939d622ccdee275423fad1e35cb0	.rela.text	63347	.text	0x1164d8	0x1164d8	0x116538	R_AARCH64_CALL26	mtwf_dbg_prt	4914	0	STT_FUNC	.text	0x1e46b0	0x0	mtwf_dbg_prt	0x1e46b0	mt7990_fe_wdma_reset	0x116450	0x88	symbol_size	0x116500		direct_call_BL	0x94000000	outgoing	
.local/legacy-firmware/work/extract/stock-rootfs/lib/modules/5.4.55/mt_wifi.ko	40c8f974ad7317776f602c069c009d1f0d5d939d622ccdee275423fad1e35cb0	.rela.text	63348	.text	0x1164f0	0x1164f0	0x116550	R_AARCH64_CALL26	UniCmdSER	3002	0	STT_FUNC	.text	0xb9bc0	0x0	UniCmdSER	0xb9bc0	mt7990_fe_wdma_reset	0x116450	0xa0	symbol_size	0x116500		direct_call_BL	0x94000000	outgoing	
.local/legacy-firmware/work/extract/stock-rootfs/lib/modules/5.4.55/mt_wifi.ko	40c8f974ad7317776f602c069c009d1f0d5d939d622ccdee275423fad1e35cb0	.rela.text	100469	.text	0x1c7bf0	0x1c7bf0	0x1c7c50	R_AARCH64_CALL26	ser_l1_timeout	8119	0	STT_FUNC	.text	0x398980	0x0	ser_l1_timeout	0x398980	rtmp_timer_ser_l1_timeout	0x1c7bd0	0x20	symbol_size	0x1c7c20		direct_call_BL	0x94000000	incoming	
.local/legacy-firmware/work/extract/stock-rootfs/lib/modules/5.4.55/mt_wifi.ko	40c8f974ad7317776f602c069c009d1f0d5d939d622ccdee275423fad1e35cb0	.rela.text	174184	.text	0x346bb0	0x346bb0	0x346c10	R_AARCH64_CALL26	ser_event_enq	7030	0	STT_FUNC	.text	0x397f80	0x0	ser_event_enq	0x397f80	unnamed@.text+0x346b40	0x346b40	0x70	eh_frame_FDE	0x346d20	0x6ce48	direct_call_BL	0x94000000	incoming	
.local/legacy-firmware/work/extract/stock-rootfs/lib/modules/5.4.55/mt_wifi.ko	40c8f974ad7317776f602c069c009d1f0d5d939d622ccdee275423fad1e35cb0	.rela.text	174189	.text	0x346bf4	0x346bf4	0x346c54	R_AARCH64_CALL26	ser_event_enq	7030	0	STT_FUNC	.text	0x397f80	0x0	ser_event_enq	0x397f80	unnamed@.text+0x346b40	0x346b40	0xb4	eh_frame_FDE	0x346d20	0x6ce48	direct_call_BL	0x94000000	incoming	
.local/legacy-firmware/work/extract/stock-rootfs/lib/modules/5.4.55/mt_wifi.ko	40c8f974ad7317776f602c069c009d1f0d5d939d622ccdee275423fad1e35cb0	.rela.text	174194	.text	0x346c44	0x346c44	0x346ca4	R_AARCH64_CALL26	ser_event_enq	7030	0	STT_FUNC	.text	0x397f80	0x0	ser_event_enq	0x397f80	unnamed@.text+0x346b40	0x346b40	0x104	eh_frame_FDE	0x346d20	0x6ce48	direct_call_BL	0x94000000	incoming	
.local/legacy-firmware/work/extract/stock-rootfs/lib/modules/5.4.55/mt_wifi.ko	40c8f974ad7317776f602c069c009d1f0d5d939d622ccdee275423fad1e35cb0	.rela.text	174199	.text	0x346c7c	0x346c7c	0x346cdc	R_AARCH64_CALL26	ser_event_enq	7030	0	STT_FUNC	.text	0x397f80	0x0	ser_event_enq	0x397f80	unnamed@.text+0x346b40	0x346b40	0x13c	eh_frame_FDE	0x346d20	0x6ce48	direct_call_BL	0x94000000	incoming	
.local/legacy-firmware/work/extract/stock-rootfs/lib/modules/5.4.55/mt_wifi.ko	40c8f974ad7317776f602c069c009d1f0d5d939d622ccdee275423fad1e35cb0	.rela.text	175250	.text	0x34d84c	0x34d84c	0x34d8ac	R_AARCH64_CALL26	hc_get_arch_ops	2679	0	STT_FUNC	.text	0x352e20	0x0	hc_get_arch_ops	0x352e20	asic_ser_handler	0x34d820	0x2c	symbol_size	0x34d8a0		direct_call_BL	0x94000000	outgoing	
.local/legacy-firmware/work/extract/stock-rootfs/lib/modules/5.4.55/mt_wifi.ko	40c8f974ad7317776f602c069c009d1f0d5d939d622ccdee275423fad1e35cb0	.rela.text	175251	.text	0x34d878	0x34d878	0x34d8d8	R_AARCH64_ADR_PREL_PG_HI21		5	0	STT_SECTION	.rodata	0x0	0x28f30		0x28f30	asic_ser_handler	0x34d820	0x58	symbol_size	0x34d8a0		executable_reference	0x90000001	outgoing	
.local/legacy-firmware/work/extract/stock-rootfs/lib/modules/5.4.55/mt_wifi.ko	40c8f974ad7317776f602c069c009d1f0d5d939d622ccdee275423fad1e35cb0	.rela.text	175252	.text	0x34d87c	0x34d87c	0x34d8dc	R_AARCH64_ADD_ABS_LO12_NC		5	0	STT_SECTION	.rodata	0x0	0x28f30		0x28f30	asic_ser_handler	0x34d820	0x5c	symbol_size	0x34d8a0		executable_reference	0x91000021	outgoing	
.local/legacy-firmware/work/extract/stock-rootfs/lib/modules/5.4.55/mt_wifi.ko	40c8f974ad7317776f602c069c009d1f0d5d939d622ccdee275423fad1e35cb0	.rela.text	175253	.text	0x34d888	0x34d888	0x34d8e8	R_AARCH64_CALL26	AsicNotSupportFunc	3723	0	STT_FUNC	.text	0x3480b0	0x0	AsicNotSupportFunc	0x3480b0	asic_ser_handler	0x34d820	0x68	symbol_size	0x34d8a0		direct_call_BL	0x94000000	outgoing	
.local/legacy-firmware/work/extract/stock-rootfs/lib/modules/5.4.55/mt_wifi.ko	40c8f974ad7317776f602c069c009d1f0d5d939d622ccdee275423fad1e35cb0	.rela.text	187956	.text	0x384ea8	0x384ea8	0x384f08	R_AARCH64_CALL26	ser_event_enq	7030	0	STT_FUNC	.text	0x397f80	0x0	ser_event_enq	0x397f80	mtk_rx_ser_event	0x384ea0	0x8	symbol_size	0x384eb4		direct_call_BL	0x94000000	incoming	
.local/legacy-firmware/work/extract/stock-rootfs/lib/modules/5.4.55/mt_wifi.ko	40c8f974ad7317776f602c069c009d1f0d5d939d622ccdee275423fad1e35cb0	.rela.text	191500	.text	0x397b00	0x397b00	0x397b60	R_AARCH64_ADR_PREL_PG_HI21	mt7990_ser_0_5_v1	7329	0	STT_FUNC	.text	0x116010	0x0	mt7990_ser_0_5_v1	0x116010	unnamed@.text+0x397770	0x397770	0x390	eh_frame_FDE	0x397f80	0x7d1f8	executable_reference	0x90000001	incoming	
.local/legacy-firmware/work/extract/stock-rootfs/lib/modules/5.4.55/mt_wifi.ko	40c8f974ad7317776f602c069c009d1f0d5d939d622ccdee275423fad1e35cb0	.rela.text	191501	.text	0x397b04	0x397b04	0x397b64	R_AARCH64_ADD_ABS_LO12_NC	mt7990_ser_0_5_v1	7329	0	STT_FUNC	.text	0x116010	0x0	mt7990_ser_0_5_v1	0x116010	unnamed@.text+0x397770	0x397770	0x394	eh_frame_FDE	0x397f80	0x7d1f8	executable_reference	0x91000021	incoming	
.local/legacy-firmware/work/extract/stock-rootfs/lib/modules/5.4.55/mt_wifi.ko	40c8f974ad7317776f602c069c009d1f0d5d939d622ccdee275423fad1e35cb0	.rela.text	191506	.text	0x397bd0	0x397bd0	0x397c30	R_AARCH64_ADR_PREL_PG_HI21	mt7990_ser_1_0_v1	7353	0	STT_FUNC	.text	0x115440	0x0	mt7990_ser_1_0_v1	0x115440	unnamed@.text+0x397770	0x397770	0x460	eh_frame_FDE	0x397f80	0x7d1f8	executable_reference	0x90000001	incoming	
.local/legacy-firmware/work/extract/stock-rootfs/lib/modules/5.4.55/mt_wifi.ko	40c8f974ad7317776f602c069c009d1f0d5d939d622ccdee275423fad1e35cb0	.rela.text	191507	.text	0x397bd4	0x397bd4	0x397c34	R_AARCH64_ADD_ABS_LO12_NC	mt7990_ser_1_0_v1	7353	0	STT_FUNC	.text	0x115440	0x0	mt7990_ser_1_0_v1	0x115440	unnamed@.text+0x397770	0x397770	0x464	eh_frame_FDE	0x397f80	0x7d1f8	executable_reference	0x91000021	incoming	
.local/legacy-firmware/work/extract/stock-rootfs/lib/modules/5.4.55/mt_wifi.ko	40c8f974ad7317776f602c069c009d1f0d5d939d622ccdee275423fad1e35cb0	.rela.text	191558	.text	0x397ec8	0x397ec8	0x397f28	R_AARCH64_ADR_PREL_PG_HI21	mt7990_ser_0_0_v1	10024	0	STT_FUNC	.text	0x116090	0x0	mt7990_ser_0_0_v1	0x116090	unnamed@.text+0x397770	0x397770	0x758	eh_frame_FDE	0x397f80	0x7d1f8	executable_reference	0x90000001	incoming	
.local/legacy-firmware/work/extract/stock-rootfs/lib/modules/5.4.55/mt_wifi.ko	40c8f974ad7317776f602c069c009d1f0d5d939d622ccdee275423fad1e35cb0	.rela.text	191559	.text	0x397ecc	0x397ecc	0x397f2c	R_AARCH64_ADD_ABS_LO12_NC	mt7990_ser_0_0_v1	10024	0	STT_FUNC	.text	0x116090	0x0	mt7990_ser_0_0_v1	0x116090	unnamed@.text+0x397770	0x397770	0x75c	eh_frame_FDE	0x397f80	0x7d1f8	executable_reference	0x91000021	incoming	
.local/legacy-firmware/work/extract/stock-rootfs/lib/modules/5.4.55/mt_wifi.ko	40c8f974ad7317776f602c069c009d1f0d5d939d622ccdee275423fad1e35cb0	.rela.text	191567	.text	0x397f4c	0x397f4c	0x397fac	R_AARCH64_ADR_PREL_PG_HI21	mt7990_ser_10_0_v1	2391	0	STT_FUNC	.text	0x115f74	0x0	mt7990_ser_10_0_v1	0x115f74	unnamed@.text+0x397770	0x397770	0x7dc	eh_frame_FDE	0x397f80	0x7d1f8	executable_reference	0x90000001	incoming	
.local/legacy-firmware/work/extract/stock-rootfs/lib/modules/5.4.55/mt_wifi.ko	40c8f974ad7317776f602c069c009d1f0d5d939d622ccdee275423fad1e35cb0	.rela.text	191568	.text	0x397f50	0x397f50	0x397fb0	R_AARCH64_ADD_ABS_LO12_NC	mt7990_ser_10_0_v1	2391	0	STT_FUNC	.text	0x115f74	0x0	mt7990_ser_10_0_v1	0x115f74	unnamed@.text+0x397770	0x397770	0x7e0	eh_frame_FDE	0x397f80	0x7d1f8	executable_reference	0x91000021	incoming	
.local/legacy-firmware/work/extract/stock-rootfs/lib/modules/5.4.55/mt_wifi.ko	40c8f974ad7317776f602c069c009d1f0d5d939d622ccdee275423fad1e35cb0	.rela.text	191569	.text	0x397f60	0x397f60	0x397fc0	R_AARCH64_ADR_PREL_PG_HI21	mt7990_fe_reset	7536	0	STT_FUNC	.text	0x1162e0	0x0	mt7990_fe_reset	0x1162e0	unnamed@.text+0x397770	0x397770	0x7f0	eh_frame_FDE	0x397f80	0x7d1f8	executable_reference	0x90000001	incoming	
.local/legacy-firmware/work/extract/stock-rootfs/lib/modules/5.4.55/mt_wifi.ko	40c8f974ad7317776f602c069c009d1f0d5d939d622ccdee275423fad1e35cb0	.rela.text	191570	.text	0x397f64	0x397f64	0x397fc4	R_AARCH64_ADD_ABS_LO12_NC	mt7990_fe_reset	7536	0	STT_FUNC	.text	0x1162e0	0x0	mt7990_fe_reset	0x1162e0	unnamed@.text+0x397770	0x397770	0x7f4	eh_frame_FDE	0x397f80	0x7d1f8	executable_reference	0x91000021	incoming	
.local/legacy-firmware/work/extract/stock-rootfs/lib/modules/5.4.55/mt_wifi.ko	40c8f974ad7317776f602c069c009d1f0d5d939d622ccdee275423fad1e35cb0	.rela.text	191571	.text	0x397f74	0x397f74	0x397fd4	R_AARCH64_ADR_PREL_PG_HI21	mt7990_fe_wdma_reset	8436	0	STT_FUNC	.text	0x116450	0x0	mt7990_fe_wdma_reset	0x116450	unnamed@.text+0x397770	0x397770	0x804	eh_frame_FDE	0x397f80	0x7d1f8	executable_reference	0x90000001	incoming	
.local/legacy-firmware/work/extract/stock-rootfs/lib/modules/5.4.55/mt_wifi.ko	40c8f974ad7317776f602c069c009d1f0d5d939d622ccdee275423fad1e35cb0	.rela.text	191572	.text	0x397f78	0x397f78	0x397fd8	R_AARCH64_ADD_ABS_LO12_NC	mt7990_fe_wdma_reset	8436	0	STT_FUNC	.text	0x116450	0x0	mt7990_fe_wdma_reset	0x116450	unnamed@.text+0x397770	0x397770	0x808	eh_frame_FDE	0x397f80	0x7d1f8	executable_reference	0x91000021	incoming	
.local/legacy-firmware/work/extract/stock-rootfs/lib/modules/5.4.55/mt_wifi.ko	40c8f974ad7317776f602c069c009d1f0d5d939d622ccdee275423fad1e35cb0	.rela.text	191573	.text	0x397fc0	0x397fc0	0x398020	R_AARCH64_ADR_PREL_PG_HI21		11	0	STT_SECTION	.bss	0x0	0x1ce58		0x1ce58	ser_event_enq	0x397f80	0x40	symbol_size	0x3980d8		executable_reference	0x90000013	outgoing	
.local/legacy-firmware/work/extract/stock-rootfs/lib/modules/5.4.55/mt_wifi.ko	40c8f974ad7317776f602c069c009d1f0d5d939d622ccdee275423fad1e35cb0	.rela.text	191574	.text	0x397fc8	0x397fc8	0x398028	R_AARCH64_ADD_ABS_LO12_NC		11	0	STT_SECTION	.bss	0x0	0x1ce58		0x1ce58	ser_event_enq	0x397f80	0x48	symbol_size	0x3980d8		executable_reference	0x91000279	outgoing	
.local/legacy-firmware/work/extract/stock-rootfs/lib/modules/5.4.55/mt_wifi.ko	40c8f974ad7317776f602c069c009d1f0d5d939d622ccdee275423fad1e35cb0	.rela.text	191575	.text	0x397ff0	0x397ff0	0x398050	R_AARCH64_ADD_ABS_LO12_NC		11	0	STT_SECTION	.bss	0x0	0x1ce58		0x1ce58	ser_event_enq	0x397f80	0x70	symbol_size	0x3980d8		executable_reference	0x91000261	outgoing	
.local/legacy-firmware/work/extract/stock-rootfs/lib/modules/5.4.55/mt_wifi.ko	40c8f974ad7317776f602c069c009d1f0d5d939d622ccdee275423fad1e35cb0	.rela.text	191576	.text	0x39800c	0x39800c	0x39806c	R_AARCH64_CALL26	__local_bh_enable_ip	10623	1	STT_NOTYPE	SHN_UNDEF	0x0	0x0			ser_event_enq	0x397f80	0x8c	symbol_size	0x3980d8		direct_call_BL	0x94000000	outgoing	
.local/legacy-firmware/work/extract/stock-rootfs/lib/modules/5.4.55/mt_wifi.ko	40c8f974ad7317776f602c069c009d1f0d5d939d622ccdee275423fad1e35cb0	.rela.text	191577	.text	0x398044	0x398044	0x3980a4	R_AARCH64_CALL26	os_alloc_mem	7218	0	STT_FUNC	.text	0x39d580	0x0	os_alloc_mem	0x39d580	ser_event_enq	0x397f80	0xc4	symbol_size	0x3980d8		direct_call_BL	0x94000000	outgoing	
.local/legacy-firmware/work/extract/stock-rootfs/lib/modules/5.4.55/mt_wifi.ko	40c8f974ad7317776f602c069c009d1f0d5d939d622ccdee275423fad1e35cb0	.rela.text	191578	.text	0x398068	0x398068	0x3980c8	R_AARCH64_CALL26	OS_SPIN_LOCK_IRQSAVE	2429	0	STT_FUNC	.text	0x39cd80	0x0	OS_SPIN_LOCK_IRQSAVE	0x39cd80	ser_event_enq	0x397f80	0xe8	symbol_size	0x3980d8		direct_call_BL	0x94000000	outgoing	
.local/legacy-firmware/work/extract/stock-rootfs/lib/modules/5.4.55/mt_wifi.ko	40c8f974ad7317776f602c069c009d1f0d5d939d622ccdee275423fad1e35cb0	.rela.text	191579	.text	0x39809c	0x39809c	0x3980fc	R_AARCH64_CALL26	OS_SPIN_UNLOCK_IRQRESTORE	1816	0	STT_FUNC	.text	0x39cdf0	0x0	OS_SPIN_UNLOCK_IRQRESTORE	0x39cdf0	ser_event_enq	0x397f80	0x11c	symbol_size	0x3980d8		direct_call_BL	0x94000000	outgoing	
.local/legacy-firmware/work/extract/stock-rootfs/lib/modules/5.4.55/mt_wifi.ko	40c8f974ad7317776f602c069c009d1f0d5d939d622ccdee275423fad1e35cb0	.rela.text	191580	.text	0x3980a4	0x3980a4	0x398104	R_AARCH64_CALL26	RtmpOsCmdUp	3899	0	STT_FUNC	.text	0x39c710	0x0	RtmpOsCmdUp	0x39c710	ser_event_enq	0x397f80	0x124	symbol_size	0x3980d8		direct_call_BL	0x94000000	outgoing	
.local/legacy-firmware/work/extract/stock-rootfs/lib/modules/5.4.55/mt_wifi.ko	40c8f974ad7317776f602c069c009d1f0d5d939d622ccdee275423fad1e35cb0	.rela.text	191581	.text	0x3980c8	0x3980c8	0x398128	R_AARCH64_CALL26	queued_spin_lock_slowpath	10697	1	STT_NOTYPE	SHN_UNDEF	0x0	0x0			ser_event_enq	0x397f80	0x148	symbol_size	0x3980d8		direct_call_BL	0x94000000	outgoing	
.local/legacy-firmware/work/extract/stock-rootfs/lib/modules/5.4.55/mt_wifi.ko	40c8f974ad7317776f602c069c009d1f0d5d939d622ccdee275423fad1e35cb0	.rela.text	191657	.text	0x39862c	0x39862c	0x39868c	R_AARCH64_CALL26	ser_get_all_pAd_by_chipid_hwid	4148	0	STT_FUNC	.text	0x398540	0x0	ser_get_all_pAd_by_chipid_hwid	0x398540	ser_ack_event	0x398604	0x28	symbol_size	0x398764		direct_call_BL	0x94000000	outgoing	
.local/legacy-firmware/work/extract/stock-rootfs/lib/modules/5.4.55/mt_wifi.ko	40c8f974ad7317776f602c069c009d1f0d5d939d622ccdee275423fad1e35cb0	.rela.text	191658	.text	0x39865c	0x39865c	0x3986bc	R_AARCH64_CALL26	rtnl_lock	10711	1	STT_NOTYPE	SHN_UNDEF	0x0	0x0			ser_ack_event	0x398604	0x58	symbol_size	0x398764		direct_call_BL	0x94000000	outgoing	
.local/legacy-firmware/work/extract/stock-rootfs/lib/modules/5.4.55/mt_wifi.ko	40c8f974ad7317776f602c069c009d1f0d5d939d622ccdee275423fad1e35cb0	.rela.text	191659	.text	0x398678	0x398678	0x3986d8	R_AARCH64_CALL26	rtnl_unlock	10808	1	STT_NOTYPE	SHN_UNDEF	0x0	0x0			ser_ack_event	0x398604	0x74	symbol_size	0x398764		direct_call_BL	0x94000000	outgoing	
.local/legacy-firmware/work/extract/stock-rootfs/lib/modules/5.4.55/mt_wifi.ko	40c8f974ad7317776f602c069c009d1f0d5d939d622ccdee275423fad1e35cb0	.rela.text	191660	.text	0x398694	0x398694	0x3986f4	R_AARCH64_CALL26	asic_ser_handler	5465	0	STT_FUNC	.text	0x34d820	0x0	asic_ser_handler	0x34d820	ser_ack_event	0x398604	0x90	symbol_size	0x398764		direct_call_BL	0x94000000	both	
.local/legacy-firmware/work/extract/stock-rootfs/lib/modules/5.4.55/mt_wifi.ko	40c8f974ad7317776f602c069c009d1f0d5d939d622ccdee275423fad1e35cb0	.rela.text	191661	.text	0x39869c	0x39869c	0x3986fc	R_AARCH64_ADR_PREL_PG_HI21	DebugCategory	8827	0	STT_OBJECT	.data	0x26c978	0x0		0x26c978	ser_ack_event	0x398604	0x98	symbol_size	0x398764		executable_reference	0x90000000	outgoing	
.local/legacy-firmware/work/extract/stock-rootfs/lib/modules/5.4.55/mt_wifi.ko	40c8f974ad7317776f602c069c009d1f0d5d939d622ccdee275423fad1e35cb0	.rela.text	191662	.text	0x3986a0	0x3986a0	0x398700	R_AARCH64_LDST32_ABS_LO12_NC	DebugCategory	8827	0	STT_OBJECT	.data	0x26c978	0x0		0x26c978	ser_ack_event	0x398604	0x9c	symbol_size	0x398764		executable_reference	0xb9400000	outgoing	
.local/legacy-firmware/work/extract/stock-rootfs/lib/modules/5.4.55/mt_wifi.ko	40c8f974ad7317776f602c069c009d1f0d5d939d622ccdee275423fad1e35cb0	.rela.text	191663	.text	0x3986a8	0x3986a8	0x398708	R_AARCH64_ADR_PREL_PG_HI21	DebugSubCategory	3953	0	STT_OBJECT	.data	0x26c980	0x88		0x26ca08	ser_ack_event	0x398604	0xa4	symbol_size	0x398764		executable_reference	0x90000000	outgoing	
.local/legacy-firmware/work/extract/stock-rootfs/lib/modules/5.4.55/mt_wifi.ko	40c8f974ad7317776f602c069c009d1f0d5d939d622ccdee275423fad1e35cb0	.rela.text	191664	.text	0x3986ac	0x3986ac	0x39870c	R_AARCH64_LDST32_ABS_LO12_NC	DebugSubCategory	3953	0	STT_OBJECT	.data	0x26c980	0x88		0x26ca08	ser_ack_event	0x398604	0xa8	symbol_size	0x398764		executable_reference	0xb9400000	outgoing	
.local/legacy-firmware/work/extract/stock-rootfs/lib/modules/5.4.55/mt_wifi.ko	40c8f974ad7317776f602c069c009d1f0d5d939d622ccdee275423fad1e35cb0	.rela.text	191665	.text	0x3986b4	0x3986b4	0x398714	R_AARCH64_ADR_PREL_PG_HI21		5	0	STT_SECTION	.rodata	0x0	0x2dbe0		0x2dbe0	ser_ack_event	0x398604	0xb0	symbol_size	0x398764		executable_reference	0x90000003	outgoing	
.local/legacy-firmware/work/extract/stock-rootfs/lib/modules/5.4.55/mt_wifi.ko	40c8f974ad7317776f602c069c009d1f0d5d939d622ccdee275423fad1e35cb0	.rela.text	191666	.text	0x3986b8	0x3986b8	0x398718	R_AARCH64_ADD_ABS_LO12_NC		5	0	STT_SECTION	.rodata	0x0	0x2dbe0		0x2dbe0	ser_ack_event	0x398604	0xb4	symbol_size	0x398764		executable_reference	0x91000063	outgoing	
.local/legacy-firmware/work/extract/stock-rootfs/lib/modules/5.4.55/mt_wifi.ko	40c8f974ad7317776f602c069c009d1f0d5d939d622ccdee275423fad1e35cb0	.rela.text	191667	.text	0x3986c4	0x3986c4	0x398724	R_AARCH64_ADR_PREL_PG_HI21		6	0	STT_SECTION	.rodata.str1.8	0x0	0xb1510		0xb1510	ser_ack_event	0x398604	0xc0	symbol_size	0x398764		executable_reference	0x90000005	outgoing	
.local/legacy-firmware/work/extract/stock-rootfs/lib/modules/5.4.55/mt_wifi.ko	40c8f974ad7317776f602c069c009d1f0d5d939d622ccdee275423fad1e35cb0	.rela.text	191668	.text	0x3986cc	0x3986cc	0x39872c	R_AARCH64_ADD_ABS_LO12_NC		6	0	STT_SECTION	.rodata.str1.8	0x0	0xb1510		0xb1510	ser_ack_event	0x398604	0xc8	symbol_size	0x398764		executable_reference	0x910000a5	outgoing	
.local/legacy-firmware/work/extract/stock-rootfs/lib/modules/5.4.55/mt_wifi.ko	40c8f974ad7317776f602c069c009d1f0d5d939d622ccdee275423fad1e35cb0	.rela.text	191669	.text	0x3986dc	0x3986dc	0x39873c	R_AARCH64_CALL26	mtwf_dbg_prt	4914	0	STT_FUNC	.text	0x1e46b0	0x0	mtwf_dbg_prt	0x1e46b0	ser_ack_event	0x398604	0xd8	symbol_size	0x398764		direct_call_BL	0x94000000	outgoing	
.local/legacy-firmware/work/extract/stock-rootfs/lib/modules/5.4.55/mt_wifi.ko	40c8f974ad7317776f602c069c009d1f0d5d939d622ccdee275423fad1e35cb0	.rela.text	191670	.text	0x3986e4	0x3986e4	0x398744	R_AARCH64_ADR_PREL_PG_HI21	DebugCategory	8827	0	STT_OBJECT	.data	0x26c978	0x0		0x26c978	ser_ack_event	0x398604	0xe0	symbol_size	0x398764		executable_reference	0x90000000	outgoing	
.local/legacy-firmware/work/extract/stock-rootfs/lib/modules/5.4.55/mt_wifi.ko	40c8f974ad7317776f602c069c009d1f0d5d939d622ccdee275423fad1e35cb0	.rela.text	191671	.text	0x3986e8	0x3986e8	0x398748	R_AARCH64_LDST32_ABS_LO12_NC	DebugCategory	8827	0	STT_OBJECT	.data	0x26c978	0x0		0x26c978	ser_ack_event	0x398604	0xe4	symbol_size	0x398764		executable_reference	0xb9400000	outgoing	
.local/legacy-firmware/work/extract/stock-rootfs/lib/modules/5.4.55/mt_wifi.ko	40c8f974ad7317776f602c069c009d1f0d5d939d622ccdee275423fad1e35cb0	.rela.text	191672	.text	0x3986f0	0x3986f0	0x398750	R_AARCH64_ADR_PREL_PG_HI21	DebugSubCategory	3953	0	STT_OBJECT	.data	0x26c980	0x88		0x26ca08	ser_ack_event	0x398604	0xec	symbol_size	0x398764		executable_reference	0x90000000	outgoing	
.local/legacy-firmware/work/extract/stock-rootfs/lib/modules/5.4.55/mt_wifi.ko	40c8f974ad7317776f602c069c009d1f0d5d939d622ccdee275423fad1e35cb0	.rela.text	191673	.text	0x3986f4	0x3986f4	0x398754	R_AARCH64_LDST32_ABS_LO12_NC	DebugSubCategory	3953	0	STT_OBJECT	.data	0x26c980	0x88		0x26ca08	ser_ack_event	0x398604	0xf0	symbol_size	0x398764		executable_reference	0xb9400000	outgoing	
.local/legacy-firmware/work/extract/stock-rootfs/lib/modules/5.4.55/mt_wifi.ko	40c8f974ad7317776f602c069c009d1f0d5d939d622ccdee275423fad1e35cb0	.rela.text	191674	.text	0x3986fc	0x3986fc	0x39875c	R_AARCH64_ADR_PREL_PG_HI21		5	0	STT_SECTION	.rodata	0x0	0x2dbe0		0x2dbe0	ser_ack_event	0x398604	0xf8	symbol_size	0x398764		executable_reference	0x90000003	outgoing	
.local/legacy-firmware/work/extract/stock-rootfs/lib/modules/5.4.55/mt_wifi.ko	40c8f974ad7317776f602c069c009d1f0d5d939d622ccdee275423fad1e35cb0	.rela.text	191675	.text	0x398700	0x398700	0x398760	R_AARCH64_ADD_ABS_LO12_NC		5	0	STT_SECTION	.rodata	0x0	0x2dbe0		0x2dbe0	ser_ack_event	0x398604	0xfc	symbol_size	0x398764		executable_reference	0x91000063	outgoing	
.local/legacy-firmware/work/extract/stock-rootfs/lib/modules/5.4.55/mt_wifi.ko	40c8f974ad7317776f602c069c009d1f0d5d939d622ccdee275423fad1e35cb0	.rela.text	191676	.text	0x398708	0x398708	0x398768	R_AARCH64_ADR_PREL_PG_HI21		6	0	STT_SECTION	.rodata.str1.8	0x0	0xb14e8		0xb14e8	ser_ack_event	0x398604	0x104	symbol_size	0x398764		executable_reference	0x90000005	outgoing	
.local/legacy-firmware/work/extract/stock-rootfs/lib/modules/5.4.55/mt_wifi.ko	40c8f974ad7317776f602c069c009d1f0d5d939d622ccdee275423fad1e35cb0	.rela.text	191677	.text	0x398710	0x398710	0x398770	R_AARCH64_ADD_ABS_LO12_NC		6	0	STT_SECTION	.rodata.str1.8	0x0	0xb14e8		0xb14e8	ser_ack_event	0x398604	0x10c	symbol_size	0x398764		executable_reference	0x910000a5	outgoing	
.local/legacy-firmware/work/extract/stock-rootfs/lib/modules/5.4.55/mt_wifi.ko	40c8f974ad7317776f602c069c009d1f0d5d939d622ccdee275423fad1e35cb0	.rela.text	191678	.text	0x398720	0x398720	0x398780	R_AARCH64_CALL26	mtwf_dbg_prt	4914	0	STT_FUNC	.text	0x1e46b0	0x0	mtwf_dbg_prt	0x1e46b0	ser_ack_event	0x398604	0x11c	symbol_size	0x398764		direct_call_BL	0x94000000	outgoing	
.local/legacy-firmware/work/extract/stock-rootfs/lib/modules/5.4.55/mt_wifi.ko	40c8f974ad7317776f602c069c009d1f0d5d939d622ccdee275423fad1e35cb0	.rela.text	191679	.text	0x398730	0x398730	0x398790	R_AARCH64_CALL26	call_netdevice_notifiers	10639	1	STT_NOTYPE	SHN_UNDEF	0x0	0x0			ser_ack_event	0x398604	0x12c	symbol_size	0x398764		direct_call_BL	0x94000000	outgoing	
.local/legacy-firmware/work/extract/stock-rootfs/lib/modules/5.4.55/mt_wifi.ko	40c8f974ad7317776f602c069c009d1f0d5d939d622ccdee275423fad1e35cb0	.rela.text	191680	.text	0x398734	0x398734	0x398794	R_AARCH64_CALL26	rtnl_unlock	10808	1	STT_NOTYPE	SHN_UNDEF	0x0	0x0			ser_ack_event	0x398604	0x130	symbol_size	0x398764		direct_call_BL	0x94000000	outgoing	
.local/legacy-firmware/work/extract/stock-rootfs/lib/modules/5.4.55/mt_wifi.ko	40c8f974ad7317776f602c069c009d1f0d5d939d622ccdee275423fad1e35cb0	.rela.text	191681	.text	0x398744	0x398744	0x3987a4	R_AARCH64_CALL26	call_netdevice_notifiers	10639	1	STT_NOTYPE	SHN_UNDEF	0x0	0x0			ser_ack_event	0x398604	0x140	symbol_size	0x398764		direct_call_BL	0x94000000	outgoing	
.local/legacy-firmware/work/extract/stock-rootfs/lib/modules/5.4.55/mt_wifi.ko	40c8f974ad7317776f602c069c009d1f0d5d939d622ccdee275423fad1e35cb0	.rela.text	191682	.text	0x398748	0x398748	0x3987a8	R_AARCH64_CALL26	rtnl_unlock	10808	1	STT_NOTYPE	SHN_UNDEF	0x0	0x0			ser_ack_event	0x398604	0x144	symbol_size	0x398764		direct_call_BL	0x94000000	outgoing	
.local/legacy-firmware/work/extract/stock-rootfs/lib/modules/5.4.55/mt_wifi.ko	40c8f974ad7317776f602c069c009d1f0d5d939d622ccdee275423fad1e35cb0	.rela.text	191683	.text	0x398758	0x398758	0x3987b8	R_AARCH64_CALL26	call_netdevice_notifiers	10639	1	STT_NOTYPE	SHN_UNDEF	0x0	0x0			ser_ack_event	0x398604	0x154	symbol_size	0x398764		direct_call_BL	0x94000000	outgoing	
.local/legacy-firmware/work/extract/stock-rootfs/lib/modules/5.4.55/mt_wifi.ko	40c8f974ad7317776f602c069c009d1f0d5d939d622ccdee275423fad1e35cb0	.rela.text	191684	.text	0x39875c	0x39875c	0x3987bc	R_AARCH64_CALL26	rtnl_unlock	10808	1	STT_NOTYPE	SHN_UNDEF	0x0	0x0			ser_ack_event	0x398604	0x158	symbol_size	0x398764		direct_call_BL	0x94000000	outgoing	
.local/legacy-firmware/work/extract/stock-rootfs/lib/modules/5.4.55/mt_wifi.ko	40c8f974ad7317776f602c069c009d1f0d5d939d622ccdee275423fad1e35cb0	.rela.text	191729	.text	0x39898c	0x39898c	0x3989ec	R_AARCH64_ADR_PREL_PG_HI21	DebugCategory	8827	0	STT_OBJECT	.data	0x26c978	0x0		0x26c978	ser_l1_timeout	0x398980	0xc	symbol_size	0x398ac4		executable_reference	0x90000014	outgoing	
.local/legacy-firmware/work/extract/stock-rootfs/lib/modules/5.4.55/mt_wifi.ko	40c8f974ad7317776f602c069c009d1f0d5d939d622ccdee275423fad1e35cb0	.rela.text	191730	.text	0x398994	0x398994	0x3989f4	R_AARCH64_LDST32_ABS_LO12_NC	DebugCategory	8827	0	STT_OBJECT	.data	0x26c978	0x0		0x26c978	ser_l1_timeout	0x398980	0x14	symbol_size	0x398ac4		executable_reference	0xb9400280	outgoing	
.local/legacy-firmware/work/extract/stock-rootfs/lib/modules/5.4.55/mt_wifi.ko	40c8f974ad7317776f602c069c009d1f0d5d939d622ccdee275423fad1e35cb0	.rela.text	191731	.text	0x39899c	0x39899c	0x3989fc	R_AARCH64_ADR_PREL_PG_HI21	DebugSubCategory	3953	0	STT_OBJECT	.data	0x26c980	0x88		0x26ca08	ser_l1_timeout	0x398980	0x1c	symbol_size	0x398ac4		executable_reference	0x90000000	outgoing	
.local/legacy-firmware/work/extract/stock-rootfs/lib/modules/5.4.55/mt_wifi.ko	40c8f974ad7317776f602c069c009d1f0d5d939d622ccdee275423fad1e35cb0	.rela.text	191732	.text	0x3989a0	0x3989a0	0x398a00	R_AARCH64_LDST32_ABS_LO12_NC	DebugSubCategory	3953	0	STT_OBJECT	.data	0x26c980	0x88		0x26ca08	ser_l1_timeout	0x398980	0x20	symbol_size	0x398ac4		executable_reference	0xb9400000	outgoing	
.local/legacy-firmware/work/extract/stock-rootfs/lib/modules/5.4.55/mt_wifi.ko	40c8f974ad7317776f602c069c009d1f0d5d939d622ccdee275423fad1e35cb0	.rela.text	191733	.text	0x3989ac	0x3989ac	0x398a0c	R_AARCH64_CALL26	ser_get_curr_state	5913	0	STT_FUNC	.text	0x398180	0x0	ser_get_curr_state	0x398180	ser_l1_timeout	0x398980	0x2c	symbol_size	0x398ac4		direct_call_BL	0x94000000	outgoing	
.local/legacy-firmware/work/extract/stock-rootfs/lib/modules/5.4.55/mt_wifi.ko	40c8f974ad7317776f602c069c009d1f0d5d939d622ccdee275423fad1e35cb0	.rela.text	191734	.text	0x3989c0	0x3989c0	0x398a20	R_AARCH64_ADR_PREL_PG_HI21		11	0	STT_SECTION	.bss	0x0	0x1ce58		0x1ce58	ser_l1_timeout	0x398980	0x40	symbol_size	0x398ac4		executable_reference	0x90000004	outgoing	
.local/legacy-firmware/work/extract/stock-rootfs/lib/modules/5.4.55/mt_wifi.ko	40c8f974ad7317776f602c069c009d1f0d5d939d622ccdee275423fad1e35cb0	.rela.text	191735	.text	0x3989c4	0x3989c4	0x398a24	R_AARCH64_ADD_ABS_LO12_NC		11	0	STT_SECTION	.bss	0x0	0x1ce58		0x1ce58	ser_l1_timeout	0x398980	0x44	symbol_size	0x398ac4		executable_reference	0x91000084	outgoing	
.local/legacy-firmware/work/extract/stock-rootfs/lib/modules/5.4.55/mt_wifi.ko	40c8f974ad7317776f602c069c009d1f0d5d939d622ccdee275423fad1e35cb0	.rela.text	191736	.text	0x398a2c	0x398a2c	0x398a8c	R_AARCH64_ADR_PREL_PG_HI21		6	0	STT_SECTION	.rodata.str1.8	0x0	0xb1598		0xb1598	ser_l1_timeout	0x398980	0xac	symbol_size	0x398ac4		executable_reference	0x90000001	outgoing	
.local/legacy-firmware/work/extract/stock-rootfs/lib/modules/5.4.55/mt_wifi.ko	40c8f974ad7317776f602c069c009d1f0d5d939d622ccdee275423fad1e35cb0	.rela.text	191737	.text	0x398a30	0x398a30	0x398a90	R_AARCH64_ADD_ABS_LO12_NC		6	0	STT_SECTION	.rodata.str1.8	0x0	0xb1598		0xb1598	ser_l1_timeout	0x398980	0xb0	symbol_size	0x398ac4		executable_reference	0x91000021	outgoing	
.local/legacy-firmware/work/extract/stock-rootfs/lib/modules/5.4.55/mt_wifi.ko	40c8f974ad7317776f602c069c009d1f0d5d939d622ccdee275423fad1e35cb0	.rela.text	191738	.text	0x398a34	0x398a34	0x398a94	R_AARCH64_CALL26	ShowSerProc2	8583	0	STT_FUNC	.text	0x169360	0x0	ShowSerProc2	0x169360	ser_l1_timeout	0x398980	0xb4	symbol_size	0x398ac4		direct_call_BL	0x94000000	outgoing	
.local/legacy-firmware/work/extract/stock-rootfs/lib/modules/5.4.55/mt_wifi.ko	40c8f974ad7317776f602c069c009d1f0d5d939d622ccdee275423fad1e35cb0	.rela.text	191739	.text	0x398a58	0x398a58	0x398ab8	R_AARCH64_ADR_PREL_PG_HI21		5	0	STT_SECTION	.rodata	0x0	0x2dbe0		0x2dbe0	ser_l1_timeout	0x398980	0xd8	symbol_size	0x398ac4		executable_reference	0x90000003	outgoing	
.local/legacy-firmware/work/extract/stock-rootfs/lib/modules/5.4.55/mt_wifi.ko	40c8f974ad7317776f602c069c009d1f0d5d939d622ccdee275423fad1e35cb0	.rela.text	191740	.text	0x398a5c	0x398a5c	0x398abc	R_AARCH64_ADD_ABS_LO12_NC		5	0	STT_SECTION	.rodata	0x0	0x2dbe0		0x2dbe0	ser_l1_timeout	0x398980	0xdc	symbol_size	0x398ac4		executable_reference	0x91000063	outgoing	
.local/legacy-firmware/work/extract/stock-rootfs/lib/modules/5.4.55/mt_wifi.ko	40c8f974ad7317776f602c069c009d1f0d5d939d622ccdee275423fad1e35cb0	.rela.text	191741	.text	0x398a64	0x398a64	0x398ac4	R_AARCH64_ADR_PREL_PG_HI21		6	0	STT_SECTION	.rodata.str1.8	0x0	0xb1580		0xb1580	ser_l1_timeout	0x398980	0xe4	symbol_size	0x398ac4		executable_reference	0x90000005	outgoing	
.local/legacy-firmware/work/extract/stock-rootfs/lib/modules/5.4.55/mt_wifi.ko	40c8f974ad7317776f602c069c009d1f0d5d939d622ccdee275423fad1e35cb0	.rela.text	191742	.text	0x398a6c	0x398a6c	0x398acc	R_AARCH64_ADD_ABS_LO12_NC		6	0	STT_SECTION	.rodata.str1.8	0x0	0xb1580		0xb1580	ser_l1_timeout	0x398980	0xec	symbol_size	0x398ac4		executable_reference	0x910000a5	outgoing	
.local/legacy-firmware/work/extract/stock-rootfs/lib/modules/5.4.55/mt_wifi.ko	40c8f974ad7317776f602c069c009d1f0d5d939d622ccdee275423fad1e35cb0	.rela.text	191743	.text	0x398a7c	0x398a7c	0x398adc	R_AARCH64_CALL26	mtwf_dbg_prt	4914	0	STT_FUNC	.text	0x1e46b0	0x0	mtwf_dbg_prt	0x1e46b0	ser_l1_timeout	0x398980	0xfc	symbol_size	0x398ac4		direct_call_BL	0x94000000	outgoing	
.local/legacy-firmware/work/extract/stock-rootfs/lib/modules/5.4.55/mt_wifi.ko	40c8f974ad7317776f602c069c009d1f0d5d939d622ccdee275423fad1e35cb0	.rela.text	191744	.text	0x398a84	0x398a84	0x398ae4	R_AARCH64_LDST32_ABS_LO12_NC	DebugCategory	8827	0	STT_OBJECT	.data	0x26c978	0x0		0x26c978	ser_l1_timeout	0x398980	0x104	symbol_size	0x398ac4		executable_reference	0xb9400280	outgoing	
.local/legacy-firmware/work/extract/stock-rootfs/lib/modules/5.4.55/mt_wifi.ko	40c8f974ad7317776f602c069c009d1f0d5d939d622ccdee275423fad1e35cb0	.rela.text	191745	.text	0x398a8c	0x398a8c	0x398aec	R_AARCH64_ADR_PREL_PG_HI21	DebugSubCategory	3953	0	STT_OBJECT	.data	0x26c980	0x208		0x26cb88	ser_l1_timeout	0x398980	0x10c	symbol_size	0x398ac4		executable_reference	0x90000000	outgoing	
.local/legacy-firmware/work/extract/stock-rootfs/lib/modules/5.4.55/mt_wifi.ko	40c8f974ad7317776f602c069c009d1f0d5d939d622ccdee275423fad1e35cb0	.rela.text	191746	.text	0x398a90	0x398a90	0x398af0	R_AARCH64_LDST32_ABS_LO12_NC	DebugSubCategory	3953	0	STT_OBJECT	.data	0x26c980	0x208		0x26cb88	ser_l1_timeout	0x398980	0x110	symbol_size	0x398ac4		executable_reference	0xb9400000	outgoing	
.local/legacy-firmware/work/extract/stock-rootfs/lib/modules/5.4.55/mt_wifi.ko	40c8f974ad7317776f602c069c009d1f0d5d939d622ccdee275423fad1e35cb0	.rela.text	191747	.text	0x398a98	0x398a98	0x398af8	R_AARCH64_ADR_PREL_PG_HI21		5	0	STT_SECTION	.rodata	0x0	0x2dbe0		0x2dbe0	ser_l1_timeout	0x398980	0x118	symbol_size	0x398ac4		executable_reference	0x90000003	outgoing	
.local/legacy-firmware/work/extract/stock-rootfs/lib/modules/5.4.55/mt_wifi.ko	40c8f974ad7317776f602c069c009d1f0d5d939d622ccdee275423fad1e35cb0	.rela.text	191748	.text	0x398a9c	0x398a9c	0x398afc	R_AARCH64_ADD_ABS_LO12_NC		5	0	STT_SECTION	.rodata	0x0	0x2dbe0		0x2dbe0	ser_l1_timeout	0x398980	0x11c	symbol_size	0x398ac4		executable_reference	0x91000063	outgoing	
.local/legacy-firmware/work/extract/stock-rootfs/lib/modules/5.4.55/mt_wifi.ko	40c8f974ad7317776f602c069c009d1f0d5d939d622ccdee275423fad1e35cb0	.rela.text	191749	.text	0x398aa4	0x398aa4	0x398b04	R_AARCH64_ADR_PREL_PG_HI21		6	0	STT_SECTION	.rodata.str1.8	0x0	0xb1550		0xb1550	ser_l1_timeout	0x398980	0x124	symbol_size	0x398ac4		executable_reference	0x90000005	outgoing	
.local/legacy-firmware/work/extract/stock-rootfs/lib/modules/5.4.55/mt_wifi.ko	40c8f974ad7317776f602c069c009d1f0d5d939d622ccdee275423fad1e35cb0	.rela.text	191750	.text	0x398aac	0x398aac	0x398b0c	R_AARCH64_ADD_ABS_LO12_NC		6	0	STT_SECTION	.rodata.str1.8	0x0	0xb1550		0xb1550	ser_l1_timeout	0x398980	0x12c	symbol_size	0x398ac4		executable_reference	0x910000a5	outgoing	
.local/legacy-firmware/work/extract/stock-rootfs/lib/modules/5.4.55/mt_wifi.ko	40c8f974ad7317776f602c069c009d1f0d5d939d622ccdee275423fad1e35cb0	.rela.text	191751	.text	0x398abc	0x398abc	0x398b1c	R_AARCH64_CALL26	mtwf_dbg_prt	4914	0	STT_FUNC	.text	0x1e46b0	0x0	mtwf_dbg_prt	0x1e46b0	ser_l1_timeout	0x398980	0x13c	symbol_size	0x398ac4		direct_call_BL	0x94000000	outgoing	
.local/legacy-firmware/work/extract/stock-rootfs/lib/modules/5.4.55/mt_wifi.ko	40c8f974ad7317776f602c069c009d1f0d5d939d622ccdee275423fad1e35cb0	.rela.text	192744	.text	0x39e088	0x39e088	0x39e0e8	R_AARCH64_CALL26	ser_mngr_init	8109	0	STT_FUNC	.text.unlikely	0x19b24	0x0	ser_mngr_init	0x19b24	os_module_init	0x39e020	0x68	symbol_size	0x39e16c		direct_call_BL	0x94000000	incoming	
.local/legacy-firmware/work/extract/stock-rootfs/lib/modules/5.4.55/mt_wifi.ko	40c8f974ad7317776f602c069c009d1f0d5d939d622ccdee275423fad1e35cb0	.rela.text.unlikely	496	.text.unlikely	0x1390	0x1390	0x41f15c	R_AARCH64_CALL26	os_str_tol	10280	0	STT_FUNC	.text	0x39dab4	0x0	os_str_tol	0x39dab4	unnamed@.text.unlikely+0x1374	0x1374	0x1c	eh_frame_FDE	0x14a0	0x4554	direct_call_BL	0x94000000	outgoing	
.local/legacy-firmware/work/extract/stock-rootfs/lib/modules/5.4.55/mt_wifi.ko	40c8f974ad7317776f602c069c009d1f0d5d939d622ccdee275423fad1e35cb0	.rela.text.unlikely	497	.text.unlikely	0x139c	0x139c	0x41f168	R_AARCH64_ADR_PREL_PG_HI21		6	0	STT_SECTION	.rodata.str1.8	0x0	0x8f10		0x8f10	unnamed@.text.unlikely+0x1374	0x1374	0x28	eh_frame_FDE	0x14a0	0x4554	executable_reference	0x90000000	outgoing	
.local/legacy-firmware/work/extract/stock-rootfs/lib/modules/5.4.55/mt_wifi.ko	40c8f974ad7317776f602c069c009d1f0d5d939d622ccdee275423fad1e35cb0	.rela.text.unlikely	498	.text.unlikely	0x13a0	0x13a0	0x41f16c	R_AARCH64_ADD_ABS_LO12_NC		6	0	STT_SECTION	.rodata.str1.8	0x0	0x8f10		0x8f10	unnamed@.text.unlikely+0x1374	0x1374	0x2c	eh_frame_FDE	0x14a0	0x4554	executable_reference	0x91000000	outgoing	
.local/legacy-firmware/work/extract/stock-rootfs/lib/modules/5.4.55/mt_wifi.ko	40c8f974ad7317776f602c069c009d1f0d5d939d622ccdee275423fad1e35cb0	.rela.text.unlikely	499	.text.unlikely	0x13a4	0x13a4	0x41f170	R_AARCH64_CALL26	printk	10601	1	STT_NOTYPE	SHN_UNDEF	0x0	0x0			unnamed@.text.unlikely+0x1374	0x1374	0x30	eh_frame_FDE	0x14a0	0x4554	direct_call_BL	0x94000000	outgoing	
.local/legacy-firmware/work/extract/stock-rootfs/lib/modules/5.4.55/mt_wifi.ko	40c8f974ad7317776f602c069c009d1f0d5d939d622ccdee275423fad1e35cb0	.rela.text.unlikely	500	.text.unlikely	0x13ac	0x13ac	0x41f178	R_AARCH64_ADR_PREL_PG_HI21		6	0	STT_SECTION	.rodata.str1.8	0x0	0x8f30		0x8f30	unnamed@.text.unlikely+0x1374	0x1374	0x38	eh_frame_FDE	0x14a0	0x4554	executable_reference	0x90000000	outgoing	
.local/legacy-firmware/work/extract/stock-rootfs/lib/modules/5.4.55/mt_wifi.ko	40c8f974ad7317776f602c069c009d1f0d5d939d622ccdee275423fad1e35cb0	.rela.text.unlikely	501	.text.unlikely	0x13b0	0x13b0	0x41f17c	R_AARCH64_ADD_ABS_LO12_NC		6	0	STT_SECTION	.rodata.str1.8	0x0	0x8f30		0x8f30	unnamed@.text.unlikely+0x1374	0x1374	0x3c	eh_frame_FDE	0x14a0	0x4554	executable_reference	0x91000000	outgoing	
.local/legacy-firmware/work/extract/stock-rootfs/lib/modules/5.4.55/mt_wifi.ko	40c8f974ad7317776f602c069c009d1f0d5d939d622ccdee275423fad1e35cb0	.rela.text.unlikely	502	.text.unlikely	0x13b8	0x13b8	0x41f184	R_AARCH64_CALL26	printk	10601	1	STT_NOTYPE	SHN_UNDEF	0x0	0x0			unnamed@.text.unlikely+0x1374	0x1374	0x44	eh_frame_FDE	0x14a0	0x4554	direct_call_BL	0x94000000	outgoing	
.local/legacy-firmware/work/extract/stock-rootfs/lib/modules/5.4.55/mt_wifi.ko	40c8f974ad7317776f602c069c009d1f0d5d939d622ccdee275423fad1e35cb0	.rela.text.unlikely	503	.text.unlikely	0x13bc	0x13bc	0x41f188	R_AARCH64_CALL26	get_ecnt_npu_dev	10734	1	STT_NOTYPE	SHN_UNDEF	0x0	0x0			unnamed@.text.unlikely+0x1374	0x1374	0x48	eh_frame_FDE	0x14a0	0x4554	direct_call_BL	0x94000000	outgoing	
.local/legacy-firmware/work/extract/stock-rootfs/lib/modules/5.4.55/mt_wifi.ko	40c8f974ad7317776f602c069c009d1f0d5d939d622ccdee275423fad1e35cb0	.rela.text.unlikely	504	.text.unlikely	0x13c4	0x13c4	0x41f190	R_AARCH64_ADR_PREL_PG_HI21		6	0	STT_SECTION	.rodata.str1.8	0x0	0x8f48		0x8f48	unnamed@.text.unlikely+0x1374	0x1374	0x50	eh_frame_FDE	0x14a0	0x4554	executable_reference	0x90000000	outgoing	
.local/legacy-firmware/work/extract/stock-rootfs/lib/modules/5.4.55/mt_wifi.ko	40c8f974ad7317776f602c069c009d1f0d5d939d622ccdee275423fad1e35cb0	.rela.text.unlikely	505	.text.unlikely	0x13c8	0x13c8	0x41f194	R_AARCH64_ADD_ABS_LO12_NC		6	0	STT_SECTION	.rodata.str1.8	0x0	0x8f48		0x8f48	unnamed@.text.unlikely+0x1374	0x1374	0x54	eh_frame_FDE	0x14a0	0x4554	executable_reference	0x91000000	outgoing	
.local/legacy-firmware/work/extract/stock-rootfs/lib/modules/5.4.55/mt_wifi.ko	40c8f974ad7317776f602c069c009d1f0d5d939d622ccdee275423fad1e35cb0	.rela.text.unlikely	506	.text.unlikely	0x13cc	0x13cc	0x41f198	R_AARCH64_CALL26	printk	10601	1	STT_NOTYPE	SHN_UNDEF	0x0	0x0			unnamed@.text.unlikely+0x1374	0x1374	0x58	eh_frame_FDE	0x14a0	0x4554	direct_call_BL	0x94000000	outgoing	
.local/legacy-firmware/work/extract/stock-rootfs/lib/modules/5.4.55/mt_wifi.ko	40c8f974ad7317776f602c069c009d1f0d5d939d622ccdee275423fad1e35cb0	.rela.text.unlikely	507	.text.unlikely	0x13e8	0x13e8	0x41f1b4	R_AARCH64_CALL26	dma_alloc_attrs	10733	1	STT_NOTYPE	SHN_UNDEF	0x0	0x0			unnamed@.text.unlikely+0x1374	0x1374	0x74	eh_frame_FDE	0x14a0	0x4554	direct_call_BL	0x94000000	outgoing	
.local/legacy-firmware/work/extract/stock-rootfs/lib/modules/5.4.55/mt_wifi.ko	40c8f974ad7317776f602c069c009d1f0d5d939d622ccdee275423fad1e35cb0	.rela.text.unlikely	508	.text.unlikely	0x1404	0x1404	0x41f1d0	R_AARCH64_CALL26	memset	10677	1	STT_NOTYPE	SHN_UNDEF	0x0	0x0			unnamed@.text.unlikely+0x1374	0x1374	0x90	eh_frame_FDE	0x14a0	0x4554	direct_call_BL	0x94000000	outgoing	
.local/legacy-firmware/work/extract/stock-rootfs/lib/modules/5.4.55/mt_wifi.ko	40c8f974ad7317776f602c069c009d1f0d5d939d622ccdee275423fad1e35cb0	.rela.text.unlikely	509	.text.unlikely	0x144c	0x144c	0x41f218	R_AARCH64_CALL26	host_notify_npuMbox	10611	1	STT_NOTYPE	SHN_UNDEF	0x0	0x0			unnamed@.text.unlikely+0x1374	0x1374	0xd8	eh_frame_FDE	0x14a0	0x4554	direct_call_BL	0x94000000	outgoing	
.local/legacy-firmware/work/extract/stock-rootfs/lib/modules/5.4.55/mt_wifi.ko	40c8f974ad7317776f602c069c009d1f0d5d939d622ccdee275423fad1e35cb0	.rela.text.unlikely	510	.text.unlikely	0x1468	0x1468	0x41f234	R_AARCH64_CALL26	dma_free_attrs	10713	1	STT_NOTYPE	SHN_UNDEF	0x0	0x0			unnamed@.text.unlikely+0x1374	0x1374	0xf4	eh_frame_FDE	0x14a0	0x4554	direct_call_BL	0x94000000	outgoing	
.local/legacy-firmware/work/extract/stock-rootfs/lib/modules/5.4.55/mt_wifi.ko	40c8f974ad7317776f602c069c009d1f0d5d939d622ccdee275423fad1e35cb0	.rela.text.unlikely	511	.text.unlikely	0x1474	0x1474	0x41f240	R_AARCH64_ADR_PREL_PG_HI21		5	0	STT_SECTION	.rodata	0x0	0xdb8		0xdb8	unnamed@.text.unlikely+0x1374	0x1374	0x100	eh_frame_FDE	0x14a0	0x4554	executable_reference	0x90000001	outgoing	
.local/legacy-firmware/work/extract/stock-rootfs/lib/modules/5.4.55/mt_wifi.ko	40c8f974ad7317776f602c069c009d1f0d5d939d622ccdee275423fad1e35cb0	.rela.text.unlikely	512	.text.unlikely	0x1478	0x1478	0x41f244	R_AARCH64_ADD_ABS_LO12_NC		5	0	STT_SECTION	.rodata	0x0	0xdb8		0xdb8	unnamed@.text.unlikely+0x1374	0x1374	0x104	eh_frame_FDE	0x14a0	0x4554	executable_reference	0x91000021	outgoing	
.local/legacy-firmware/work/extract/stock-rootfs/lib/modules/5.4.55/mt_wifi.ko	40c8f974ad7317776f602c069c009d1f0d5d939d622ccdee275423fad1e35cb0	.rela.text.unlikely	513	.text.unlikely	0x147c	0x147c	0x41f248	R_AARCH64_ADR_PREL_PG_HI21		6	0	STT_SECTION	.rodata.str1.8	0x0	0x8f68		0x8f68	unnamed@.text.unlikely+0x1374	0x1374	0x108	eh_frame_FDE	0x14a0	0x4554	executable_reference	0x90000000	outgoing	
.local/legacy-firmware/work/extract/stock-rootfs/lib/modules/5.4.55/mt_wifi.ko	40c8f974ad7317776f602c069c009d1f0d5d939d622ccdee275423fad1e35cb0	.rela.text.unlikely	514	.text.unlikely	0x1484	0x1484	0x41f250	R_AARCH64_ADD_ABS_LO12_NC		6	0	STT_SECTION	.rodata.str1.8	0x0	0x8f68		0x8f68	unnamed@.text.unlikely+0x1374	0x1374	0x110	eh_frame_FDE	0x14a0	0x4554	executable_reference	0x91000000	outgoing	
.local/legacy-firmware/work/extract/stock-rootfs/lib/modules/5.4.55/mt_wifi.ko	40c8f974ad7317776f602c069c009d1f0d5d939d622ccdee275423fad1e35cb0	.rela.text.unlikely	515	.text.unlikely	0x1488	0x1488	0x41f254	R_AARCH64_CALL26	printk	10601	1	STT_NOTYPE	SHN_UNDEF	0x0	0x0			unnamed@.text.unlikely+0x1374	0x1374	0x114	eh_frame_FDE	0x14a0	0x4554	direct_call_BL	0x94000000	outgoing	
.local/legacy-firmware/work/extract/stock-rootfs/lib/modules/5.4.55/mt_wifi.ko	40c8f974ad7317776f602c069c009d1f0d5d939d622ccdee275423fad1e35cb0	.rela.text.unlikely	8303	.text.unlikely	0x19b28	0x19b28	0x4378f4	R_AARCH64_ADR_PREL_PG_HI21		6	0	STT_SECTION	.rodata.str1.8	0x0	0xb15a0		0xb15a0	ser_mngr_init	0x19b24	0x4	symbol_size	0x19c84		executable_reference	0x90000000	outgoing	
.local/legacy-firmware/work/extract/stock-rootfs/lib/modules/5.4.55/mt_wifi.ko	40c8f974ad7317776f602c069c009d1f0d5d939d622ccdee275423fad1e35cb0	.rela.text.unlikely	8304	.text.unlikely	0x19b2c	0x19b2c	0x4378f8	R_AARCH64_ADD_ABS_LO12_NC		6	0	STT_SECTION	.rodata.str1.8	0x0	0xb15a0		0xb15a0	ser_mngr_init	0x19b24	0x8	symbol_size	0x19c84		executable_reference	0x91000000	outgoing	
.local/legacy-firmware/work/extract/stock-rootfs/lib/modules/5.4.55/mt_wifi.ko	40c8f974ad7317776f602c069c009d1f0d5d939d622ccdee275423fad1e35cb0	.rela.text.unlikely	8305	.text.unlikely	0x19b38	0x19b38	0x437904	R_AARCH64_ADR_PREL_PG_HI21		11	0	STT_SECTION	.bss	0x0	0x1ce58		0x1ce58	ser_mngr_init	0x19b24	0x14	symbol_size	0x19c84		executable_reference	0x90000014	outgoing	
.local/legacy-firmware/work/extract/stock-rootfs/lib/modules/5.4.55/mt_wifi.ko	40c8f974ad7317776f602c069c009d1f0d5d939d622ccdee275423fad1e35cb0	.rela.text.unlikely	8306	.text.unlikely	0x19b3c	0x19b3c	0x437908	R_AARCH64_ADD_ABS_LO12_NC		11	0	STT_SECTION	.bss	0x0	0x1ce58		0x1ce58	ser_mngr_init	0x19b24	0x18	symbol_size	0x19c84		executable_reference	0x91000293	outgoing	
.local/legacy-firmware/work/extract/stock-rootfs/lib/modules/5.4.55/mt_wifi.ko	40c8f974ad7317776f602c069c009d1f0d5d939d622ccdee275423fad1e35cb0	.rela.text.unlikely	8307	.text.unlikely	0x19b44	0x19b44	0x437910	R_AARCH64_ADR_PREL_PG_HI21		5	0	STT_SECTION	.rodata	0x0	0x2dbe0		0x2dbe0	ser_mngr_init	0x19b24	0x20	symbol_size	0x19c84		executable_reference	0x90000015	outgoing	
.local/legacy-firmware/work/extract/stock-rootfs/lib/modules/5.4.55/mt_wifi.ko	40c8f974ad7317776f602c069c009d1f0d5d939d622ccdee275423fad1e35cb0	.rela.text.unlikely	8308	.text.unlikely	0x19b48	0x19b48	0x437914	R_AARCH64_ADD_ABS_LO12_NC		5	0	STT_SECTION	.rodata	0x0	0x2dbe0		0x2dbe0	ser_mngr_init	0x19b24	0x24	symbol_size	0x19c84		executable_reference	0x910002b5	outgoing	
.local/legacy-firmware/work/extract/stock-rootfs/lib/modules/5.4.55/mt_wifi.ko	40c8f974ad7317776f602c069c009d1f0d5d939d622ccdee275423fad1e35cb0	.rela.text.unlikely	8309	.text.unlikely	0x19b54	0x19b54	0x437920	R_AARCH64_CALL26	printk	10601	1	STT_NOTYPE	SHN_UNDEF	0x0	0x0			ser_mngr_init	0x19b24	0x30	symbol_size	0x19c84		direct_call_BL	0x94000000	outgoing	
.local/legacy-firmware/work/extract/stock-rootfs/lib/modules/5.4.55/mt_wifi.ko	40c8f974ad7317776f602c069c009d1f0d5d939d622ccdee275423fad1e35cb0	.rela.text.unlikely	8310	.text.unlikely	0x19b60	0x19b60	0x43792c	R_AARCH64_CALL26	os_zero_mem	9981	0	STT_FUNC	.text	0x39d9e4	0x0	os_zero_mem	0x39d9e4	ser_mngr_init	0x19b24	0x3c	symbol_size	0x19c84		direct_call_BL	0x94000000	outgoing	
.local/legacy-firmware/work/extract/stock-rootfs/lib/modules/5.4.55/mt_wifi.ko	40c8f974ad7317776f602c069c009d1f0d5d939d622ccdee275423fad1e35cb0	.rela.text.unlikely	8311	.text.unlikely	0x19b84	0x19b84	0x437950	R_AARCH64_LDST32_ABS_LO12_NC		11	0	STT_SECTION	.bss	0x0	0x1ce58		0x1ce58	ser_mngr_init	0x19b24	0x60	symbol_size	0x19c84		executable_reference	0xb900029f	outgoing	
.local/legacy-firmware/work/extract/stock-rootfs/lib/modules/5.4.55/mt_wifi.ko	40c8f974ad7317776f602c069c009d1f0d5d939d622ccdee275423fad1e35cb0	.rela.text.unlikely	8312	.text.unlikely	0x19bc4	0x19bc4	0x437990	R_AARCH64_ADD_ABS_LO12_NC		11	0	STT_SECTION	.bss	0x0	0x1ce58		0x1ce58	ser_mngr_init	0x19b24	0xa0	symbol_size	0x19c84		executable_reference	0x91000281	outgoing	
.local/legacy-firmware/work/extract/stock-rootfs/lib/modules/5.4.55/mt_wifi.ko	40c8f974ad7317776f602c069c009d1f0d5d939d622ccdee275423fad1e35cb0	.rela.text.unlikely	8313	.text.unlikely	0x19bdc	0x19bdc	0x4379a8	R_AARCH64_CALL26	__local_bh_enable_ip	10623	1	STT_NOTYPE	SHN_UNDEF	0x0	0x0			ser_mngr_init	0x19b24	0xb8	symbol_size	0x19c84		direct_call_BL	0x94000000	outgoing	
.local/legacy-firmware/work/extract/stock-rootfs/lib/modules/5.4.55/mt_wifi.ko	40c8f974ad7317776f602c069c009d1f0d5d939d622ccdee275423fad1e35cb0	.rela.text.unlikely	8314	.text.unlikely	0x19bf4	0x19bf4	0x4379c0	R_AARCH64_ADR_PREL_PG_HI21		6	0	STT_SECTION	.rodata.str1.8	0x0	0xb15b0		0xb15b0	ser_mngr_init	0x19b24	0xd0	symbol_size	0x19c84		executable_reference	0x90000001	outgoing	
.local/legacy-firmware/work/extract/stock-rootfs/lib/modules/5.4.55/mt_wifi.ko	40c8f974ad7317776f602c069c009d1f0d5d939d622ccdee275423fad1e35cb0	.rela.text.unlikely	8315	.text.unlikely	0x19bf8	0x19bf8	0x4379c4	R_AARCH64_ADD_ABS_LO12_NC		6	0	STT_SECTION	.rodata.str1.8	0x0	0xb15b0		0xb15b0	ser_mngr_init	0x19b24	0xd4	symbol_size	0x19c84		executable_reference	0x91000021	outgoing	
.local/legacy-firmware/work/extract/stock-rootfs/lib/modules/5.4.55/mt_wifi.ko	40c8f974ad7317776f602c069c009d1f0d5d939d622ccdee275423fad1e35cb0	.rela.text.unlikely	8316	.text.unlikely	0x19bfc	0x19bfc	0x4379c8	R_AARCH64_CALL26	RtmpOSTaskInit	3705	0	STT_FUNC	.text	0x39d474	0x0	RtmpOSTaskInit	0x39d474	ser_mngr_init	0x19b24	0xd8	symbol_size	0x19c84		direct_call_BL	0x94000000	outgoing	
.local/legacy-firmware/work/extract/stock-rootfs/lib/modules/5.4.55/mt_wifi.ko	40c8f974ad7317776f602c069c009d1f0d5d939d622ccdee275423fad1e35cb0	.rela.text.unlikely	8317	.text.unlikely	0x19c08	0x19c08	0x4379d4	R_AARCH64_ADR_PREL_PG_HI21		1	0	STT_SECTION	.text	0x0	0x397770	unnamed@.text+0x397770	0x397770	ser_mngr_init	0x19b24	0xe4	symbol_size	0x19c84		executable_reference	0x90000001	outgoing	
.local/legacy-firmware/work/extract/stock-rootfs/lib/modules/5.4.55/mt_wifi.ko	40c8f974ad7317776f602c069c009d1f0d5d939d622ccdee275423fad1e35cb0	.rela.text.unlikely	8318	.text.unlikely	0x19c0c	0x19c0c	0x4379d8	R_AARCH64_ADD_ABS_LO12_NC		1	0	STT_SECTION	.text	0x0	0x397770	unnamed@.text+0x397770	0x397770	ser_mngr_init	0x19b24	0xe8	symbol_size	0x19c84		executable_reference	0x91000021	outgoing	
.local/legacy-firmware/work/extract/stock-rootfs/lib/modules/5.4.55/mt_wifi.ko	40c8f974ad7317776f602c069c009d1f0d5d939d622ccdee275423fad1e35cb0	.rela.text.unlikely	8319	.text.unlikely	0x19c10	0x19c10	0x4379dc	R_AARCH64_CALL26	RtmpOSTaskAttach	3946	0	STT_FUNC	.text	0x39d2a4	0x0	RtmpOSTaskAttach	0x39d2a4	ser_mngr_init	0x19b24	0xec	symbol_size	0x19c84		direct_call_BL	0x94000000	outgoing	
.local/legacy-firmware/work/extract/stock-rootfs/lib/modules/5.4.55/mt_wifi.ko	40c8f974ad7317776f602c069c009d1f0d5d939d622ccdee275423fad1e35cb0	.rela.text.unlikely	8320	.text.unlikely	0x19c20	0x19c20	0x4379ec	R_AARCH64_ADR_PREL_PG_HI21	DebugCategory	8827	0	STT_OBJECT	.data	0x26c978	0x0		0x26c978	ser_mngr_init	0x19b24	0xfc	symbol_size	0x19c84		executable_reference	0x90000000	outgoing	
.local/legacy-firmware/work/extract/stock-rootfs/lib/modules/5.4.55/mt_wifi.ko	40c8f974ad7317776f602c069c009d1f0d5d939d622ccdee275423fad1e35cb0	.rela.text.unlikely	8321	.text.unlikely	0x19c24	0x19c24	0x4379f0	R_AARCH64_LDST32_ABS_LO12_NC	DebugCategory	8827	0	STT_OBJECT	.data	0x26c978	0x0		0x26c978	ser_mngr_init	0x19b24	0x100	symbol_size	0x19c84		executable_reference	0xb9400000	outgoing	
.local/legacy-firmware/work/extract/stock-rootfs/lib/modules/5.4.55/mt_wifi.ko	40c8f974ad7317776f602c069c009d1f0d5d939d622ccdee275423fad1e35cb0	.rela.text.unlikely	8322	.text.unlikely	0x19c2c	0x19c2c	0x4379f8	R_AARCH64_ADR_PREL_PG_HI21	DebugSubCategory	3953	0	STT_OBJECT	.data	0x26c980	0x88		0x26ca08	ser_mngr_init	0x19b24	0x108	symbol_size	0x19c84		executable_reference	0x90000000	outgoing	
.local/legacy-firmware/work/extract/stock-rootfs/lib/modules/5.4.55/mt_wifi.ko	40c8f974ad7317776f602c069c009d1f0d5d939d622ccdee275423fad1e35cb0	.rela.text.unlikely	8323	.text.unlikely	0x19c30	0x19c30	0x4379fc	R_AARCH64_LDST32_ABS_LO12_NC	DebugSubCategory	3953	0	STT_OBJECT	.data	0x26c980	0x88		0x26ca08	ser_mngr_init	0x19b24	0x10c	symbol_size	0x19c84		executable_reference	0xb9400000	outgoing	
.local/legacy-firmware/work/extract/stock-rootfs/lib/modules/5.4.55/mt_wifi.ko	40c8f974ad7317776f602c069c009d1f0d5d939d622ccdee275423fad1e35cb0	.rela.text.unlikely	8324	.text.unlikely	0x19c40	0x19c40	0x437a0c	R_AARCH64_ADR_PREL_PG_HI21		6	0	STT_SECTION	.rodata.str1.8	0x0	0xb15c0		0xb15c0	ser_mngr_init	0x19b24	0x11c	symbol_size	0x19c84		executable_reference	0x90000005	outgoing	
.local/legacy-firmware/work/extract/stock-rootfs/lib/modules/5.4.55/mt_wifi.ko	40c8f974ad7317776f602c069c009d1f0d5d939d622ccdee275423fad1e35cb0	.rela.text.unlikely	8325	.text.unlikely	0x19c48	0x19c48	0x437a14	R_AARCH64_ADD_ABS_LO12_NC		6	0	STT_SECTION	.rodata.str1.8	0x0	0xb15c0		0xb15c0	ser_mngr_init	0x19b24	0x124	symbol_size	0x19c84		executable_reference	0x910000a5	outgoing	
.local/legacy-firmware/work/extract/stock-rootfs/lib/modules/5.4.55/mt_wifi.ko	40c8f974ad7317776f602c069c009d1f0d5d939d622ccdee275423fad1e35cb0	.rela.text.unlikely	8326	.text.unlikely	0x19c54	0x19c54	0x437a20	R_AARCH64_CALL26	mtwf_dbg_prt	4914	0	STT_FUNC	.text	0x1e46b0	0x0	mtwf_dbg_prt	0x1e46b0	ser_mngr_init	0x19b24	0x130	symbol_size	0x19c84		direct_call_BL	0x94000000	outgoing	
.local/legacy-firmware/work/extract/stock-rootfs/lib/modules/5.4.55/mt_wifi.ko	40c8f974ad7317776f602c069c009d1f0d5d939d622ccdee275423fad1e35cb0	.rela.text.unlikely	8327	.text.unlikely	0x19c68	0x19c68	0x437a34	R_AARCH64_CALL26	queued_spin_lock_slowpath	10697	1	STT_NOTYPE	SHN_UNDEF	0x0	0x0			ser_mngr_init	0x19b24	0x144	symbol_size	0x19c84		direct_call_BL	0x94000000	outgoing	
.local/legacy-firmware/work/extract/stock-rootfs/lib/modules/5.4.55/mt_wifi.ko	40c8f974ad7317776f602c069c009d1f0d5d939d622ccdee275423fad1e35cb0	.rela.eh_frame	263	.eh_frame	0x455c	0x455c	0x53d2d4	R_AARCH64_PREL32		2	0	STT_SECTION	.text.unlikely	0x0	0x1374	unnamed@.text.unlikely+0x1374	0x1374							data_reference		incoming	
.local/legacy-firmware/work/extract/stock-rootfs/lib/modules/5.4.55/mt_wifi.ko	40c8f974ad7317776f602c069c009d1f0d5d939d622ccdee275423fad1e35cb0	.rela.eh_frame	264	.eh_frame	0x4588	0x4588	0x53d300	R_AARCH64_PREL32		1	0	STT_SECTION	.text	0x0	0x236c0	unnamed@.text+0x236c0	0x236c0							data_reference		incoming	
.local/legacy-firmware/work/extract/stock-rootfs/lib/modules/5.4.55/mt_wifi.ko	40c8f974ad7317776f602c069c009d1f0d5d939d622ccdee275423fad1e35cb0	.rela.eh_frame	2562	.eh_frame	0x25c20	0x25c20	0x55e998	R_AARCH64_PREL32		1	0	STT_SECTION	.text	0x0	0x115440	mt7990_ser_1_0_v1	0x115440							data_reference		incoming	
.local/legacy-firmware/work/extract/stock-rootfs/lib/modules/5.4.55/mt_wifi.ko	40c8f974ad7317776f602c069c009d1f0d5d939d622ccdee275423fad1e35cb0	.rela.eh_frame	2563	.eh_frame	0x25cbc	0x25cbc	0x55ea34	R_AARCH64_PREL32		1	0	STT_SECTION	.text	0x0	0x115f74	mt7990_ser_10_0_v1	0x115f74							data_reference		incoming	
.local/legacy-firmware/work/extract/stock-rootfs/lib/modules/5.4.55/mt_wifi.ko	40c8f974ad7317776f602c069c009d1f0d5d939d622ccdee275423fad1e35cb0	.rela.eh_frame	2564	.eh_frame	0x25ce4	0x25ce4	0x55ea5c	R_AARCH64_PREL32		1	0	STT_SECTION	.text	0x0	0x116010	mt7990_ser_0_5_v1	0x116010							data_reference		incoming	
.local/legacy-firmware/work/extract/stock-rootfs/lib/modules/5.4.55/mt_wifi.ko	40c8f974ad7317776f602c069c009d1f0d5d939d622ccdee275423fad1e35cb0	.rela.eh_frame	2565	.eh_frame	0x25d04	0x25d04	0x55ea7c	R_AARCH64_PREL32		1	0	STT_SECTION	.text	0x0	0x116090	mt7990_ser_0_0_v1	0x116090							data_reference		incoming	
.local/legacy-firmware/work/extract/stock-rootfs/lib/modules/5.4.55/mt_wifi.ko	40c8f974ad7317776f602c069c009d1f0d5d939d622ccdee275423fad1e35cb0	.rela.eh_frame	2567	.eh_frame	0x25d6c	0x25d6c	0x55eae4	R_AARCH64_PREL32		1	0	STT_SECTION	.text	0x0	0x1162e0	mt7990_fe_reset	0x1162e0							data_reference		incoming	
.local/legacy-firmware/work/extract/stock-rootfs/lib/modules/5.4.55/mt_wifi.ko	40c8f974ad7317776f602c069c009d1f0d5d939d622ccdee275423fad1e35cb0	.rela.eh_frame	2568	.eh_frame	0x25d94	0x25d94	0x55eb0c	R_AARCH64_PREL32		1	0	STT_SECTION	.text	0x0	0x116450	mt7990_fe_wdma_reset	0x116450							data_reference		incoming	
.local/legacy-firmware/work/extract/stock-rootfs/lib/modules/5.4.55/mt_wifi.ko	40c8f974ad7317776f602c069c009d1f0d5d939d622ccdee275423fad1e35cb0	.rela.eh_frame	7353	.eh_frame	0x6eb0c	0x6eb0c	0x5a7884	R_AARCH64_PREL32		1	0	STT_SECTION	.text	0x0	0x34d820	asic_ser_handler	0x34d820							data_reference		incoming	
.local/legacy-firmware/work/extract/stock-rootfs/lib/modules/5.4.55/mt_wifi.ko	40c8f974ad7317776f602c069c009d1f0d5d939d622ccdee275423fad1e35cb0	.rela.eh_frame	8250	.eh_frame	0x79e34	0x79e34	0x5b2bac	R_AARCH64_PREL32		1	0	STT_SECTION	.text	0x0	0x386870	hwifi_ser_handler	0x386870							data_reference		incoming	
.local/legacy-firmware/work/extract/stock-rootfs/lib/modules/5.4.55/mt_wifi.ko	40c8f974ad7317776f602c069c009d1f0d5d939d622ccdee275423fad1e35cb0	.rela.eh_frame	8322	.eh_frame	0x7aa84	0x7aa84	0x5b37fc	R_AARCH64_PREL32		1	0	STT_SECTION	.text	0x0	0x388f20	ser_sys_reset	0x388f20							data_reference		incoming	
.local/legacy-firmware/work/extract/stock-rootfs/lib/modules/5.4.55/mt_wifi.ko	40c8f974ad7317776f602c069c009d1f0d5d939d622ccdee275423fad1e35cb0	.rela.eh_frame	8491	.eh_frame	0x7d288	0x7d288	0x5b6000	R_AARCH64_PREL32		1	0	STT_SECTION	.text	0x0	0x397f80	ser_event_enq	0x397f80							data_reference		incoming	
.local/legacy-firmware/work/extract/stock-rootfs/lib/modules/5.4.55/mt_wifi.ko	40c8f974ad7317776f602c069c009d1f0d5d939d622ccdee275423fad1e35cb0	.rela.eh_frame	8502	.eh_frame	0x7d450	0x7d450	0x5b61c8	R_AARCH64_PREL32		1	0	STT_SECTION	.text	0x0	0x398604	ser_ack_event	0x398604							data_reference		incoming	
.local/legacy-firmware/work/extract/stock-rootfs/lib/modules/5.4.55/mt_wifi.ko	40c8f974ad7317776f602c069c009d1f0d5d939d622ccdee275423fad1e35cb0	.rela.eh_frame	8506	.eh_frame	0x7d4f4	0x7d4f4	0x5b626c	R_AARCH64_PREL32		1	0	STT_SECTION	.text	0x0	0x398980	ser_l1_timeout	0x398980							data_reference		incoming	
.local/legacy-firmware/work/extract/stock-rootfs/lib/modules/5.4.55/mt_wifi.ko	40c8f974ad7317776f602c069c009d1f0d5d939d622ccdee275423fad1e35cb0	.rela.eh_frame	8508	.eh_frame	0x7d548	0x7d548	0x5b62c0	R_AARCH64_PREL32		2	0	STT_SECTION	.text.unlikely	0x0	0x19b24	ser_mngr_init	0x19b24							data_reference		incoming	
.local/legacy-firmware/work/extract/stock-rootfs/lib/modules/5.4.55/mt_wifi.ko	40c8f974ad7317776f602c069c009d1f0d5d939d622ccdee275423fad1e35cb0	.rela.data	580	.data	0x1278	0x1278	0x5c91f8	R_AARCH64_ABS64		1	0	STT_SECTION	.text	0x0	0x236c0	unnamed@.text+0x236c0	0x236c0							data_reference		incoming	RTMP_PRIVATE_AP_SHOW_SUPPORT_PROC+0x1188
.local/legacy-firmware/work/extract/stock-rootfs/lib/modules/5.4.55/mt_wifi.ko	40c8f974ad7317776f602c069c009d1f0d5d939d622ccdee275423fad1e35cb0	.rela.data	582	.data	0x1288	0x1288	0x5c9208	R_AARCH64_ABS64		2	0	STT_SECTION	.text.unlikely	0x0	0x1374	unnamed@.text.unlikely+0x1374	0x1374							data_reference		incoming	RTMP_PRIVATE_AP_SHOW_SUPPORT_PROC+0x1198
.local/legacy-firmware/work/extract/stock-rootfs/lib/modules/5.4.55/mtk_hwifi.ko	6d82ba02d96d638da9e80592a63e31c09d2f8603620066b604c1702d1171c8f7	.rela.text	29	.text	0x460	0x460	0x4c0	R_AARCH64_CALL26	mtk_hdev_ops_init	168	0	STT_FUNC	.text	0xcb64	0x0	mtk_hdev_ops_init	0xcb64	mtk_hwifi_register_device	0x3d0	0x90	symbol_size	0x4cc		direct_call_BL	0x94000000	incoming	
.local/legacy-firmware/work/extract/stock-rootfs/lib/modules/5.4.55/mtk_hwifi.ko	6d82ba02d96d638da9e80592a63e31c09d2f8603620066b604c1702d1171c8f7	.rela.text	2278	.text	0xcb68	0xcb68	0xcbc8	R_AARCH64_ADR_PREL_PG_HI21		5	0	STT_SECTION	.rodata	0x0	0x608		0x608	mtk_hdev_ops_init	0xcb64	0x4	symbol_size	0xcb7c		executable_reference	0x90000001	outgoing	
.local/legacy-firmware/work/extract/stock-rootfs/lib/modules/5.4.55/mtk_hwifi.ko	6d82ba02d96d638da9e80592a63e31c09d2f8603620066b604c1702d1171c8f7	.rela.text	2279	.text	0xcb70	0xcb70	0xcbd0	R_AARCH64_ADD_ABS_LO12_NC		5	0	STT_SECTION	.rodata	0x0	0x608		0x608	mtk_hdev_ops_init	0xcb64	0xc	symbol_size	0xcb7c		executable_reference	0x91000021	outgoing	
.local/legacy-firmware/work/extract/stock-rootfs/lib/modules/5.4.55/mtk_hwifi.ko	6d82ba02d96d638da9e80592a63e31c09d2f8603620066b604c1702d1171c8f7	.rela__ksymtab	7	__ksymtab	0x90	0x90	0x11024	R_AARCH64_PREL32	mtk_bus_rx_ser_event	312	0	STT_FUNC	.text	0x6f4	0x0	mtk_bus_rx_ser_event	0x6f4							data_reference		incoming	
.local/legacy-firmware/work/extract/stock-rootfs/lib/modules/5.4.55/mtk_hwifi.ko	6d82ba02d96d638da9e80592a63e31c09d2f8603620066b604c1702d1171c8f7	.rela.rodata	29	.rodata	0x6b0	0x6b0	0x11780	R_AARCH64_ABS64	mtk_ge_hw_reset	272	0	STT_FUNC	.text	0xd020	0x0	mtk_ge_hw_reset	0xd020							data_reference		incoming	
.local/legacy-firmware/work/extract/stock-rootfs/lib/modules/5.4.55/mtk_hwifi.ko	6d82ba02d96d638da9e80592a63e31c09d2f8603620066b604c1702d1171c8f7	.rela.rodata	39	.rodata	0x700	0x700	0x117d0	R_AARCH64_ABS64	mtk_ge_stop_npu	219	0	STT_FUNC	.text	0xce90	0x0	mtk_ge_stop_npu	0xce90							data_reference		incoming	
.local/legacy-firmware/work/extract/stock-rootfs/lib/modules/5.4.55/mtk_hwifi.ko	6d82ba02d96d638da9e80592a63e31c09d2f8603620066b604c1702d1171c8f7	.rela.rodata	40	.rodata	0x708	0x708	0x117d8	R_AARCH64_ABS64	mtk_ge_start_npu	184	0	STT_FUNC	.text	0xcec4	0x0	mtk_ge_start_npu	0xcec4							data_reference		incoming	
.local/legacy-firmware/work/extract/stock-rootfs/lib/modules/5.4.55/mtk_hwifi.ko	6d82ba02d96d638da9e80592a63e31c09d2f8603620066b604c1702d1171c8f7	.rela.eh_frame	17	.eh_frame	0x2c8	0x2c8	0x15418	R_AARCH64_PREL32		1	0	STT_SECTION	.text	0x0	0x6f4	mtk_bus_rx_ser_event	0x6f4							data_reference		incoming	
.local/legacy-firmware/work/extract/stock-rootfs/lib/modules/5.4.55/mtk_hwifi.ko	6d82ba02d96d638da9e80592a63e31c09d2f8603620066b604c1702d1171c8f7	.rela.eh_frame	208	.eh_frame	0x27e0	0x27e0	0x17930	R_AARCH64_PREL32		1	0	STT_SECTION	.text	0x0	0xcb64	mtk_hdev_ops_init	0xcb64							data_reference		incoming	
.local/legacy-firmware/work/extract/stock-rootfs/lib/modules/5.4.55/mtk_hwifi.ko	6d82ba02d96d638da9e80592a63e31c09d2f8603620066b604c1702d1171c8f7	.rela.eh_frame	212	.eh_frame	0x28a8	0x28a8	0x179f8	R_AARCH64_PREL32		1	0	STT_SECTION	.text	0x0	0xce90	mtk_ge_stop_npu	0xce90							data_reference		incoming	
.local/legacy-firmware/work/extract/stock-rootfs/lib/modules/5.4.55/mtk_hwifi.ko	6d82ba02d96d638da9e80592a63e31c09d2f8603620066b604c1702d1171c8f7	.rela.eh_frame	213	.eh_frame	0x28c8	0x28c8	0x17a18	R_AARCH64_PREL32		1	0	STT_SECTION	.text	0x0	0xcec4	mtk_ge_start_npu	0xcec4							data_reference		incoming	
.local/legacy-firmware/work/extract/stock-rootfs/lib/modules/5.4.55/mtk_hwifi.ko	6d82ba02d96d638da9e80592a63e31c09d2f8603620066b604c1702d1171c8f7	.rela.eh_frame	216	.eh_frame	0x2944	0x2944	0x17a94	R_AARCH64_PREL32		1	0	STT_SECTION	.text	0x0	0xd020	mtk_ge_hw_reset	0xd020							data_reference		incoming	
.local/legacy-firmware/work/extract/stock-rootfs/lib/modules/5.4.55/mtk_pci.ko	c71b2073eeb2498c05c5e42bb5ceaf3df664cff42bf0b0740eb6152458e0857b	.rela.text	140	.text	0xa88	0xa88	0xae8	R_AARCH64_CALL26	init_rro_addr_elem_by_seid	85	0	STT_FUNC	.text	0xa2f0	0x0	init_rro_addr_elem_by_seid	0xa2f0	unnamed@.text+0xa80	0xa80	0x8	eh_frame_FDE	0xa94	0x3c4	direct_call_BL	0x94000000	incoming	
.local/legacy-firmware/work/extract/stock-rootfs/lib/modules/5.4.55/mtk_pci.ko	c71b2073eeb2498c05c5e42bb5ceaf3df664cff42bf0b0740eb6152458e0857b	.rela.text	161	.text	0x1010	0x1010	0x1070	R_AARCH64_CALL26	npu_hw_init_queue_bus_write	102	0	STT_FUNC	.text	0x65e0	0x0	npu_hw_init_queue_bus_write	0x65e0	unnamed@.text+0xf40	0xf40	0xd0	eh_frame_FDE	0x1018	0x4d0	direct_call_BL	0x94000000	incoming	
.local/legacy-firmware/work/extract/stock-rootfs/lib/modules/5.4.55/mtk_pci.ko	c71b2073eeb2498c05c5e42bb5ceaf3df664cff42bf0b0740eb6152458e0857b	.rela.text	162	.text	0x10b4	0x10b4	0x1114	R_AARCH64_CALL26	rro_sw_init	55	0	STT_FUNC	.text	0xa670	0x0	rro_sw_init	0xa670	unnamed@.text+0x1020	0x1020	0x94	eh_frame_FDE	0x10c4	0x4f8	direct_call_BL	0x94000000	incoming	
.local/legacy-firmware/work/extract/stock-rootfs/lib/modules/5.4.55/mtk_pci.ko	c71b2073eeb2498c05c5e42bb5ceaf3df664cff42bf0b0740eb6152458e0857b	.rela.text	191	.text	0x153c	0x153c	0x159c	R_AARCH64_CALL26	mtk_bus_rx_ser_event	209	1	STT_NOTYPE	SHN_UNDEF	0x0	0x0			unnamed@.text+0x14c0	0x14c0	0x7c	eh_frame_FDE	0x1608	0x5f4	direct_call_BL	0x94000000	incoming	
.local/legacy-firmware/work/extract/stock-rootfs/lib/modules/5.4.55/mtk_pci.ko	c71b2073eeb2498c05c5e42bb5ceaf3df664cff42bf0b0740eb6152458e0857b	.rela.text	192	.text	0x1560	0x1560	0x15c0	R_AARCH64_CALL26	mtk_bus_rx_ser_event	209	1	STT_NOTYPE	SHN_UNDEF	0x0	0x0			unnamed@.text+0x14c0	0x14c0	0xa0	eh_frame_FDE	0x1608	0x5f4	direct_call_BL	0x94000000	incoming	
.local/legacy-firmware/work/extract/stock-rootfs/lib/modules/5.4.55/mtk_pci.ko	c71b2073eeb2498c05c5e42bb5ceaf3df664cff42bf0b0740eb6152458e0857b	.rela.text	398	.text	0x3578	0x3578	0x35d8	R_AARCH64_CALL26	npu_pci_dma_init_rx_data_queue	81	0	STT_FUNC	.text	0x5d84	0x0	npu_pci_dma_init_rx_data_queue	0x5d84	pci_dma_init_rx_data_queue	0x3550	0x28	symbol_size	0x375c		direct_call_BL	0x94000000	incoming	
.local/legacy-firmware/work/extract/stock-rootfs/lib/modules/5.4.55/mtk_pci.ko	c71b2073eeb2498c05c5e42bb5ceaf3df664cff42bf0b0740eb6152458e0857b	.rela.text	423	.text	0x3c24	0x3c24	0x3c84	R_AARCH64_CALL26	mtk_bus_rx_ser_event	209	1	STT_NOTYPE	SHN_UNDEF	0x0	0x0			unnamed@.text+0x3924	0x3924	0x300	eh_frame_FDE	0x3ce0	0xc44	direct_call_BL	0x94000000	incoming	
.local/legacy-firmware/work/extract/stock-rootfs/lib/modules/5.4.55/mtk_pci.ko	c71b2073eeb2498c05c5e42bb5ceaf3df664cff42bf0b0740eb6152458e0857b	.rela.text	444	.text	0x3ddc	0x3ddc	0x3e3c	R_AARCH64_CALL26	npu_pci_dma_init_rx_event_queue	77	0	STT_FUNC	.text	0x5a50	0x0	npu_pci_dma_init_rx_event_queue	0x5a50	unnamed@.text+0x3ce0	0x3ce0	0xfc	eh_frame_FDE	0x3df8	0xca8	direct_call_BL	0x94000000	incoming	
.local/legacy-firmware/work/extract/stock-rootfs/lib/modules/5.4.55/mtk_pci.ko	c71b2073eeb2498c05c5e42bb5ceaf3df664cff42bf0b0740eb6152458e0857b	.rela.text	490	.text	0x4644	0x4644	0x46a4	R_AARCH64_CALL26	npu_pci_dma_sw_init_device	72	0	STT_FUNC	.text	0x67d4	0x0	npu_pci_dma_sw_init_device	0x67d4	unnamed@.text+0x4604	0x4604	0x40	eh_frame_FDE	0x4b10	0xe88	direct_call_BL	0x94000000	incoming	
.local/legacy-firmware/work/extract/stock-rootfs/lib/modules/5.4.55/mtk_pci.ko	c71b2073eeb2498c05c5e42bb5ceaf3df664cff42bf0b0740eb6152458e0857b	.rela.text	566	.text	0x4b8c	0x4b8c	0x4bec	R_AARCH64_CALL26	get_ecnt_npu_dev	182	1	STT_NOTYPE	SHN_UNDEF	0x0	0x0			unnamed@.text+0x4b70	0x4b70	0x1c	eh_frame_FDE	0x4cc0	0xf20	direct_call_BL	0x94000000	outgoing	
.local/legacy-firmware/work/extract/stock-rootfs/lib/modules/5.4.55/mtk_pci.ko	c71b2073eeb2498c05c5e42bb5ceaf3df664cff42bf0b0740eb6152458e0857b	.rela.text	567	.text	0x4ba8	0x4ba8	0x4c08	R_AARCH64_CALL26	dma_alloc_attrs	169	1	STT_NOTYPE	SHN_UNDEF	0x0	0x0			unnamed@.text+0x4b70	0x4b70	0x38	eh_frame_FDE	0x4cc0	0xf20	direct_call_BL	0x94000000	outgoing	
.local/legacy-firmware/work/extract/stock-rootfs/lib/modules/5.4.55/mtk_pci.ko	c71b2073eeb2498c05c5e42bb5ceaf3df664cff42bf0b0740eb6152458e0857b	.rela.text	568	.text	0x4bd0	0x4bd0	0x4c30	R_AARCH64_CALL26	memset	176	1	STT_NOTYPE	SHN_UNDEF	0x0	0x0			unnamed@.text+0x4b70	0x4b70	0x60	eh_frame_FDE	0x4cc0	0xf20	direct_call_BL	0x94000000	outgoing	
.local/legacy-firmware/work/extract/stock-rootfs/lib/modules/5.4.55/mtk_pci.ko	c71b2073eeb2498c05c5e42bb5ceaf3df664cff42bf0b0740eb6152458e0857b	.rela.text	569	.text	0x4c10	0x4c10	0x4c70	R_AARCH64_CALL26	host_notify_npuMbox	138	1	STT_NOTYPE	SHN_UNDEF	0x0	0x0			unnamed@.text+0x4b70	0x4b70	0xa0	eh_frame_FDE	0x4cc0	0xf20	direct_call_BL	0x94000000	outgoing	
.local/legacy-firmware/work/extract/stock-rootfs/lib/modules/5.4.55/mtk_pci.ko	c71b2073eeb2498c05c5e42bb5ceaf3df664cff42bf0b0740eb6152458e0857b	.rela.text	570	.text	0x4c34	0x4c34	0x4c94	R_AARCH64_CALL26	dma_free_attrs	183	1	STT_NOTYPE	SHN_UNDEF	0x0	0x0			unnamed@.text+0x4b70	0x4b70	0xc4	eh_frame_FDE	0x4cc0	0xf20	direct_call_BL	0x94000000	outgoing	
.local/legacy-firmware/work/extract/stock-rootfs/lib/modules/5.4.55/mtk_pci.ko	c71b2073eeb2498c05c5e42bb5ceaf3df664cff42bf0b0740eb6152458e0857b	.rela.text	571	.text	0x4c38	0x4c38	0x4c98	R_AARCH64_ADR_PREL_PG_HI21		6	0	STT_SECTION	.rodata.str1.8	0x0	0x950		0x950	unnamed@.text+0x4b70	0x4b70	0xc8	eh_frame_FDE	0x4cc0	0xf20	executable_reference	0x90000000	outgoing	
.local/legacy-firmware/work/extract/stock-rootfs/lib/modules/5.4.55/mtk_pci.ko	c71b2073eeb2498c05c5e42bb5ceaf3df664cff42bf0b0740eb6152458e0857b	.rela.text	572	.text	0x4c3c	0x4c3c	0x4c9c	R_AARCH64_ADD_ABS_LO12_NC		6	0	STT_SECTION	.rodata.str1.8	0x0	0x950		0x950	unnamed@.text+0x4b70	0x4b70	0xcc	eh_frame_FDE	0x4cc0	0xf20	executable_reference	0x91000000	outgoing	
.local/legacy-firmware/work/extract/stock-rootfs/lib/modules/5.4.55/mtk_pci.ko	c71b2073eeb2498c05c5e42bb5ceaf3df664cff42bf0b0740eb6152458e0857b	.rela.text	573	.text	0x4c40	0x4c40	0x4ca0	R_AARCH64_CALL26	printk	173	1	STT_NOTYPE	SHN_UNDEF	0x0	0x0			unnamed@.text+0x4b70	0x4b70	0xd0	eh_frame_FDE	0x4cc0	0xf20	direct_call_BL	0x94000000	outgoing	
.local/legacy-firmware/work/extract/stock-rootfs/lib/modules/5.4.55/mtk_pci.ko	c71b2073eeb2498c05c5e42bb5ceaf3df664cff42bf0b0740eb6152458e0857b	.rela.text	574	.text	0x4c5c	0x4c5c	0x4cbc	R_AARCH64_ADR_PREL_PG_HI21		6	0	STT_SECTION	.rodata.str1.8	0x0	0x8d8		0x8d8	unnamed@.text+0x4b70	0x4b70	0xec	eh_frame_FDE	0x4cc0	0xf20	executable_reference	0x90000000	outgoing	
.local/legacy-firmware/work/extract/stock-rootfs/lib/modules/5.4.55/mtk_pci.ko	c71b2073eeb2498c05c5e42bb5ceaf3df664cff42bf0b0740eb6152458e0857b	.rela.text	575	.text	0x4c64	0x4c64	0x4cc4	R_AARCH64_ADD_ABS_LO12_NC		6	0	STT_SECTION	.rodata.str1.8	0x0	0x8d8		0x8d8	unnamed@.text+0x4b70	0x4b70	0xf4	eh_frame_FDE	0x4cc0	0xf20	executable_reference	0x91000000	outgoing	
.local/legacy-firmware/work/extract/stock-rootfs/lib/modules/5.4.55/mtk_pci.ko	c71b2073eeb2498c05c5e42bb5ceaf3df664cff42bf0b0740eb6152458e0857b	.rela.text	576	.text	0x4c68	0x4c68	0x4cc8	R_AARCH64_CALL26	printk	173	1	STT_NOTYPE	SHN_UNDEF	0x0	0x0			unnamed@.text+0x4b70	0x4b70	0xf8	eh_frame_FDE	0x4cc0	0xf20	direct_call_BL	0x94000000	outgoing	
.local/legacy-firmware/work/extract/stock-rootfs/lib/modules/5.4.55/mtk_pci.ko	c71b2073eeb2498c05c5e42bb5ceaf3df664cff42bf0b0740eb6152458e0857b	.rela.text	577	.text	0x4c74	0x4c74	0x4cd4	R_AARCH64_ADR_PREL_PG_HI21		6	0	STT_SECTION	.rodata.str1.8	0x0	0x980		0x980	unnamed@.text+0x4b70	0x4b70	0x104	eh_frame_FDE	0x4cc0	0xf20	executable_reference	0x90000000	outgoing	
.local/legacy-firmware/work/extract/stock-rootfs/lib/modules/5.4.55/mtk_pci.ko	c71b2073eeb2498c05c5e42bb5ceaf3df664cff42bf0b0740eb6152458e0857b	.rela.text	578	.text	0x4c7c	0x4c7c	0x4cdc	R_AARCH64_ADD_ABS_LO12_NC		6	0	STT_SECTION	.rodata.str1.8	0x0	0x980		0x980	unnamed@.text+0x4b70	0x4b70	0x10c	eh_frame_FDE	0x4cc0	0xf20	executable_reference	0x91000000	outgoing	
.local/legacy-firmware/work/extract/stock-rootfs/lib/modules/5.4.55/mtk_pci.ko	c71b2073eeb2498c05c5e42bb5ceaf3df664cff42bf0b0740eb6152458e0857b	.rela.text	579	.text	0x4c80	0x4c80	0x4ce0	R_AARCH64_CALL26	printk	173	1	STT_NOTYPE	SHN_UNDEF	0x0	0x0			unnamed@.text+0x4b70	0x4b70	0x110	eh_frame_FDE	0x4cc0	0xf20	direct_call_BL	0x94000000	outgoing	
.local/legacy-firmware/work/extract/stock-rootfs/lib/modules/5.4.55/mtk_pci.ko	c71b2073eeb2498c05c5e42bb5ceaf3df664cff42bf0b0740eb6152458e0857b	.rela.text	580	.text	0x4c98	0x4c98	0x4cf8	R_AARCH64_CALL26	dma_free_attrs	183	1	STT_NOTYPE	SHN_UNDEF	0x0	0x0			unnamed@.text+0x4b70	0x4b70	0x128	eh_frame_FDE	0x4cc0	0xf20	direct_call_BL	0x94000000	outgoing	
.local/legacy-firmware/work/extract/stock-rootfs/lib/modules/5.4.55/mtk_pci.ko	c71b2073eeb2498c05c5e42bb5ceaf3df664cff42bf0b0740eb6152458e0857b	.rela.text	581	.text	0x4ca4	0x4ca4	0x4d04	R_AARCH64_ADR_PREL_PG_HI21		5	0	STT_SECTION	.rodata	0x0	0x130		0x130	unnamed@.text+0x4b70	0x4b70	0x134	eh_frame_FDE	0x4cc0	0xf20	executable_reference	0x90000001	outgoing	
.local/legacy-firmware/work/extract/stock-rootfs/lib/modules/5.4.55/mtk_pci.ko	c71b2073eeb2498c05c5e42bb5ceaf3df664cff42bf0b0740eb6152458e0857b	.rela.text	582	.text	0x4ca8	0x4ca8	0x4d08	R_AARCH64_ADR_PREL_PG_HI21		6	0	STT_SECTION	.rodata.str1.8	0x0	0x930		0x930	unnamed@.text+0x4b70	0x4b70	0x138	eh_frame_FDE	0x4cc0	0xf20	executable_reference	0x90000000	outgoing	
.local/legacy-firmware/work/extract/stock-rootfs/lib/modules/5.4.55/mtk_pci.ko	c71b2073eeb2498c05c5e42bb5ceaf3df664cff42bf0b0740eb6152458e0857b	.rela.text	583	.text	0x4cac	0x4cac	0x4d0c	R_AARCH64_ADD_ABS_LO12_NC		5	0	STT_SECTION	.rodata	0x0	0x130		0x130	unnamed@.text+0x4b70	0x4b70	0x13c	eh_frame_FDE	0x4cc0	0xf20	executable_reference	0x91000021	outgoing	
.local/legacy-firmware/work/extract/stock-rootfs/lib/modules/5.4.55/mtk_pci.ko	c71b2073eeb2498c05c5e42bb5ceaf3df664cff42bf0b0740eb6152458e0857b	.rela.text	584	.text	0x4cb4	0x4cb4	0x4d14	R_AARCH64_ADD_ABS_LO12_NC		6	0	STT_SECTION	.rodata.str1.8	0x0	0x930		0x930	unnamed@.text+0x4b70	0x4b70	0x144	eh_frame_FDE	0x4cc0	0xf20	executable_reference	0x91000000	outgoing	
.local/legacy-firmware/work/extract/stock-rootfs/lib/modules/5.4.55/mtk_pci.ko	c71b2073eeb2498c05c5e42bb5ceaf3df664cff42bf0b0740eb6152458e0857b	.rela.text	585	.text	0x4cb8	0x4cb8	0x4d18	R_AARCH64_CALL26	printk	173	1	STT_NOTYPE	SHN_UNDEF	0x0	0x0			unnamed@.text+0x4b70	0x4b70	0x148	eh_frame_FDE	0x4cc0	0xf20	direct_call_BL	0x94000000	outgoing	
.local/legacy-firmware/work/extract/stock-rootfs/lib/modules/5.4.55/mtk_pci.ko	c71b2073eeb2498c05c5e42bb5ceaf3df664cff42bf0b0740eb6152458e0857b	.rela.text	721	.text	0x5924	0x5924	0x5984	R_AARCH64_CALL26		4	0	STT_SECTION	.text.unlikely	0x0	0x320	unnamed@.text.unlikely+0x320	0x320	npu_pci_dma_init_tx_data_queue	0x5810	0x114	symbol_size	0x5a4c		direct_call_BL	0x94000000	incoming	
.local/legacy-firmware/work/extract/stock-rootfs/lib/modules/5.4.55/mtk_pci.ko	c71b2073eeb2498c05c5e42bb5ceaf3df664cff42bf0b0740eb6152458e0857b	.rela.text	723	.text	0x596c	0x596c	0x59cc	R_AARCH64_CALL26		4	0	STT_SECTION	.text.unlikely	0x0	0x224	unnamed@.text.unlikely+0x224	0x224	npu_pci_dma_init_tx_data_queue	0x5810	0x15c	symbol_size	0x5a4c		direct_call_BL	0x94000000	incoming	
.local/legacy-firmware/work/extract/stock-rootfs/lib/modules/5.4.55/mtk_pci.ko	c71b2073eeb2498c05c5e42bb5ceaf3df664cff42bf0b0740eb6152458e0857b	.rela.text	727	.text	0x5994	0x5994	0x59f4	R_AARCH64_CALL26		4	0	STT_SECTION	.text.unlikely	0x0	0x224	unnamed@.text.unlikely+0x224	0x224	npu_pci_dma_init_tx_data_queue	0x5810	0x184	symbol_size	0x5a4c		direct_call_BL	0x94000000	incoming	
.local/legacy-firmware/work/extract/stock-rootfs/lib/modules/5.4.55/mtk_pci.ko	c71b2073eeb2498c05c5e42bb5ceaf3df664cff42bf0b0740eb6152458e0857b	.rela.text	731	.text	0x59bc	0x59bc	0x5a1c	R_AARCH64_CALL26		4	0	STT_SECTION	.text.unlikely	0x0	0x224	unnamed@.text.unlikely+0x224	0x224	npu_pci_dma_init_tx_data_queue	0x5810	0x1ac	symbol_size	0x5a4c		direct_call_BL	0x94000000	incoming	
.local/legacy-firmware/work/extract/stock-rootfs/lib/modules/5.4.55/mtk_pci.ko	c71b2073eeb2498c05c5e42bb5ceaf3df664cff42bf0b0740eb6152458e0857b	.rela.text	743	.text	0x5a6c	0x5a6c	0x5acc	R_AARCH64_CALL26	npu_get_pcie_index	101	0	STT_FUNC	.text	0x4f30	0x0	npu_get_pcie_index	0x4f30	npu_pci_dma_init_rx_event_queue	0x5a50	0x1c	symbol_size	0x5d84		direct_call_BL	0x94000000	outgoing	
.local/legacy-firmware/work/extract/stock-rootfs/lib/modules/5.4.55/mtk_pci.ko	c71b2073eeb2498c05c5e42bb5ceaf3df664cff42bf0b0740eb6152458e0857b	.rela.text	744	.text	0x5abc	0x5abc	0x5b1c	R_AARCH64_CALL26	get_ecnt_npu_dev	182	1	STT_NOTYPE	SHN_UNDEF	0x0	0x0			npu_pci_dma_init_rx_event_queue	0x5a50	0x6c	symbol_size	0x5d84		direct_call_BL	0x94000000	outgoing	
.local/legacy-firmware/work/extract/stock-rootfs/lib/modules/5.4.55/mtk_pci.ko	c71b2073eeb2498c05c5e42bb5ceaf3df664cff42bf0b0740eb6152458e0857b	.rela.text	745	.text	0x5ad8	0x5ad8	0x5b38	R_AARCH64_CALL26	dma_alloc_attrs	169	1	STT_NOTYPE	SHN_UNDEF	0x0	0x0			npu_pci_dma_init_rx_event_queue	0x5a50	0x88	symbol_size	0x5d84		direct_call_BL	0x94000000	outgoing	
.local/legacy-firmware/work/extract/stock-rootfs/lib/modules/5.4.55/mtk_pci.ko	c71b2073eeb2498c05c5e42bb5ceaf3df664cff42bf0b0740eb6152458e0857b	.rela.text	746	.text	0x5af4	0x5af4	0x5b54	R_AARCH64_CALL26	memset	176	1	STT_NOTYPE	SHN_UNDEF	0x0	0x0			npu_pci_dma_init_rx_event_queue	0x5a50	0xa4	symbol_size	0x5d84		direct_call_BL	0x94000000	outgoing	
.local/legacy-firmware/work/extract/stock-rootfs/lib/modules/5.4.55/mtk_pci.ko	c71b2073eeb2498c05c5e42bb5ceaf3df664cff42bf0b0740eb6152458e0857b	.rela.text	747	.text	0x5b3c	0x5b3c	0x5b9c	R_AARCH64_CALL26	host_notify_npuMbox	138	1	STT_NOTYPE	SHN_UNDEF	0x0	0x0			npu_pci_dma_init_rx_event_queue	0x5a50	0xec	symbol_size	0x5d84		direct_call_BL	0x94000000	outgoing	
.local/legacy-firmware/work/extract/stock-rootfs/lib/modules/5.4.55/mtk_pci.ko	c71b2073eeb2498c05c5e42bb5ceaf3df664cff42bf0b0740eb6152458e0857b	.rela.text	748	.text	0x5b58	0x5b58	0x5bb8	R_AARCH64_CALL26	dma_free_attrs	183	1	STT_NOTYPE	SHN_UNDEF	0x0	0x0			npu_pci_dma_init_rx_event_queue	0x5a50	0x108	symbol_size	0x5d84		direct_call_BL	0x94000000	outgoing	
.local/legacy-firmware/work/extract/stock-rootfs/lib/modules/5.4.55/mtk_pci.ko	c71b2073eeb2498c05c5e42bb5ceaf3df664cff42bf0b0740eb6152458e0857b	.rela.text	749	.text	0x5b6c	0x5b6c	0x5bcc	R_AARCH64_CALL26	get_ecnt_npu_dev	182	1	STT_NOTYPE	SHN_UNDEF	0x0	0x0			npu_pci_dma_init_rx_event_queue	0x5a50	0x11c	symbol_size	0x5d84		direct_call_BL	0x94000000	outgoing	
.local/legacy-firmware/work/extract/stock-rootfs/lib/modules/5.4.55/mtk_pci.ko	c71b2073eeb2498c05c5e42bb5ceaf3df664cff42bf0b0740eb6152458e0857b	.rela.text	750	.text	0x5b88	0x5b88	0x5be8	R_AARCH64_CALL26	dma_alloc_attrs	169	1	STT_NOTYPE	SHN_UNDEF	0x0	0x0			npu_pci_dma_init_rx_event_queue	0x5a50	0x138	symbol_size	0x5d84		direct_call_BL	0x94000000	outgoing	
.local/legacy-firmware/work/extract/stock-rootfs/lib/modules/5.4.55/mtk_pci.ko	c71b2073eeb2498c05c5e42bb5ceaf3df664cff42bf0b0740eb6152458e0857b	.rela.text	751	.text	0x5ba4	0x5ba4	0x5c04	R_AARCH64_CALL26	memset	176	1	STT_NOTYPE	SHN_UNDEF	0x0	0x0			npu_pci_dma_init_rx_event_queue	0x5a50	0x154	symbol_size	0x5d84		direct_call_BL	0x94000000	outgoing	
.local/legacy-firmware/work/extract/stock-rootfs/lib/modules/5.4.55/mtk_pci.ko	c71b2073eeb2498c05c5e42bb5ceaf3df664cff42bf0b0740eb6152458e0857b	.rela.text	752	.text	0x5be4	0x5be4	0x5c44	R_AARCH64_CALL26	host_notify_npuMbox	138	1	STT_NOTYPE	SHN_UNDEF	0x0	0x0			npu_pci_dma_init_rx_event_queue	0x5a50	0x194	symbol_size	0x5d84		direct_call_BL	0x94000000	outgoing	
.local/legacy-firmware/work/extract/stock-rootfs/lib/modules/5.4.55/mtk_pci.ko	c71b2073eeb2498c05c5e42bb5ceaf3df664cff42bf0b0740eb6152458e0857b	.rela.text	753	.text	0x5c00	0x5c00	0x5c60	R_AARCH64_CALL26	dma_free_attrs	183	1	STT_NOTYPE	SHN_UNDEF	0x0	0x0			npu_pci_dma_init_rx_event_queue	0x5a50	0x1b0	symbol_size	0x5d84		direct_call_BL	0x94000000	outgoing	
.local/legacy-firmware/work/extract/stock-rootfs/lib/modules/5.4.55/mtk_pci.ko	c71b2073eeb2498c05c5e42bb5ceaf3df664cff42bf0b0740eb6152458e0857b	.rela.text	754	.text	0x5c0c	0x5c0c	0x5c6c	R_AARCH64_ADR_PREL_PG_HI21	arht_pdev_pci	75	0	STT_OBJECT	.bss	0x8	0x0		0x8	npu_pci_dma_init_rx_event_queue	0x5a50	0x1bc	symbol_size	0x5d84		executable_reference	0x90000000	outgoing	
.local/legacy-firmware/work/extract/stock-rootfs/lib/modules/5.4.55/mtk_pci.ko	c71b2073eeb2498c05c5e42bb5ceaf3df664cff42bf0b0740eb6152458e0857b	.rela.text	755	.text	0x5c10	0x5c10	0x5c70	R_AARCH64_ADD_ABS_LO12_NC	arht_pdev_pci	75	0	STT_OBJECT	.bss	0x8	0x0		0x8	npu_pci_dma_init_rx_event_queue	0x5a50	0x1c0	symbol_size	0x5d84		executable_reference	0x91000000	outgoing	
.local/legacy-firmware/work/extract/stock-rootfs/lib/modules/5.4.55/mtk_pci.ko	c71b2073eeb2498c05c5e42bb5ceaf3df664cff42bf0b0740eb6152458e0857b	.rela.text	756	.text	0x5c28	0x5c28	0x5c88	R_AARCH64_CALL26	get_ecnt_npu_dev	182	1	STT_NOTYPE	SHN_UNDEF	0x0	0x0			npu_pci_dma_init_rx_event_queue	0x5a50	0x1d8	symbol_size	0x5d84		direct_call_BL	0x94000000	outgoing	
.local/legacy-firmware/work/extract/stock-rootfs/lib/modules/5.4.55/mtk_pci.ko	c71b2073eeb2498c05c5e42bb5ceaf3df664cff42bf0b0740eb6152458e0857b	.rela.text	757	.text	0x5c44	0x5c44	0x5ca4	R_AARCH64_CALL26	dma_alloc_attrs	169	1	STT_NOTYPE	SHN_UNDEF	0x0	0x0			npu_pci_dma_init_rx_event_queue	0x5a50	0x1f4	symbol_size	0x5d84		direct_call_BL	0x94000000	outgoing	
.local/legacy-firmware/work/extract/stock-rootfs/lib/modules/5.4.55/mtk_pci.ko	c71b2073eeb2498c05c5e42bb5ceaf3df664cff42bf0b0740eb6152458e0857b	.rela.text	758	.text	0x5c60	0x5c60	0x5cc0	R_AARCH64_CALL26	memset	176	1	STT_NOTYPE	SHN_UNDEF	0x0	0x0			npu_pci_dma_init_rx_event_queue	0x5a50	0x210	symbol_size	0x5d84		direct_call_BL	0x94000000	outgoing	
.local/legacy-firmware/work/extract/stock-rootfs/lib/modules/5.4.55/mtk_pci.ko	c71b2073eeb2498c05c5e42bb5ceaf3df664cff42bf0b0740eb6152458e0857b	.rela.text	759	.text	0x5c9c	0x5c9c	0x5cfc	R_AARCH64_CALL26	host_notify_npuMbox	138	1	STT_NOTYPE	SHN_UNDEF	0x0	0x0			npu_pci_dma_init_rx_event_queue	0x5a50	0x24c	symbol_size	0x5d84		direct_call_BL	0x94000000	outgoing	
.local/legacy-firmware/work/extract/stock-rootfs/lib/modules/5.4.55/mtk_pci.ko	c71b2073eeb2498c05c5e42bb5ceaf3df664cff42bf0b0740eb6152458e0857b	.rela.text	760	.text	0x5cb8	0x5cb8	0x5d18	R_AARCH64_CALL26	dma_free_attrs	183	1	STT_NOTYPE	SHN_UNDEF	0x0	0x0			npu_pci_dma_init_rx_event_queue	0x5a50	0x268	symbol_size	0x5d84		direct_call_BL	0x94000000	outgoing	
.local/legacy-firmware/work/extract/stock-rootfs/lib/modules/5.4.55/mtk_pci.ko	c71b2073eeb2498c05c5e42bb5ceaf3df664cff42bf0b0740eb6152458e0857b	.rela.text	761	.text	0x5d08	0x5d08	0x5d68	R_AARCH64_ADR_PREL_PG_HI21		6	0	STT_SECTION	.rodata.str1.8	0x0	0x8d8		0x8d8	npu_pci_dma_init_rx_event_queue	0x5a50	0x2b8	symbol_size	0x5d84		executable_reference	0x90000000	outgoing	
.local/legacy-firmware/work/extract/stock-rootfs/lib/modules/5.4.55/mtk_pci.ko	c71b2073eeb2498c05c5e42bb5ceaf3df664cff42bf0b0740eb6152458e0857b	.rela.text	762	.text	0x5d0c	0x5d0c	0x5d6c	R_AARCH64_ADD_ABS_LO12_NC		6	0	STT_SECTION	.rodata.str1.8	0x0	0x8d8		0x8d8	npu_pci_dma_init_rx_event_queue	0x5a50	0x2bc	symbol_size	0x5d84		executable_reference	0x91000000	outgoing	
.local/legacy-firmware/work/extract/stock-rootfs/lib/modules/5.4.55/mtk_pci.ko	c71b2073eeb2498c05c5e42bb5ceaf3df664cff42bf0b0740eb6152458e0857b	.rela.text	763	.text	0x5d10	0x5d10	0x5d70	R_AARCH64_CALL26	printk	173	1	STT_NOTYPE	SHN_UNDEF	0x0	0x0			npu_pci_dma_init_rx_event_queue	0x5a50	0x2c0	symbol_size	0x5d84		direct_call_BL	0x94000000	outgoing	
.local/legacy-firmware/work/extract/stock-rootfs/lib/modules/5.4.55/mtk_pci.ko	c71b2073eeb2498c05c5e42bb5ceaf3df664cff42bf0b0740eb6152458e0857b	.rela.text	764	.text	0x5d18	0x5d18	0x5d78	R_AARCH64_ADR_PREL_PG_HI21		6	0	STT_SECTION	.rodata.str1.8	0x0	0xd38		0xd38	npu_pci_dma_init_rx_event_queue	0x5a50	0x2c8	symbol_size	0x5d84		executable_reference	0x90000000	outgoing	
.local/legacy-firmware/work/extract/stock-rootfs/lib/modules/5.4.55/mtk_pci.ko	c71b2073eeb2498c05c5e42bb5ceaf3df664cff42bf0b0740eb6152458e0857b	.rela.text	765	.text	0x5d1c	0x5d1c	0x5d7c	R_AARCH64_ADD_ABS_LO12_NC		6	0	STT_SECTION	.rodata.str1.8	0x0	0xd38		0xd38	npu_pci_dma_init_rx_event_queue	0x5a50	0x2cc	symbol_size	0x5d84		executable_reference	0x91000000	outgoing	
.local/legacy-firmware/work/extract/stock-rootfs/lib/modules/5.4.55/mtk_pci.ko	c71b2073eeb2498c05c5e42bb5ceaf3df664cff42bf0b0740eb6152458e0857b	.rela.text	766	.text	0x5d20	0x5d20	0x5d80	R_AARCH64_CALL26	printk	173	1	STT_NOTYPE	SHN_UNDEF	0x0	0x0			npu_pci_dma_init_rx_event_queue	0x5a50	0x2d0	symbol_size	0x5d84		direct_call_BL	0x94000000	outgoing	
.local/legacy-firmware/work/extract/stock-rootfs/lib/modules/5.4.55/mtk_pci.ko	c71b2073eeb2498c05c5e42bb5ceaf3df664cff42bf0b0740eb6152458e0857b	.rela.text	767	.text	0x5d28	0x5d28	0x5d88	R_AARCH64_ADR_PREL_PG_HI21		6	0	STT_SECTION	.rodata.str1.8	0x0	0x8d8		0x8d8	npu_pci_dma_init_rx_event_queue	0x5a50	0x2d8	symbol_size	0x5d84		executable_reference	0x90000000	outgoing	
.local/legacy-firmware/work/extract/stock-rootfs/lib/modules/5.4.55/mtk_pci.ko	c71b2073eeb2498c05c5e42bb5ceaf3df664cff42bf0b0740eb6152458e0857b	.rela.text	768	.text	0x5d2c	0x5d2c	0x5d8c	R_AARCH64_ADD_ABS_LO12_NC		6	0	STT_SECTION	.rodata.str1.8	0x0	0x8d8		0x8d8	npu_pci_dma_init_rx_event_queue	0x5a50	0x2dc	symbol_size	0x5d84		executable_reference	0x91000000	outgoing	
.local/legacy-firmware/work/extract/stock-rootfs/lib/modules/5.4.55/mtk_pci.ko	c71b2073eeb2498c05c5e42bb5ceaf3df664cff42bf0b0740eb6152458e0857b	.rela.text	769	.text	0x5d30	0x5d30	0x5d90	R_AARCH64_CALL26	printk	173	1	STT_NOTYPE	SHN_UNDEF	0x0	0x0			npu_pci_dma_init_rx_event_queue	0x5a50	0x2e0	symbol_size	0x5d84		direct_call_BL	0x94000000	outgoing	
.local/legacy-firmware/work/extract/stock-rootfs/lib/modules/5.4.55/mtk_pci.ko	c71b2073eeb2498c05c5e42bb5ceaf3df664cff42bf0b0740eb6152458e0857b	.rela.text	770	.text	0x5d38	0x5d38	0x5d98	R_AARCH64_ADR_PREL_PG_HI21		6	0	STT_SECTION	.rodata.str1.8	0x0	0xce0		0xce0	npu_pci_dma_init_rx_event_queue	0x5a50	0x2e8	symbol_size	0x5d84		executable_reference	0x90000000	outgoing	
.local/legacy-firmware/work/extract/stock-rootfs/lib/modules/5.4.55/mtk_pci.ko	c71b2073eeb2498c05c5e42bb5ceaf3df664cff42bf0b0740eb6152458e0857b	.rela.text	771	.text	0x5d3c	0x5d3c	0x5d9c	R_AARCH64_ADD_ABS_LO12_NC		6	0	STT_SECTION	.rodata.str1.8	0x0	0xce0		0xce0	npu_pci_dma_init_rx_event_queue	0x5a50	0x2ec	symbol_size	0x5d84		executable_reference	0x91000000	outgoing	
.local/legacy-firmware/work/extract/stock-rootfs/lib/modules/5.4.55/mtk_pci.ko	c71b2073eeb2498c05c5e42bb5ceaf3df664cff42bf0b0740eb6152458e0857b	.rela.text	772	.text	0x5d40	0x5d40	0x5da0	R_AARCH64_CALL26	printk	173	1	STT_NOTYPE	SHN_UNDEF	0x0	0x0			npu_pci_dma_init_rx_event_queue	0x5a50	0x2f0	symbol_size	0x5d84		direct_call_BL	0x94000000	outgoing	
.local/legacy-firmware/work/extract/stock-rootfs/lib/modules/5.4.55/mtk_pci.ko	c71b2073eeb2498c05c5e42bb5ceaf3df664cff42bf0b0740eb6152458e0857b	.rela.text	773	.text	0x5d48	0x5d48	0x5da8	R_AARCH64_ADR_PREL_PG_HI21		5	0	STT_SECTION	.rodata	0x0	0x130		0x130	npu_pci_dma_init_rx_event_queue	0x5a50	0x2f8	symbol_size	0x5d84		executable_reference	0x90000002	outgoing	
.local/legacy-firmware/work/extract/stock-rootfs/lib/modules/5.4.55/mtk_pci.ko	c71b2073eeb2498c05c5e42bb5ceaf3df664cff42bf0b0740eb6152458e0857b	.rela.text	774	.text	0x5d4c	0x5d4c	0x5dac	R_AARCH64_ADD_ABS_LO12_NC		5	0	STT_SECTION	.rodata	0x0	0x130		0x130	npu_pci_dma_init_rx_event_queue	0x5a50	0x2fc	symbol_size	0x5d84		executable_reference	0x91000042	outgoing	
.local/legacy-firmware/work/extract/stock-rootfs/lib/modules/5.4.55/mtk_pci.ko	c71b2073eeb2498c05c5e42bb5ceaf3df664cff42bf0b0740eb6152458e0857b	.rela.text	775	.text	0x5d50	0x5d50	0x5db0	R_AARCH64_ADR_PREL_PG_HI21		6	0	STT_SECTION	.rodata.str1.8	0x0	0xd08		0xd08	npu_pci_dma_init_rx_event_queue	0x5a50	0x300	symbol_size	0x5d84		executable_reference	0x90000001	outgoing	
.local/legacy-firmware/work/extract/stock-rootfs/lib/modules/5.4.55/mtk_pci.ko	c71b2073eeb2498c05c5e42bb5ceaf3df664cff42bf0b0740eb6152458e0857b	.rela.text	776	.text	0x5d58	0x5d58	0x5db8	R_AARCH64_ADD_ABS_LO12_NC		6	0	STT_SECTION	.rodata.str1.8	0x0	0xd08		0xd08	npu_pci_dma_init_rx_event_queue	0x5a50	0x308	symbol_size	0x5d84		executable_reference	0x91000021	outgoing	
.local/legacy-firmware/work/extract/stock-rootfs/lib/modules/5.4.55/mtk_pci.ko	c71b2073eeb2498c05c5e42bb5ceaf3df664cff42bf0b0740eb6152458e0857b	.rela.text	777	.text	0x5d5c	0x5d5c	0x5dbc	R_AARCH64_CALL26	_dev_info	155	1	STT_NOTYPE	SHN_UNDEF	0x0	0x0			npu_pci_dma_init_rx_event_queue	0x5a50	0x30c	symbol_size	0x5d84		direct_call_BL	0x94000000	outgoing	
.local/legacy-firmware/work/extract/stock-rootfs/lib/modules/5.4.55/mtk_pci.ko	c71b2073eeb2498c05c5e42bb5ceaf3df664cff42bf0b0740eb6152458e0857b	.rela.text	778	.text	0x5d64	0x5d64	0x5dc4	R_AARCH64_ADR_PREL_PG_HI21		6	0	STT_SECTION	.rodata.str1.8	0x0	0x8d8		0x8d8	npu_pci_dma_init_rx_event_queue	0x5a50	0x314	symbol_size	0x5d84		executable_reference	0x90000000	outgoing	
.local/legacy-firmware/work/extract/stock-rootfs/lib/modules/5.4.55/mtk_pci.ko	c71b2073eeb2498c05c5e42bb5ceaf3df664cff42bf0b0740eb6152458e0857b	.rela.text	779	.text	0x5d68	0x5d68	0x5dc8	R_AARCH64_ADD_ABS_LO12_NC		6	0	STT_SECTION	.rodata.str1.8	0x0	0x8d8		0x8d8	npu_pci_dma_init_rx_event_queue	0x5a50	0x318	symbol_size	0x5d84		executable_reference	0x91000000	outgoing	
.local/legacy-firmware/work/extract/stock-rootfs/lib/modules/5.4.55/mtk_pci.ko	c71b2073eeb2498c05c5e42bb5ceaf3df664cff42bf0b0740eb6152458e0857b	.rela.text	780	.text	0x5d6c	0x5d6c	0x5dcc	R_AARCH64_CALL26	printk	173	1	STT_NOTYPE	SHN_UNDEF	0x0	0x0			npu_pci_dma_init_rx_event_queue	0x5a50	0x31c	symbol_size	0x5d84		direct_call_BL	0x94000000	outgoing	
.local/legacy-firmware/work/extract/stock-rootfs/lib/modules/5.4.55/mtk_pci.ko	c71b2073eeb2498c05c5e42bb5ceaf3df664cff42bf0b0740eb6152458e0857b	.rela.text	781	.text	0x5d74	0x5d74	0x5dd4	R_AARCH64_ADR_PREL_PG_HI21		6	0	STT_SECTION	.rodata.str1.8	0x0	0xca0		0xca0	npu_pci_dma_init_rx_event_queue	0x5a50	0x324	symbol_size	0x5d84		executable_reference	0x90000000	outgoing	
.local/legacy-firmware/work/extract/stock-rootfs/lib/modules/5.4.55/mtk_pci.ko	c71b2073eeb2498c05c5e42bb5ceaf3df664cff42bf0b0740eb6152458e0857b	.rela.text	782	.text	0x5d78	0x5d78	0x5dd8	R_AARCH64_ADD_ABS_LO12_NC		6	0	STT_SECTION	.rodata.str1.8	0x0	0xca0		0xca0	npu_pci_dma_init_rx_event_queue	0x5a50	0x328	symbol_size	0x5d84		executable_reference	0x91000000	outgoing	
.local/legacy-firmware/work/extract/stock-rootfs/lib/modules/5.4.55/mtk_pci.ko	c71b2073eeb2498c05c5e42bb5ceaf3df664cff42bf0b0740eb6152458e0857b	.rela.text	783	.text	0x5d7c	0x5d7c	0x5ddc	R_AARCH64_CALL26	printk	173	1	STT_NOTYPE	SHN_UNDEF	0x0	0x0			npu_pci_dma_init_rx_event_queue	0x5a50	0x32c	symbol_size	0x5d84		direct_call_BL	0x94000000	outgoing	
.local/legacy-firmware/work/extract/stock-rootfs/lib/modules/5.4.55/mtk_pci.ko	c71b2073eeb2498c05c5e42bb5ceaf3df664cff42bf0b0740eb6152458e0857b	.rela.text	784	.text	0x5d9c	0x5d9c	0x5dfc	R_AARCH64_CALL26	npu_get_pcie_index	101	0	STT_FUNC	.text	0x4f30	0x0	npu_get_pcie_index	0x4f30	npu_pci_dma_init_rx_data_queue	0x5d84	0x18	symbol_size	0x6250		direct_call_BL	0x94000000	outgoing	
.local/legacy-firmware/work/extract/stock-rootfs/lib/modules/5.4.55/mtk_pci.ko	c71b2073eeb2498c05c5e42bb5ceaf3df664cff42bf0b0740eb6152458e0857b	.rela.text	785	.text	0x5e0c	0x5e0c	0x5e6c	R_AARCH64_CALL26	get_ecnt_npu_dev	182	1	STT_NOTYPE	SHN_UNDEF	0x0	0x0			npu_pci_dma_init_rx_data_queue	0x5d84	0x88	symbol_size	0x6250		direct_call_BL	0x94000000	outgoing	
.local/legacy-firmware/work/extract/stock-rootfs/lib/modules/5.4.55/mtk_pci.ko	c71b2073eeb2498c05c5e42bb5ceaf3df664cff42bf0b0740eb6152458e0857b	.rela.text	786	.text	0x5e28	0x5e28	0x5e88	R_AARCH64_CALL26	dma_alloc_attrs	169	1	STT_NOTYPE	SHN_UNDEF	0x0	0x0			npu_pci_dma_init_rx_data_queue	0x5d84	0xa4	symbol_size	0x6250		direct_call_BL	0x94000000	outgoing	
.local/legacy-firmware/work/extract/stock-rootfs/lib/modules/5.4.55/mtk_pci.ko	c71b2073eeb2498c05c5e42bb5ceaf3df664cff42bf0b0740eb6152458e0857b	.rela.text	787	.text	0x5e4c	0x5e4c	0x5eac	R_AARCH64_CALL26	memset	176	1	STT_NOTYPE	SHN_UNDEF	0x0	0x0			npu_pci_dma_init_rx_data_queue	0x5d84	0xc8	symbol_size	0x6250		direct_call_BL	0x94000000	outgoing	
.local/legacy-firmware/work/extract/stock-rootfs/lib/modules/5.4.55/mtk_pci.ko	c71b2073eeb2498c05c5e42bb5ceaf3df664cff42bf0b0740eb6152458e0857b	.rela.text	788	.text	0x5e88	0x5e88	0x5ee8	R_AARCH64_CALL26	host_notify_npuMbox	138	1	STT_NOTYPE	SHN_UNDEF	0x0	0x0			npu_pci_dma_init_rx_data_queue	0x5d84	0x104	symbol_size	0x6250		direct_call_BL	0x94000000	outgoing	
.local/legacy-firmware/work/extract/stock-rootfs/lib/modules/5.4.55/mtk_pci.ko	c71b2073eeb2498c05c5e42bb5ceaf3df664cff42bf0b0740eb6152458e0857b	.rela.text	789	.text	0x5ea4	0x5ea4	0x5f04	R_AARCH64_CALL26	dma_free_attrs	183	1	STT_NOTYPE	SHN_UNDEF	0x0	0x0			npu_pci_dma_init_rx_data_queue	0x5d84	0x120	symbol_size	0x6250		direct_call_BL	0x94000000	outgoing	
.local/legacy-firmware/work/extract/stock-rootfs/lib/modules/5.4.55/mtk_pci.ko	c71b2073eeb2498c05c5e42bb5ceaf3df664cff42bf0b0740eb6152458e0857b	.rela.text	790	.text	0x5eb0	0x5eb0	0x5f10	R_AARCH64_ADR_PREL_PG_HI21	glb_npu_en_rx	137	1	STT_NOTYPE	SHN_UNDEF	0x0	0x0			npu_pci_dma_init_rx_data_queue	0x5d84	0x12c	symbol_size	0x6250		executable_reference	0x90000000	outgoing	
.local/legacy-firmware/work/extract/stock-rootfs/lib/modules/5.4.55/mtk_pci.ko	c71b2073eeb2498c05c5e42bb5ceaf3df664cff42bf0b0740eb6152458e0857b	.rela.text	791	.text	0x5eb4	0x5eb4	0x5f14	R_AARCH64_LDST8_ABS_LO12_NC	glb_npu_en_rx	137	1	STT_NOTYPE	SHN_UNDEF	0x0	0x0			npu_pci_dma_init_rx_data_queue	0x5d84	0x130	symbol_size	0x6250		executable_reference	0x39400016	outgoing	
.local/legacy-firmware/work/extract/stock-rootfs/lib/modules/5.4.55/mtk_pci.ko	c71b2073eeb2498c05c5e42bb5ceaf3df664cff42bf0b0740eb6152458e0857b	.rela.text	792	.text	0x5ebc	0x5ebc	0x5f1c	R_AARCH64_ADR_PREL_PG_HI21	arht_pdev_pci	75	0	STT_OBJECT	.bss	0x8	0x0		0x8	npu_pci_dma_init_rx_data_queue	0x5d84	0x138	symbol_size	0x6250		executable_reference	0x90000001	outgoing	
.local/legacy-firmware/work/extract/stock-rootfs/lib/modules/5.4.55/mtk_pci.ko	c71b2073eeb2498c05c5e42bb5ceaf3df664cff42bf0b0740eb6152458e0857b	.rela.text	793	.text	0x5ec0	0x5ec0	0x5f20	R_AARCH64_ADD_ABS_LO12_NC	arht_pdev_pci	75	0	STT_OBJECT	.bss	0x8	0x0		0x8	npu_pci_dma_init_rx_data_queue	0x5d84	0x13c	symbol_size	0x6250		executable_reference	0x91000021	outgoing	
.local/legacy-firmware/work/extract/stock-rootfs/lib/modules/5.4.55/mtk_pci.ko	c71b2073eeb2498c05c5e42bb5ceaf3df664cff42bf0b0740eb6152458e0857b	.rela.text	794	.text	0x5ef4	0x5ef4	0x5f54	R_AARCH64_CALL26	get_ecnt_npu_dev	182	1	STT_NOTYPE	SHN_UNDEF	0x0	0x0			npu_pci_dma_init_rx_data_queue	0x5d84	0x170	symbol_size	0x6250		direct_call_BL	0x94000000	outgoing	
.local/legacy-firmware/work/extract/stock-rootfs/lib/modules/5.4.55/mtk_pci.ko	c71b2073eeb2498c05c5e42bb5ceaf3df664cff42bf0b0740eb6152458e0857b	.rela.text	795	.text	0x5f10	0x5f10	0x5f70	R_AARCH64_CALL26	dma_alloc_attrs	169	1	STT_NOTYPE	SHN_UNDEF	0x0	0x0			npu_pci_dma_init_rx_data_queue	0x5d84	0x18c	symbol_size	0x6250		direct_call_BL	0x94000000	outgoing	
.local/legacy-firmware/work/extract/stock-rootfs/lib/modules/5.4.55/mtk_pci.ko	c71b2073eeb2498c05c5e42bb5ceaf3df664cff42bf0b0740eb6152458e0857b	.rela.text	796	.text	0x5f34	0x5f34	0x5f94	R_AARCH64_CALL26	memset	176	1	STT_NOTYPE	SHN_UNDEF	0x0	0x0			npu_pci_dma_init_rx_data_queue	0x5d84	0x1b0	symbol_size	0x6250		direct_call_BL	0x94000000	outgoing	
.local/legacy-firmware/work/extract/stock-rootfs/lib/modules/5.4.55/mtk_pci.ko	c71b2073eeb2498c05c5e42bb5ceaf3df664cff42bf0b0740eb6152458e0857b	.rela.text	797	.text	0x5f6c	0x5f6c	0x5fcc	R_AARCH64_CALL26	host_notify_npuMbox	138	1	STT_NOTYPE	SHN_UNDEF	0x0	0x0			npu_pci_dma_init_rx_data_queue	0x5d84	0x1e8	symbol_size	0x6250		direct_call_BL	0x94000000	outgoing	
.local/legacy-firmware/work/extract/stock-rootfs/lib/modules/5.4.55/mtk_pci.ko	c71b2073eeb2498c05c5e42bb5ceaf3df664cff42bf0b0740eb6152458e0857b	.rela.text	798	.text	0x5f88	0x5f88	0x5fe8	R_AARCH64_CALL26	dma_free_attrs	183	1	STT_NOTYPE	SHN_UNDEF	0x0	0x0			npu_pci_dma_init_rx_data_queue	0x5d84	0x204	symbol_size	0x6250		direct_call_BL	0x94000000	outgoing	
.local/legacy-firmware/work/extract/stock-rootfs/lib/modules/5.4.55/mtk_pci.ko	c71b2073eeb2498c05c5e42bb5ceaf3df664cff42bf0b0740eb6152458e0857b	.rela.text	799	.text	0x5fc4	0x5fc4	0x6024	R_AARCH64_CALL26	get_ecnt_npu_dev	182	1	STT_NOTYPE	SHN_UNDEF	0x0	0x0			npu_pci_dma_init_rx_data_queue	0x5d84	0x240	symbol_size	0x6250		direct_call_BL	0x94000000	outgoing	
.local/legacy-firmware/work/extract/stock-rootfs/lib/modules/5.4.55/mtk_pci.ko	c71b2073eeb2498c05c5e42bb5ceaf3df664cff42bf0b0740eb6152458e0857b	.rela.text	800	.text	0x5fe0	0x5fe0	0x6040	R_AARCH64_CALL26	dma_alloc_attrs	169	1	STT_NOTYPE	SHN_UNDEF	0x0	0x0			npu_pci_dma_init_rx_data_queue	0x5d84	0x25c	symbol_size	0x6250		direct_call_BL	0x94000000	outgoing	
.local/legacy-firmware/work/extract/stock-rootfs/lib/modules/5.4.55/mtk_pci.ko	c71b2073eeb2498c05c5e42bb5ceaf3df664cff42bf0b0740eb6152458e0857b	.rela.text	801	.text	0x6008	0x6008	0x6068	R_AARCH64_CALL26	memset	176	1	STT_NOTYPE	SHN_UNDEF	0x0	0x0			npu_pci_dma_init_rx_data_queue	0x5d84	0x284	symbol_size	0x6250		direct_call_BL	0x94000000	outgoing	
.local/legacy-firmware/work/extract/stock-rootfs/lib/modules/5.4.55/mtk_pci.ko	c71b2073eeb2498c05c5e42bb5ceaf3df664cff42bf0b0740eb6152458e0857b	.rela.text	802	.text	0x6044	0x6044	0x60a4	R_AARCH64_CALL26	host_notify_npuMbox	138	1	STT_NOTYPE	SHN_UNDEF	0x0	0x0			npu_pci_dma_init_rx_data_queue	0x5d84	0x2c0	symbol_size	0x6250		direct_call_BL	0x94000000	outgoing	
.local/legacy-firmware/work/extract/stock-rootfs/lib/modules/5.4.55/mtk_pci.ko	c71b2073eeb2498c05c5e42bb5ceaf3df664cff42bf0b0740eb6152458e0857b	.rela.text	803	.text	0x6064	0x6064	0x60c4	R_AARCH64_CALL26	dma_free_attrs	183	1	STT_NOTYPE	SHN_UNDEF	0x0	0x0			npu_pci_dma_init_rx_data_queue	0x5d84	0x2e0	symbol_size	0x6250		direct_call_BL	0x94000000	outgoing	
.local/legacy-firmware/work/extract/stock-rootfs/lib/modules/5.4.55/mtk_pci.ko	c71b2073eeb2498c05c5e42bb5ceaf3df664cff42bf0b0740eb6152458e0857b	.rela.text	804	.text	0x6068	0x6068	0x60c8	R_AARCH64_ADR_PREL_PG_HI21		6	0	STT_SECTION	.rodata.str1.8	0x0	0x950		0x950	npu_pci_dma_init_rx_data_queue	0x5d84	0x2e4	symbol_size	0x6250		executable_reference	0x90000000	outgoing	
.local/legacy-firmware/work/extract/stock-rootfs/lib/modules/5.4.55/mtk_pci.ko	c71b2073eeb2498c05c5e42bb5ceaf3df664cff42bf0b0740eb6152458e0857b	.rela.text	805	.text	0x606c	0x606c	0x60cc	R_AARCH64_ADD_ABS_LO12_NC		6	0	STT_SECTION	.rodata.str1.8	0x0	0x950		0x950	npu_pci_dma_init_rx_data_queue	0x5d84	0x2e8	symbol_size	0x6250		executable_reference	0x91000000	outgoing	
.local/legacy-firmware/work/extract/stock-rootfs/lib/modules/5.4.55/mtk_pci.ko	c71b2073eeb2498c05c5e42bb5ceaf3df664cff42bf0b0740eb6152458e0857b	.rela.text	806	.text	0x6070	0x6070	0x60d0	R_AARCH64_CALL26	printk	173	1	STT_NOTYPE	SHN_UNDEF	0x0	0x0			npu_pci_dma_init_rx_data_queue	0x5d84	0x2ec	symbol_size	0x6250		direct_call_BL	0x94000000	outgoing	
.local/legacy-firmware/work/extract/stock-rootfs/lib/modules/5.4.55/mtk_pci.ko	c71b2073eeb2498c05c5e42bb5ceaf3df664cff42bf0b0740eb6152458e0857b	.rela.text	807	.text	0x6074	0x6074	0x60d4	R_AARCH64_ADR_PREL_PG_HI21		5	0	STT_SECTION	.rodata	0x0	0x130		0x130	npu_pci_dma_init_rx_data_queue	0x5d84	0x2f0	symbol_size	0x6250		executable_reference	0x90000001	outgoing	
.local/legacy-firmware/work/extract/stock-rootfs/lib/modules/5.4.55/mtk_pci.ko	c71b2073eeb2498c05c5e42bb5ceaf3df664cff42bf0b0740eb6152458e0857b	.rela.text	808	.text	0x6078	0x6078	0x60d8	R_AARCH64_ADD_ABS_LO12_NC		5	0	STT_SECTION	.rodata	0x0	0x130		0x130	npu_pci_dma_init_rx_data_queue	0x5d84	0x2f4	symbol_size	0x6250		executable_reference	0x91000021	outgoing	
.local/legacy-firmware/work/extract/stock-rootfs/lib/modules/5.4.55/mtk_pci.ko	c71b2073eeb2498c05c5e42bb5ceaf3df664cff42bf0b0740eb6152458e0857b	.rela.text	809	.text	0x6084	0x6084	0x60e4	R_AARCH64_ADR_PREL_PG_HI21		6	0	STT_SECTION	.rodata.str1.8	0x0	0xdc0		0xdc0	npu_pci_dma_init_rx_data_queue	0x5d84	0x300	symbol_size	0x6250		executable_reference	0x90000001	outgoing	
.local/legacy-firmware/work/extract/stock-rootfs/lib/modules/5.4.55/mtk_pci.ko	c71b2073eeb2498c05c5e42bb5ceaf3df664cff42bf0b0740eb6152458e0857b	.rela.text	810	.text	0x6088	0x6088	0x60e8	R_AARCH64_ADD_ABS_LO12_NC		6	0	STT_SECTION	.rodata.str1.8	0x0	0xdc0		0xdc0	npu_pci_dma_init_rx_data_queue	0x5d84	0x304	symbol_size	0x6250		executable_reference	0x91000021	outgoing	
.local/legacy-firmware/work/extract/stock-rootfs/lib/modules/5.4.55/mtk_pci.ko	c71b2073eeb2498c05c5e42bb5ceaf3df664cff42bf0b0740eb6152458e0857b	.rela.text	811	.text	0x608c	0x608c	0x60ec	R_AARCH64_CALL26	_dev_info	155	1	STT_NOTYPE	SHN_UNDEF	0x0	0x0			npu_pci_dma_init_rx_data_queue	0x5d84	0x308	symbol_size	0x6250		direct_call_BL	0x94000000	outgoing	
.local/legacy-firmware/work/extract/stock-rootfs/lib/modules/5.4.55/mtk_pci.ko	c71b2073eeb2498c05c5e42bb5ceaf3df664cff42bf0b0740eb6152458e0857b	.rela.text	812	.text	0x6090	0x6090	0x60f0	R_AARCH64_ADR_PREL_PG_HI21	arm64_const_caps_ready	125	1	STT_NOTYPE	SHN_UNDEF	0x0	0x0			npu_pci_dma_init_rx_data_queue	0x5d84	0x30c	symbol_size	0x6250		executable_reference	0x90000000	outgoing	
.local/legacy-firmware/work/extract/stock-rootfs/lib/modules/5.4.55/mtk_pci.ko	c71b2073eeb2498c05c5e42bb5ceaf3df664cff42bf0b0740eb6152458e0857b	.rela.text	813	.text	0x6098	0x6098	0x60f8	R_AARCH64_LDST32_ABS_LO12_NC	arm64_const_caps_ready	125	1	STT_NOTYPE	SHN_UNDEF	0x0	0x0			npu_pci_dma_init_rx_data_queue	0x5d84	0x314	symbol_size	0x6250		executable_reference	0xb9400000	outgoing	
.local/legacy-firmware/work/extract/stock-rootfs/lib/modules/5.4.55/mtk_pci.ko	c71b2073eeb2498c05c5e42bb5ceaf3df664cff42bf0b0740eb6152458e0857b	.rela.text	814	.text	0x60a4	0x60a4	0x6104	R_AARCH64_ADR_PREL_PG_HI21	cpu_hwcap_keys	144	1	STT_NOTYPE	SHN_UNDEF	0x0	0x0			npu_pci_dma_init_rx_data_queue	0x5d84	0x320	symbol_size	0x6250		executable_reference	0x90000000	outgoing	
.local/legacy-firmware/work/extract/stock-rootfs/lib/modules/5.4.55/mtk_pci.ko	c71b2073eeb2498c05c5e42bb5ceaf3df664cff42bf0b0740eb6152458e0857b	.rela.text	815	.text	0x60a8	0x60a8	0x6108	R_AARCH64_ADD_ABS_LO12_NC	cpu_hwcap_keys	144	1	STT_NOTYPE	SHN_UNDEF	0x0	0x0			npu_pci_dma_init_rx_data_queue	0x5d84	0x324	symbol_size	0x6250		executable_reference	0x91000000	outgoing	
.local/legacy-firmware/work/extract/stock-rootfs/lib/modules/5.4.55/mtk_pci.ko	c71b2073eeb2498c05c5e42bb5ceaf3df664cff42bf0b0740eb6152458e0857b	.rela.text	816	.text	0x60d0	0x60d0	0x6130	R_AARCH64_CALL26	__ioremap	163	1	STT_NOTYPE	SHN_UNDEF	0x0	0x0			npu_pci_dma_init_rx_data_queue	0x5d84	0x34c	symbol_size	0x6250		direct_call_BL	0x94000000	outgoing	
.local/legacy-firmware/work/extract/stock-rootfs/lib/modules/5.4.55/mtk_pci.ko	c71b2073eeb2498c05c5e42bb5ceaf3df664cff42bf0b0740eb6152458e0857b	.rela.text	817	.text	0x611c	0x611c	0x617c	R_AARCH64_ADR_PREL_PG_HI21		6	0	STT_SECTION	.rodata.str1.8	0x0	0x8d8		0x8d8	npu_pci_dma_init_rx_data_queue	0x5d84	0x398	symbol_size	0x6250		executable_reference	0x90000000	outgoing	
.local/legacy-firmware/work/extract/stock-rootfs/lib/modules/5.4.55/mtk_pci.ko	c71b2073eeb2498c05c5e42bb5ceaf3df664cff42bf0b0740eb6152458e0857b	.rela.text	818	.text	0x6120	0x6120	0x6180	R_AARCH64_ADD_ABS_LO12_NC		6	0	STT_SECTION	.rodata.str1.8	0x0	0x8d8		0x8d8	npu_pci_dma_init_rx_data_queue	0x5d84	0x39c	symbol_size	0x6250		executable_reference	0x91000000	outgoing	
.local/legacy-firmware/work/extract/stock-rootfs/lib/modules/5.4.55/mtk_pci.ko	c71b2073eeb2498c05c5e42bb5ceaf3df664cff42bf0b0740eb6152458e0857b	.rela.text	819	.text	0x6124	0x6124	0x6184	R_AARCH64_CALL26	printk	173	1	STT_NOTYPE	SHN_UNDEF	0x0	0x0			npu_pci_dma_init_rx_data_queue	0x5d84	0x3a0	symbol_size	0x6250		direct_call_BL	0x94000000	outgoing	
.local/legacy-firmware/work/extract/stock-rootfs/lib/modules/5.4.55/mtk_pci.ko	c71b2073eeb2498c05c5e42bb5ceaf3df664cff42bf0b0740eb6152458e0857b	.rela.text	820	.text	0x612c	0x612c	0x618c	R_AARCH64_ADR_PREL_PG_HI21		6	0	STT_SECTION	.rodata.str1.8	0x0	0xd08		0xd08	npu_pci_dma_init_rx_data_queue	0x5d84	0x3a8	symbol_size	0x6250		executable_reference	0x90000003	outgoing	
.local/legacy-firmware/work/extract/stock-rootfs/lib/modules/5.4.55/mtk_pci.ko	c71b2073eeb2498c05c5e42bb5ceaf3df664cff42bf0b0740eb6152458e0857b	.rela.text	821	.text	0x6130	0x6130	0x6190	R_AARCH64_ADR_PREL_PG_HI21		5	0	STT_SECTION	.rodata	0x0	0x130		0x130	npu_pci_dma_init_rx_data_queue	0x5d84	0x3ac	symbol_size	0x6250		executable_reference	0x90000001	outgoing	
.local/legacy-firmware/work/extract/stock-rootfs/lib/modules/5.4.55/mtk_pci.ko	c71b2073eeb2498c05c5e42bb5ceaf3df664cff42bf0b0740eb6152458e0857b	.rela.text	822	.text	0x6134	0x6134	0x6194	R_AARCH64_ADD_ABS_LO12_NC		5	0	STT_SECTION	.rodata	0x0	0x130		0x130	npu_pci_dma_init_rx_data_queue	0x5d84	0x3b0	symbol_size	0x6250		executable_reference	0x91000021	outgoing	
.local/legacy-firmware/work/extract/stock-rootfs/lib/modules/5.4.55/mtk_pci.ko	c71b2073eeb2498c05c5e42bb5ceaf3df664cff42bf0b0740eb6152458e0857b	.rela.text	823	.text	0x613c	0x613c	0x619c	R_AARCH64_ADD_ABS_LO12_NC		6	0	STT_SECTION	.rodata.str1.8	0x0	0xd08		0xd08	npu_pci_dma_init_rx_data_queue	0x5d84	0x3b8	symbol_size	0x6250		executable_reference	0x91000061	outgoing	
.local/legacy-firmware/work/extract/stock-rootfs/lib/modules/5.4.55/mtk_pci.ko	c71b2073eeb2498c05c5e42bb5ceaf3df664cff42bf0b0740eb6152458e0857b	.rela.text	824	.text	0x6140	0x6140	0x61a0	R_AARCH64_CALL26	_dev_info	155	1	STT_NOTYPE	SHN_UNDEF	0x0	0x0			npu_pci_dma_init_rx_data_queue	0x5d84	0x3bc	symbol_size	0x6250		direct_call_BL	0x94000000	outgoing	
.local/legacy-firmware/work/extract/stock-rootfs/lib/modules/5.4.55/mtk_pci.ko	c71b2073eeb2498c05c5e42bb5ceaf3df664cff42bf0b0740eb6152458e0857b	.rela.text	825	.text	0x6148	0x6148	0x61a8	R_AARCH64_ADR_PREL_PG_HI21		6	0	STT_SECTION	.rodata.str1.8	0x0	0xce0		0xce0	npu_pci_dma_init_rx_data_queue	0x5d84	0x3c4	symbol_size	0x6250		executable_reference	0x90000000	outgoing	
.local/legacy-firmware/work/extract/stock-rootfs/lib/modules/5.4.55/mtk_pci.ko	c71b2073eeb2498c05c5e42bb5ceaf3df664cff42bf0b0740eb6152458e0857b	.rela.text	826	.text	0x614c	0x614c	0x61ac	R_AARCH64_ADD_ABS_LO12_NC		6	0	STT_SECTION	.rodata.str1.8	0x0	0xce0		0xce0	npu_pci_dma_init_rx_data_queue	0x5d84	0x3c8	symbol_size	0x6250		executable_reference	0x91000000	outgoing	
.local/legacy-firmware/work/extract/stock-rootfs/lib/modules/5.4.55/mtk_pci.ko	c71b2073eeb2498c05c5e42bb5ceaf3df664cff42bf0b0740eb6152458e0857b	.rela.text	827	.text	0x6150	0x6150	0x61b0	R_AARCH64_CALL26	printk	173	1	STT_NOTYPE	SHN_UNDEF	0x0	0x0			npu_pci_dma_init_rx_data_queue	0x5d84	0x3cc	symbol_size	0x6250		direct_call_BL	0x94000000	outgoing	
.local/legacy-firmware/work/extract/stock-rootfs/lib/modules/5.4.55/mtk_pci.ko	c71b2073eeb2498c05c5e42bb5ceaf3df664cff42bf0b0740eb6152458e0857b	.rela.text	828	.text	0x615c	0x615c	0x61bc	R_AARCH64_ADR_PREL_PG_HI21		5	0	STT_SECTION	.rodata	0x0	0x130		0x130	npu_pci_dma_init_rx_data_queue	0x5d84	0x3d8	symbol_size	0x6250		executable_reference	0x90000002	outgoing	
.local/legacy-firmware/work/extract/stock-rootfs/lib/modules/5.4.55/mtk_pci.ko	c71b2073eeb2498c05c5e42bb5ceaf3df664cff42bf0b0740eb6152458e0857b	.rela.text	829	.text	0x6164	0x6164	0x61c4	R_AARCH64_ADD_ABS_LO12_NC		5	0	STT_SECTION	.rodata	0x0	0x130		0x130	npu_pci_dma_init_rx_data_queue	0x5d84	0x3e0	symbol_size	0x6250		executable_reference	0x91000042	outgoing	
.local/legacy-firmware/work/extract/stock-rootfs/lib/modules/5.4.55/mtk_pci.ko	c71b2073eeb2498c05c5e42bb5ceaf3df664cff42bf0b0740eb6152458e0857b	.rela.text	830	.text	0x616c	0x616c	0x61cc	R_AARCH64_ADR_PREL_PG_HI21		6	0	STT_SECTION	.rodata.str1.8	0x0	0xd68		0xd68	npu_pci_dma_init_rx_data_queue	0x5d84	0x3e8	symbol_size	0x6250		executable_reference	0x90000001	outgoing	
.local/legacy-firmware/work/extract/stock-rootfs/lib/modules/5.4.55/mtk_pci.ko	c71b2073eeb2498c05c5e42bb5ceaf3df664cff42bf0b0740eb6152458e0857b	.rela.text	831	.text	0x6170	0x6170	0x61d0	R_AARCH64_ADD_ABS_LO12_NC		6	0	STT_SECTION	.rodata.str1.8	0x0	0xd68		0xd68	npu_pci_dma_init_rx_data_queue	0x5d84	0x3ec	symbol_size	0x6250		executable_reference	0x91000021	outgoing	
.local/legacy-firmware/work/extract/stock-rootfs/lib/modules/5.4.55/mtk_pci.ko	c71b2073eeb2498c05c5e42bb5ceaf3df664cff42bf0b0740eb6152458e0857b	.rela.text	832	.text	0x6174	0x6174	0x61d4	R_AARCH64_CALL26	_dev_info	155	1	STT_NOTYPE	SHN_UNDEF	0x0	0x0			npu_pci_dma_init_rx_data_queue	0x5d84	0x3f0	symbol_size	0x6250		direct_call_BL	0x94000000	outgoing	
.local/legacy-firmware/work/extract/stock-rootfs/lib/modules/5.4.55/mtk_pci.ko	c71b2073eeb2498c05c5e42bb5ceaf3df664cff42bf0b0740eb6152458e0857b	.rela.text	833	.text	0x6188	0x6188	0x61e8	R_AARCH64_ADR_PREL_PG_HI21		6	0	STT_SECTION	.rodata.str1.8	0x0	0x8d8		0x8d8	npu_pci_dma_init_rx_data_queue	0x5d84	0x404	symbol_size	0x6250		executable_reference	0x90000000	outgoing	
.local/legacy-firmware/work/extract/stock-rootfs/lib/modules/5.4.55/mtk_pci.ko	c71b2073eeb2498c05c5e42bb5ceaf3df664cff42bf0b0740eb6152458e0857b	.rela.text	834	.text	0x618c	0x618c	0x61ec	R_AARCH64_ADD_ABS_LO12_NC		6	0	STT_SECTION	.rodata.str1.8	0x0	0x8d8		0x8d8	npu_pci_dma_init_rx_data_queue	0x5d84	0x408	symbol_size	0x6250		executable_reference	0x91000000	outgoing	
.local/legacy-firmware/work/extract/stock-rootfs/lib/modules/5.4.55/mtk_pci.ko	c71b2073eeb2498c05c5e42bb5ceaf3df664cff42bf0b0740eb6152458e0857b	.rela.text	835	.text	0x6190	0x6190	0x61f0	R_AARCH64_CALL26	printk	173	1	STT_NOTYPE	SHN_UNDEF	0x0	0x0			npu_pci_dma_init_rx_data_queue	0x5d84	0x40c	symbol_size	0x6250		direct_call_BL	0x94000000	outgoing	
.local/legacy-firmware/work/extract/stock-rootfs/lib/modules/5.4.55/mtk_pci.ko	c71b2073eeb2498c05c5e42bb5ceaf3df664cff42bf0b0740eb6152458e0857b	.rela.text	836	.text	0x6198	0x6198	0x61f8	R_AARCH64_ADR_PREL_PG_HI21		6	0	STT_SECTION	.rodata.str1.8	0x0	0xd88		0xd88	npu_pci_dma_init_rx_data_queue	0x5d84	0x414	symbol_size	0x6250		executable_reference	0x90000003	outgoing	
.local/legacy-firmware/work/extract/stock-rootfs/lib/modules/5.4.55/mtk_pci.ko	c71b2073eeb2498c05c5e42bb5ceaf3df664cff42bf0b0740eb6152458e0857b	.rela.text	837	.text	0x619c	0x619c	0x61fc	R_AARCH64_ADR_PREL_PG_HI21		5	0	STT_SECTION	.rodata	0x0	0x130		0x130	npu_pci_dma_init_rx_data_queue	0x5d84	0x418	symbol_size	0x6250		executable_reference	0x90000001	outgoing	
.local/legacy-firmware/work/extract/stock-rootfs/lib/modules/5.4.55/mtk_pci.ko	c71b2073eeb2498c05c5e42bb5ceaf3df664cff42bf0b0740eb6152458e0857b	.rela.text	838	.text	0x61a0	0x61a0	0x6200	R_AARCH64_ADD_ABS_LO12_NC		5	0	STT_SECTION	.rodata	0x0	0x130		0x130	npu_pci_dma_init_rx_data_queue	0x5d84	0x41c	symbol_size	0x6250		executable_reference	0x91000021	outgoing	
.local/legacy-firmware/work/extract/stock-rootfs/lib/modules/5.4.55/mtk_pci.ko	c71b2073eeb2498c05c5e42bb5ceaf3df664cff42bf0b0740eb6152458e0857b	.rela.text	839	.text	0x61a8	0x61a8	0x6208	R_AARCH64_ADD_ABS_LO12_NC		6	0	STT_SECTION	.rodata.str1.8	0x0	0xd88		0xd88	npu_pci_dma_init_rx_data_queue	0x5d84	0x424	symbol_size	0x6250		executable_reference	0x91000061	outgoing	
.local/legacy-firmware/work/extract/stock-rootfs/lib/modules/5.4.55/mtk_pci.ko	c71b2073eeb2498c05c5e42bb5ceaf3df664cff42bf0b0740eb6152458e0857b	.rela.text	840	.text	0x61ac	0x61ac	0x620c	R_AARCH64_CALL26	_dev_info	155	1	STT_NOTYPE	SHN_UNDEF	0x0	0x0			npu_pci_dma_init_rx_data_queue	0x5d84	0x428	symbol_size	0x6250		direct_call_BL	0x94000000	outgoing	
.local/legacy-firmware/work/extract/stock-rootfs/lib/modules/5.4.55/mtk_pci.ko	c71b2073eeb2498c05c5e42bb5ceaf3df664cff42bf0b0740eb6152458e0857b	.rela.text	841	.text	0x61b4	0x61b4	0x6214	R_AARCH64_ADR_PREL_PG_HI21		6	0	STT_SECTION	.rodata.str1.8	0x0	0xd38		0xd38	npu_pci_dma_init_rx_data_queue	0x5d84	0x430	symbol_size	0x6250		executable_reference	0x90000000	outgoing	
.local/legacy-firmware/work/extract/stock-rootfs/lib/modules/5.4.55/mtk_pci.ko	c71b2073eeb2498c05c5e42bb5ceaf3df664cff42bf0b0740eb6152458e0857b	.rela.text	842	.text	0x61b8	0x61b8	0x6218	R_AARCH64_ADD_ABS_LO12_NC		6	0	STT_SECTION	.rodata.str1.8	0x0	0xd38		0xd38	npu_pci_dma_init_rx_data_queue	0x5d84	0x434	symbol_size	0x6250		executable_reference	0x91000000	outgoing	
.local/legacy-firmware/work/extract/stock-rootfs/lib/modules/5.4.55/mtk_pci.ko	c71b2073eeb2498c05c5e42bb5ceaf3df664cff42bf0b0740eb6152458e0857b	.rela.text	843	.text	0x61bc	0x61bc	0x621c	R_AARCH64_CALL26	printk	173	1	STT_NOTYPE	SHN_UNDEF	0x0	0x0			npu_pci_dma_init_rx_data_queue	0x5d84	0x438	symbol_size	0x6250		direct_call_BL	0x94000000	outgoing	
.local/legacy-firmware/work/extract/stock-rootfs/lib/modules/5.4.55/mtk_pci.ko	c71b2073eeb2498c05c5e42bb5ceaf3df664cff42bf0b0740eb6152458e0857b	.rela.text	844	.text	0x61c4	0x61c4	0x6224	R_AARCH64_ADR_PREL_PG_HI21		6	0	STT_SECTION	.rodata.str1.8	0x0	0x8d8		0x8d8	npu_pci_dma_init_rx_data_queue	0x5d84	0x440	symbol_size	0x6250		executable_reference	0x90000000	outgoing	
.local/legacy-firmware/work/extract/stock-rootfs/lib/modules/5.4.55/mtk_pci.ko	c71b2073eeb2498c05c5e42bb5ceaf3df664cff42bf0b0740eb6152458e0857b	.rela.text	845	.text	0x61c8	0x61c8	0x6228	R_AARCH64_ADD_ABS_LO12_NC		6	0	STT_SECTION	.rodata.str1.8	0x0	0x8d8		0x8d8	npu_pci_dma_init_rx_data_queue	0x5d84	0x444	symbol_size	0x6250		executable_reference	0x91000000	outgoing	
.local/legacy-firmware/work/extract/stock-rootfs/lib/modules/5.4.55/mtk_pci.ko	c71b2073eeb2498c05c5e42bb5ceaf3df664cff42bf0b0740eb6152458e0857b	.rela.text	846	.text	0x61cc	0x61cc	0x622c	R_AARCH64_CALL26	printk	173	1	STT_NOTYPE	SHN_UNDEF	0x0	0x0			npu_pci_dma_init_rx_data_queue	0x5d84	0x448	symbol_size	0x6250		direct_call_BL	0x94000000	outgoing	
.local/legacy-firmware/work/extract/stock-rootfs/lib/modules/5.4.55/mtk_pci.ko	c71b2073eeb2498c05c5e42bb5ceaf3df664cff42bf0b0740eb6152458e0857b	.rela.text	847	.text	0x61d0	0x61d0	0x6230	R_AARCH64_ADR_PREL_PG_HI21		5	0	STT_SECTION	.rodata	0x0	0x130		0x130	npu_pci_dma_init_rx_data_queue	0x5d84	0x44c	symbol_size	0x6250		executable_reference	0x90000001	outgoing	
.local/legacy-firmware/work/extract/stock-rootfs/lib/modules/5.4.55/mtk_pci.ko	c71b2073eeb2498c05c5e42bb5ceaf3df664cff42bf0b0740eb6152458e0857b	.rela.text	848	.text	0x61d4	0x61d4	0x6234	R_AARCH64_ADD_ABS_LO12_NC		5	0	STT_SECTION	.rodata	0x0	0x130		0x130	npu_pci_dma_init_rx_data_queue	0x5d84	0x450	symbol_size	0x6250		executable_reference	0x91000021	outgoing	
.local/legacy-firmware/work/extract/stock-rootfs/lib/modules/5.4.55/mtk_pci.ko	c71b2073eeb2498c05c5e42bb5ceaf3df664cff42bf0b0740eb6152458e0857b	.rela.text	849	.text	0x61dc	0x61dc	0x623c	R_AARCH64_ADR_PREL_PG_HI21		5	0	STT_SECTION	.rodata	0x0	0x130		0x130	npu_pci_dma_init_rx_data_queue	0x5d84	0x458	symbol_size	0x6250		executable_reference	0x90000001	outgoing	
.local/legacy-firmware/work/extract/stock-rootfs/lib/modules/5.4.55/mtk_pci.ko	c71b2073eeb2498c05c5e42bb5ceaf3df664cff42bf0b0740eb6152458e0857b	.rela.text	850	.text	0x61e0	0x61e0	0x6240	R_AARCH64_ADD_ABS_LO12_NC		5	0	STT_SECTION	.rodata	0x0	0x130		0x130	npu_pci_dma_init_rx_data_queue	0x5d84	0x45c	symbol_size	0x6250		executable_reference	0x91000021	outgoing	
.local/legacy-firmware/work/extract/stock-rootfs/lib/modules/5.4.55/mtk_pci.ko	c71b2073eeb2498c05c5e42bb5ceaf3df664cff42bf0b0740eb6152458e0857b	.rela.text	851	.text	0x61e4	0x61e4	0x6244	R_AARCH64_ADR_PREL_PG_HI21		6	0	STT_SECTION	.rodata.str1.8	0x0	0x930		0x930	npu_pci_dma_init_rx_data_queue	0x5d84	0x460	symbol_size	0x6250		executable_reference	0x90000000	outgoing	
.local/legacy-firmware/work/extract/stock-rootfs/lib/modules/5.4.55/mtk_pci.ko	c71b2073eeb2498c05c5e42bb5ceaf3df664cff42bf0b0740eb6152458e0857b	.rela.text	852	.text	0x61e8	0x61e8	0x6248	R_AARCH64_ADD_ABS_LO12_NC		6	0	STT_SECTION	.rodata.str1.8	0x0	0x930		0x930	npu_pci_dma_init_rx_data_queue	0x5d84	0x464	symbol_size	0x6250		executable_reference	0x91000000	outgoing	
.local/legacy-firmware/work/extract/stock-rootfs/lib/modules/5.4.55/mtk_pci.ko	c71b2073eeb2498c05c5e42bb5ceaf3df664cff42bf0b0740eb6152458e0857b	.rela.text	853	.text	0x61f0	0x61f0	0x6250	R_AARCH64_CALL26	printk	173	1	STT_NOTYPE	SHN_UNDEF	0x0	0x0			npu_pci_dma_init_rx_data_queue	0x5d84	0x46c	symbol_size	0x6250		direct_call_BL	0x94000000	outgoing	
.local/legacy-firmware/work/extract/stock-rootfs/lib/modules/5.4.55/mtk_pci.ko	c71b2073eeb2498c05c5e42bb5ceaf3df664cff42bf0b0740eb6152458e0857b	.rela.text	854	.text	0x6200	0x6200	0x6260	R_AARCH64_ADR_PREL_PG_HI21		6	0	STT_SECTION	.rodata.str1.8	0x0	0x980		0x980	npu_pci_dma_init_rx_data_queue	0x5d84	0x47c	symbol_size	0x6250		executable_reference	0x90000000	outgoing	
.local/legacy-firmware/work/extract/stock-rootfs/lib/modules/5.4.55/mtk_pci.ko	c71b2073eeb2498c05c5e42bb5ceaf3df664cff42bf0b0740eb6152458e0857b	.rela.text	855	.text	0x6204	0x6204	0x6264	R_AARCH64_ADD_ABS_LO12_NC		6	0	STT_SECTION	.rodata.str1.8	0x0	0x980		0x980	npu_pci_dma_init_rx_data_queue	0x5d84	0x480	symbol_size	0x6250		executable_reference	0x91000000	outgoing	
.local/legacy-firmware/work/extract/stock-rootfs/lib/modules/5.4.55/mtk_pci.ko	c71b2073eeb2498c05c5e42bb5ceaf3df664cff42bf0b0740eb6152458e0857b	.rela.text	856	.text	0x620c	0x620c	0x626c	R_AARCH64_CALL26	printk	173	1	STT_NOTYPE	SHN_UNDEF	0x0	0x0			npu_pci_dma_init_rx_data_queue	0x5d84	0x488	symbol_size	0x6250		direct_call_BL	0x94000000	outgoing	
.local/legacy-firmware/work/extract/stock-rootfs/lib/modules/5.4.55/mtk_pci.ko	c71b2073eeb2498c05c5e42bb5ceaf3df664cff42bf0b0740eb6152458e0857b	.rela.text	857	.text	0x6224	0x6224	0x6284	R_AARCH64_CALL26	dma_free_attrs	183	1	STT_NOTYPE	SHN_UNDEF	0x0	0x0			npu_pci_dma_init_rx_data_queue	0x5d84	0x4a0	symbol_size	0x6250		direct_call_BL	0x94000000	outgoing	
.local/legacy-firmware/work/extract/stock-rootfs/lib/modules/5.4.55/mtk_pci.ko	c71b2073eeb2498c05c5e42bb5ceaf3df664cff42bf0b0740eb6152458e0857b	.rela.text	858	.text	0x622c	0x622c	0x628c	R_AARCH64_ADR_PREL_PG_HI21	cpu_hwcaps	146	1	STT_NOTYPE	SHN_UNDEF	0x0	0x0			npu_pci_dma_init_rx_data_queue	0x5d84	0x4a8	symbol_size	0x6250		executable_reference	0x90000001	outgoing	
.local/legacy-firmware/work/extract/stock-rootfs/lib/modules/5.4.55/mtk_pci.ko	c71b2073eeb2498c05c5e42bb5ceaf3df664cff42bf0b0740eb6152458e0857b	.rela.text	859	.text	0x623c	0x623c	0x629c	R_AARCH64_LDST64_ABS_LO12_NC	cpu_hwcaps	146	1	STT_NOTYPE	SHN_UNDEF	0x0	0x0			npu_pci_dma_init_rx_data_queue	0x5d84	0x4b8	symbol_size	0x6250		executable_reference	0xf9400021	outgoing	
.local/legacy-firmware/work/extract/stock-rootfs/lib/modules/5.4.55/mtk_pci.ko	c71b2073eeb2498c05c5e42bb5ceaf3df664cff42bf0b0740eb6152458e0857b	.rela.text	860	.text	0x6264	0x6264	0x62c4	R_AARCH64_CALL26	get_ecnt_npu_dev	182	1	STT_NOTYPE	SHN_UNDEF	0x0	0x0			send_rro_done_msg_2_NPU	0x6250	0x14	symbol_size	0x6368		direct_call_BL	0x94000000	outgoing	
.local/legacy-firmware/work/extract/stock-rootfs/lib/modules/5.4.55/mtk_pci.ko	c71b2073eeb2498c05c5e42bb5ceaf3df664cff42bf0b0740eb6152458e0857b	.rela.text	861	.text	0x6284	0x6284	0x62e4	R_AARCH64_CALL26	dma_alloc_attrs	169	1	STT_NOTYPE	SHN_UNDEF	0x0	0x0			send_rro_done_msg_2_NPU	0x6250	0x34	symbol_size	0x6368		direct_call_BL	0x94000000	outgoing	
.local/legacy-firmware/work/extract/stock-rootfs/lib/modules/5.4.55/mtk_pci.ko	c71b2073eeb2498c05c5e42bb5ceaf3df664cff42bf0b0740eb6152458e0857b	.rela.text	862	.text	0x62a0	0x62a0	0x6300	R_AARCH64_CALL26	memset	176	1	STT_NOTYPE	SHN_UNDEF	0x0	0x0			send_rro_done_msg_2_NPU	0x6250	0x50	symbol_size	0x6368		direct_call_BL	0x94000000	outgoing	
.local/legacy-firmware/work/extract/stock-rootfs/lib/modules/5.4.55/mtk_pci.ko	c71b2073eeb2498c05c5e42bb5ceaf3df664cff42bf0b0740eb6152458e0857b	.rela.text	863	.text	0x62e0	0x62e0	0x6340	R_AARCH64_CALL26	host_notify_npuMbox	138	1	STT_NOTYPE	SHN_UNDEF	0x0	0x0			send_rro_done_msg_2_NPU	0x6250	0x90	symbol_size	0x6368		direct_call_BL	0x94000000	outgoing	
.local/legacy-firmware/work/extract/stock-rootfs/lib/modules/5.4.55/mtk_pci.ko	c71b2073eeb2498c05c5e42bb5ceaf3df664cff42bf0b0740eb6152458e0857b	.rela.text	864	.text	0x62fc	0x62fc	0x635c	R_AARCH64_CALL26	dma_free_attrs	183	1	STT_NOTYPE	SHN_UNDEF	0x0	0x0			send_rro_done_msg_2_NPU	0x6250	0xac	symbol_size	0x6368		direct_call_BL	0x94000000	outgoing	
.local/legacy-firmware/work/extract/stock-rootfs/lib/modules/5.4.55/mtk_pci.ko	c71b2073eeb2498c05c5e42bb5ceaf3df664cff42bf0b0740eb6152458e0857b	.rela.text	865	.text	0x6318	0x6318	0x6378	R_AARCH64_ADR_PREL_PG_HI21		6	0	STT_SECTION	.rodata.str1.8	0x0	0x8d8		0x8d8	send_rro_done_msg_2_NPU	0x6250	0xc8	symbol_size	0x6368		executable_reference	0x90000000	outgoing	
.local/legacy-firmware/work/extract/stock-rootfs/lib/modules/5.4.55/mtk_pci.ko	c71b2073eeb2498c05c5e42bb5ceaf3df664cff42bf0b0740eb6152458e0857b	.rela.text	866	.text	0x631c	0x631c	0x637c	R_AARCH64_ADD_ABS_LO12_NC		6	0	STT_SECTION	.rodata.str1.8	0x0	0x8d8		0x8d8	send_rro_done_msg_2_NPU	0x6250	0xcc	symbol_size	0x6368		executable_reference	0x91000000	outgoing	
.local/legacy-firmware/work/extract/stock-rootfs/lib/modules/5.4.55/mtk_pci.ko	c71b2073eeb2498c05c5e42bb5ceaf3df664cff42bf0b0740eb6152458e0857b	.rela.text	867	.text	0x6320	0x6320	0x6380	R_AARCH64_CALL26	printk	173	1	STT_NOTYPE	SHN_UNDEF	0x0	0x0			send_rro_done_msg_2_NPU	0x6250	0xd0	symbol_size	0x6368		direct_call_BL	0x94000000	outgoing	
.local/legacy-firmware/work/extract/stock-rootfs/lib/modules/5.4.55/mtk_pci.ko	c71b2073eeb2498c05c5e42bb5ceaf3df664cff42bf0b0740eb6152458e0857b	.rela.text	868	.text	0x6328	0x6328	0x6388	R_AARCH64_ADR_PREL_PG_HI21		5	0	STT_SECTION	.rodata	0x0	0x130		0x130	send_rro_done_msg_2_NPU	0x6250	0xd8	symbol_size	0x6368		executable_reference	0x90000002	outgoing	
.local/legacy-firmware/work/extract/stock-rootfs/lib/modules/5.4.55/mtk_pci.ko	c71b2073eeb2498c05c5e42bb5ceaf3df664cff42bf0b0740eb6152458e0857b	.rela.text	869	.text	0x632c	0x632c	0x638c	R_AARCH64_ADD_ABS_LO12_NC		5	0	STT_SECTION	.rodata	0x0	0x130		0x130	send_rro_done_msg_2_NPU	0x6250	0xdc	symbol_size	0x6368		executable_reference	0x91000042	outgoing	
.local/legacy-firmware/work/extract/stock-rootfs/lib/modules/5.4.55/mtk_pci.ko	c71b2073eeb2498c05c5e42bb5ceaf3df664cff42bf0b0740eb6152458e0857b	.rela.text	870	.text	0x6330	0x6330	0x6390	R_AARCH64_ADR_PREL_PG_HI21		6	0	STT_SECTION	.rodata.str1.8	0x0	0xd08		0xd08	send_rro_done_msg_2_NPU	0x6250	0xe0	symbol_size	0x6368		executable_reference	0x90000001	outgoing	
.local/legacy-firmware/work/extract/stock-rootfs/lib/modules/5.4.55/mtk_pci.ko	c71b2073eeb2498c05c5e42bb5ceaf3df664cff42bf0b0740eb6152458e0857b	.rela.text	871	.text	0x6338	0x6338	0x6398	R_AARCH64_ADD_ABS_LO12_NC		6	0	STT_SECTION	.rodata.str1.8	0x0	0xd08		0xd08	send_rro_done_msg_2_NPU	0x6250	0xe8	symbol_size	0x6368		executable_reference	0x91000021	outgoing	
.local/legacy-firmware/work/extract/stock-rootfs/lib/modules/5.4.55/mtk_pci.ko	c71b2073eeb2498c05c5e42bb5ceaf3df664cff42bf0b0740eb6152458e0857b	.rela.text	872	.text	0x633c	0x633c	0x639c	R_AARCH64_CALL26	_dev_info	155	1	STT_NOTYPE	SHN_UNDEF	0x0	0x0			send_rro_done_msg_2_NPU	0x6250	0xec	symbol_size	0x6368		direct_call_BL	0x94000000	outgoing	
.local/legacy-firmware/work/extract/stock-rootfs/lib/modules/5.4.55/mtk_pci.ko	c71b2073eeb2498c05c5e42bb5ceaf3df664cff42bf0b0740eb6152458e0857b	.rela.text	873	.text	0x6344	0x6344	0x63a4	R_AARCH64_ADR_PREL_PG_HI21		6	0	STT_SECTION	.rodata.str1.8	0x0	0xdf8		0xdf8	send_rro_done_msg_2_NPU	0x6250	0xf4	symbol_size	0x6368		executable_reference	0x90000000	outgoing	
.local/legacy-firmware/work/extract/stock-rootfs/lib/modules/5.4.55/mtk_pci.ko	c71b2073eeb2498c05c5e42bb5ceaf3df664cff42bf0b0740eb6152458e0857b	.rela.text	874	.text	0x634c	0x634c	0x63ac	R_AARCH64_ADD_ABS_LO12_NC		6	0	STT_SECTION	.rodata.str1.8	0x0	0xdf8		0xdf8	send_rro_done_msg_2_NPU	0x6250	0xfc	symbol_size	0x6368		executable_reference	0x91000000	outgoing	
.local/legacy-firmware/work/extract/stock-rootfs/lib/modules/5.4.55/mtk_pci.ko	c71b2073eeb2498c05c5e42bb5ceaf3df664cff42bf0b0740eb6152458e0857b	.rela.text	875	.text	0x635c	0x635c	0x63bc	R_AARCH64_CALL26	printk	173	1	STT_NOTYPE	SHN_UNDEF	0x0	0x0			send_rro_done_msg_2_NPU	0x6250	0x10c	symbol_size	0x6368		direct_call_BL	0x94000000	outgoing	
.local/legacy-firmware/work/extract/stock-rootfs/lib/modules/5.4.55/mtk_pci.ko	c71b2073eeb2498c05c5e42bb5ceaf3df664cff42bf0b0740eb6152458e0857b	.rela.text	876	.text	0x6394	0x6394	0x63f4	R_AARCH64_CALL26	get_ecnt_npu_dev	182	1	STT_NOTYPE	SHN_UNDEF	0x0	0x0			send_rro_stop_msg_2_NPU	0x6370	0x24	symbol_size	0x65d8		direct_call_BL	0x94000000	outgoing	
.local/legacy-firmware/work/extract/stock-rootfs/lib/modules/5.4.55/mtk_pci.ko	c71b2073eeb2498c05c5e42bb5ceaf3df664cff42bf0b0740eb6152458e0857b	.rela.text	877	.text	0x63b4	0x63b4	0x6414	R_AARCH64_CALL26	dma_alloc_attrs	169	1	STT_NOTYPE	SHN_UNDEF	0x0	0x0			send_rro_stop_msg_2_NPU	0x6370	0x44	symbol_size	0x65d8		direct_call_BL	0x94000000	outgoing	
.local/legacy-firmware/work/extract/stock-rootfs/lib/modules/5.4.55/mtk_pci.ko	c71b2073eeb2498c05c5e42bb5ceaf3df664cff42bf0b0740eb6152458e0857b	.rela.text	878	.text	0x63d4	0x63d4	0x6434	R_AARCH64_CALL26	memset	176	1	STT_NOTYPE	SHN_UNDEF	0x0	0x0			send_rro_stop_msg_2_NPU	0x6370	0x64	symbol_size	0x65d8		direct_call_BL	0x94000000	outgoing	
.local/legacy-firmware/work/extract/stock-rootfs/lib/modules/5.4.55/mtk_pci.ko	c71b2073eeb2498c05c5e42bb5ceaf3df664cff42bf0b0740eb6152458e0857b	.rela.text	879	.text	0x6418	0x6418	0x6478	R_AARCH64_CALL26	host_notify_npuMbox	138	1	STT_NOTYPE	SHN_UNDEF	0x0	0x0			send_rro_stop_msg_2_NPU	0x6370	0xa8	symbol_size	0x65d8		direct_call_BL	0x94000000	outgoing	
.local/legacy-firmware/work/extract/stock-rootfs/lib/modules/5.4.55/mtk_pci.ko	c71b2073eeb2498c05c5e42bb5ceaf3df664cff42bf0b0740eb6152458e0857b	.rela.text	880	.text	0x6434	0x6434	0x6494	R_AARCH64_CALL26	dma_free_attrs	183	1	STT_NOTYPE	SHN_UNDEF	0x0	0x0			send_rro_stop_msg_2_NPU	0x6370	0xc4	symbol_size	0x65d8		direct_call_BL	0x94000000	outgoing	
.local/legacy-firmware/work/extract/stock-rootfs/lib/modules/5.4.55/mtk_pci.ko	c71b2073eeb2498c05c5e42bb5ceaf3df664cff42bf0b0740eb6152458e0857b	.rela.text	881	.text	0x6440	0x6440	0x64a0	R_AARCH64_ADR_PREL_PG_HI21		5	0	STT_SECTION	.rodata	0x0	0x130		0x130	send_rro_stop_msg_2_NPU	0x6370	0xd0	symbol_size	0x65d8		executable_reference	0x90000019	outgoing	
.local/legacy-firmware/work/extract/stock-rootfs/lib/modules/5.4.55/mtk_pci.ko	c71b2073eeb2498c05c5e42bb5ceaf3df664cff42bf0b0740eb6152458e0857b	.rela.text	882	.text	0x6444	0x6444	0x64a4	R_AARCH64_ADD_ABS_LO12_NC		5	0	STT_SECTION	.rodata	0x0	0x130		0x130	send_rro_stop_msg_2_NPU	0x6370	0xd4	symbol_size	0x65d8		executable_reference	0x91000339	outgoing	
.local/legacy-firmware/work/extract/stock-rootfs/lib/modules/5.4.55/mtk_pci.ko	c71b2073eeb2498c05c5e42bb5ceaf3df664cff42bf0b0740eb6152458e0857b	.rela.text	883	.text	0x644c	0x644c	0x64ac	R_AARCH64_ADR_PREL_PG_HI21		6	0	STT_SECTION	.rodata.str1.8	0x0	0xe68		0xe68	send_rro_stop_msg_2_NPU	0x6370	0xdc	symbol_size	0x65d8		executable_reference	0x9000001c	outgoing	
.local/legacy-firmware/work/extract/stock-rootfs/lib/modules/5.4.55/mtk_pci.ko	c71b2073eeb2498c05c5e42bb5ceaf3df664cff42bf0b0740eb6152458e0857b	.rela.text	884	.text	0x6450	0x6450	0x64b0	R_AARCH64_ADR_PREL_PG_HI21		6	0	STT_SECTION	.rodata.str1.8	0x0	0xe40		0xe40	send_rro_stop_msg_2_NPU	0x6370	0xe0	symbol_size	0x65d8		executable_reference	0x9000001b	outgoing	
.local/legacy-firmware/work/extract/stock-rootfs/lib/modules/5.4.55/mtk_pci.ko	c71b2073eeb2498c05c5e42bb5ceaf3df664cff42bf0b0740eb6152458e0857b	.rela.text	885	.text	0x6454	0x6454	0x64b4	R_AARCH64_ADD_ABS_LO12_NC		6	0	STT_SECTION	.rodata.str1.8	0x0	0xe68		0xe68	send_rro_stop_msg_2_NPU	0x6370	0xe4	symbol_size	0x65d8		executable_reference	0x9100039c	outgoing	
.local/legacy-firmware/work/extract/stock-rootfs/lib/modules/5.4.55/mtk_pci.ko	c71b2073eeb2498c05c5e42bb5ceaf3df664cff42bf0b0740eb6152458e0857b	.rela.text	886	.text	0x6458	0x6458	0x64b8	R_AARCH64_ADD_ABS_LO12_NC		6	0	STT_SECTION	.rodata.str1.8	0x0	0xe40		0xe40	send_rro_stop_msg_2_NPU	0x6370	0xe8	symbol_size	0x65d8		executable_reference	0x91000360	outgoing	
.local/legacy-firmware/work/extract/stock-rootfs/lib/modules/5.4.55/mtk_pci.ko	c71b2073eeb2498c05c5e42bb5ceaf3df664cff42bf0b0740eb6152458e0857b	.rela.text	887	.text	0x6474	0x6474	0x64d4	R_AARCH64_CALL26	dma_free_attrs	183	1	STT_NOTYPE	SHN_UNDEF	0x0	0x0			send_rro_stop_msg_2_NPU	0x6370	0x104	symbol_size	0x65d8		direct_call_BL	0x94000000	outgoing	
.local/legacy-firmware/work/extract/stock-rootfs/lib/modules/5.4.55/mtk_pci.ko	c71b2073eeb2498c05c5e42bb5ceaf3df664cff42bf0b0740eb6152458e0857b	.rela.text	888	.text	0x6480	0x6480	0x64e0	R_AARCH64_CALL26	get_ecnt_npu_dev	182	1	STT_NOTYPE	SHN_UNDEF	0x0	0x0			send_rro_stop_msg_2_NPU	0x6370	0x110	symbol_size	0x65d8		direct_call_BL	0x94000000	outgoing	
.local/legacy-firmware/work/extract/stock-rootfs/lib/modules/5.4.55/mtk_pci.ko	c71b2073eeb2498c05c5e42bb5ceaf3df664cff42bf0b0740eb6152458e0857b	.rela.text	889	.text	0x64a0	0x64a0	0x6500	R_AARCH64_CALL26	dma_alloc_attrs	169	1	STT_NOTYPE	SHN_UNDEF	0x0	0x0			send_rro_stop_msg_2_NPU	0x6370	0x130	symbol_size	0x65d8		direct_call_BL	0x94000000	outgoing	
.local/legacy-firmware/work/extract/stock-rootfs/lib/modules/5.4.55/mtk_pci.ko	c71b2073eeb2498c05c5e42bb5ceaf3df664cff42bf0b0740eb6152458e0857b	.rela.text	890	.text	0x64bc	0x64bc	0x651c	R_AARCH64_CALL26	memset	176	1	STT_NOTYPE	SHN_UNDEF	0x0	0x0			send_rro_stop_msg_2_NPU	0x6370	0x14c	symbol_size	0x65d8		direct_call_BL	0x94000000	outgoing	
.local/legacy-firmware/work/extract/stock-rootfs/lib/modules/5.4.55/mtk_pci.ko	c71b2073eeb2498c05c5e42bb5ceaf3df664cff42bf0b0740eb6152458e0857b	.rela.text	891	.text	0x64ec	0x64ec	0x654c	R_AARCH64_CALL26	host_notify_npuMbox	138	1	STT_NOTYPE	SHN_UNDEF	0x0	0x0			send_rro_stop_msg_2_NPU	0x6370	0x17c	symbol_size	0x65d8		direct_call_BL	0x94000000	outgoing	
.local/legacy-firmware/work/extract/stock-rootfs/lib/modules/5.4.55/mtk_pci.ko	c71b2073eeb2498c05c5e42bb5ceaf3df664cff42bf0b0740eb6152458e0857b	.rela.text	892	.text	0x650c	0x650c	0x656c	R_AARCH64_CALL26	dma_free_attrs	183	1	STT_NOTYPE	SHN_UNDEF	0x0	0x0			send_rro_stop_msg_2_NPU	0x6370	0x19c	symbol_size	0x65d8		direct_call_BL	0x94000000	outgoing	
.local/legacy-firmware/work/extract/stock-rootfs/lib/modules/5.4.55/mtk_pci.ko	c71b2073eeb2498c05c5e42bb5ceaf3df664cff42bf0b0740eb6152458e0857b	.rela.text	893	.text	0x6514	0x6514	0x6574	R_AARCH64_CALL26	printk	173	1	STT_NOTYPE	SHN_UNDEF	0x0	0x0			send_rro_stop_msg_2_NPU	0x6370	0x1a4	symbol_size	0x65d8		direct_call_BL	0x94000000	outgoing	
.local/legacy-firmware/work/extract/stock-rootfs/lib/modules/5.4.55/mtk_pci.ko	c71b2073eeb2498c05c5e42bb5ceaf3df664cff42bf0b0740eb6152458e0857b	.rela.text	894	.text	0x6524	0x6524	0x6584	R_AARCH64_CALL26	_dev_info	155	1	STT_NOTYPE	SHN_UNDEF	0x0	0x0			send_rro_stop_msg_2_NPU	0x6370	0x1b4	symbol_size	0x65d8		direct_call_BL	0x94000000	outgoing	
.local/legacy-firmware/work/extract/stock-rootfs/lib/modules/5.4.55/mtk_pci.ko	c71b2073eeb2498c05c5e42bb5ceaf3df664cff42bf0b0740eb6152458e0857b	.rela.text	895	.text	0x6530	0x6530	0x6590	R_AARCH64_ADR_PREL_PG_HI21		6	0	STT_SECTION	.rodata.str1.8	0x0	0x930		0x930	send_rro_stop_msg_2_NPU	0x6370	0x1c0	symbol_size	0x65d8		executable_reference	0x90000000	outgoing	
.local/legacy-firmware/work/extract/stock-rootfs/lib/modules/5.4.55/mtk_pci.ko	c71b2073eeb2498c05c5e42bb5ceaf3df664cff42bf0b0740eb6152458e0857b	.rela.text	896	.text	0x6534	0x6534	0x6594	R_AARCH64_ADD_ABS_LO12_NC		6	0	STT_SECTION	.rodata.str1.8	0x0	0x930		0x930	send_rro_stop_msg_2_NPU	0x6370	0x1c4	symbol_size	0x65d8		executable_reference	0x91000000	outgoing	
.local/legacy-firmware/work/extract/stock-rootfs/lib/modules/5.4.55/mtk_pci.ko	c71b2073eeb2498c05c5e42bb5ceaf3df664cff42bf0b0740eb6152458e0857b	.rela.text	897	.text	0x6538	0x6538	0x6598	R_AARCH64_CALL26	printk	173	1	STT_NOTYPE	SHN_UNDEF	0x0	0x0			send_rro_stop_msg_2_NPU	0x6370	0x1c8	symbol_size	0x65d8		direct_call_BL	0x94000000	outgoing	
.local/legacy-firmware/work/extract/stock-rootfs/lib/modules/5.4.55/mtk_pci.ko	c71b2073eeb2498c05c5e42bb5ceaf3df664cff42bf0b0740eb6152458e0857b	.rela.text	898	.text	0x6540	0x6540	0x65a0	R_AARCH64_ADR_PREL_PG_HI21		6	0	STT_SECTION	.rodata.str1.8	0x0	0x8d8		0x8d8	send_rro_stop_msg_2_NPU	0x6370	0x1d0	symbol_size	0x65d8		executable_reference	0x90000000	outgoing	
.local/legacy-firmware/work/extract/stock-rootfs/lib/modules/5.4.55/mtk_pci.ko	c71b2073eeb2498c05c5e42bb5ceaf3df664cff42bf0b0740eb6152458e0857b	.rela.text	899	.text	0x6544	0x6544	0x65a4	R_AARCH64_ADD_ABS_LO12_NC		6	0	STT_SECTION	.rodata.str1.8	0x0	0x8d8		0x8d8	send_rro_stop_msg_2_NPU	0x6370	0x1d4	symbol_size	0x65d8		executable_reference	0x91000000	outgoing	
.local/legacy-firmware/work/extract/stock-rootfs/lib/modules/5.4.55/mtk_pci.ko	c71b2073eeb2498c05c5e42bb5ceaf3df664cff42bf0b0740eb6152458e0857b	.rela.text	900	.text	0x6548	0x6548	0x65a8	R_AARCH64_CALL26	printk	173	1	STT_NOTYPE	SHN_UNDEF	0x0	0x0			send_rro_stop_msg_2_NPU	0x6370	0x1d8	symbol_size	0x65d8		direct_call_BL	0x94000000	outgoing	
.local/legacy-firmware/work/extract/stock-rootfs/lib/modules/5.4.55/mtk_pci.ko	c71b2073eeb2498c05c5e42bb5ceaf3df664cff42bf0b0740eb6152458e0857b	.rela.text	901	.text	0x6550	0x6550	0x65b0	R_AARCH64_ADR_PREL_PG_HI21		6	0	STT_SECTION	.rodata.str1.8	0x0	0xdf8		0xdf8	send_rro_stop_msg_2_NPU	0x6370	0x1e0	symbol_size	0x65d8		executable_reference	0x90000000	outgoing	
.local/legacy-firmware/work/extract/stock-rootfs/lib/modules/5.4.55/mtk_pci.ko	c71b2073eeb2498c05c5e42bb5ceaf3df664cff42bf0b0740eb6152458e0857b	.rela.text	902	.text	0x6558	0x6558	0x65b8	R_AARCH64_ADD_ABS_LO12_NC		6	0	STT_SECTION	.rodata.str1.8	0x0	0xdf8		0xdf8	send_rro_stop_msg_2_NPU	0x6370	0x1e8	symbol_size	0x65d8		executable_reference	0x91000000	outgoing	
.local/legacy-firmware/work/extract/stock-rootfs/lib/modules/5.4.55/mtk_pci.ko	c71b2073eeb2498c05c5e42bb5ceaf3df664cff42bf0b0740eb6152458e0857b	.rela.text	903	.text	0x6568	0x6568	0x65c8	R_AARCH64_CALL26	printk	173	1	STT_NOTYPE	SHN_UNDEF	0x0	0x0			send_rro_stop_msg_2_NPU	0x6370	0x1f8	symbol_size	0x65d8		direct_call_BL	0x94000000	outgoing	
.local/legacy-firmware/work/extract/stock-rootfs/lib/modules/5.4.55/mtk_pci.ko	c71b2073eeb2498c05c5e42bb5ceaf3df664cff42bf0b0740eb6152458e0857b	.rela.text	904	.text	0x6570	0x6570	0x65d0	R_AARCH64_ADR_PREL_PG_HI21		5	0	STT_SECTION	.rodata	0x0	0x130		0x130	send_rro_stop_msg_2_NPU	0x6370	0x200	symbol_size	0x65d8		executable_reference	0x90000019	outgoing	
.local/legacy-firmware/work/extract/stock-rootfs/lib/modules/5.4.55/mtk_pci.ko	c71b2073eeb2498c05c5e42bb5ceaf3df664cff42bf0b0740eb6152458e0857b	.rela.text	905	.text	0x6574	0x6574	0x65d4	R_AARCH64_ADD_ABS_LO12_NC		5	0	STT_SECTION	.rodata	0x0	0x130		0x130	send_rro_stop_msg_2_NPU	0x6370	0x204	symbol_size	0x65d8		executable_reference	0x91000339	outgoing	
.local/legacy-firmware/work/extract/stock-rootfs/lib/modules/5.4.55/mtk_pci.ko	c71b2073eeb2498c05c5e42bb5ceaf3df664cff42bf0b0740eb6152458e0857b	.rela.text	906	.text	0x6578	0x6578	0x65d8	R_AARCH64_ADR_PREL_PG_HI21		6	0	STT_SECTION	.rodata.str1.8	0x0	0xd08		0xd08	send_rro_stop_msg_2_NPU	0x6370	0x208	symbol_size	0x65d8		executable_reference	0x90000001	outgoing	
.local/legacy-firmware/work/extract/stock-rootfs/lib/modules/5.4.55/mtk_pci.ko	c71b2073eeb2498c05c5e42bb5ceaf3df664cff42bf0b0740eb6152458e0857b	.rela.text	907	.text	0x6580	0x6580	0x65e0	R_AARCH64_ADD_ABS_LO12_NC		6	0	STT_SECTION	.rodata.str1.8	0x0	0xd08		0xd08	send_rro_stop_msg_2_NPU	0x6370	0x210	symbol_size	0x65d8		executable_reference	0x91000021	outgoing	
.local/legacy-firmware/work/extract/stock-rootfs/lib/modules/5.4.55/mtk_pci.ko	c71b2073eeb2498c05c5e42bb5ceaf3df664cff42bf0b0740eb6152458e0857b	.rela.text	908	.text	0x6584	0x6584	0x65e4	R_AARCH64_CALL26	_dev_info	155	1	STT_NOTYPE	SHN_UNDEF	0x0	0x0			send_rro_stop_msg_2_NPU	0x6370	0x214	symbol_size	0x65d8		direct_call_BL	0x94000000	outgoing	
.local/legacy-firmware/work/extract/stock-rootfs/lib/modules/5.4.55/mtk_pci.ko	c71b2073eeb2498c05c5e42bb5ceaf3df664cff42bf0b0740eb6152458e0857b	.rela.text	909	.text	0x6594	0x6594	0x65f4	R_AARCH64_ADR_PREL_PG_HI21		6	0	STT_SECTION	.rodata.str1.8	0x0	0x8d8		0x8d8	send_rro_stop_msg_2_NPU	0x6370	0x224	symbol_size	0x65d8		executable_reference	0x90000000	outgoing	
.local/legacy-firmware/work/extract/stock-rootfs/lib/modules/5.4.55/mtk_pci.ko	c71b2073eeb2498c05c5e42bb5ceaf3df664cff42bf0b0740eb6152458e0857b	.rela.text	910	.text	0x6598	0x6598	0x65f8	R_AARCH64_ADD_ABS_LO12_NC		6	0	STT_SECTION	.rodata.str1.8	0x0	0x8d8		0x8d8	send_rro_stop_msg_2_NPU	0x6370	0x228	symbol_size	0x65d8		executable_reference	0x91000000	outgoing	
.local/legacy-firmware/work/extract/stock-rootfs/lib/modules/5.4.55/mtk_pci.ko	c71b2073eeb2498c05c5e42bb5ceaf3df664cff42bf0b0740eb6152458e0857b	.rela.text	911	.text	0x659c	0x659c	0x65fc	R_AARCH64_CALL26	printk	173	1	STT_NOTYPE	SHN_UNDEF	0x0	0x0			send_rro_stop_msg_2_NPU	0x6370	0x22c	symbol_size	0x65d8		direct_call_BL	0x94000000	outgoing	
.local/legacy-firmware/work/extract/stock-rootfs/lib/modules/5.4.55/mtk_pci.ko	c71b2073eeb2498c05c5e42bb5ceaf3df664cff42bf0b0740eb6152458e0857b	.rela.text	912	.text	0x65b0	0x65b0	0x6610	R_AARCH64_ADR_PREL_PG_HI21		6	0	STT_SECTION	.rodata.str1.8	0x0	0xea0		0xea0	send_rro_stop_msg_2_NPU	0x6370	0x240	symbol_size	0x65d8		executable_reference	0x90000001	outgoing	
.local/legacy-firmware/work/extract/stock-rootfs/lib/modules/5.4.55/mtk_pci.ko	c71b2073eeb2498c05c5e42bb5ceaf3df664cff42bf0b0740eb6152458e0857b	.rela.text	913	.text	0x65b4	0x65b4	0x6614	R_AARCH64_ADD_ABS_LO12_NC		6	0	STT_SECTION	.rodata.str1.8	0x0	0xea0		0xea0	send_rro_stop_msg_2_NPU	0x6370	0x244	symbol_size	0x65d8		executable_reference	0x91000021	outgoing	
.local/legacy-firmware/work/extract/stock-rootfs/lib/modules/5.4.55/mtk_pci.ko	c71b2073eeb2498c05c5e42bb5ceaf3df664cff42bf0b0740eb6152458e0857b	.rela.text	914	.text	0x65b8	0x65b8	0x6618	R_AARCH64_CALL26	_dev_info	155	1	STT_NOTYPE	SHN_UNDEF	0x0	0x0			send_rro_stop_msg_2_NPU	0x6370	0x248	symbol_size	0x65d8		direct_call_BL	0x94000000	outgoing	
.local/legacy-firmware/work/extract/stock-rootfs/lib/modules/5.4.55/mtk_pci.ko	c71b2073eeb2498c05c5e42bb5ceaf3df664cff42bf0b0740eb6152458e0857b	.rela.text	915	.text	0x65e4	0x65e4	0x6644	R_AARCH64_ADR_PREL_PG_HI21	glb_npu_en_tx	161	1	STT_NOTYPE	SHN_UNDEF	0x0	0x0			npu_hw_init_queue_bus_write	0x65e0	0x4	symbol_size	0x67d4		executable_reference	0x90000002	outgoing	
.local/legacy-firmware/work/extract/stock-rootfs/lib/modules/5.4.55/mtk_pci.ko	c71b2073eeb2498c05c5e42bb5ceaf3df664cff42bf0b0740eb6152458e0857b	.rela.text	916	.text	0x65ec	0x65ec	0x664c	R_AARCH64_LDST8_ABS_LO12_NC	glb_npu_en_tx	161	1	STT_NOTYPE	SHN_UNDEF	0x0	0x0			npu_hw_init_queue_bus_write	0x65e0	0xc	symbol_size	0x67d4		executable_reference	0x39400042	outgoing	
.local/legacy-firmware/work/extract/stock-rootfs/lib/modules/5.4.55/mtk_pci.ko	c71b2073eeb2498c05c5e42bb5ceaf3df664cff42bf0b0740eb6152458e0857b	.rela.text	917	.text	0x6650	0x6650	0x66b0	R_AARCH64_CALL26	npu_band_trans_bit2num	60	0	STT_FUNC	.text	0x5060	0x0	npu_band_trans_bit2num	0x5060	npu_hw_init_queue_bus_write	0x65e0	0x70	symbol_size	0x67d4		direct_call_BL	0x94000000	outgoing	
.local/legacy-firmware/work/extract/stock-rootfs/lib/modules/5.4.55/mtk_pci.ko	c71b2073eeb2498c05c5e42bb5ceaf3df664cff42bf0b0740eb6152458e0857b	.rela.text	918	.text	0x665c	0x665c	0x66bc	R_AARCH64_CALL26	get_ecnt_npu_dev	182	1	STT_NOTYPE	SHN_UNDEF	0x0	0x0			npu_hw_init_queue_bus_write	0x65e0	0x7c	symbol_size	0x67d4		direct_call_BL	0x94000000	outgoing	
.local/legacy-firmware/work/extract/stock-rootfs/lib/modules/5.4.55/mtk_pci.ko	c71b2073eeb2498c05c5e42bb5ceaf3df664cff42bf0b0740eb6152458e0857b	.rela.text	919	.text	0x6678	0x6678	0x66d8	R_AARCH64_CALL26	dma_alloc_attrs	169	1	STT_NOTYPE	SHN_UNDEF	0x0	0x0			npu_hw_init_queue_bus_write	0x65e0	0x98	symbol_size	0x67d4		direct_call_BL	0x94000000	outgoing	
.local/legacy-firmware/work/extract/stock-rootfs/lib/modules/5.4.55/mtk_pci.ko	c71b2073eeb2498c05c5e42bb5ceaf3df664cff42bf0b0740eb6152458e0857b	.rela.text	920	.text	0x669c	0x669c	0x66fc	R_AARCH64_CALL26	memset	176	1	STT_NOTYPE	SHN_UNDEF	0x0	0x0			npu_hw_init_queue_bus_write	0x65e0	0xbc	symbol_size	0x67d4		direct_call_BL	0x94000000	outgoing	
.local/legacy-firmware/work/extract/stock-rootfs/lib/modules/5.4.55/mtk_pci.ko	c71b2073eeb2498c05c5e42bb5ceaf3df664cff42bf0b0740eb6152458e0857b	.rela.text	921	.text	0x66d8	0x66d8	0x6738	R_AARCH64_CALL26	host_notify_npuMbox	138	1	STT_NOTYPE	SHN_UNDEF	0x0	0x0			npu_hw_init_queue_bus_write	0x65e0	0xf8	symbol_size	0x67d4		direct_call_BL	0x94000000	outgoing	
.local/legacy-firmware/work/extract/stock-rootfs/lib/modules/5.4.55/mtk_pci.ko	c71b2073eeb2498c05c5e42bb5ceaf3df664cff42bf0b0740eb6152458e0857b	.rela.text	922	.text	0x66fc	0x66fc	0x675c	R_AARCH64_CALL26	dma_free_attrs	183	1	STT_NOTYPE	SHN_UNDEF	0x0	0x0			npu_hw_init_queue_bus_write	0x65e0	0x11c	symbol_size	0x67d4		direct_call_BL	0x94000000	outgoing	
.local/legacy-firmware/work/extract/stock-rootfs/lib/modules/5.4.55/mtk_pci.ko	c71b2073eeb2498c05c5e42bb5ceaf3df664cff42bf0b0740eb6152458e0857b	.rela.text	923	.text	0x6704	0x6704	0x6764	R_AARCH64_ADR_PREL_PG_HI21		5	0	STT_SECTION	.rodata	0x0	0x130		0x130	npu_hw_init_queue_bus_write	0x65e0	0x124	symbol_size	0x67d4		executable_reference	0x90000016	outgoing	
.local/legacy-firmware/work/extract/stock-rootfs/lib/modules/5.4.55/mtk_pci.ko	c71b2073eeb2498c05c5e42bb5ceaf3df664cff42bf0b0740eb6152458e0857b	.rela.text	924	.text	0x6708	0x6708	0x6768	R_AARCH64_ADD_ABS_LO12_NC		5	0	STT_SECTION	.rodata	0x0	0x130		0x130	npu_hw_init_queue_bus_write	0x65e0	0x128	symbol_size	0x67d4		executable_reference	0x910002d6	outgoing	
.local/legacy-firmware/work/extract/stock-rootfs/lib/modules/5.4.55/mtk_pci.ko	c71b2073eeb2498c05c5e42bb5ceaf3df664cff42bf0b0740eb6152458e0857b	.rela.text	925	.text	0x671c	0x671c	0x677c	R_AARCH64_ADR_PREL_PG_HI21		6	0	STT_SECTION	.rodata.str1.8	0x0	0xeb8		0xeb8	npu_hw_init_queue_bus_write	0x65e0	0x13c	symbol_size	0x67d4		executable_reference	0x90000001	outgoing	
.local/legacy-firmware/work/extract/stock-rootfs/lib/modules/5.4.55/mtk_pci.ko	c71b2073eeb2498c05c5e42bb5ceaf3df664cff42bf0b0740eb6152458e0857b	.rela.text	926	.text	0x6720	0x6720	0x6780	R_AARCH64_ADD_ABS_LO12_NC		6	0	STT_SECTION	.rodata.str1.8	0x0	0xeb8		0xeb8	npu_hw_init_queue_bus_write	0x65e0	0x140	symbol_size	0x67d4		executable_reference	0x91000021	outgoing	
.local/legacy-firmware/work/extract/stock-rootfs/lib/modules/5.4.55/mtk_pci.ko	c71b2073eeb2498c05c5e42bb5ceaf3df664cff42bf0b0740eb6152458e0857b	.rela.text	927	.text	0x6724	0x6724	0x6784	R_AARCH64_CALL26	_dev_info	155	1	STT_NOTYPE	SHN_UNDEF	0x0	0x0			npu_hw_init_queue_bus_write	0x65e0	0x144	symbol_size	0x67d4		direct_call_BL	0x94000000	outgoing	
.local/legacy-firmware/work/extract/stock-rootfs/lib/modules/5.4.55/mtk_pci.ko	c71b2073eeb2498c05c5e42bb5ceaf3df664cff42bf0b0740eb6152458e0857b	.rela.text	928	.text	0x6750	0x6750	0x67b0	R_AARCH64_ADR_PREL_PG_HI21		5	0	STT_SECTION	.rodata	0x0	0x130		0x130	npu_hw_init_queue_bus_write	0x65e0	0x170	symbol_size	0x67d4		executable_reference	0x90000016	outgoing	
.local/legacy-firmware/work/extract/stock-rootfs/lib/modules/5.4.55/mtk_pci.ko	c71b2073eeb2498c05c5e42bb5ceaf3df664cff42bf0b0740eb6152458e0857b	.rela.text	929	.text	0x6754	0x6754	0x67b4	R_AARCH64_ADD_ABS_LO12_NC		5	0	STT_SECTION	.rodata	0x0	0x130		0x130	npu_hw_init_queue_bus_write	0x65e0	0x174	symbol_size	0x67d4		executable_reference	0x910002d6	outgoing	
.local/legacy-firmware/work/extract/stock-rootfs/lib/modules/5.4.55/mtk_pci.ko	c71b2073eeb2498c05c5e42bb5ceaf3df664cff42bf0b0740eb6152458e0857b	.rela.text	930	.text	0x6758	0x6758	0x67b8	R_AARCH64_ADR_PREL_PG_HI21		6	0	STT_SECTION	.rodata.str1.8	0x0	0x8d8		0x8d8	npu_hw_init_queue_bus_write	0x65e0	0x178	symbol_size	0x67d4		executable_reference	0x90000000	outgoing	
.local/legacy-firmware/work/extract/stock-rootfs/lib/modules/5.4.55/mtk_pci.ko	c71b2073eeb2498c05c5e42bb5ceaf3df664cff42bf0b0740eb6152458e0857b	.rela.text	931	.text	0x675c	0x675c	0x67bc	R_AARCH64_ADD_ABS_LO12_NC		6	0	STT_SECTION	.rodata.str1.8	0x0	0x8d8		0x8d8	npu_hw_init_queue_bus_write	0x65e0	0x17c	symbol_size	0x67d4		executable_reference	0x91000000	outgoing	
.local/legacy-firmware/work/extract/stock-rootfs/lib/modules/5.4.55/mtk_pci.ko	c71b2073eeb2498c05c5e42bb5ceaf3df664cff42bf0b0740eb6152458e0857b	.rela.text	932	.text	0x6760	0x6760	0x67c0	R_AARCH64_CALL26	printk	173	1	STT_NOTYPE	SHN_UNDEF	0x0	0x0			npu_hw_init_queue_bus_write	0x65e0	0x180	symbol_size	0x67d4		direct_call_BL	0x94000000	outgoing	
.local/legacy-firmware/work/extract/stock-rootfs/lib/modules/5.4.55/mtk_pci.ko	c71b2073eeb2498c05c5e42bb5ceaf3df664cff42bf0b0740eb6152458e0857b	.rela.text	933	.text	0x676c	0x676c	0x67cc	R_AARCH64_ADR_PREL_PG_HI21		6	0	STT_SECTION	.rodata.str1.8	0x0	0xe68		0xe68	npu_hw_init_queue_bus_write	0x65e0	0x18c	symbol_size	0x67d4		executable_reference	0x90000001	outgoing	
.local/legacy-firmware/work/extract/stock-rootfs/lib/modules/5.4.55/mtk_pci.ko	c71b2073eeb2498c05c5e42bb5ceaf3df664cff42bf0b0740eb6152458e0857b	.rela.text	934	.text	0x6770	0x6770	0x67d0	R_AARCH64_ADD_ABS_LO12_NC		6	0	STT_SECTION	.rodata.str1.8	0x0	0xe68		0xe68	npu_hw_init_queue_bus_write	0x65e0	0x190	symbol_size	0x67d4		executable_reference	0x91000021	outgoing	
.local/legacy-firmware/work/extract/stock-rootfs/lib/modules/5.4.55/mtk_pci.ko	c71b2073eeb2498c05c5e42bb5ceaf3df664cff42bf0b0740eb6152458e0857b	.rela.text	935	.text	0x6774	0x6774	0x67d4	R_AARCH64_CALL26	_dev_info	155	1	STT_NOTYPE	SHN_UNDEF	0x0	0x0			npu_hw_init_queue_bus_write	0x65e0	0x194	symbol_size	0x67d4		direct_call_BL	0x94000000	outgoing	
.local/legacy-firmware/work/extract/stock-rootfs/lib/modules/5.4.55/mtk_pci.ko	c71b2073eeb2498c05c5e42bb5ceaf3df664cff42bf0b0740eb6152458e0857b	.rela.text	936	.text	0x6798	0x6798	0x67f8	R_AARCH64_CALL26	dma_free_attrs	183	1	STT_NOTYPE	SHN_UNDEF	0x0	0x0			npu_hw_init_queue_bus_write	0x65e0	0x1b8	symbol_size	0x67d4		direct_call_BL	0x94000000	outgoing	
.local/legacy-firmware/work/extract/stock-rootfs/lib/modules/5.4.55/mtk_pci.ko	c71b2073eeb2498c05c5e42bb5ceaf3df664cff42bf0b0740eb6152458e0857b	.rela.text	937	.text	0x679c	0x679c	0x67fc	R_AARCH64_ADR_PREL_PG_HI21		5	0	STT_SECTION	.rodata	0x0	0x130		0x130	npu_hw_init_queue_bus_write	0x65e0	0x1bc	symbol_size	0x67d4		executable_reference	0x90000016	outgoing	
.local/legacy-firmware/work/extract/stock-rootfs/lib/modules/5.4.55/mtk_pci.ko	c71b2073eeb2498c05c5e42bb5ceaf3df664cff42bf0b0740eb6152458e0857b	.rela.text	938	.text	0x67a0	0x67a0	0x6800	R_AARCH64_ADR_PREL_PG_HI21		6	0	STT_SECTION	.rodata.str1.8	0x0	0xe40		0xe40	npu_hw_init_queue_bus_write	0x65e0	0x1c0	symbol_size	0x67d4		executable_reference	0x90000000	outgoing	
.local/legacy-firmware/work/extract/stock-rootfs/lib/modules/5.4.55/mtk_pci.ko	c71b2073eeb2498c05c5e42bb5ceaf3df664cff42bf0b0740eb6152458e0857b	.rela.text	939	.text	0x67a4	0x67a4	0x6804	R_AARCH64_ADD_ABS_LO12_NC		5	0	STT_SECTION	.rodata	0x0	0x130		0x130	npu_hw_init_queue_bus_write	0x65e0	0x1c4	symbol_size	0x67d4		executable_reference	0x910002d6	outgoing	
.local/legacy-firmware/work/extract/stock-rootfs/lib/modules/5.4.55/mtk_pci.ko	c71b2073eeb2498c05c5e42bb5ceaf3df664cff42bf0b0740eb6152458e0857b	.rela.text	940	.text	0x67a8	0x67a8	0x6808	R_AARCH64_ADD_ABS_LO12_NC		6	0	STT_SECTION	.rodata.str1.8	0x0	0xe40		0xe40	npu_hw_init_queue_bus_write	0x65e0	0x1c8	symbol_size	0x67d4		executable_reference	0x91000000	outgoing	
.local/legacy-firmware/work/extract/stock-rootfs/lib/modules/5.4.55/mtk_pci.ko	c71b2073eeb2498c05c5e42bb5ceaf3df664cff42bf0b0740eb6152458e0857b	.rela.text	941	.text	0x67ac	0x67ac	0x680c	R_AARCH64_CALL26	printk	173	1	STT_NOTYPE	SHN_UNDEF	0x0	0x0			npu_hw_init_queue_bus_write	0x65e0	0x1cc	symbol_size	0x67d4		direct_call_BL	0x94000000	outgoing	
.local/legacy-firmware/work/extract/stock-rootfs/lib/modules/5.4.55/mtk_pci.ko	c71b2073eeb2498c05c5e42bb5ceaf3df664cff42bf0b0740eb6152458e0857b	.rela.text	942	.text	0x67b8	0x67b8	0x6818	R_AARCH64_ADR_PREL_PG_HI21		5	0	STT_SECTION	.rodata	0x0	0x130		0x130	npu_hw_init_queue_bus_write	0x65e0	0x1d8	symbol_size	0x67d4		executable_reference	0x90000016	outgoing	
.local/legacy-firmware/work/extract/stock-rootfs/lib/modules/5.4.55/mtk_pci.ko	c71b2073eeb2498c05c5e42bb5ceaf3df664cff42bf0b0740eb6152458e0857b	.rela.text	943	.text	0x67bc	0x67bc	0x681c	R_AARCH64_ADD_ABS_LO12_NC		5	0	STT_SECTION	.rodata	0x0	0x130		0x130	npu_hw_init_queue_bus_write	0x65e0	0x1dc	symbol_size	0x67d4		executable_reference	0x910002d6	outgoing	
.local/legacy-firmware/work/extract/stock-rootfs/lib/modules/5.4.55/mtk_pci.ko	c71b2073eeb2498c05c5e42bb5ceaf3df664cff42bf0b0740eb6152458e0857b	.rela.text	944	.text	0x67c4	0x67c4	0x6824	R_AARCH64_ADR_PREL_PG_HI21		6	0	STT_SECTION	.rodata.str1.8	0x0	0x930		0x930	npu_hw_init_queue_bus_write	0x65e0	0x1e4	symbol_size	0x67d4		executable_reference	0x90000000	outgoing	
.local/legacy-firmware/work/extract/stock-rootfs/lib/modules/5.4.55/mtk_pci.ko	c71b2073eeb2498c05c5e42bb5ceaf3df664cff42bf0b0740eb6152458e0857b	.rela.text	945	.text	0x67c8	0x67c8	0x6828	R_AARCH64_ADD_ABS_LO12_NC		6	0	STT_SECTION	.rodata.str1.8	0x0	0x930		0x930	npu_hw_init_queue_bus_write	0x65e0	0x1e8	symbol_size	0x67d4		executable_reference	0x91000000	outgoing	
.local/legacy-firmware/work/extract/stock-rootfs/lib/modules/5.4.55/mtk_pci.ko	c71b2073eeb2498c05c5e42bb5ceaf3df664cff42bf0b0740eb6152458e0857b	.rela.text	946	.text	0x67cc	0x67cc	0x682c	R_AARCH64_CALL26	printk	173	1	STT_NOTYPE	SHN_UNDEF	0x0	0x0			npu_hw_init_queue_bus_write	0x65e0	0x1ec	symbol_size	0x67d4		direct_call_BL	0x94000000	outgoing	
.local/legacy-firmware/work/extract/stock-rootfs/lib/modules/5.4.55/mtk_pci.ko	c71b2073eeb2498c05c5e42bb5ceaf3df664cff42bf0b0740eb6152458e0857b	.rela.text	947	.text	0x6800	0x6800	0x6860	R_AARCH64_CALL26	get_ecnt_npu_dev	182	1	STT_NOTYPE	SHN_UNDEF	0x0	0x0			npu_pci_dma_sw_init_device	0x67d4	0x2c	symbol_size	0x6b70		direct_call_BL	0x94000000	outgoing	
.local/legacy-firmware/work/extract/stock-rootfs/lib/modules/5.4.55/mtk_pci.ko	c71b2073eeb2498c05c5e42bb5ceaf3df664cff42bf0b0740eb6152458e0857b	.rela.text	948	.text	0x681c	0x681c	0x687c	R_AARCH64_CALL26	dma_alloc_attrs	169	1	STT_NOTYPE	SHN_UNDEF	0x0	0x0			npu_pci_dma_sw_init_device	0x67d4	0x48	symbol_size	0x6b70		direct_call_BL	0x94000000	outgoing	
.local/legacy-firmware/work/extract/stock-rootfs/lib/modules/5.4.55/mtk_pci.ko	c71b2073eeb2498c05c5e42bb5ceaf3df664cff42bf0b0740eb6152458e0857b	.rela.text	949	.text	0x6838	0x6838	0x6898	R_AARCH64_CALL26	memset	176	1	STT_NOTYPE	SHN_UNDEF	0x0	0x0			npu_pci_dma_sw_init_device	0x67d4	0x64	symbol_size	0x6b70		direct_call_BL	0x94000000	outgoing	
.local/legacy-firmware/work/extract/stock-rootfs/lib/modules/5.4.55/mtk_pci.ko	c71b2073eeb2498c05c5e42bb5ceaf3df664cff42bf0b0740eb6152458e0857b	.rela.text	950	.text	0x6880	0x6880	0x68e0	R_AARCH64_CALL26	host_notify_npuMbox	138	1	STT_NOTYPE	SHN_UNDEF	0x0	0x0			npu_pci_dma_sw_init_device	0x67d4	0xac	symbol_size	0x6b70		direct_call_BL	0x94000000	outgoing	
.local/legacy-firmware/work/extract/stock-rootfs/lib/modules/5.4.55/mtk_pci.ko	c71b2073eeb2498c05c5e42bb5ceaf3df664cff42bf0b0740eb6152458e0857b	.rela.text	951	.text	0x689c	0x689c	0x68fc	R_AARCH64_CALL26	dma_free_attrs	183	1	STT_NOTYPE	SHN_UNDEF	0x0	0x0			npu_pci_dma_sw_init_device	0x67d4	0xc8	symbol_size	0x6b70		direct_call_BL	0x94000000	outgoing	
.local/legacy-firmware/work/extract/stock-rootfs/lib/modules/5.4.55/mtk_pci.ko	c71b2073eeb2498c05c5e42bb5ceaf3df664cff42bf0b0740eb6152458e0857b	.rela.text	952	.text	0x68ac	0x68ac	0x690c	R_AARCH64_ADR_PREL_PG_HI21		11	0	STT_SECTION	.bss	0x0	0x18		0x18	npu_pci_dma_sw_init_device	0x67d4	0xd8	symbol_size	0x6b70		executable_reference	0x90000013	outgoing	
.local/legacy-firmware/work/extract/stock-rootfs/lib/modules/5.4.55/mtk_pci.ko	c71b2073eeb2498c05c5e42bb5ceaf3df664cff42bf0b0740eb6152458e0857b	.rela.text	953	.text	0x68b0	0x68b0	0x6910	R_AARCH64_ADD_ABS_LO12_NC		11	0	STT_SECTION	.bss	0x0	0x18		0x18	npu_pci_dma_sw_init_device	0x67d4	0xdc	symbol_size	0x6b70		executable_reference	0x91000273	outgoing	
.local/legacy-firmware/work/extract/stock-rootfs/lib/modules/5.4.55/mtk_pci.ko	c71b2073eeb2498c05c5e42bb5ceaf3df664cff42bf0b0740eb6152458e0857b	.rela.text	954	.text	0x68d8	0x68d8	0x6938	R_AARCH64_CALL26	get_ecnt_npu_dev	182	1	STT_NOTYPE	SHN_UNDEF	0x0	0x0			npu_pci_dma_sw_init_device	0x67d4	0x104	symbol_size	0x6b70		direct_call_BL	0x94000000	outgoing	
.local/legacy-firmware/work/extract/stock-rootfs/lib/modules/5.4.55/mtk_pci.ko	c71b2073eeb2498c05c5e42bb5ceaf3df664cff42bf0b0740eb6152458e0857b	.rela.text	955	.text	0x68f4	0x68f4	0x6954	R_AARCH64_CALL26	dma_alloc_attrs	169	1	STT_NOTYPE	SHN_UNDEF	0x0	0x0			npu_pci_dma_sw_init_device	0x67d4	0x120	symbol_size	0x6b70		direct_call_BL	0x94000000	outgoing	
.local/legacy-firmware/work/extract/stock-rootfs/lib/modules/5.4.55/mtk_pci.ko	c71b2073eeb2498c05c5e42bb5ceaf3df664cff42bf0b0740eb6152458e0857b	.rela.text	956	.text	0x6910	0x6910	0x6970	R_AARCH64_CALL26	memset	176	1	STT_NOTYPE	SHN_UNDEF	0x0	0x0			npu_pci_dma_sw_init_device	0x67d4	0x13c	symbol_size	0x6b70		direct_call_BL	0x94000000	outgoing	
.local/legacy-firmware/work/extract/stock-rootfs/lib/modules/5.4.55/mtk_pci.ko	c71b2073eeb2498c05c5e42bb5ceaf3df664cff42bf0b0740eb6152458e0857b	.rela.text	957	.text	0x6958	0x6958	0x69b8	R_AARCH64_CALL26	host_notify_npuMbox	138	1	STT_NOTYPE	SHN_UNDEF	0x0	0x0			npu_pci_dma_sw_init_device	0x67d4	0x184	symbol_size	0x6b70		direct_call_BL	0x94000000	outgoing	
.local/legacy-firmware/work/extract/stock-rootfs/lib/modules/5.4.55/mtk_pci.ko	c71b2073eeb2498c05c5e42bb5ceaf3df664cff42bf0b0740eb6152458e0857b	.rela.text	958	.text	0x6974	0x6974	0x69d4	R_AARCH64_CALL26	dma_free_attrs	183	1	STT_NOTYPE	SHN_UNDEF	0x0	0x0			npu_pci_dma_sw_init_device	0x67d4	0x1a0	symbol_size	0x6b70		direct_call_BL	0x94000000	outgoing	
.local/legacy-firmware/work/extract/stock-rootfs/lib/modules/5.4.55/mtk_pci.ko	c71b2073eeb2498c05c5e42bb5ceaf3df664cff42bf0b0740eb6152458e0857b	.rela.text	959	.text	0x6994	0x6994	0x69f4	R_AARCH64_ADR_PREL_PG_HI21		6	0	STT_SECTION	.rodata.str1.8	0x0	0xf58		0xf58	npu_pci_dma_sw_init_device	0x67d4	0x1c0	symbol_size	0x6b70		executable_reference	0x90000001	outgoing	
.local/legacy-firmware/work/extract/stock-rootfs/lib/modules/5.4.55/mtk_pci.ko	c71b2073eeb2498c05c5e42bb5ceaf3df664cff42bf0b0740eb6152458e0857b	.rela.text	960	.text	0x6998	0x6998	0x69f8	R_AARCH64_ADD_ABS_LO12_NC		6	0	STT_SECTION	.rodata.str1.8	0x0	0xf58		0xf58	npu_pci_dma_sw_init_device	0x67d4	0x1c4	symbol_size	0x6b70		executable_reference	0x91000021	outgoing	
.local/legacy-firmware/work/extract/stock-rootfs/lib/modules/5.4.55/mtk_pci.ko	c71b2073eeb2498c05c5e42bb5ceaf3df664cff42bf0b0740eb6152458e0857b	.rela.text	961	.text	0x699c	0x699c	0x69fc	R_AARCH64_CALL26	_dev_info	155	1	STT_NOTYPE	SHN_UNDEF	0x0	0x0			npu_pci_dma_sw_init_device	0x67d4	0x1c8	symbol_size	0x6b70		direct_call_BL	0x94000000	outgoing	
.local/legacy-firmware/work/extract/stock-rootfs/lib/modules/5.4.55/mtk_pci.ko	c71b2073eeb2498c05c5e42bb5ceaf3df664cff42bf0b0740eb6152458e0857b	.rela.text	962	.text	0x69a4	0x69a4	0x6a04	R_AARCH64_ADR_PREL_PG_HI21		6	0	STT_SECTION	.rodata.str1.8	0x0	0xee8		0xee8	npu_pci_dma_sw_init_device	0x67d4	0x1d0	symbol_size	0x6b70		executable_reference	0x90000000	outgoing	
.local/legacy-firmware/work/extract/stock-rootfs/lib/modules/5.4.55/mtk_pci.ko	c71b2073eeb2498c05c5e42bb5ceaf3df664cff42bf0b0740eb6152458e0857b	.rela.text	963	.text	0x69a8	0x69a8	0x6a08	R_AARCH64_ADD_ABS_LO12_NC		6	0	STT_SECTION	.rodata.str1.8	0x0	0xee8		0xee8	npu_pci_dma_sw_init_device	0x67d4	0x1d4	symbol_size	0x6b70		executable_reference	0x91000000	outgoing	
.local/legacy-firmware/work/extract/stock-rootfs/lib/modules/5.4.55/mtk_pci.ko	c71b2073eeb2498c05c5e42bb5ceaf3df664cff42bf0b0740eb6152458e0857b	.rela.text	964	.text	0x69ac	0x69ac	0x6a0c	R_AARCH64_CALL26	printk	173	1	STT_NOTYPE	SHN_UNDEF	0x0	0x0			npu_pci_dma_sw_init_device	0x67d4	0x1d8	symbol_size	0x6b70		direct_call_BL	0x94000000	outgoing	
.local/legacy-firmware/work/extract/stock-rootfs/lib/modules/5.4.55/mtk_pci.ko	c71b2073eeb2498c05c5e42bb5ceaf3df664cff42bf0b0740eb6152458e0857b	.rela.text	965	.text	0x69b4	0x69b4	0x6a14	R_AARCH64_ADR_PREL_PG_HI21		5	0	STT_SECTION	.rodata	0x0	0x130		0x130	npu_pci_dma_sw_init_device	0x67d4	0x1e0	symbol_size	0x6b70		executable_reference	0x90000002	outgoing	
.local/legacy-firmware/work/extract/stock-rootfs/lib/modules/5.4.55/mtk_pci.ko	c71b2073eeb2498c05c5e42bb5ceaf3df664cff42bf0b0740eb6152458e0857b	.rela.text	966	.text	0x69b8	0x69b8	0x6a18	R_AARCH64_ADD_ABS_LO12_NC		5	0	STT_SECTION	.rodata	0x0	0x130		0x130	npu_pci_dma_sw_init_device	0x67d4	0x1e4	symbol_size	0x6b70		executable_reference	0x91000042	outgoing	
.local/legacy-firmware/work/extract/stock-rootfs/lib/modules/5.4.55/mtk_pci.ko	c71b2073eeb2498c05c5e42bb5ceaf3df664cff42bf0b0740eb6152458e0857b	.rela.text	967	.text	0x69bc	0x69bc	0x6a1c	R_AARCH64_ADR_PREL_PG_HI21		6	0	STT_SECTION	.rodata.str1.8	0x0	0xf18		0xf18	npu_pci_dma_sw_init_device	0x67d4	0x1e8	symbol_size	0x6b70		executable_reference	0x90000001	outgoing	
.local/legacy-firmware/work/extract/stock-rootfs/lib/modules/5.4.55/mtk_pci.ko	c71b2073eeb2498c05c5e42bb5ceaf3df664cff42bf0b0740eb6152458e0857b	.rela.text	968	.text	0x69c4	0x69c4	0x6a24	R_AARCH64_ADD_ABS_LO12_NC		6	0	STT_SECTION	.rodata.str1.8	0x0	0xf18		0xf18	npu_pci_dma_sw_init_device	0x67d4	0x1f0	symbol_size	0x6b70		executable_reference	0x91000021	outgoing	
.local/legacy-firmware/work/extract/stock-rootfs/lib/modules/5.4.55/mtk_pci.ko	c71b2073eeb2498c05c5e42bb5ceaf3df664cff42bf0b0740eb6152458e0857b	.rela.text	969	.text	0x69c8	0x69c8	0x6a28	R_AARCH64_CALL26	_dev_info	155	1	STT_NOTYPE	SHN_UNDEF	0x0	0x0			npu_pci_dma_sw_init_device	0x67d4	0x1f4	symbol_size	0x6b70		direct_call_BL	0x94000000	outgoing	
.local/legacy-firmware/work/extract/stock-rootfs/lib/modules/5.4.55/mtk_pci.ko	c71b2073eeb2498c05c5e42bb5ceaf3df664cff42bf0b0740eb6152458e0857b	.rela.text	970	.text	0x69d8	0x69d8	0x6a38	R_AARCH64_ADR_PREL_PG_HI21		6	0	STT_SECTION	.rodata.str1.8	0x0	0x8d8		0x8d8	npu_pci_dma_sw_init_device	0x67d4	0x204	symbol_size	0x6b70		executable_reference	0x90000000	outgoing	
.local/legacy-firmware/work/extract/stock-rootfs/lib/modules/5.4.55/mtk_pci.ko	c71b2073eeb2498c05c5e42bb5ceaf3df664cff42bf0b0740eb6152458e0857b	.rela.text	971	.text	0x69dc	0x69dc	0x6a3c	R_AARCH64_ADD_ABS_LO12_NC		6	0	STT_SECTION	.rodata.str1.8	0x0	0x8d8		0x8d8	npu_pci_dma_sw_init_device	0x67d4	0x208	symbol_size	0x6b70		executable_reference	0x91000000	outgoing	
.local/legacy-firmware/work/extract/stock-rootfs/lib/modules/5.4.55/mtk_pci.ko	c71b2073eeb2498c05c5e42bb5ceaf3df664cff42bf0b0740eb6152458e0857b	.rela.text	972	.text	0x69e0	0x69e0	0x6a40	R_AARCH64_CALL26	printk	173	1	STT_NOTYPE	SHN_UNDEF	0x0	0x0			npu_pci_dma_sw_init_device	0x67d4	0x20c	symbol_size	0x6b70		direct_call_BL	0x94000000	outgoing	
.local/legacy-firmware/work/extract/stock-rootfs/lib/modules/5.4.55/mtk_pci.ko	c71b2073eeb2498c05c5e42bb5ceaf3df664cff42bf0b0740eb6152458e0857b	.rela.text	973	.text	0x69ec	0x69ec	0x6a4c	R_AARCH64_ADR_PREL_PG_HI21		5	0	STT_SECTION	.rodata	0x0	0x130		0x130	npu_pci_dma_sw_init_device	0x67d4	0x218	symbol_size	0x6b70		executable_reference	0x90000016	outgoing	
.local/legacy-firmware/work/extract/stock-rootfs/lib/modules/5.4.55/mtk_pci.ko	c71b2073eeb2498c05c5e42bb5ceaf3df664cff42bf0b0740eb6152458e0857b	.rela.text	974	.text	0x69f0	0x69f0	0x6a50	R_AARCH64_ADD_ABS_LO12_NC		5	0	STT_SECTION	.rodata	0x0	0x130		0x130	npu_pci_dma_sw_init_device	0x67d4	0x21c	symbol_size	0x6b70		executable_reference	0x910002d6	outgoing	
.local/legacy-firmware/work/extract/stock-rootfs/lib/modules/5.4.55/mtk_pci.ko	c71b2073eeb2498c05c5e42bb5ceaf3df664cff42bf0b0740eb6152458e0857b	.rela.text	975	.text	0x69f8	0x69f8	0x6a58	R_AARCH64_CALL26	npu_wifi_offload_get_ba_node_addr	131	1	STT_NOTYPE	SHN_UNDEF	0x0	0x0			npu_pci_dma_sw_init_device	0x67d4	0x224	symbol_size	0x6b70		direct_call_BL	0x94000000	outgoing	
.local/legacy-firmware/work/extract/stock-rootfs/lib/modules/5.4.55/mtk_pci.ko	c71b2073eeb2498c05c5e42bb5ceaf3df664cff42bf0b0740eb6152458e0857b	.rela.text	976	.text	0x6a0c	0x6a0c	0x6a6c	R_AARCH64_ADR_PREL_PG_HI21		6	0	STT_SECTION	.rodata.str1.8	0x0	0xf98		0xf98	npu_pci_dma_sw_init_device	0x67d4	0x238	symbol_size	0x6b70		executable_reference	0x90000001	outgoing	
.local/legacy-firmware/work/extract/stock-rootfs/lib/modules/5.4.55/mtk_pci.ko	c71b2073eeb2498c05c5e42bb5ceaf3df664cff42bf0b0740eb6152458e0857b	.rela.text	977	.text	0x6a10	0x6a10	0x6a70	R_AARCH64_ADD_ABS_LO12_NC		6	0	STT_SECTION	.rodata.str1.8	0x0	0xf98		0xf98	npu_pci_dma_sw_init_device	0x67d4	0x23c	symbol_size	0x6b70		executable_reference	0x91000021	outgoing	
.local/legacy-firmware/work/extract/stock-rootfs/lib/modules/5.4.55/mtk_pci.ko	c71b2073eeb2498c05c5e42bb5ceaf3df664cff42bf0b0740eb6152458e0857b	.rela.text	978	.text	0x6a14	0x6a14	0x6a74	R_AARCH64_CALL26	_dev_info	155	1	STT_NOTYPE	SHN_UNDEF	0x0	0x0			npu_pci_dma_sw_init_device	0x67d4	0x240	symbol_size	0x6b70		direct_call_BL	0x94000000	outgoing	
.local/legacy-firmware/work/extract/stock-rootfs/lib/modules/5.4.55/mtk_pci.ko	c71b2073eeb2498c05c5e42bb5ceaf3df664cff42bf0b0740eb6152458e0857b	.rela.text	979	.text	0x6a20	0x6a20	0x6a80	R_AARCH64_ADR_PREL_PG_HI21		6	0	STT_SECTION	.rodata.str1.8	0x0	0xfc8		0xfc8	npu_pci_dma_sw_init_device	0x67d4	0x24c	symbol_size	0x6b70		executable_reference	0x90000000	outgoing	
.local/legacy-firmware/work/extract/stock-rootfs/lib/modules/5.4.55/mtk_pci.ko	c71b2073eeb2498c05c5e42bb5ceaf3df664cff42bf0b0740eb6152458e0857b	.rela.text	980	.text	0x6a24	0x6a24	0x6a84	R_AARCH64_ADD_ABS_LO12_NC		6	0	STT_SECTION	.rodata.str1.8	0x0	0xfc8		0xfc8	npu_pci_dma_sw_init_device	0x67d4	0x250	symbol_size	0x6b70		executable_reference	0x91000000	outgoing	
.local/legacy-firmware/work/extract/stock-rootfs/lib/modules/5.4.55/mtk_pci.ko	c71b2073eeb2498c05c5e42bb5ceaf3df664cff42bf0b0740eb6152458e0857b	.rela.text	981	.text	0x6a28	0x6a28	0x6a88	R_AARCH64_CALL26	printk	173	1	STT_NOTYPE	SHN_UNDEF	0x0	0x0			npu_pci_dma_sw_init_device	0x67d4	0x254	symbol_size	0x6b70		direct_call_BL	0x94000000	outgoing	
.local/legacy-firmware/work/extract/stock-rootfs/lib/modules/5.4.55/mtk_pci.ko	c71b2073eeb2498c05c5e42bb5ceaf3df664cff42bf0b0740eb6152458e0857b	.rela.text	982	.text	0x6a2c	0x6a2c	0x6a8c	R_AARCH64_CALL26	get_ecnt_npu_dev	182	1	STT_NOTYPE	SHN_UNDEF	0x0	0x0			npu_pci_dma_sw_init_device	0x67d4	0x258	symbol_size	0x6b70		direct_call_BL	0x94000000	outgoing	
.local/legacy-firmware/work/extract/stock-rootfs/lib/modules/5.4.55/mtk_pci.ko	c71b2073eeb2498c05c5e42bb5ceaf3df664cff42bf0b0740eb6152458e0857b	.rela.text	983	.text	0x6a38	0x6a38	0x6a98	R_AARCH64_ADR_PREL_PG_HI21		6	0	STT_SECTION	.rodata.str1.8	0x0	0x8d8		0x8d8	npu_pci_dma_sw_init_device	0x67d4	0x264	symbol_size	0x6b70		executable_reference	0x90000000	outgoing	
.local/legacy-firmware/work/extract/stock-rootfs/lib/modules/5.4.55/mtk_pci.ko	c71b2073eeb2498c05c5e42bb5ceaf3df664cff42bf0b0740eb6152458e0857b	.rela.text	984	.text	0x6a3c	0x6a3c	0x6a9c	R_AARCH64_ADD_ABS_LO12_NC		6	0	STT_SECTION	.rodata.str1.8	0x0	0x8d8		0x8d8	npu_pci_dma_sw_init_device	0x67d4	0x268	symbol_size	0x6b70		executable_reference	0x91000000	outgoing	
.local/legacy-firmware/work/extract/stock-rootfs/lib/modules/5.4.55/mtk_pci.ko	c71b2073eeb2498c05c5e42bb5ceaf3df664cff42bf0b0740eb6152458e0857b	.rela.text	985	.text	0x6a40	0x6a40	0x6aa0	R_AARCH64_CALL26	printk	173	1	STT_NOTYPE	SHN_UNDEF	0x0	0x0			npu_pci_dma_sw_init_device	0x67d4	0x26c	symbol_size	0x6b70		direct_call_BL	0x94000000	outgoing	
.local/legacy-firmware/work/extract/stock-rootfs/lib/modules/5.4.55/mtk_pci.ko	c71b2073eeb2498c05c5e42bb5ceaf3df664cff42bf0b0740eb6152458e0857b	.rela.text	986	.text	0x6a48	0x6a48	0x6aa8	R_AARCH64_ADR_PREL_PG_HI21		6	0	STT_SECTION	.rodata.str1.8	0x0	0xff0		0xff0	npu_pci_dma_sw_init_device	0x67d4	0x274	symbol_size	0x6b70		executable_reference	0x90000001	outgoing	
.local/legacy-firmware/work/extract/stock-rootfs/lib/modules/5.4.55/mtk_pci.ko	c71b2073eeb2498c05c5e42bb5ceaf3df664cff42bf0b0740eb6152458e0857b	.rela.text	987	.text	0x6a50	0x6a50	0x6ab0	R_AARCH64_ADD_ABS_LO12_NC		6	0	STT_SECTION	.rodata.str1.8	0x0	0xff0		0xff0	npu_pci_dma_sw_init_device	0x67d4	0x27c	symbol_size	0x6b70		executable_reference	0x91000021	outgoing	
.local/legacy-firmware/work/extract/stock-rootfs/lib/modules/5.4.55/mtk_pci.ko	c71b2073eeb2498c05c5e42bb5ceaf3df664cff42bf0b0740eb6152458e0857b	.rela.text	988	.text	0x6a54	0x6a54	0x6ab4	R_AARCH64_CALL26	_dev_info	155	1	STT_NOTYPE	SHN_UNDEF	0x0	0x0			npu_pci_dma_sw_init_device	0x67d4	0x280	symbol_size	0x6b70		direct_call_BL	0x94000000	outgoing	
.local/legacy-firmware/work/extract/stock-rootfs/lib/modules/5.4.55/mtk_pci.ko	c71b2073eeb2498c05c5e42bb5ceaf3df664cff42bf0b0740eb6152458e0857b	.rela.text	989	.text	0x6a70	0x6a70	0x6ad0	R_AARCH64_ADR_PREL_PG_HI21		6	0	STT_SECTION	.rodata.str1.8	0x0	0xee8		0xee8	npu_pci_dma_sw_init_device	0x67d4	0x29c	symbol_size	0x6b70		executable_reference	0x90000000	outgoing	
.local/legacy-firmware/work/extract/stock-rootfs/lib/modules/5.4.55/mtk_pci.ko	c71b2073eeb2498c05c5e42bb5ceaf3df664cff42bf0b0740eb6152458e0857b	.rela.text	990	.text	0x6a74	0x6a74	0x6ad4	R_AARCH64_ADD_ABS_LO12_NC		6	0	STT_SECTION	.rodata.str1.8	0x0	0xee8		0xee8	npu_pci_dma_sw_init_device	0x67d4	0x2a0	symbol_size	0x6b70		executable_reference	0x91000000	outgoing	
.local/legacy-firmware/work/extract/stock-rootfs/lib/modules/5.4.55/mtk_pci.ko	c71b2073eeb2498c05c5e42bb5ceaf3df664cff42bf0b0740eb6152458e0857b	.rela.text	991	.text	0x6a78	0x6a78	0x6ad8	R_AARCH64_CALL26	printk	173	1	STT_NOTYPE	SHN_UNDEF	0x0	0x0			npu_pci_dma_sw_init_device	0x67d4	0x2a4	symbol_size	0x6b70		direct_call_BL	0x94000000	outgoing	
.local/legacy-firmware/work/extract/stock-rootfs/lib/modules/5.4.55/mtk_pci.ko	c71b2073eeb2498c05c5e42bb5ceaf3df664cff42bf0b0740eb6152458e0857b	.rela.text	992	.text	0x6a80	0x6a80	0x6ae0	R_AARCH64_ADR_PREL_PG_HI21		5	0	STT_SECTION	.rodata	0x0	0x130		0x130	npu_pci_dma_sw_init_device	0x67d4	0x2ac	symbol_size	0x6b70		executable_reference	0x90000002	outgoing	
.local/legacy-firmware/work/extract/stock-rootfs/lib/modules/5.4.55/mtk_pci.ko	c71b2073eeb2498c05c5e42bb5ceaf3df664cff42bf0b0740eb6152458e0857b	.rela.text	993	.text	0x6a84	0x6a84	0x6ae4	R_AARCH64_ADD_ABS_LO12_NC		5	0	STT_SECTION	.rodata	0x0	0x130		0x130	npu_pci_dma_sw_init_device	0x67d4	0x2b0	symbol_size	0x6b70		executable_reference	0x91000042	outgoing	
.local/legacy-firmware/work/extract/stock-rootfs/lib/modules/5.4.55/mtk_pci.ko	c71b2073eeb2498c05c5e42bb5ceaf3df664cff42bf0b0740eb6152458e0857b	.rela.text	994	.text	0x6a88	0x6a88	0x6ae8	R_AARCH64_ADR_PREL_PG_HI21		6	0	STT_SECTION	.rodata.str1.8	0x0	0xf18		0xf18	npu_pci_dma_sw_init_device	0x67d4	0x2b4	symbol_size	0x6b70		executable_reference	0x90000001	outgoing	
.local/legacy-firmware/work/extract/stock-rootfs/lib/modules/5.4.55/mtk_pci.ko	c71b2073eeb2498c05c5e42bb5ceaf3df664cff42bf0b0740eb6152458e0857b	.rela.text	995	.text	0x6a90	0x6a90	0x6af0	R_AARCH64_ADD_ABS_LO12_NC		6	0	STT_SECTION	.rodata.str1.8	0x0	0xf18		0xf18	npu_pci_dma_sw_init_device	0x67d4	0x2bc	symbol_size	0x6b70		executable_reference	0x91000021	outgoing	
.local/legacy-firmware/work/extract/stock-rootfs/lib/modules/5.4.55/mtk_pci.ko	c71b2073eeb2498c05c5e42bb5ceaf3df664cff42bf0b0740eb6152458e0857b	.rela.text	996	.text	0x6a94	0x6a94	0x6af4	R_AARCH64_CALL26	_dev_info	155	1	STT_NOTYPE	SHN_UNDEF	0x0	0x0			npu_pci_dma_sw_init_device	0x67d4	0x2c0	symbol_size	0x6b70		direct_call_BL	0x94000000	outgoing	
.local/legacy-firmware/work/extract/stock-rootfs/lib/modules/5.4.55/mtk_pci.ko	c71b2073eeb2498c05c5e42bb5ceaf3df664cff42bf0b0740eb6152458e0857b	.rela.text	997	.text	0x6aa0	0x6aa0	0x6b00	R_AARCH64_ADR_PREL_PG_HI21		6	0	STT_SECTION	.rodata.str1.8	0x0	0x8d8		0x8d8	npu_pci_dma_sw_init_device	0x67d4	0x2cc	symbol_size	0x6b70		executable_reference	0x90000000	outgoing	
.local/legacy-firmware/work/extract/stock-rootfs/lib/modules/5.4.55/mtk_pci.ko	c71b2073eeb2498c05c5e42bb5ceaf3df664cff42bf0b0740eb6152458e0857b	.rela.text	998	.text	0x6aa4	0x6aa4	0x6b04	R_AARCH64_ADD_ABS_LO12_NC		6	0	STT_SECTION	.rodata.str1.8	0x0	0x8d8		0x8d8	npu_pci_dma_sw_init_device	0x67d4	0x2d0	symbol_size	0x6b70		executable_reference	0x91000000	outgoing	
.local/legacy-firmware/work/extract/stock-rootfs/lib/modules/5.4.55/mtk_pci.ko	c71b2073eeb2498c05c5e42bb5ceaf3df664cff42bf0b0740eb6152458e0857b	.rela.text	999	.text	0x6aa8	0x6aa8	0x6b08	R_AARCH64_CALL26	printk	173	1	STT_NOTYPE	SHN_UNDEF	0x0	0x0			npu_pci_dma_sw_init_device	0x67d4	0x2d4	symbol_size	0x6b70		direct_call_BL	0x94000000	outgoing	
.local/legacy-firmware/work/extract/stock-rootfs/lib/modules/5.4.55/mtk_pci.ko	c71b2073eeb2498c05c5e42bb5ceaf3df664cff42bf0b0740eb6152458e0857b	.rela.text	1000	.text	0x6ac4	0x6ac4	0x6b24	R_AARCH64_CALL26	dma_alloc_attrs	169	1	STT_NOTYPE	SHN_UNDEF	0x0	0x0			npu_pci_dma_sw_init_device	0x67d4	0x2f0	symbol_size	0x6b70		direct_call_BL	0x94000000	outgoing	
.local/legacy-firmware/work/extract/stock-rootfs/lib/modules/5.4.55/mtk_pci.ko	c71b2073eeb2498c05c5e42bb5ceaf3df664cff42bf0b0740eb6152458e0857b	.rela.text	1001	.text	0x6ae0	0x6ae0	0x6b40	R_AARCH64_CALL26	memset	176	1	STT_NOTYPE	SHN_UNDEF	0x0	0x0			npu_pci_dma_sw_init_device	0x67d4	0x30c	symbol_size	0x6b70		direct_call_BL	0x94000000	outgoing	
.local/legacy-firmware/work/extract/stock-rootfs/lib/modules/5.4.55/mtk_pci.ko	c71b2073eeb2498c05c5e42bb5ceaf3df664cff42bf0b0740eb6152458e0857b	.rela.text	1002	.text	0x6b28	0x6b28	0x6b88	R_AARCH64_CALL26	host_notify_npuMbox	138	1	STT_NOTYPE	SHN_UNDEF	0x0	0x0			npu_pci_dma_sw_init_device	0x67d4	0x354	symbol_size	0x6b70		direct_call_BL	0x94000000	outgoing	
.local/legacy-firmware/work/extract/stock-rootfs/lib/modules/5.4.55/mtk_pci.ko	c71b2073eeb2498c05c5e42bb5ceaf3df664cff42bf0b0740eb6152458e0857b	.rela.text	1003	.text	0x6b44	0x6b44	0x6ba4	R_AARCH64_CALL26	dma_free_attrs	183	1	STT_NOTYPE	SHN_UNDEF	0x0	0x0			npu_pci_dma_sw_init_device	0x67d4	0x370	symbol_size	0x6b70		direct_call_BL	0x94000000	outgoing	
.local/legacy-firmware/work/extract/stock-rootfs/lib/modules/5.4.55/mtk_pci.ko	c71b2073eeb2498c05c5e42bb5ceaf3df664cff42bf0b0740eb6152458e0857b	.rela.text	1004	.text	0x6b54	0x6b54	0x6bb4	R_AARCH64_ADR_PREL_PG_HI21		6	0	STT_SECTION	.rodata.str1.8	0x0	0xfe0		0xfe0	npu_pci_dma_sw_init_device	0x67d4	0x380	symbol_size	0x6b70		executable_reference	0x90000000	outgoing	
.local/legacy-firmware/work/extract/stock-rootfs/lib/modules/5.4.55/mtk_pci.ko	c71b2073eeb2498c05c5e42bb5ceaf3df664cff42bf0b0740eb6152458e0857b	.rela.text	1005	.text	0x6b58	0x6b58	0x6bb8	R_AARCH64_ADD_ABS_LO12_NC		6	0	STT_SECTION	.rodata.str1.8	0x0	0xfe0		0xfe0	npu_pci_dma_sw_init_device	0x67d4	0x384	symbol_size	0x6b70		executable_reference	0x91000000	outgoing	
.local/legacy-firmware/work/extract/stock-rootfs/lib/modules/5.4.55/mtk_pci.ko	c71b2073eeb2498c05c5e42bb5ceaf3df664cff42bf0b0740eb6152458e0857b	.rela.text	1006	.text	0x6b5c	0x6b5c	0x6bbc	R_AARCH64_CALL26	printk	173	1	STT_NOTYPE	SHN_UNDEF	0x0	0x0			npu_pci_dma_sw_init_device	0x67d4	0x388	symbol_size	0x6b70		direct_call_BL	0x94000000	outgoing	
.local/legacy-firmware/work/extract/stock-rootfs/lib/modules/5.4.55/mtk_pci.ko	c71b2073eeb2498c05c5e42bb5ceaf3df664cff42bf0b0740eb6152458e0857b	.rela.text	1007	.text	0x6bd8	0x6bd8	0x6c38	R_AARCH64_ADR_PREL_PG_HI21	glb_npu_en_rx	137	1	STT_NOTYPE	SHN_UNDEF	0x0	0x0			npu_rro_init_ind_cmd_queue	0x6bd4	0x4	symbol_size	0x6f64		executable_reference	0x90000002	outgoing	
.local/legacy-firmware/work/extract/stock-rootfs/lib/modules/5.4.55/mtk_pci.ko	c71b2073eeb2498c05c5e42bb5ceaf3df664cff42bf0b0740eb6152458e0857b	.rela.text	1008	.text	0x6be8	0x6be8	0x6c48	R_AARCH64_LDST8_ABS_LO12_NC	glb_npu_en_rx	137	1	STT_NOTYPE	SHN_UNDEF	0x0	0x0			npu_rro_init_ind_cmd_queue	0x6bd4	0x14	symbol_size	0x6f64		executable_reference	0x39400041	outgoing	
.local/legacy-firmware/work/extract/stock-rootfs/lib/modules/5.4.55/mtk_pci.ko	c71b2073eeb2498c05c5e42bb5ceaf3df664cff42bf0b0740eb6152458e0857b	.rela.text	1009	.text	0x6c64	0x6c64	0x6cc4	R_AARCH64_ADR_PREL_PG_HI21		5	0	STT_SECTION	.rodata	0x0	0x130		0x130	npu_rro_init_ind_cmd_queue	0x6bd4	0x90	symbol_size	0x6f64		executable_reference	0x90000016	outgoing	
.local/legacy-firmware/work/extract/stock-rootfs/lib/modules/5.4.55/mtk_pci.ko	c71b2073eeb2498c05c5e42bb5ceaf3df664cff42bf0b0740eb6152458e0857b	.rela.text	1010	.text	0x6c68	0x6c68	0x6cc8	R_AARCH64_ADD_ABS_LO12_NC		5	0	STT_SECTION	.rodata	0x0	0x130		0x130	npu_rro_init_ind_cmd_queue	0x6bd4	0x94	symbol_size	0x6f64		executable_reference	0x910002d6	outgoing	
.local/legacy-firmware/work/extract/stock-rootfs/lib/modules/5.4.55/mtk_pci.ko	c71b2073eeb2498c05c5e42bb5ceaf3df664cff42bf0b0740eb6152458e0857b	.rela.text	1011	.text	0x6c80	0x6c80	0x6ce0	R_AARCH64_ADR_PREL_PG_HI21		6	0	STT_SECTION	.rodata.str1.8	0x0	0x1038		0x1038	npu_rro_init_ind_cmd_queue	0x6bd4	0xac	symbol_size	0x6f64		executable_reference	0x90000000	outgoing	
.local/legacy-firmware/work/extract/stock-rootfs/lib/modules/5.4.55/mtk_pci.ko	c71b2073eeb2498c05c5e42bb5ceaf3df664cff42bf0b0740eb6152458e0857b	.rela.text	1012	.text	0x6c88	0x6c88	0x6ce8	R_AARCH64_ADD_ABS_LO12_NC		6	0	STT_SECTION	.rodata.str1.8	0x0	0x1038		0x1038	npu_rro_init_ind_cmd_queue	0x6bd4	0xb4	symbol_size	0x6f64		executable_reference	0x91000000	outgoing	
.local/legacy-firmware/work/extract/stock-rootfs/lib/modules/5.4.55/mtk_pci.ko	c71b2073eeb2498c05c5e42bb5ceaf3df664cff42bf0b0740eb6152458e0857b	.rela.text	1013	.text	0x6ca4	0x6ca4	0x6d04	R_AARCH64_CALL26	printk	173	1	STT_NOTYPE	SHN_UNDEF	0x0	0x0			npu_rro_init_ind_cmd_queue	0x6bd4	0xd0	symbol_size	0x6f64		direct_call_BL	0x94000000	outgoing	
.local/legacy-firmware/work/extract/stock-rootfs/lib/modules/5.4.55/mtk_pci.ko	c71b2073eeb2498c05c5e42bb5ceaf3df664cff42bf0b0740eb6152458e0857b	.rela.text	1014	.text	0x6ca8	0x6ca8	0x6d08	R_AARCH64_ADR_PREL_PG_HI21	arht_pdev_pci	75	0	STT_OBJECT	.bss	0x8	0x0		0x8	npu_rro_init_ind_cmd_queue	0x6bd4	0xd4	symbol_size	0x6f64		executable_reference	0x90000001	outgoing	
.local/legacy-firmware/work/extract/stock-rootfs/lib/modules/5.4.55/mtk_pci.ko	c71b2073eeb2498c05c5e42bb5ceaf3df664cff42bf0b0740eb6152458e0857b	.rela.text	1015	.text	0x6cb4	0x6cb4	0x6d14	R_AARCH64_LDST64_ABS_LO12_NC	arht_pdev_pci	75	0	STT_OBJECT	.bss	0x8	0x0		0x8	npu_rro_init_ind_cmd_queue	0x6bd4	0xe0	symbol_size	0x6f64		executable_reference	0xf9400021	outgoing	
.local/legacy-firmware/work/extract/stock-rootfs/lib/modules/5.4.55/mtk_pci.ko	c71b2073eeb2498c05c5e42bb5ceaf3df664cff42bf0b0740eb6152458e0857b	.rela.text	1016	.text	0x6cd8	0x6cd8	0x6d38	R_AARCH64_CALL26	get_ecnt_npu_dev	182	1	STT_NOTYPE	SHN_UNDEF	0x0	0x0			npu_rro_init_ind_cmd_queue	0x6bd4	0x104	symbol_size	0x6f64		direct_call_BL	0x94000000	outgoing	
.local/legacy-firmware/work/extract/stock-rootfs/lib/modules/5.4.55/mtk_pci.ko	c71b2073eeb2498c05c5e42bb5ceaf3df664cff42bf0b0740eb6152458e0857b	.rela.text	1017	.text	0x6ce4	0x6ce4	0x6d44	R_AARCH64_ADR_PREL_PG_HI21		6	0	STT_SECTION	.rodata.str1.8	0x0	0x8d8		0x8d8	npu_rro_init_ind_cmd_queue	0x6bd4	0x110	symbol_size	0x6f64		executable_reference	0x90000000	outgoing	
.local/legacy-firmware/work/extract/stock-rootfs/lib/modules/5.4.55/mtk_pci.ko	c71b2073eeb2498c05c5e42bb5ceaf3df664cff42bf0b0740eb6152458e0857b	.rela.text	1018	.text	0x6cec	0x6cec	0x6d4c	R_AARCH64_ADD_ABS_LO12_NC		6	0	STT_SECTION	.rodata.str1.8	0x0	0x8d8		0x8d8	npu_rro_init_ind_cmd_queue	0x6bd4	0x118	symbol_size	0x6f64		executable_reference	0x91000000	outgoing	
.local/legacy-firmware/work/extract/stock-rootfs/lib/modules/5.4.55/mtk_pci.ko	c71b2073eeb2498c05c5e42bb5ceaf3df664cff42bf0b0740eb6152458e0857b	.rela.text	1019	.text	0x6cf0	0x6cf0	0x6d50	R_AARCH64_CALL26	printk	173	1	STT_NOTYPE	SHN_UNDEF	0x0	0x0			npu_rro_init_ind_cmd_queue	0x6bd4	0x11c	symbol_size	0x6f64		direct_call_BL	0x94000000	outgoing	
.local/legacy-firmware/work/extract/stock-rootfs/lib/modules/5.4.55/mtk_pci.ko	c71b2073eeb2498c05c5e42bb5ceaf3df664cff42bf0b0740eb6152458e0857b	.rela.text	1020	.text	0x6cf8	0x6cf8	0x6d58	R_AARCH64_ADR_PREL_PG_HI21		6	0	STT_SECTION	.rodata.str1.8	0x0	0xd88		0xd88	npu_rro_init_ind_cmd_queue	0x6bd4	0x124	symbol_size	0x6f64		executable_reference	0x90000001	outgoing	
.local/legacy-firmware/work/extract/stock-rootfs/lib/modules/5.4.55/mtk_pci.ko	c71b2073eeb2498c05c5e42bb5ceaf3df664cff42bf0b0740eb6152458e0857b	.rela.text	1021	.text	0x6d00	0x6d00	0x6d60	R_AARCH64_ADD_ABS_LO12_NC		6	0	STT_SECTION	.rodata.str1.8	0x0	0xd88		0xd88	npu_rro_init_ind_cmd_queue	0x6bd4	0x12c	symbol_size	0x6f64		executable_reference	0x91000021	outgoing	
.local/legacy-firmware/work/extract/stock-rootfs/lib/modules/5.4.55/mtk_pci.ko	c71b2073eeb2498c05c5e42bb5ceaf3df664cff42bf0b0740eb6152458e0857b	.rela.text	1022	.text	0x6d04	0x6d04	0x6d64	R_AARCH64_CALL26	_dev_info	155	1	STT_NOTYPE	SHN_UNDEF	0x0	0x0			npu_rro_init_ind_cmd_queue	0x6bd4	0x130	symbol_size	0x6f64		direct_call_BL	0x94000000	outgoing	
.local/legacy-firmware/work/extract/stock-rootfs/lib/modules/5.4.55/mtk_pci.ko	c71b2073eeb2498c05c5e42bb5ceaf3df664cff42bf0b0740eb6152458e0857b	.rela.text	1023	.text	0x6d28	0x6d28	0x6d88	R_AARCH64_CALL26	get_ecnt_npu_dev	182	1	STT_NOTYPE	SHN_UNDEF	0x0	0x0			npu_rro_init_ind_cmd_queue	0x6bd4	0x154	symbol_size	0x6f64		direct_call_BL	0x94000000	outgoing	
.local/legacy-firmware/work/extract/stock-rootfs/lib/modules/5.4.55/mtk_pci.ko	c71b2073eeb2498c05c5e42bb5ceaf3df664cff42bf0b0740eb6152458e0857b	.rela.text	1024	.text	0x6d34	0x6d34	0x6d94	R_AARCH64_ADR_PREL_PG_HI21		6	0	STT_SECTION	.rodata.str1.8	0x0	0x8d8		0x8d8	npu_rro_init_ind_cmd_queue	0x6bd4	0x160	symbol_size	0x6f64		executable_reference	0x90000000	outgoing	
.local/legacy-firmware/work/extract/stock-rootfs/lib/modules/5.4.55/mtk_pci.ko	c71b2073eeb2498c05c5e42bb5ceaf3df664cff42bf0b0740eb6152458e0857b	.rela.text	1025	.text	0x6d38	0x6d38	0x6d98	R_AARCH64_ADD_ABS_LO12_NC		6	0	STT_SECTION	.rodata.str1.8	0x0	0x8d8		0x8d8	npu_rro_init_ind_cmd_queue	0x6bd4	0x164	symbol_size	0x6f64		executable_reference	0x91000000	outgoing	
.local/legacy-firmware/work/extract/stock-rootfs/lib/modules/5.4.55/mtk_pci.ko	c71b2073eeb2498c05c5e42bb5ceaf3df664cff42bf0b0740eb6152458e0857b	.rela.text	1026	.text	0x6d3c	0x6d3c	0x6d9c	R_AARCH64_CALL26	printk	173	1	STT_NOTYPE	SHN_UNDEF	0x0	0x0			npu_rro_init_ind_cmd_queue	0x6bd4	0x168	symbol_size	0x6f64		direct_call_BL	0x94000000	outgoing	
.local/legacy-firmware/work/extract/stock-rootfs/lib/modules/5.4.55/mtk_pci.ko	c71b2073eeb2498c05c5e42bb5ceaf3df664cff42bf0b0740eb6152458e0857b	.rela.text	1027	.text	0x6d44	0x6d44	0x6da4	R_AARCH64_ADR_PREL_PG_HI21		6	0	STT_SECTION	.rodata.str1.8	0x0	0xd08		0xd08	npu_rro_init_ind_cmd_queue	0x6bd4	0x170	symbol_size	0x6f64		executable_reference	0x90000001	outgoing	
.local/legacy-firmware/work/extract/stock-rootfs/lib/modules/5.4.55/mtk_pci.ko	c71b2073eeb2498c05c5e42bb5ceaf3df664cff42bf0b0740eb6152458e0857b	.rela.text	1028	.text	0x6d4c	0x6d4c	0x6dac	R_AARCH64_ADD_ABS_LO12_NC		6	0	STT_SECTION	.rodata.str1.8	0x0	0xd08		0xd08	npu_rro_init_ind_cmd_queue	0x6bd4	0x178	symbol_size	0x6f64		executable_reference	0x91000021	outgoing	
.local/legacy-firmware/work/extract/stock-rootfs/lib/modules/5.4.55/mtk_pci.ko	c71b2073eeb2498c05c5e42bb5ceaf3df664cff42bf0b0740eb6152458e0857b	.rela.text	1029	.text	0x6d50	0x6d50	0x6db0	R_AARCH64_CALL26	_dev_info	155	1	STT_NOTYPE	SHN_UNDEF	0x0	0x0			npu_rro_init_ind_cmd_queue	0x6bd4	0x17c	symbol_size	0x6f64		direct_call_BL	0x94000000	outgoing	
.local/legacy-firmware/work/extract/stock-rootfs/lib/modules/5.4.55/mtk_pci.ko	c71b2073eeb2498c05c5e42bb5ceaf3df664cff42bf0b0740eb6152458e0857b	.rela.text	1030	.text	0x6d80	0x6d80	0x6de0	R_AARCH64_ADR_PREL_PG_HI21		6	0	STT_SECTION	.rodata.str1.8	0x0	0xdc0		0xdc0	npu_rro_init_ind_cmd_queue	0x6bd4	0x1ac	symbol_size	0x6f64		executable_reference	0x90000001	outgoing	
.local/legacy-firmware/work/extract/stock-rootfs/lib/modules/5.4.55/mtk_pci.ko	c71b2073eeb2498c05c5e42bb5ceaf3df664cff42bf0b0740eb6152458e0857b	.rela.text	1031	.text	0x6d88	0x6d88	0x6de8	R_AARCH64_ADD_ABS_LO12_NC		6	0	STT_SECTION	.rodata.str1.8	0x0	0xdc0		0xdc0	npu_rro_init_ind_cmd_queue	0x6bd4	0x1b4	symbol_size	0x6f64		executable_reference	0x91000021	outgoing	
.local/legacy-firmware/work/extract/stock-rootfs/lib/modules/5.4.55/mtk_pci.ko	c71b2073eeb2498c05c5e42bb5ceaf3df664cff42bf0b0740eb6152458e0857b	.rela.text	1032	.text	0x6d8c	0x6d8c	0x6dec	R_AARCH64_CALL26	_dev_info	155	1	STT_NOTYPE	SHN_UNDEF	0x0	0x0			npu_rro_init_ind_cmd_queue	0x6bd4	0x1b8	symbol_size	0x6f64		direct_call_BL	0x94000000	outgoing	
.local/legacy-firmware/work/extract/stock-rootfs/lib/modules/5.4.55/mtk_pci.ko	c71b2073eeb2498c05c5e42bb5ceaf3df664cff42bf0b0740eb6152458e0857b	.rela.text	1033	.text	0x6db8	0x6db8	0x6e18	R_AARCH64_CALL26	__ioremap	163	1	STT_NOTYPE	SHN_UNDEF	0x0	0x0			npu_rro_init_ind_cmd_queue	0x6bd4	0x1e4	symbol_size	0x6f64		direct_call_BL	0x94000000	outgoing	
.local/legacy-firmware/work/extract/stock-rootfs/lib/modules/5.4.55/mtk_pci.ko	c71b2073eeb2498c05c5e42bb5ceaf3df664cff42bf0b0740eb6152458e0857b	.rela.text	1034	.text	0x6e10	0x6e10	0x6e70	R_AARCH64_CALL26	dma_alloc_attrs	169	1	STT_NOTYPE	SHN_UNDEF	0x0	0x0			npu_rro_init_ind_cmd_queue	0x6bd4	0x23c	symbol_size	0x6f64		direct_call_BL	0x94000000	outgoing	
.local/legacy-firmware/work/extract/stock-rootfs/lib/modules/5.4.55/mtk_pci.ko	c71b2073eeb2498c05c5e42bb5ceaf3df664cff42bf0b0740eb6152458e0857b	.rela.text	1035	.text	0x6e30	0x6e30	0x6e90	R_AARCH64_CALL26	memset	176	1	STT_NOTYPE	SHN_UNDEF	0x0	0x0			npu_rro_init_ind_cmd_queue	0x6bd4	0x25c	symbol_size	0x6f64		direct_call_BL	0x94000000	outgoing	
.local/legacy-firmware/work/extract/stock-rootfs/lib/modules/5.4.55/mtk_pci.ko	c71b2073eeb2498c05c5e42bb5ceaf3df664cff42bf0b0740eb6152458e0857b	.rela.text	1036	.text	0x6e6c	0x6e6c	0x6ecc	R_AARCH64_CALL26	host_notify_npuMbox	138	1	STT_NOTYPE	SHN_UNDEF	0x0	0x0			npu_rro_init_ind_cmd_queue	0x6bd4	0x298	symbol_size	0x6f64		direct_call_BL	0x94000000	outgoing	
.local/legacy-firmware/work/extract/stock-rootfs/lib/modules/5.4.55/mtk_pci.ko	c71b2073eeb2498c05c5e42bb5ceaf3df664cff42bf0b0740eb6152458e0857b	.rela.text	1037	.text	0x6e88	0x6e88	0x6ee8	R_AARCH64_CALL26	dma_free_attrs	183	1	STT_NOTYPE	SHN_UNDEF	0x0	0x0			npu_rro_init_ind_cmd_queue	0x6bd4	0x2b4	symbol_size	0x6f64		direct_call_BL	0x94000000	outgoing	
.local/legacy-firmware/work/extract/stock-rootfs/lib/modules/5.4.55/mtk_pci.ko	c71b2073eeb2498c05c5e42bb5ceaf3df664cff42bf0b0740eb6152458e0857b	.rela.text	1038	.text	0x6e94	0x6e94	0x6ef4	R_AARCH64_ADR_PREL_PG_HI21		6	0	STT_SECTION	.rodata.str1.8	0x0	0xd38		0xd38	npu_rro_init_ind_cmd_queue	0x6bd4	0x2c0	symbol_size	0x6f64		executable_reference	0x90000000	outgoing	
.local/legacy-firmware/work/extract/stock-rootfs/lib/modules/5.4.55/mtk_pci.ko	c71b2073eeb2498c05c5e42bb5ceaf3df664cff42bf0b0740eb6152458e0857b	.rela.text	1039	.text	0x6e98	0x6e98	0x6ef8	R_AARCH64_ADD_ABS_LO12_NC		6	0	STT_SECTION	.rodata.str1.8	0x0	0xd38		0xd38	npu_rro_init_ind_cmd_queue	0x6bd4	0x2c4	symbol_size	0x6f64		executable_reference	0x91000000	outgoing	
.local/legacy-firmware/work/extract/stock-rootfs/lib/modules/5.4.55/mtk_pci.ko	c71b2073eeb2498c05c5e42bb5ceaf3df664cff42bf0b0740eb6152458e0857b	.rela.text	1040	.text	0x6e9c	0x6e9c	0x6efc	R_AARCH64_CALL26	printk	173	1	STT_NOTYPE	SHN_UNDEF	0x0	0x0			npu_rro_init_ind_cmd_queue	0x6bd4	0x2c8	symbol_size	0x6f64		direct_call_BL	0x94000000	outgoing	
.local/legacy-firmware/work/extract/stock-rootfs/lib/modules/5.4.55/mtk_pci.ko	c71b2073eeb2498c05c5e42bb5ceaf3df664cff42bf0b0740eb6152458e0857b	.rela.text	1041	.text	0x6ebc	0x6ebc	0x6f1c	R_AARCH64_CALL26	dma_alloc_attrs	169	1	STT_NOTYPE	SHN_UNDEF	0x0	0x0			npu_rro_init_ind_cmd_queue	0x6bd4	0x2e8	symbol_size	0x6f64		direct_call_BL	0x94000000	outgoing	
.local/legacy-firmware/work/extract/stock-rootfs/lib/modules/5.4.55/mtk_pci.ko	c71b2073eeb2498c05c5e42bb5ceaf3df664cff42bf0b0740eb6152458e0857b	.rela.text	1042	.text	0x6ed8	0x6ed8	0x6f38	R_AARCH64_CALL26	memset	176	1	STT_NOTYPE	SHN_UNDEF	0x0	0x0			npu_rro_init_ind_cmd_queue	0x6bd4	0x304	symbol_size	0x6f64		direct_call_BL	0x94000000	outgoing	
.local/legacy-firmware/work/extract/stock-rootfs/lib/modules/5.4.55/mtk_pci.ko	c71b2073eeb2498c05c5e42bb5ceaf3df664cff42bf0b0740eb6152458e0857b	.rela.text	1043	.text	0x6f18	0x6f18	0x6f78	R_AARCH64_CALL26	host_notify_npuMbox	138	1	STT_NOTYPE	SHN_UNDEF	0x0	0x0			npu_rro_init_ind_cmd_queue	0x6bd4	0x344	symbol_size	0x6f64		direct_call_BL	0x94000000	outgoing	
.local/legacy-firmware/work/extract/stock-rootfs/lib/modules/5.4.55/mtk_pci.ko	c71b2073eeb2498c05c5e42bb5ceaf3df664cff42bf0b0740eb6152458e0857b	.rela.text	1044	.text	0x6f34	0x6f34	0x6f94	R_AARCH64_CALL26	dma_free_attrs	183	1	STT_NOTYPE	SHN_UNDEF	0x0	0x0			npu_rro_init_ind_cmd_queue	0x6bd4	0x360	symbol_size	0x6f64		direct_call_BL	0x94000000	outgoing	
.local/legacy-firmware/work/extract/stock-rootfs/lib/modules/5.4.55/mtk_pci.ko	c71b2073eeb2498c05c5e42bb5ceaf3df664cff42bf0b0740eb6152458e0857b	.rela.text	1045	.text	0x6f40	0x6f40	0x6fa0	R_AARCH64_ADR_PREL_PG_HI21		6	0	STT_SECTION	.rodata.str1.8	0x0	0xce0		0xce0	npu_rro_init_ind_cmd_queue	0x6bd4	0x36c	symbol_size	0x6f64		executable_reference	0x90000000	outgoing	
.local/legacy-firmware/work/extract/stock-rootfs/lib/modules/5.4.55/mtk_pci.ko	c71b2073eeb2498c05c5e42bb5ceaf3df664cff42bf0b0740eb6152458e0857b	.rela.text	1046	.text	0x6f44	0x6f44	0x6fa4	R_AARCH64_ADD_ABS_LO12_NC		6	0	STT_SECTION	.rodata.str1.8	0x0	0xce0		0xce0	npu_rro_init_ind_cmd_queue	0x6bd4	0x370	symbol_size	0x6f64		executable_reference	0x91000000	outgoing	
.local/legacy-firmware/work/extract/stock-rootfs/lib/modules/5.4.55/mtk_pci.ko	c71b2073eeb2498c05c5e42bb5ceaf3df664cff42bf0b0740eb6152458e0857b	.rela.text	1047	.text	0x6f48	0x6f48	0x6fa8	R_AARCH64_CALL26	printk	173	1	STT_NOTYPE	SHN_UNDEF	0x0	0x0			npu_rro_init_ind_cmd_queue	0x6bd4	0x374	symbol_size	0x6f64		direct_call_BL	0x94000000	outgoing	
.local/legacy-firmware/work/extract/stock-rootfs/lib/modules/5.4.55/mtk_pci.ko	c71b2073eeb2498c05c5e42bb5ceaf3df664cff42bf0b0740eb6152458e0857b	.rela.text	1114	.text	0x7458	0x7458	0x74b8	R_AARCH64_CALL26		4	0	STT_SECTION	.text.unlikely	0x0	0x320	unnamed@.text.unlikely+0x320	0x320	npu_assign_trans	0x73d0	0x88	symbol_size	0x747c		direct_call_BL	0x94000000	incoming	
.local/legacy-firmware/work/extract/stock-rootfs/lib/modules/5.4.55/mtk_pci.ko	c71b2073eeb2498c05c5e42bb5ceaf3df664cff42bf0b0740eb6152458e0857b	.rela.text	1515	.text	0xa2f4	0xa2f4	0xa354	R_AARCH64_ADR_PREL_PG_HI21	glb_npu_en_rx	137	1	STT_NOTYPE	SHN_UNDEF	0x0	0x0			init_rro_addr_elem_by_seid	0xa2f0	0x4	symbol_size	0xa4b8		executable_reference	0x90000002	outgoing	
.local/legacy-firmware/work/extract/stock-rootfs/lib/modules/5.4.55/mtk_pci.ko	c71b2073eeb2498c05c5e42bb5ceaf3df664cff42bf0b0740eb6152458e0857b	.rela.text	1516	.text	0xa304	0xa304	0xa364	R_AARCH64_LDST8_ABS_LO12_NC	glb_npu_en_rx	137	1	STT_NOTYPE	SHN_UNDEF	0x0	0x0			init_rro_addr_elem_by_seid	0xa2f0	0x14	symbol_size	0xa4b8		executable_reference	0x39400040	outgoing	
.local/legacy-firmware/work/extract/stock-rootfs/lib/modules/5.4.55/mtk_pci.ko	c71b2073eeb2498c05c5e42bb5ceaf3df664cff42bf0b0740eb6152458e0857b	.rela.text	1517	.text	0xa3a8	0xa3a8	0xa408	R_AARCH64_CALL26	get_ecnt_npu_dev	182	1	STT_NOTYPE	SHN_UNDEF	0x0	0x0			init_rro_addr_elem_by_seid	0xa2f0	0xb8	symbol_size	0xa4b8		direct_call_BL	0x94000000	outgoing	
.local/legacy-firmware/work/extract/stock-rootfs/lib/modules/5.4.55/mtk_pci.ko	c71b2073eeb2498c05c5e42bb5ceaf3df664cff42bf0b0740eb6152458e0857b	.rela.text	1518	.text	0xa3c8	0xa3c8	0xa428	R_AARCH64_CALL26	dma_alloc_attrs	169	1	STT_NOTYPE	SHN_UNDEF	0x0	0x0			init_rro_addr_elem_by_seid	0xa2f0	0xd8	symbol_size	0xa4b8		direct_call_BL	0x94000000	outgoing	
.local/legacy-firmware/work/extract/stock-rootfs/lib/modules/5.4.55/mtk_pci.ko	c71b2073eeb2498c05c5e42bb5ceaf3df664cff42bf0b0740eb6152458e0857b	.rela.text	1519	.text	0xa3e4	0xa3e4	0xa444	R_AARCH64_CALL26	memset	176	1	STT_NOTYPE	SHN_UNDEF	0x0	0x0			init_rro_addr_elem_by_seid	0xa2f0	0xf4	symbol_size	0xa4b8		direct_call_BL	0x94000000	outgoing	
.local/legacy-firmware/work/extract/stock-rootfs/lib/modules/5.4.55/mtk_pci.ko	c71b2073eeb2498c05c5e42bb5ceaf3df664cff42bf0b0740eb6152458e0857b	.rela.text	1520	.text	0xa424	0xa424	0xa484	R_AARCH64_CALL26	host_notify_npuMbox	138	1	STT_NOTYPE	SHN_UNDEF	0x0	0x0			init_rro_addr_elem_by_seid	0xa2f0	0x134	symbol_size	0xa4b8		direct_call_BL	0x94000000	outgoing	
.local/legacy-firmware/work/extract/stock-rootfs/lib/modules/5.4.55/mtk_pci.ko	c71b2073eeb2498c05c5e42bb5ceaf3df664cff42bf0b0740eb6152458e0857b	.rela.text	1521	.text	0xa440	0xa440	0xa4a0	R_AARCH64_CALL26	dma_free_attrs	183	1	STT_NOTYPE	SHN_UNDEF	0x0	0x0			init_rro_addr_elem_by_seid	0xa2f0	0x150	symbol_size	0xa4b8		direct_call_BL	0x94000000	outgoing	
.local/legacy-firmware/work/extract/stock-rootfs/lib/modules/5.4.55/mtk_pci.ko	c71b2073eeb2498c05c5e42bb5ceaf3df664cff42bf0b0740eb6152458e0857b	.rela.text	1522	.text	0xa464	0xa464	0xa4c4	R_AARCH64_ADR_PREL_PG_HI21		6	0	STT_SECTION	.rodata.str1.8	0x0	0x1fe0		0x1fe0	init_rro_addr_elem_by_seid	0xa2f0	0x174	symbol_size	0xa4b8		executable_reference	0x90000000	outgoing	
.local/legacy-firmware/work/extract/stock-rootfs/lib/modules/5.4.55/mtk_pci.ko	c71b2073eeb2498c05c5e42bb5ceaf3df664cff42bf0b0740eb6152458e0857b	.rela.text	1523	.text	0xa468	0xa468	0xa4c8	R_AARCH64_ADD_ABS_LO12_NC		6	0	STT_SECTION	.rodata.str1.8	0x0	0x1fe0		0x1fe0	init_rro_addr_elem_by_seid	0xa2f0	0x178	symbol_size	0xa4b8		executable_reference	0x91000000	outgoing	
.local/legacy-firmware/work/extract/stock-rootfs/lib/modules/5.4.55/mtk_pci.ko	c71b2073eeb2498c05c5e42bb5ceaf3df664cff42bf0b0740eb6152458e0857b	.rela.text	1524	.text	0xa46c	0xa46c	0xa4cc	R_AARCH64_CALL26	printk	173	1	STT_NOTYPE	SHN_UNDEF	0x0	0x0			init_rro_addr_elem_by_seid	0xa2f0	0x17c	symbol_size	0xa4b8		direct_call_BL	0x94000000	outgoing	
.local/legacy-firmware/work/extract/stock-rootfs/lib/modules/5.4.55/mtk_pci.ko	c71b2073eeb2498c05c5e42bb5ceaf3df664cff42bf0b0740eb6152458e0857b	.rela.text	1525	.text	0xa474	0xa474	0xa4d4	R_AARCH64_ADR_PREL_PG_HI21		5	0	STT_SECTION	.rodata	0x0	0x3a8		0x3a8	init_rro_addr_elem_by_seid	0xa2f0	0x184	symbol_size	0xa4b8		executable_reference	0x90000002	outgoing	
.local/legacy-firmware/work/extract/stock-rootfs/lib/modules/5.4.55/mtk_pci.ko	c71b2073eeb2498c05c5e42bb5ceaf3df664cff42bf0b0740eb6152458e0857b	.rela.text	1526	.text	0xa478	0xa478	0xa4d8	R_AARCH64_ADD_ABS_LO12_NC		5	0	STT_SECTION	.rodata	0x0	0x3a8		0x3a8	init_rro_addr_elem_by_seid	0xa2f0	0x188	symbol_size	0xa4b8		executable_reference	0x91000042	outgoing	
.local/legacy-firmware/work/extract/stock-rootfs/lib/modules/5.4.55/mtk_pci.ko	c71b2073eeb2498c05c5e42bb5ceaf3df664cff42bf0b0740eb6152458e0857b	.rela.text	1527	.text	0xa47c	0xa47c	0xa4dc	R_AARCH64_ADR_PREL_PG_HI21		6	0	STT_SECTION	.rodata.str1.8	0x0	0x2048		0x2048	init_rro_addr_elem_by_seid	0xa2f0	0x18c	symbol_size	0xa4b8		executable_reference	0x90000001	outgoing	
.local/legacy-firmware/work/extract/stock-rootfs/lib/modules/5.4.55/mtk_pci.ko	c71b2073eeb2498c05c5e42bb5ceaf3df664cff42bf0b0740eb6152458e0857b	.rela.text	1528	.text	0xa484	0xa484	0xa4e4	R_AARCH64_ADD_ABS_LO12_NC		6	0	STT_SECTION	.rodata.str1.8	0x0	0x2048		0x2048	init_rro_addr_elem_by_seid	0xa2f0	0x194	symbol_size	0xa4b8		executable_reference	0x91000021	outgoing	
.local/legacy-firmware/work/extract/stock-rootfs/lib/modules/5.4.55/mtk_pci.ko	c71b2073eeb2498c05c5e42bb5ceaf3df664cff42bf0b0740eb6152458e0857b	.rela.text	1529	.text	0xa488	0xa488	0xa4e8	R_AARCH64_CALL26	_dev_info	155	1	STT_NOTYPE	SHN_UNDEF	0x0	0x0			init_rro_addr_elem_by_seid	0xa2f0	0x198	symbol_size	0xa4b8		direct_call_BL	0x94000000	outgoing	
.local/legacy-firmware/work/extract/stock-rootfs/lib/modules/5.4.55/mtk_pci.ko	c71b2073eeb2498c05c5e42bb5ceaf3df664cff42bf0b0740eb6152458e0857b	.rela.text	1530	.text	0xa498	0xa498	0xa4f8	R_AARCH64_ADR_PREL_PG_HI21		6	0	STT_SECTION	.rodata.str1.8	0x0	0x2000		0x2000	init_rro_addr_elem_by_seid	0xa2f0	0x1a8	symbol_size	0xa4b8		executable_reference	0x90000000	outgoing	
.local/legacy-firmware/work/extract/stock-rootfs/lib/modules/5.4.55/mtk_pci.ko	c71b2073eeb2498c05c5e42bb5ceaf3df664cff42bf0b0740eb6152458e0857b	.rela.text	1531	.text	0xa4a0	0xa4a0	0xa500	R_AARCH64_ADD_ABS_LO12_NC		6	0	STT_SECTION	.rodata.str1.8	0x0	0x2000		0x2000	init_rro_addr_elem_by_seid	0xa2f0	0x1b0	symbol_size	0xa4b8		executable_reference	0x91000000	outgoing	
.local/legacy-firmware/work/extract/stock-rootfs/lib/modules/5.4.55/mtk_pci.ko	c71b2073eeb2498c05c5e42bb5ceaf3df664cff42bf0b0740eb6152458e0857b	.rela.text	1532	.text	0xa4ac	0xa4ac	0xa50c	R_AARCH64_CALL26	printk	173	1	STT_NOTYPE	SHN_UNDEF	0x0	0x0			init_rro_addr_elem_by_seid	0xa2f0	0x1bc	symbol_size	0xa4b8		direct_call_BL	0x94000000	outgoing	
.local/legacy-firmware/work/extract/stock-rootfs/lib/modules/5.4.55/mtk_pci.ko	c71b2073eeb2498c05c5e42bb5ceaf3df664cff42bf0b0740eb6152458e0857b	.rela.text	1544	.text	0xa6a8	0xa6a8	0xa708	R_AARCH64_CALL26	dma_alloc_attrs	169	1	STT_NOTYPE	SHN_UNDEF	0x0	0x0			rro_sw_init	0xa670	0x38	symbol_size	0xacc0		direct_call_BL	0x94000000	outgoing	
.local/legacy-firmware/work/extract/stock-rootfs/lib/modules/5.4.55/mtk_pci.ko	c71b2073eeb2498c05c5e42bb5ceaf3df664cff42bf0b0740eb6152458e0857b	.rela.text	1545	.text	0xa6c8	0xa6c8	0xa728	R_AARCH64_CALL26	dma_alloc_attrs	169	1	STT_NOTYPE	SHN_UNDEF	0x0	0x0			rro_sw_init	0xa670	0x58	symbol_size	0xacc0		direct_call_BL	0x94000000	outgoing	
.local/legacy-firmware/work/extract/stock-rootfs/lib/modules/5.4.55/mtk_pci.ko	c71b2073eeb2498c05c5e42bb5ceaf3df664cff42bf0b0740eb6152458e0857b	.rela.text	1546	.text	0xa720	0xa720	0xa780	R_AARCH64_ADR_PREL_PG_HI21		5	0	STT_SECTION	.rodata	0x0	0x3a8		0x3a8	rro_sw_init	0xa670	0xb0	symbol_size	0xacc0		executable_reference	0x90000018	outgoing	
.local/legacy-firmware/work/extract/stock-rootfs/lib/modules/5.4.55/mtk_pci.ko	c71b2073eeb2498c05c5e42bb5ceaf3df664cff42bf0b0740eb6152458e0857b	.rela.text	1547	.text	0xa724	0xa724	0xa784	R_AARCH64_ADD_ABS_LO12_NC		5	0	STT_SECTION	.rodata	0x0	0x3a8		0x3a8	rro_sw_init	0xa670	0xb4	symbol_size	0xacc0		executable_reference	0x91000318	outgoing	
.local/legacy-firmware/work/extract/stock-rootfs/lib/modules/5.4.55/mtk_pci.ko	c71b2073eeb2498c05c5e42bb5ceaf3df664cff42bf0b0740eb6152458e0857b	.rela.text	1548	.text	0xa72c	0xa72c	0xa78c	R_AARCH64_ADR_PREL_PG_HI21	glb_npu_en_rx	137	1	STT_NOTYPE	SHN_UNDEF	0x0	0x0			rro_sw_init	0xa670	0xbc	symbol_size	0xacc0		executable_reference	0x90000016	outgoing	
.local/legacy-firmware/work/extract/stock-rootfs/lib/modules/5.4.55/mtk_pci.ko	c71b2073eeb2498c05c5e42bb5ceaf3df664cff42bf0b0740eb6152458e0857b	.rela.text	1549	.text	0xa734	0xa734	0xa794	R_AARCH64_ADD_ABS_LO12_NC	glb_npu_en_rx	137	1	STT_NOTYPE	SHN_UNDEF	0x0	0x0			rro_sw_init	0xa670	0xc4	symbol_size	0xacc0		executable_reference	0x910002d6	outgoing	
.local/legacy-firmware/work/extract/stock-rootfs/lib/modules/5.4.55/mtk_pci.ko	c71b2073eeb2498c05c5e42bb5ceaf3df664cff42bf0b0740eb6152458e0857b	.rela.text	1550	.text	0xa754	0xa754	0xa7b4	R_AARCH64_CALL26	get_ecnt_npu_dev	182	1	STT_NOTYPE	SHN_UNDEF	0x0	0x0			rro_sw_init	0xa670	0xe4	symbol_size	0xacc0		direct_call_BL	0x94000000	outgoing	
.local/legacy-firmware/work/extract/stock-rootfs/lib/modules/5.4.55/mtk_pci.ko	c71b2073eeb2498c05c5e42bb5ceaf3df664cff42bf0b0740eb6152458e0857b	.rela.text	1551	.text	0xa770	0xa770	0xa7d0	R_AARCH64_CALL26	dma_alloc_attrs	169	1	STT_NOTYPE	SHN_UNDEF	0x0	0x0			rro_sw_init	0xa670	0x100	symbol_size	0xacc0		direct_call_BL	0x94000000	outgoing	
.local/legacy-firmware/work/extract/stock-rootfs/lib/modules/5.4.55/mtk_pci.ko	c71b2073eeb2498c05c5e42bb5ceaf3df664cff42bf0b0740eb6152458e0857b	.rela.text	1552	.text	0xa78c	0xa78c	0xa7ec	R_AARCH64_CALL26	memset	176	1	STT_NOTYPE	SHN_UNDEF	0x0	0x0			rro_sw_init	0xa670	0x11c	symbol_size	0xacc0		direct_call_BL	0x94000000	outgoing	
.local/legacy-firmware/work/extract/stock-rootfs/lib/modules/5.4.55/mtk_pci.ko	c71b2073eeb2498c05c5e42bb5ceaf3df664cff42bf0b0740eb6152458e0857b	.rela.text	1553	.text	0xa7d8	0xa7d8	0xa838	R_AARCH64_CALL26	host_notify_npuMbox	138	1	STT_NOTYPE	SHN_UNDEF	0x0	0x0			rro_sw_init	0xa670	0x168	symbol_size	0xacc0		direct_call_BL	0x94000000	outgoing	
.local/legacy-firmware/work/extract/stock-rootfs/lib/modules/5.4.55/mtk_pci.ko	c71b2073eeb2498c05c5e42bb5ceaf3df664cff42bf0b0740eb6152458e0857b	.rela.text	1554	.text	0xa7f4	0xa7f4	0xa854	R_AARCH64_CALL26	dma_free_attrs	183	1	STT_NOTYPE	SHN_UNDEF	0x0	0x0			rro_sw_init	0xa670	0x184	symbol_size	0xacc0		direct_call_BL	0x94000000	outgoing	
.local/legacy-firmware/work/extract/stock-rootfs/lib/modules/5.4.55/mtk_pci.ko	c71b2073eeb2498c05c5e42bb5ceaf3df664cff42bf0b0740eb6152458e0857b	.rela.text	1555	.text	0xa838	0xa838	0xa898	R_AARCH64_CALL26	dma_alloc_attrs	169	1	STT_NOTYPE	SHN_UNDEF	0x0	0x0			rro_sw_init	0xa670	0x1c8	symbol_size	0xacc0		direct_call_BL	0x94000000	outgoing	
.local/legacy-firmware/work/extract/stock-rootfs/lib/modules/5.4.55/mtk_pci.ko	c71b2073eeb2498c05c5e42bb5ceaf3df664cff42bf0b0740eb6152458e0857b	.rela.text	1556	.text	0xa848	0xa848	0xa8a8	R_AARCH64_ADR_PREL_PG_HI21	glb_npu_en_rx	137	1	STT_NOTYPE	SHN_UNDEF	0x0	0x0			rro_sw_init	0xa670	0x1d8	symbol_size	0xacc0		executable_reference	0x90000017	outgoing	
.local/legacy-firmware/work/extract/stock-rootfs/lib/modules/5.4.55/mtk_pci.ko	c71b2073eeb2498c05c5e42bb5ceaf3df664cff42bf0b0740eb6152458e0857b	.rela.text	1557	.text	0xa85c	0xa85c	0xa8bc	R_AARCH64_CALL26	memset	176	1	STT_NOTYPE	SHN_UNDEF	0x0	0x0			rro_sw_init	0xa670	0x1ec	symbol_size	0xacc0		direct_call_BL	0x94000000	outgoing	
.local/legacy-firmware/work/extract/stock-rootfs/lib/modules/5.4.55/mtk_pci.ko	c71b2073eeb2498c05c5e42bb5ceaf3df664cff42bf0b0740eb6152458e0857b	.rela.text	1558	.text	0xa8d0	0xa8d0	0xa930	R_AARCH64_CALL26	dma_alloc_attrs	169	1	STT_NOTYPE	SHN_UNDEF	0x0	0x0			rro_sw_init	0xa670	0x260	symbol_size	0xacc0		direct_call_BL	0x94000000	outgoing	
.local/legacy-firmware/work/extract/stock-rootfs/lib/modules/5.4.55/mtk_pci.ko	c71b2073eeb2498c05c5e42bb5ceaf3df664cff42bf0b0740eb6152458e0857b	.rela.text	1559	.text	0xa8d8	0xa8d8	0xa938	R_AARCH64_LDST8_ABS_LO12_NC	glb_npu_en_rx	137	1	STT_NOTYPE	SHN_UNDEF	0x0	0x0			rro_sw_init	0xa670	0x268	symbol_size	0xacc0		executable_reference	0x394002e1	outgoing	
.local/legacy-firmware/work/extract/stock-rootfs/lib/modules/5.4.55/mtk_pci.ko	c71b2073eeb2498c05c5e42bb5ceaf3df664cff42bf0b0740eb6152458e0857b	.rela.text	1560	.text	0xa8fc	0xa8fc	0xa95c	R_AARCH64_CALL26	dma_alloc_attrs	169	1	STT_NOTYPE	SHN_UNDEF	0x0	0x0			rro_sw_init	0xa670	0x28c	symbol_size	0xacc0		direct_call_BL	0x94000000	outgoing	
.local/legacy-firmware/work/extract/stock-rootfs/lib/modules/5.4.55/mtk_pci.ko	c71b2073eeb2498c05c5e42bb5ceaf3df664cff42bf0b0740eb6152458e0857b	.rela.text	1561	.text	0xaa08	0xaa08	0xaa68	R_AARCH64_ADR_PREL_PG_HI21		1	0	STT_SECTION	.text	0x0	0x7574	unnamed@.text+0x7574	0x7574	rro_sw_init	0xa670	0x398	symbol_size	0xacc0		executable_reference	0x90000003	outgoing	
.local/legacy-firmware/work/extract/stock-rootfs/lib/modules/5.4.55/mtk_pci.ko	c71b2073eeb2498c05c5e42bb5ceaf3df664cff42bf0b0740eb6152458e0857b	.rela.text	1562	.text	0xaa0c	0xaa0c	0xaa6c	R_AARCH64_ADD_ABS_LO12_NC		1	0	STT_SECTION	.text	0x0	0x7574	unnamed@.text+0x7574	0x7574	rro_sw_init	0xa670	0x39c	symbol_size	0xacc0		executable_reference	0x91000063	outgoing	
.local/legacy-firmware/work/extract/stock-rootfs/lib/modules/5.4.55/mtk_pci.ko	c71b2073eeb2498c05c5e42bb5ceaf3df664cff42bf0b0740eb6152458e0857b	.rela.text	1563	.text	0xaa10	0xaa10	0xaa70	R_AARCH64_ADR_PREL_PG_HI21		6	0	STT_SECTION	.rodata.str1.8	0x0	0x20c0		0x20c0	rro_sw_init	0xa670	0x3a0	symbol_size	0xacc0		executable_reference	0x90000013	outgoing	
.local/legacy-firmware/work/extract/stock-rootfs/lib/modules/5.4.55/mtk_pci.ko	c71b2073eeb2498c05c5e42bb5ceaf3df664cff42bf0b0740eb6152458e0857b	.rela.text	1564	.text	0xaa14	0xaa14	0xaa74	R_AARCH64_ADD_ABS_LO12_NC		6	0	STT_SECTION	.rodata.str1.8	0x0	0x20c0		0x20c0	rro_sw_init	0xa670	0x3a4	symbol_size	0xacc0		executable_reference	0x91000273	outgoing	
.local/legacy-firmware/work/extract/stock-rootfs/lib/modules/5.4.55/mtk_pci.ko	c71b2073eeb2498c05c5e42bb5ceaf3df664cff42bf0b0740eb6152458e0857b	.rela.text	1565	.text	0xaa28	0xaa28	0xaa88	R_AARCH64_CALL26	mt_debugfs_create_devm_seqfile	148	1	STT_NOTYPE	SHN_UNDEF	0x0	0x0			rro_sw_init	0xa670	0x3b8	symbol_size	0xacc0		direct_call_BL	0x94000000	outgoing	
.local/legacy-firmware/work/extract/stock-rootfs/lib/modules/5.4.55/mtk_pci.ko	c71b2073eeb2498c05c5e42bb5ceaf3df664cff42bf0b0740eb6152458e0857b	.rela.text	1566	.text	0xaa34	0xaa34	0xaa94	R_AARCH64_CALL26	debugfs_lookup	158	1	STT_NOTYPE	SHN_UNDEF	0x0	0x0			rro_sw_init	0xa670	0x3c4	symbol_size	0xacc0		direct_call_BL	0x94000000	outgoing	
.local/legacy-firmware/work/extract/stock-rootfs/lib/modules/5.4.55/mtk_pci.ko	c71b2073eeb2498c05c5e42bb5ceaf3df664cff42bf0b0740eb6152458e0857b	.rela.text	1567	.text	0xaa80	0xaa80	0xaae0	R_AARCH64_CALL26	dma_alloc_attrs	169	1	STT_NOTYPE	SHN_UNDEF	0x0	0x0			rro_sw_init	0xa670	0x410	symbol_size	0xacc0		direct_call_BL	0x94000000	outgoing	
.local/legacy-firmware/work/extract/stock-rootfs/lib/modules/5.4.55/mtk_pci.ko	c71b2073eeb2498c05c5e42bb5ceaf3df664cff42bf0b0740eb6152458e0857b	.rela.text	1568	.text	0xaaac	0xaaac	0xab0c	R_AARCH64_CALL26	dma_alloc_attrs	169	1	STT_NOTYPE	SHN_UNDEF	0x0	0x0			rro_sw_init	0xa670	0x43c	symbol_size	0xacc0		direct_call_BL	0x94000000	outgoing	
.local/legacy-firmware/work/extract/stock-rootfs/lib/modules/5.4.55/mtk_pci.ko	c71b2073eeb2498c05c5e42bb5ceaf3df664cff42bf0b0740eb6152458e0857b	.rela.text	1569	.text	0xaacc	0xaacc	0xab2c	R_AARCH64_CALL26	dma_alloc_attrs	169	1	STT_NOTYPE	SHN_UNDEF	0x0	0x0			rro_sw_init	0xa670	0x45c	symbol_size	0xacc0		direct_call_BL	0x94000000	outgoing	
.local/legacy-firmware/work/extract/stock-rootfs/lib/modules/5.4.55/mtk_pci.ko	c71b2073eeb2498c05c5e42bb5ceaf3df664cff42bf0b0740eb6152458e0857b	.rela.text	1570	.text	0xaae8	0xaae8	0xab48	R_AARCH64_CALL26	get_ecnt_npu_dev	182	1	STT_NOTYPE	SHN_UNDEF	0x0	0x0			rro_sw_init	0xa670	0x478	symbol_size	0xacc0		direct_call_BL	0x94000000	outgoing	
.local/legacy-firmware/work/extract/stock-rootfs/lib/modules/5.4.55/mtk_pci.ko	c71b2073eeb2498c05c5e42bb5ceaf3df664cff42bf0b0740eb6152458e0857b	.rela.text	1571	.text	0xab04	0xab04	0xab64	R_AARCH64_CALL26	dma_alloc_attrs	169	1	STT_NOTYPE	SHN_UNDEF	0x0	0x0			rro_sw_init	0xa670	0x494	symbol_size	0xacc0		direct_call_BL	0x94000000	outgoing	
.local/legacy-firmware/work/extract/stock-rootfs/lib/modules/5.4.55/mtk_pci.ko	c71b2073eeb2498c05c5e42bb5ceaf3df664cff42bf0b0740eb6152458e0857b	.rela.text	1572	.text	0xab20	0xab20	0xab80	R_AARCH64_CALL26	memset	176	1	STT_NOTYPE	SHN_UNDEF	0x0	0x0			rro_sw_init	0xa670	0x4b0	symbol_size	0xacc0		direct_call_BL	0x94000000	outgoing	
.local/legacy-firmware/work/extract/stock-rootfs/lib/modules/5.4.55/mtk_pci.ko	c71b2073eeb2498c05c5e42bb5ceaf3df664cff42bf0b0740eb6152458e0857b	.rela.text	1573	.text	0xab64	0xab64	0xabc4	R_AARCH64_CALL26	host_notify_npuMbox	138	1	STT_NOTYPE	SHN_UNDEF	0x0	0x0			rro_sw_init	0xa670	0x4f4	symbol_size	0xacc0		direct_call_BL	0x94000000	outgoing	
.local/legacy-firmware/work/extract/stock-rootfs/lib/modules/5.4.55/mtk_pci.ko	c71b2073eeb2498c05c5e42bb5ceaf3df664cff42bf0b0740eb6152458e0857b	.rela.text	1574	.text	0xab80	0xab80	0xabe0	R_AARCH64_CALL26	dma_free_attrs	183	1	STT_NOTYPE	SHN_UNDEF	0x0	0x0			rro_sw_init	0xa670	0x510	symbol_size	0xacc0		direct_call_BL	0x94000000	outgoing	
.local/legacy-firmware/work/extract/stock-rootfs/lib/modules/5.4.55/mtk_pci.ko	c71b2073eeb2498c05c5e42bb5ceaf3df664cff42bf0b0740eb6152458e0857b	.rela.text	1575	.text	0xab90	0xab90	0xabf0	R_AARCH64_ADR_PREL_PG_HI21		6	0	STT_SECTION	.rodata.str1.8	0x0	0x2000		0x2000	rro_sw_init	0xa670	0x520	symbol_size	0xacc0		executable_reference	0x90000000	outgoing	
.local/legacy-firmware/work/extract/stock-rootfs/lib/modules/5.4.55/mtk_pci.ko	c71b2073eeb2498c05c5e42bb5ceaf3df664cff42bf0b0740eb6152458e0857b	.rela.text	1576	.text	0xaba0	0xaba0	0xac00	R_AARCH64_ADD_ABS_LO12_NC		6	0	STT_SECTION	.rodata.str1.8	0x0	0x2000		0x2000	rro_sw_init	0xa670	0x530	symbol_size	0xacc0		executable_reference	0x91000000	outgoing	
.local/legacy-firmware/work/extract/stock-rootfs/lib/modules/5.4.55/mtk_pci.ko	c71b2073eeb2498c05c5e42bb5ceaf3df664cff42bf0b0740eb6152458e0857b	.rela.text	1577	.text	0xaba4	0xaba4	0xac04	R_AARCH64_CALL26	printk	173	1	STT_NOTYPE	SHN_UNDEF	0x0	0x0			rro_sw_init	0xa670	0x534	symbol_size	0xacc0		direct_call_BL	0x94000000	outgoing	
.local/legacy-firmware/work/extract/stock-rootfs/lib/modules/5.4.55/mtk_pci.ko	c71b2073eeb2498c05c5e42bb5ceaf3df664cff42bf0b0740eb6152458e0857b	.rela.text	1578	.text	0xabd8	0xabd8	0xac38	R_AARCH64_CALL26	dma_free_attrs	183	1	STT_NOTYPE	SHN_UNDEF	0x0	0x0			rro_sw_init	0xa670	0x568	symbol_size	0xacc0		direct_call_BL	0x94000000	outgoing	
.local/legacy-firmware/work/extract/stock-rootfs/lib/modules/5.4.55/mtk_pci.ko	c71b2073eeb2498c05c5e42bb5ceaf3df664cff42bf0b0740eb6152458e0857b	.rela.text	1579	.text	0xac1c	0xac1c	0xac7c	R_AARCH64_ADR_PREL_PG_HI21	glb_npu_en_rx	137	1	STT_NOTYPE	SHN_UNDEF	0x0	0x0			rro_sw_init	0xa670	0x5ac	symbol_size	0xacc0		executable_reference	0x90000017	outgoing	
.local/legacy-firmware/work/extract/stock-rootfs/lib/modules/5.4.55/mtk_pci.ko	c71b2073eeb2498c05c5e42bb5ceaf3df664cff42bf0b0740eb6152458e0857b	.rela.text	1580	.text	0xac24	0xac24	0xac84	R_AARCH64_ADR_PREL_PG_HI21		6	0	STT_SECTION	.rodata.str1.8	0x0	0x1fe0		0x1fe0	rro_sw_init	0xa670	0x5b4	symbol_size	0xacc0		executable_reference	0x90000000	outgoing	
.local/legacy-firmware/work/extract/stock-rootfs/lib/modules/5.4.55/mtk_pci.ko	c71b2073eeb2498c05c5e42bb5ceaf3df664cff42bf0b0740eb6152458e0857b	.rela.text	1581	.text	0xac28	0xac28	0xac88	R_AARCH64_ADD_ABS_LO12_NC		6	0	STT_SECTION	.rodata.str1.8	0x0	0x1fe0		0x1fe0	rro_sw_init	0xa670	0x5b8	symbol_size	0xacc0		executable_reference	0x91000000	outgoing	
.local/legacy-firmware/work/extract/stock-rootfs/lib/modules/5.4.55/mtk_pci.ko	c71b2073eeb2498c05c5e42bb5ceaf3df664cff42bf0b0740eb6152458e0857b	.rela.text	1582	.text	0xac2c	0xac2c	0xac8c	R_AARCH64_CALL26	printk	173	1	STT_NOTYPE	SHN_UNDEF	0x0	0x0			rro_sw_init	0xa670	0x5bc	symbol_size	0xacc0		direct_call_BL	0x94000000	outgoing	
.local/legacy-firmware/work/extract/stock-rootfs/lib/modules/5.4.55/mtk_pci.ko	c71b2073eeb2498c05c5e42bb5ceaf3df664cff42bf0b0740eb6152458e0857b	.rela.text	1583	.text	0xac34	0xac34	0xac94	R_AARCH64_ADR_PREL_PG_HI21		5	0	STT_SECTION	.rodata	0x0	0x3a8		0x3a8	rro_sw_init	0xa670	0x5c4	symbol_size	0xacc0		executable_reference	0x90000002	outgoing	
.local/legacy-firmware/work/extract/stock-rootfs/lib/modules/5.4.55/mtk_pci.ko	c71b2073eeb2498c05c5e42bb5ceaf3df664cff42bf0b0740eb6152458e0857b	.rela.text	1584	.text	0xac38	0xac38	0xac98	R_AARCH64_ADD_ABS_LO12_NC		5	0	STT_SECTION	.rodata	0x0	0x3a8		0x3a8	rro_sw_init	0xa670	0x5c8	symbol_size	0xacc0		executable_reference	0x91000042	outgoing	
.local/legacy-firmware/work/extract/stock-rootfs/lib/modules/5.4.55/mtk_pci.ko	c71b2073eeb2498c05c5e42bb5ceaf3df664cff42bf0b0740eb6152458e0857b	.rela.text	1585	.text	0xac3c	0xac3c	0xac9c	R_AARCH64_ADR_PREL_PG_HI21		6	0	STT_SECTION	.rodata.str1.8	0x0	0x2048		0x2048	rro_sw_init	0xa670	0x5cc	symbol_size	0xacc0		executable_reference	0x90000001	outgoing	
.local/legacy-firmware/work/extract/stock-rootfs/lib/modules/5.4.55/mtk_pci.ko	c71b2073eeb2498c05c5e42bb5ceaf3df664cff42bf0b0740eb6152458e0857b	.rela.text	1586	.text	0xac44	0xac44	0xaca4	R_AARCH64_ADD_ABS_LO12_NC		6	0	STT_SECTION	.rodata.str1.8	0x0	0x2048		0x2048	rro_sw_init	0xa670	0x5d4	symbol_size	0xacc0		executable_reference	0x91000021	outgoing	
.local/legacy-firmware/work/extract/stock-rootfs/lib/modules/5.4.55/mtk_pci.ko	c71b2073eeb2498c05c5e42bb5ceaf3df664cff42bf0b0740eb6152458e0857b	.rela.text	1587	.text	0xac48	0xac48	0xaca8	R_AARCH64_CALL26	_dev_info	155	1	STT_NOTYPE	SHN_UNDEF	0x0	0x0			rro_sw_init	0xa670	0x5d8	symbol_size	0xacc0		direct_call_BL	0x94000000	outgoing	
.local/legacy-firmware/work/extract/stock-rootfs/lib/modules/5.4.55/mtk_pci.ko	c71b2073eeb2498c05c5e42bb5ceaf3df664cff42bf0b0740eb6152458e0857b	.rela.text	1588	.text	0xac54	0xac54	0xacb4	R_AARCH64_ADR_PREL_PG_HI21		5	0	STT_SECTION	.rodata	0x0	0x3a8		0x3a8	rro_sw_init	0xa670	0x5e4	symbol_size	0xacc0		executable_reference	0x90000002	outgoing	
.local/legacy-firmware/work/extract/stock-rootfs/lib/modules/5.4.55/mtk_pci.ko	c71b2073eeb2498c05c5e42bb5ceaf3df664cff42bf0b0740eb6152458e0857b	.rela.text	1589	.text	0xac58	0xac58	0xacb8	R_AARCH64_ADD_ABS_LO12_NC		5	0	STT_SECTION	.rodata	0x0	0x3a8		0x3a8	rro_sw_init	0xa670	0x5e8	symbol_size	0xacc0		executable_reference	0x91000042	outgoing	
.local/legacy-firmware/work/extract/stock-rootfs/lib/modules/5.4.55/mtk_pci.ko	c71b2073eeb2498c05c5e42bb5ceaf3df664cff42bf0b0740eb6152458e0857b	.rela.text	1590	.text	0xac5c	0xac5c	0xacbc	R_AARCH64_ADR_PREL_PG_HI21		6	0	STT_SECTION	.rodata.str1.8	0x0	0x2098		0x2098	rro_sw_init	0xa670	0x5ec	symbol_size	0xacc0		executable_reference	0x90000001	outgoing	
.local/legacy-firmware/work/extract/stock-rootfs/lib/modules/5.4.55/mtk_pci.ko	c71b2073eeb2498c05c5e42bb5ceaf3df664cff42bf0b0740eb6152458e0857b	.rela.text	1591	.text	0xac64	0xac64	0xacc4	R_AARCH64_ADD_ABS_LO12_NC		6	0	STT_SECTION	.rodata.str1.8	0x0	0x2098		0x2098	rro_sw_init	0xa670	0x5f4	symbol_size	0xacc0		executable_reference	0x91000021	outgoing	
.local/legacy-firmware/work/extract/stock-rootfs/lib/modules/5.4.55/mtk_pci.ko	c71b2073eeb2498c05c5e42bb5ceaf3df664cff42bf0b0740eb6152458e0857b	.rela.text	1592	.text	0xac68	0xac68	0xacc8	R_AARCH64_CALL26	_dev_err	162	1	STT_NOTYPE	SHN_UNDEF	0x0	0x0			rro_sw_init	0xa670	0x5f8	symbol_size	0xacc0		direct_call_BL	0x94000000	outgoing	
.local/legacy-firmware/work/extract/stock-rootfs/lib/modules/5.4.55/mtk_pci.ko	c71b2073eeb2498c05c5e42bb5ceaf3df664cff42bf0b0740eb6152458e0857b	.rela.text	1593	.text	0xac78	0xac78	0xacd8	R_AARCH64_ADR_PREL_PG_HI21		6	0	STT_SECTION	.rodata.str1.8	0x0	0x1fe0		0x1fe0	rro_sw_init	0xa670	0x608	symbol_size	0xacc0		executable_reference	0x90000000	outgoing	
.local/legacy-firmware/work/extract/stock-rootfs/lib/modules/5.4.55/mtk_pci.ko	c71b2073eeb2498c05c5e42bb5ceaf3df664cff42bf0b0740eb6152458e0857b	.rela.text	1594	.text	0xac7c	0xac7c	0xacdc	R_AARCH64_ADD_ABS_LO12_NC		6	0	STT_SECTION	.rodata.str1.8	0x0	0x1fe0		0x1fe0	rro_sw_init	0xa670	0x60c	symbol_size	0xacc0		executable_reference	0x91000000	outgoing	
.local/legacy-firmware/work/extract/stock-rootfs/lib/modules/5.4.55/mtk_pci.ko	c71b2073eeb2498c05c5e42bb5ceaf3df664cff42bf0b0740eb6152458e0857b	.rela.text	1595	.text	0xac80	0xac80	0xace0	R_AARCH64_CALL26	printk	173	1	STT_NOTYPE	SHN_UNDEF	0x0	0x0			rro_sw_init	0xa670	0x610	symbol_size	0xacc0		direct_call_BL	0x94000000	outgoing	
.local/legacy-firmware/work/extract/stock-rootfs/lib/modules/5.4.55/mtk_pci.ko	c71b2073eeb2498c05c5e42bb5ceaf3df664cff42bf0b0740eb6152458e0857b	.rela.text	1596	.text	0xac88	0xac88	0xace8	R_AARCH64_ADR_PREL_PG_HI21		6	0	STT_SECTION	.rodata.str1.8	0x0	0x2048		0x2048	rro_sw_init	0xa670	0x618	symbol_size	0xacc0		executable_reference	0x90000001	outgoing	
.local/legacy-firmware/work/extract/stock-rootfs/lib/modules/5.4.55/mtk_pci.ko	c71b2073eeb2498c05c5e42bb5ceaf3df664cff42bf0b0740eb6152458e0857b	.rela.text	1597	.text	0xac90	0xac90	0xacf0	R_AARCH64_ADD_ABS_LO12_NC		6	0	STT_SECTION	.rodata.str1.8	0x0	0x2048		0x2048	rro_sw_init	0xa670	0x620	symbol_size	0xacc0		executable_reference	0x91000021	outgoing	
.local/legacy-firmware/work/extract/stock-rootfs/lib/modules/5.4.55/mtk_pci.ko	c71b2073eeb2498c05c5e42bb5ceaf3df664cff42bf0b0740eb6152458e0857b	.rela.text	1598	.text	0xac94	0xac94	0xacf4	R_AARCH64_CALL26	_dev_info	155	1	STT_NOTYPE	SHN_UNDEF	0x0	0x0			rro_sw_init	0xa670	0x624	symbol_size	0xacc0		direct_call_BL	0x94000000	outgoing	
.local/legacy-firmware/work/extract/stock-rootfs/lib/modules/5.4.55/mtk_pci.ko	c71b2073eeb2498c05c5e42bb5ceaf3df664cff42bf0b0740eb6152458e0857b	.rela.text	1599	.text	0xaca8	0xaca8	0xad08	R_AARCH64_ADR_PREL_PG_HI21		6	0	STT_SECTION	.rodata.str1.8	0x0	0x2000		0x2000	rro_sw_init	0xa670	0x638	symbol_size	0xacc0		executable_reference	0x90000000	outgoing	
.local/legacy-firmware/work/extract/stock-rootfs/lib/modules/5.4.55/mtk_pci.ko	c71b2073eeb2498c05c5e42bb5ceaf3df664cff42bf0b0740eb6152458e0857b	.rela.text	1600	.text	0xacb4	0xacb4	0xad14	R_AARCH64_ADD_ABS_LO12_NC		6	0	STT_SECTION	.rodata.str1.8	0x0	0x2000		0x2000	rro_sw_init	0xa670	0x644	symbol_size	0xacc0		executable_reference	0x91000000	outgoing	
.local/legacy-firmware/work/extract/stock-rootfs/lib/modules/5.4.55/mtk_pci.ko	c71b2073eeb2498c05c5e42bb5ceaf3df664cff42bf0b0740eb6152458e0857b	.rela.text	1601	.text	0xacb8	0xacb8	0xad18	R_AARCH64_CALL26	printk	173	1	STT_NOTYPE	SHN_UNDEF	0x0	0x0			rro_sw_init	0xa670	0x648	symbol_size	0xacc0		direct_call_BL	0x94000000	outgoing	
.local/legacy-firmware/work/extract/stock-rootfs/lib/modules/5.4.55/mtk_pci.ko	c71b2073eeb2498c05c5e42bb5ceaf3df664cff42bf0b0740eb6152458e0857b	.rela.text.unlikely	0	.text.unlikely	0x4	0x4	0xaf64	R_AARCH64_ADR_PREL_PG_HI21		6	0	STT_SECTION	.rodata.str1.8	0x0	0x328		0x328	unnamed@.text.unlikely+0x0	0x0	0x4	eh_frame_FDE	0x50	0x37c	executable_reference	0x90000001	outgoing	
.local/legacy-firmware/work/extract/stock-rootfs/lib/modules/5.4.55/mtk_pci.ko	c71b2073eeb2498c05c5e42bb5ceaf3df664cff42bf0b0740eb6152458e0857b	.rela.text.unlikely	1	.text.unlikely	0x8	0x8	0xaf68	R_AARCH64_ADD_ABS_LO12_NC		6	0	STT_SECTION	.rodata.str1.8	0x0	0x328		0x328	unnamed@.text.unlikely+0x0	0x0	0x8	eh_frame_FDE	0x50	0x37c	executable_reference	0x91000021	outgoing	
.local/legacy-firmware/work/extract/stock-rootfs/lib/modules/5.4.55/mtk_pci.ko	c71b2073eeb2498c05c5e42bb5ceaf3df664cff42bf0b0740eb6152458e0857b	.rela.text.unlikely	2	.text.unlikely	0x1c	0x1c	0xaf7c	R_AARCH64_CALL26	_dev_info	155	1	STT_NOTYPE	SHN_UNDEF	0x0	0x0			unnamed@.text.unlikely+0x0	0x0	0x1c	eh_frame_FDE	0x50	0x37c	direct_call_BL	0x94000000	outgoing	
.local/legacy-firmware/work/extract/stock-rootfs/lib/modules/5.4.55/mtk_pci.ko	c71b2073eeb2498c05c5e42bb5ceaf3df664cff42bf0b0740eb6152458e0857b	.rela.text.unlikely	3	.text.unlikely	0x20	0x20	0xaf80	R_AARCH64_ADR_PREL_PG_HI21	glb_npu_en_tx	161	1	STT_NOTYPE	SHN_UNDEF	0x0	0x0			unnamed@.text.unlikely+0x0	0x0	0x20	eh_frame_FDE	0x50	0x37c	executable_reference	0x90000000	outgoing	
.local/legacy-firmware/work/extract/stock-rootfs/lib/modules/5.4.55/mtk_pci.ko	c71b2073eeb2498c05c5e42bb5ceaf3df664cff42bf0b0740eb6152458e0857b	.rela.text.unlikely	4	.text.unlikely	0x24	0x24	0xaf84	R_AARCH64_ADR_PREL_PG_HI21	glb_npu_en_rx	137	1	STT_NOTYPE	SHN_UNDEF	0x0	0x0			unnamed@.text.unlikely+0x0	0x0	0x24	eh_frame_FDE	0x50	0x37c	executable_reference	0x90000001	outgoing	
.local/legacy-firmware/work/extract/stock-rootfs/lib/modules/5.4.55/mtk_pci.ko	c71b2073eeb2498c05c5e42bb5ceaf3df664cff42bf0b0740eb6152458e0857b	.rela.text.unlikely	5	.text.unlikely	0x28	0x28	0xaf88	R_AARCH64_LDST8_ABS_LO12_NC	glb_npu_en_tx	161	1	STT_NOTYPE	SHN_UNDEF	0x0	0x0			unnamed@.text.unlikely+0x0	0x0	0x28	eh_frame_FDE	0x50	0x37c	executable_reference	0x39400000	outgoing	
.local/legacy-firmware/work/extract/stock-rootfs/lib/modules/5.4.55/mtk_pci.ko	c71b2073eeb2498c05c5e42bb5ceaf3df664cff42bf0b0740eb6152458e0857b	.rela.text.unlikely	6	.text.unlikely	0x2c	0x2c	0xaf8c	R_AARCH64_LDST8_ABS_LO12_NC	glb_npu_en_rx	137	1	STT_NOTYPE	SHN_UNDEF	0x0	0x0			unnamed@.text.unlikely+0x0	0x0	0x2c	eh_frame_FDE	0x50	0x37c	executable_reference	0x39400021	outgoing	
.local/legacy-firmware/work/extract/stock-rootfs/lib/modules/5.4.55/mtk_pci.ko	c71b2073eeb2498c05c5e42bb5ceaf3df664cff42bf0b0740eb6152458e0857b	.rela.text.unlikely	7	.text.unlikely	0x40	0x40	0xafa0	R_AARCH64_CALL26	send_rro_done_msg_2_NPU	80	0	STT_FUNC	.text	0x6250	0x0	send_rro_done_msg_2_NPU	0x6250	unnamed@.text.unlikely+0x0	0x0	0x40	eh_frame_FDE	0x50	0x37c	direct_call_BL	0x94000000	both	
.local/legacy-firmware/work/extract/stock-rootfs/lib/modules/5.4.55/mtk_pci.ko	c71b2073eeb2498c05c5e42bb5ceaf3df664cff42bf0b0740eb6152458e0857b	.rela.text.unlikely	8	.text.unlikely	0x54	0x54	0xafb4	R_AARCH64_ADR_PREL_PG_HI21		6	0	STT_SECTION	.rodata.str1.8	0x0	0x340		0x340	unnamed@.text.unlikely+0x50	0x50	0x4	eh_frame_FDE	0xa0	0x3a0	executable_reference	0x90000001	outgoing	
.local/legacy-firmware/work/extract/stock-rootfs/lib/modules/5.4.55/mtk_pci.ko	c71b2073eeb2498c05c5e42bb5ceaf3df664cff42bf0b0740eb6152458e0857b	.rela.text.unlikely	9	.text.unlikely	0x58	0x58	0xafb8	R_AARCH64_ADD_ABS_LO12_NC		6	0	STT_SECTION	.rodata.str1.8	0x0	0x340		0x340	unnamed@.text.unlikely+0x50	0x50	0x8	eh_frame_FDE	0xa0	0x3a0	executable_reference	0x91000021	outgoing	
.local/legacy-firmware/work/extract/stock-rootfs/lib/modules/5.4.55/mtk_pci.ko	c71b2073eeb2498c05c5e42bb5ceaf3df664cff42bf0b0740eb6152458e0857b	.rela.text.unlikely	10	.text.unlikely	0x6c	0x6c	0xafcc	R_AARCH64_CALL26	_dev_info	155	1	STT_NOTYPE	SHN_UNDEF	0x0	0x0			unnamed@.text.unlikely+0x50	0x50	0x1c	eh_frame_FDE	0xa0	0x3a0	direct_call_BL	0x94000000	outgoing	
.local/legacy-firmware/work/extract/stock-rootfs/lib/modules/5.4.55/mtk_pci.ko	c71b2073eeb2498c05c5e42bb5ceaf3df664cff42bf0b0740eb6152458e0857b	.rela.text.unlikely	11	.text.unlikely	0x70	0x70	0xafd0	R_AARCH64_ADR_PREL_PG_HI21	glb_npu_en_tx	161	1	STT_NOTYPE	SHN_UNDEF	0x0	0x0			unnamed@.text.unlikely+0x50	0x50	0x20	eh_frame_FDE	0xa0	0x3a0	executable_reference	0x90000000	outgoing	
.local/legacy-firmware/work/extract/stock-rootfs/lib/modules/5.4.55/mtk_pci.ko	c71b2073eeb2498c05c5e42bb5ceaf3df664cff42bf0b0740eb6152458e0857b	.rela.text.unlikely	12	.text.unlikely	0x74	0x74	0xafd4	R_AARCH64_ADR_PREL_PG_HI21	glb_npu_en_rx	137	1	STT_NOTYPE	SHN_UNDEF	0x0	0x0			unnamed@.text.unlikely+0x50	0x50	0x24	eh_frame_FDE	0xa0	0x3a0	executable_reference	0x90000001	outgoing	
.local/legacy-firmware/work/extract/stock-rootfs/lib/modules/5.4.55/mtk_pci.ko	c71b2073eeb2498c05c5e42bb5ceaf3df664cff42bf0b0740eb6152458e0857b	.rela.text.unlikely	13	.text.unlikely	0x78	0x78	0xafd8	R_AARCH64_LDST8_ABS_LO12_NC	glb_npu_en_tx	161	1	STT_NOTYPE	SHN_UNDEF	0x0	0x0			unnamed@.text.unlikely+0x50	0x50	0x28	eh_frame_FDE	0xa0	0x3a0	executable_reference	0x39400000	outgoing	
.local/legacy-firmware/work/extract/stock-rootfs/lib/modules/5.4.55/mtk_pci.ko	c71b2073eeb2498c05c5e42bb5ceaf3df664cff42bf0b0740eb6152458e0857b	.rela.text.unlikely	14	.text.unlikely	0x7c	0x7c	0xafdc	R_AARCH64_LDST8_ABS_LO12_NC	glb_npu_en_rx	137	1	STT_NOTYPE	SHN_UNDEF	0x0	0x0			unnamed@.text.unlikely+0x50	0x50	0x2c	eh_frame_FDE	0xa0	0x3a0	executable_reference	0x39400021	outgoing	
.local/legacy-firmware/work/extract/stock-rootfs/lib/modules/5.4.55/mtk_pci.ko	c71b2073eeb2498c05c5e42bb5ceaf3df664cff42bf0b0740eb6152458e0857b	.rela.text.unlikely	15	.text.unlikely	0x90	0x90	0xaff0	R_AARCH64_CALL26	send_rro_stop_msg_2_NPU	52	0	STT_FUNC	.text	0x6370	0x0	send_rro_stop_msg_2_NPU	0x6370	unnamed@.text.unlikely+0x50	0x50	0x40	eh_frame_FDE	0xa0	0x3a0	direct_call_BL	0x94000000	both	
.local/legacy-firmware/work/extract/stock-rootfs/lib/modules/5.4.55/mtk_pci.ko	c71b2073eeb2498c05c5e42bb5ceaf3df664cff42bf0b0740eb6152458e0857b	.rela.text.unlikely	28	.text.unlikely	0x244	0x244	0xb1a4	R_AARCH64_CALL26	get_ecnt_npu_dev	182	1	STT_NOTYPE	SHN_UNDEF	0x0	0x0			unnamed@.text.unlikely+0x224	0x224	0x20	eh_frame_FDE	0x320	0xef0	direct_call_BL	0x94000000	outgoing	
.local/legacy-firmware/work/extract/stock-rootfs/lib/modules/5.4.55/mtk_pci.ko	c71b2073eeb2498c05c5e42bb5ceaf3df664cff42bf0b0740eb6152458e0857b	.rela.text.unlikely	29	.text.unlikely	0x24c	0x24c	0xb1ac	R_AARCH64_ADR_PREL_PG_HI21		6	0	STT_SECTION	.rodata.str1.8	0x0	0x8d8		0x8d8	unnamed@.text.unlikely+0x224	0x224	0x28	eh_frame_FDE	0x320	0xef0	executable_reference	0x90000000	outgoing	
.local/legacy-firmware/work/extract/stock-rootfs/lib/modules/5.4.55/mtk_pci.ko	c71b2073eeb2498c05c5e42bb5ceaf3df664cff42bf0b0740eb6152458e0857b	.rela.text.unlikely	30	.text.unlikely	0x254	0x254	0xb1b4	R_AARCH64_ADD_ABS_LO12_NC		6	0	STT_SECTION	.rodata.str1.8	0x0	0x8d8		0x8d8	unnamed@.text.unlikely+0x224	0x224	0x30	eh_frame_FDE	0x320	0xef0	executable_reference	0x91000000	outgoing	
.local/legacy-firmware/work/extract/stock-rootfs/lib/modules/5.4.55/mtk_pci.ko	c71b2073eeb2498c05c5e42bb5ceaf3df664cff42bf0b0740eb6152458e0857b	.rela.text.unlikely	31	.text.unlikely	0x258	0x258	0xb1b8	R_AARCH64_CALL26	printk	173	1	STT_NOTYPE	SHN_UNDEF	0x0	0x0			unnamed@.text.unlikely+0x224	0x224	0x34	eh_frame_FDE	0x320	0xef0	direct_call_BL	0x94000000	outgoing	
.local/legacy-firmware/work/extract/stock-rootfs/lib/modules/5.4.55/mtk_pci.ko	c71b2073eeb2498c05c5e42bb5ceaf3df664cff42bf0b0740eb6152458e0857b	.rela.text.unlikely	32	.text.unlikely	0x274	0x274	0xb1d4	R_AARCH64_CALL26	dma_alloc_attrs	169	1	STT_NOTYPE	SHN_UNDEF	0x0	0x0			unnamed@.text.unlikely+0x224	0x224	0x50	eh_frame_FDE	0x320	0xef0	direct_call_BL	0x94000000	outgoing	
.local/legacy-firmware/work/extract/stock-rootfs/lib/modules/5.4.55/mtk_pci.ko	c71b2073eeb2498c05c5e42bb5ceaf3df664cff42bf0b0740eb6152458e0857b	.rela.text.unlikely	33	.text.unlikely	0x294	0x294	0xb1f4	R_AARCH64_CALL26	memset	176	1	STT_NOTYPE	SHN_UNDEF	0x0	0x0			unnamed@.text.unlikely+0x224	0x224	0x70	eh_frame_FDE	0x320	0xef0	direct_call_BL	0x94000000	outgoing	
.local/legacy-firmware/work/extract/stock-rootfs/lib/modules/5.4.55/mtk_pci.ko	c71b2073eeb2498c05c5e42bb5ceaf3df664cff42bf0b0740eb6152458e0857b	.rela.text.unlikely	34	.text.unlikely	0x2d4	0x2d4	0xb234	R_AARCH64_CALL26	host_notify_npuMbox	138	1	STT_NOTYPE	SHN_UNDEF	0x0	0x0			unnamed@.text.unlikely+0x224	0x224	0xb0	eh_frame_FDE	0x320	0xef0	direct_call_BL	0x94000000	outgoing	
.local/legacy-firmware/work/extract/stock-rootfs/lib/modules/5.4.55/mtk_pci.ko	c71b2073eeb2498c05c5e42bb5ceaf3df664cff42bf0b0740eb6152458e0857b	.rela.text.unlikely	35	.text.unlikely	0x2f0	0x2f0	0xb250	R_AARCH64_CALL26	dma_free_attrs	183	1	STT_NOTYPE	SHN_UNDEF	0x0	0x0			unnamed@.text.unlikely+0x224	0x224	0xcc	eh_frame_FDE	0x320	0xef0	direct_call_BL	0x94000000	outgoing	
.local/legacy-firmware/work/extract/stock-rootfs/lib/modules/5.4.55/mtk_pci.ko	c71b2073eeb2498c05c5e42bb5ceaf3df664cff42bf0b0740eb6152458e0857b	.rela.text.unlikely	36	.text.unlikely	0x2fc	0x2fc	0xb25c	R_AARCH64_ADR_PREL_PG_HI21		6	0	STT_SECTION	.rodata.str1.8	0x0	0x8f8		0x8f8	unnamed@.text.unlikely+0x224	0x224	0xd8	eh_frame_FDE	0x320	0xef0	executable_reference	0x90000000	outgoing	
.local/legacy-firmware/work/extract/stock-rootfs/lib/modules/5.4.55/mtk_pci.ko	c71b2073eeb2498c05c5e42bb5ceaf3df664cff42bf0b0740eb6152458e0857b	.rela.text.unlikely	37	.text.unlikely	0x300	0x300	0xb260	R_AARCH64_ADD_ABS_LO12_NC		6	0	STT_SECTION	.rodata.str1.8	0x0	0x8f8		0x8f8	unnamed@.text.unlikely+0x224	0x224	0xdc	eh_frame_FDE	0x320	0xef0	executable_reference	0x91000000	outgoing	
.local/legacy-firmware/work/extract/stock-rootfs/lib/modules/5.4.55/mtk_pci.ko	c71b2073eeb2498c05c5e42bb5ceaf3df664cff42bf0b0740eb6152458e0857b	.rela.text.unlikely	38	.text.unlikely	0x304	0x304	0xb264	R_AARCH64_CALL26	printk	173	1	STT_NOTYPE	SHN_UNDEF	0x0	0x0			unnamed@.text.unlikely+0x224	0x224	0xe0	eh_frame_FDE	0x320	0xef0	direct_call_BL	0x94000000	outgoing	
.local/legacy-firmware/work/extract/stock-rootfs/lib/modules/5.4.55/mtk_pci.ko	c71b2073eeb2498c05c5e42bb5ceaf3df664cff42bf0b0740eb6152458e0857b	.rela.text.unlikely	39	.text.unlikely	0x340	0x340	0xb2a0	R_AARCH64_CALL26	get_ecnt_npu_dev	182	1	STT_NOTYPE	SHN_UNDEF	0x0	0x0			unnamed@.text.unlikely+0x320	0x320	0x20	eh_frame_FDE	0x414	0xfa4	direct_call_BL	0x94000000	outgoing	
.local/legacy-firmware/work/extract/stock-rootfs/lib/modules/5.4.55/mtk_pci.ko	c71b2073eeb2498c05c5e42bb5ceaf3df664cff42bf0b0740eb6152458e0857b	.rela.text.unlikely	40	.text.unlikely	0x348	0x348	0xb2a8	R_AARCH64_ADR_PREL_PG_HI21		6	0	STT_SECTION	.rodata.str1.8	0x0	0x8d8		0x8d8	unnamed@.text.unlikely+0x320	0x320	0x28	eh_frame_FDE	0x414	0xfa4	executable_reference	0x90000000	outgoing	
.local/legacy-firmware/work/extract/stock-rootfs/lib/modules/5.4.55/mtk_pci.ko	c71b2073eeb2498c05c5e42bb5ceaf3df664cff42bf0b0740eb6152458e0857b	.rela.text.unlikely	41	.text.unlikely	0x34c	0x34c	0xb2ac	R_AARCH64_ADD_ABS_LO12_NC		6	0	STT_SECTION	.rodata.str1.8	0x0	0x8d8		0x8d8	unnamed@.text.unlikely+0x320	0x320	0x2c	eh_frame_FDE	0x414	0xfa4	executable_reference	0x91000000	outgoing	
.local/legacy-firmware/work/extract/stock-rootfs/lib/modules/5.4.55/mtk_pci.ko	c71b2073eeb2498c05c5e42bb5ceaf3df664cff42bf0b0740eb6152458e0857b	.rela.text.unlikely	42	.text.unlikely	0x350	0x350	0xb2b0	R_AARCH64_CALL26	printk	173	1	STT_NOTYPE	SHN_UNDEF	0x0	0x0			unnamed@.text.unlikely+0x320	0x320	0x30	eh_frame_FDE	0x414	0xfa4	direct_call_BL	0x94000000	outgoing	
.local/legacy-firmware/work/extract/stock-rootfs/lib/modules/5.4.55/mtk_pci.ko	c71b2073eeb2498c05c5e42bb5ceaf3df664cff42bf0b0740eb6152458e0857b	.rela.text.unlikely	43	.text.unlikely	0x36c	0x36c	0xb2cc	R_AARCH64_CALL26	dma_alloc_attrs	169	1	STT_NOTYPE	SHN_UNDEF	0x0	0x0			unnamed@.text.unlikely+0x320	0x320	0x4c	eh_frame_FDE	0x414	0xfa4	direct_call_BL	0x94000000	outgoing	
.local/legacy-firmware/work/extract/stock-rootfs/lib/modules/5.4.55/mtk_pci.ko	c71b2073eeb2498c05c5e42bb5ceaf3df664cff42bf0b0740eb6152458e0857b	.rela.text.unlikely	44	.text.unlikely	0x38c	0x38c	0xb2ec	R_AARCH64_CALL26	memset	176	1	STT_NOTYPE	SHN_UNDEF	0x0	0x0			unnamed@.text.unlikely+0x320	0x320	0x6c	eh_frame_FDE	0x414	0xfa4	direct_call_BL	0x94000000	outgoing	
.local/legacy-firmware/work/extract/stock-rootfs/lib/modules/5.4.55/mtk_pci.ko	c71b2073eeb2498c05c5e42bb5ceaf3df664cff42bf0b0740eb6152458e0857b	.rela.text.unlikely	45	.text.unlikely	0x3cc	0x3cc	0xb32c	R_AARCH64_CALL26	host_notify_npuMbox	138	1	STT_NOTYPE	SHN_UNDEF	0x0	0x0			unnamed@.text.unlikely+0x320	0x320	0xac	eh_frame_FDE	0x414	0xfa4	direct_call_BL	0x94000000	outgoing	
.local/legacy-firmware/work/extract/stock-rootfs/lib/modules/5.4.55/mtk_pci.ko	c71b2073eeb2498c05c5e42bb5ceaf3df664cff42bf0b0740eb6152458e0857b	.rela.text.unlikely	46	.text.unlikely	0x3e8	0x3e8	0xb348	R_AARCH64_CALL26	dma_free_attrs	183	1	STT_NOTYPE	SHN_UNDEF	0x0	0x0			unnamed@.text.unlikely+0x320	0x320	0xc8	eh_frame_FDE	0x414	0xfa4	direct_call_BL	0x94000000	outgoing	
.local/legacy-firmware/work/extract/stock-rootfs/lib/modules/5.4.55/mtk_pci.ko	c71b2073eeb2498c05c5e42bb5ceaf3df664cff42bf0b0740eb6152458e0857b	.rela.text.unlikely	47	.text.unlikely	0x3f4	0x3f4	0xb354	R_AARCH64_ADR_PREL_PG_HI21		6	0	STT_SECTION	.rodata.str1.8	0x0	0x9f0		0x9f0	unnamed@.text.unlikely+0x320	0x320	0xd4	eh_frame_FDE	0x414	0xfa4	executable_reference	0x90000000	outgoing	
.local/legacy-firmware/work/extract/stock-rootfs/lib/modules/5.4.55/mtk_pci.ko	c71b2073eeb2498c05c5e42bb5ceaf3df664cff42bf0b0740eb6152458e0857b	.rela.text.unlikely	48	.text.unlikely	0x3f8	0x3f8	0xb358	R_AARCH64_ADD_ABS_LO12_NC		6	0	STT_SECTION	.rodata.str1.8	0x0	0x9f0		0x9f0	unnamed@.text.unlikely+0x320	0x320	0xd8	eh_frame_FDE	0x414	0xfa4	executable_reference	0x91000000	outgoing	
.local/legacy-firmware/work/extract/stock-rootfs/lib/modules/5.4.55/mtk_pci.ko	c71b2073eeb2498c05c5e42bb5ceaf3df664cff42bf0b0740eb6152458e0857b	.rela.text.unlikely	49	.text.unlikely	0x3fc	0x3fc	0xb35c	R_AARCH64_CALL26	printk	173	1	STT_NOTYPE	SHN_UNDEF	0x0	0x0			unnamed@.text.unlikely+0x320	0x320	0xdc	eh_frame_FDE	0x414	0xfa4	direct_call_BL	0x94000000	outgoing	
.local/legacy-firmware/work/extract/stock-rootfs/lib/modules/5.4.55/mtk_pci.ko	c71b2073eeb2498c05c5e42bb5ceaf3df664cff42bf0b0740eb6152458e0857b	.rela.eh_frame	28	.eh_frame	0x384	0x384	0xdfdc	R_AARCH64_PREL32		4	0	STT_SECTION	.text.unlikely	0x0	0x0	unnamed@.text.unlikely+0x0	0x0							data_reference		incoming	
.local/legacy-firmware/work/extract/stock-rootfs/lib/modules/5.4.55/mtk_pci.ko	c71b2073eeb2498c05c5e42bb5ceaf3df664cff42bf0b0740eb6152458e0857b	.rela.eh_frame	29	.eh_frame	0x3a8	0x3a8	0xe000	R_AARCH64_PREL32		4	0	STT_SECTION	.text.unlikely	0x0	0x50	unnamed@.text.unlikely+0x50	0x50							data_reference		incoming	
.local/legacy-firmware/work/extract/stock-rootfs/lib/modules/5.4.55/mtk_pci.ko	c71b2073eeb2498c05c5e42bb5ceaf3df664cff42bf0b0740eb6152458e0857b	.rela.eh_frame	80	.eh_frame	0xef8	0xef8	0xeb50	R_AARCH64_PREL32		4	0	STT_SECTION	.text.unlikely	0x0	0x224	unnamed@.text.unlikely+0x224	0x224							data_reference		incoming	
.local/legacy-firmware/work/extract/stock-rootfs/lib/modules/5.4.55/mtk_pci.ko	c71b2073eeb2498c05c5e42bb5ceaf3df664cff42bf0b0740eb6152458e0857b	.rela.eh_frame	81	.eh_frame	0xf28	0xf28	0xeb80	R_AARCH64_PREL32		1	0	STT_SECTION	.text	0x0	0x4b70	unnamed@.text+0x4b70	0x4b70							data_reference		incoming	
.local/legacy-firmware/work/extract/stock-rootfs/lib/modules/5.4.55/mtk_pci.ko	c71b2073eeb2498c05c5e42bb5ceaf3df664cff42bf0b0740eb6152458e0857b	.rela.eh_frame	83	.eh_frame	0xfac	0xfac	0xec04	R_AARCH64_PREL32		4	0	STT_SECTION	.text.unlikely	0x0	0x320	unnamed@.text.unlikely+0x320	0x320							data_reference		incoming	
.local/legacy-firmware/work/extract/stock-rootfs/lib/modules/5.4.55/mtk_pci.ko	c71b2073eeb2498c05c5e42bb5ceaf3df664cff42bf0b0740eb6152458e0857b	.rela.eh_frame	96	.eh_frame	0x1274	0x1274	0xeecc	R_AARCH64_PREL32		1	0	STT_SECTION	.text	0x0	0x5a50	npu_pci_dma_init_rx_event_queue	0x5a50							data_reference		incoming	
.local/legacy-firmware/work/extract/stock-rootfs/lib/modules/5.4.55/mtk_pci.ko	c71b2073eeb2498c05c5e42bb5ceaf3df664cff42bf0b0740eb6152458e0857b	.rela.eh_frame	97	.eh_frame	0x12bc	0x12bc	0xef14	R_AARCH64_PREL32		1	0	STT_SECTION	.text	0x0	0x5d84	npu_pci_dma_init_rx_data_queue	0x5d84							data_reference		incoming	
.local/legacy-firmware/work/extract/stock-rootfs/lib/modules/5.4.55/mtk_pci.ko	c71b2073eeb2498c05c5e42bb5ceaf3df664cff42bf0b0740eb6152458e0857b	.rela.eh_frame	98	.eh_frame	0x1314	0x1314	0xef6c	R_AARCH64_PREL32		1	0	STT_SECTION	.text	0x0	0x6250	send_rro_done_msg_2_NPU	0x6250							data_reference		incoming	
.local/legacy-firmware/work/extract/stock-rootfs/lib/modules/5.4.55/mtk_pci.ko	c71b2073eeb2498c05c5e42bb5ceaf3df664cff42bf0b0740eb6152458e0857b	.rela.eh_frame	99	.eh_frame	0x134c	0x134c	0xefa4	R_AARCH64_PREL32		1	0	STT_SECTION	.text	0x0	0x6370	send_rro_stop_msg_2_NPU	0x6370							data_reference		incoming	
.local/legacy-firmware/work/extract/stock-rootfs/lib/modules/5.4.55/mtk_pci.ko	c71b2073eeb2498c05c5e42bb5ceaf3df664cff42bf0b0740eb6152458e0857b	.rela.eh_frame	100	.eh_frame	0x138c	0x138c	0xefe4	R_AARCH64_PREL32		1	0	STT_SECTION	.text	0x0	0x65e0	npu_hw_init_queue_bus_write	0x65e0							data_reference		incoming	
.local/legacy-firmware/work/extract/stock-rootfs/lib/modules/5.4.55/mtk_pci.ko	c71b2073eeb2498c05c5e42bb5ceaf3df664cff42bf0b0740eb6152458e0857b	.rela.eh_frame	101	.eh_frame	0x13e0	0x13e0	0xf038	R_AARCH64_PREL32		1	0	STT_SECTION	.text	0x0	0x67d4	npu_pci_dma_sw_init_device	0x67d4							data_reference		incoming	
.local/legacy-firmware/work/extract/stock-rootfs/lib/modules/5.4.55/mtk_pci.ko	c71b2073eeb2498c05c5e42bb5ceaf3df664cff42bf0b0740eb6152458e0857b	.rela.eh_frame	103	.eh_frame	0x1478	0x1478	0xf0d0	R_AARCH64_PREL32		1	0	STT_SECTION	.text	0x0	0x6bd4	npu_rro_init_ind_cmd_queue	0x6bd4							data_reference		incoming	
.local/legacy-firmware/work/extract/stock-rootfs/lib/modules/5.4.55/mtk_pci.ko	c71b2073eeb2498c05c5e42bb5ceaf3df664cff42bf0b0740eb6152458e0857b	.rela.eh_frame	121	.eh_frame	0x192c	0x192c	0xf584	R_AARCH64_PREL32		1	0	STT_SECTION	.text	0x0	0xa2f0	init_rro_addr_elem_by_seid	0xa2f0							data_reference		incoming	
.local/legacy-firmware/work/extract/stock-rootfs/lib/modules/5.4.55/mtk_pci.ko	c71b2073eeb2498c05c5e42bb5ceaf3df664cff42bf0b0740eb6152458e0857b	.rela.eh_frame	125	.eh_frame	0x19ec	0x19ec	0xf644	R_AARCH64_PREL32		1	0	STT_SECTION	.text	0x0	0xa670	rro_sw_init	0xa670							data_reference		incoming	
.local/legacy-firmware/work/extract/stock-rootfs/lib/modules/5.4.55/mtk_pci.ko	c71b2073eeb2498c05c5e42bb5ceaf3df664cff42bf0b0740eb6152458e0857b	.rela.data	47	.data	0x1e0	0x1e0	0xf968	R_AARCH64_ABS64		4	0	STT_SECTION	.text.unlikely	0x0	0x50	unnamed@.text.unlikely+0x50	0x50							data_reference		incoming	pci_dma_ops+0x128
.local/legacy-firmware/work/extract/stock-rootfs/lib/modules/5.4.55/mtk_pci.ko	c71b2073eeb2498c05c5e42bb5ceaf3df664cff42bf0b0740eb6152458e0857b	.rela.data	48	.data	0x1e8	0x1e8	0xf970	R_AARCH64_ABS64		4	0	STT_SECTION	.text.unlikely	0x0	0x0	unnamed@.text.unlikely+0x0	0x0							data_reference		incoming	pci_dma_ops+0x130
.local/legacy-firmware/work/extract/stock-rootfs/lib/modules/5.4.55/mtk_pci.ko	c71b2073eeb2498c05c5e42bb5ceaf3df664cff42bf0b0740eb6152458e0857b	.rela.data	58	.data	0x258	0x258	0xf9e0	R_AARCH64_ABS64	npu_rro_init_ind_cmd_queue	71	0	STT_FUNC	.text	0x6bd4	0x0	npu_rro_init_ind_cmd_queue	0x6bd4							data_reference		incoming	ind_cmd_rxq_ops+0x10
.local/legacy-firmware/work/extract/stock-rootfs/lib/modules/5.4.55/npu.ko	fecef1a24531765da1243de773ee7e9bb5b20ff47f1ad3b3736e1f09e9db088e	.rela.text	382	.text	0xb3c	0xb3c	0xb9c	R_AARCH64_ADR_PREL_PG_HI21	arm64_const_caps_ready	44	1	STT_NOTYPE	SHN_UNDEF	0x0	0x0			npu_wifi_offload_get_dbg_counter_address	0xb30	0xc	symbol_size	0xd88		executable_reference	0x90000015	outgoing	
.local/legacy-firmware/work/extract/stock-rootfs/lib/modules/5.4.55/npu.ko	fecef1a24531765da1243de773ee7e9bb5b20ff47f1ad3b3736e1f09e9db088e	.rela.text	383	.text	0xb40	0xb40	0xba0	R_AARCH64_ADD_ABS_LO12_NC	arm64_const_caps_ready	44	1	STT_NOTYPE	SHN_UNDEF	0x0	0x0			npu_wifi_offload_get_dbg_counter_address	0xb30	0x10	symbol_size	0xd88		executable_reference	0x910002b5	outgoing	
.local/legacy-firmware/work/extract/stock-rootfs/lib/modules/5.4.55/npu.ko	fecef1a24531765da1243de773ee7e9bb5b20ff47f1ad3b3736e1f09e9db088e	.rela.text	384	.text	0xb74	0xb74	0xbd4	R_AARCH64_CALL26	get_ecnt_npu_dev	66	1	STT_NOTYPE	SHN_UNDEF	0x0	0x0			npu_wifi_offload_get_dbg_counter_address	0xb30	0x44	symbol_size	0xd88		direct_call_BL	0x94000000	outgoing	
.local/legacy-firmware/work/extract/stock-rootfs/lib/modules/5.4.55/npu.ko	fecef1a24531765da1243de773ee7e9bb5b20ff47f1ad3b3736e1f09e9db088e	.rela.text	385	.text	0xb98	0xb98	0xbf8	R_AARCH64_CALL26	dma_alloc_attrs	55	1	STT_NOTYPE	SHN_UNDEF	0x0	0x0			npu_wifi_offload_get_dbg_counter_address	0xb30	0x68	symbol_size	0xd88		direct_call_BL	0x94000000	outgoing	
.local/legacy-firmware/work/extract/stock-rootfs/lib/modules/5.4.55/npu.ko	fecef1a24531765da1243de773ee7e9bb5b20ff47f1ad3b3736e1f09e9db088e	.rela.text	386	.text	0xbb4	0xbb4	0xc14	R_AARCH64_CALL26	memset	62	1	STT_NOTYPE	SHN_UNDEF	0x0	0x0			npu_wifi_offload_get_dbg_counter_address	0xb30	0x84	symbol_size	0xd88		direct_call_BL	0x94000000	outgoing	
.local/legacy-firmware/work/extract/stock-rootfs/lib/modules/5.4.55/npu.ko	fecef1a24531765da1243de773ee7e9bb5b20ff47f1ad3b3736e1f09e9db088e	.rela.text	387	.text	0xbec	0xbec	0xc4c	R_AARCH64_CALL26	host_notify_npuMbox	49	1	STT_NOTYPE	SHN_UNDEF	0x0	0x0			npu_wifi_offload_get_dbg_counter_address	0xb30	0xbc	symbol_size	0xd88		direct_call_BL	0x94000000	outgoing	
.local/legacy-firmware/work/extract/stock-rootfs/lib/modules/5.4.55/npu.ko	fecef1a24531765da1243de773ee7e9bb5b20ff47f1ad3b3736e1f09e9db088e	.rela.text	388	.text	0xc14	0xc14	0xc74	R_AARCH64_CALL26	dma_free_attrs	67	1	STT_NOTYPE	SHN_UNDEF	0x0	0x0			npu_wifi_offload_get_dbg_counter_address	0xb30	0xe4	symbol_size	0xd88		direct_call_BL	0x94000000	outgoing	
.local/legacy-firmware/work/extract/stock-rootfs/lib/modules/5.4.55/npu.ko	fecef1a24531765da1243de773ee7e9bb5b20ff47f1ad3b3736e1f09e9db088e	.rela.text	389	.text	0xc18	0xc18	0xc78	R_AARCH64_ADR_PREL_PG_HI21	cpu_hwcap_keys	50	1	STT_NOTYPE	SHN_UNDEF	0x0	0x0			npu_wifi_offload_get_dbg_counter_address	0xb30	0xe8	symbol_size	0xd88		executable_reference	0x90000000	outgoing	
.local/legacy-firmware/work/extract/stock-rootfs/lib/modules/5.4.55/npu.ko	fecef1a24531765da1243de773ee7e9bb5b20ff47f1ad3b3736e1f09e9db088e	.rela.text	390	.text	0xc1c	0xc1c	0xc7c	R_AARCH64_ADD_ABS_LO12_NC	cpu_hwcap_keys	50	1	STT_NOTYPE	SHN_UNDEF	0x0	0x0			npu_wifi_offload_get_dbg_counter_address	0xb30	0xec	symbol_size	0xd88		executable_reference	0x91000001	outgoing	
.local/legacy-firmware/work/extract/stock-rootfs/lib/modules/5.4.55/npu.ko	fecef1a24531765da1243de773ee7e9bb5b20ff47f1ad3b3736e1f09e9db088e	.rela.text	391	.text	0xc48	0xc48	0xca8	R_AARCH64_CALL26	__ioremap	54	1	STT_NOTYPE	SHN_UNDEF	0x0	0x0			npu_wifi_offload_get_dbg_counter_address	0xb30	0x118	symbol_size	0xd88		direct_call_BL	0x94000000	outgoing	
.local/legacy-firmware/work/extract/stock-rootfs/lib/modules/5.4.55/npu.ko	fecef1a24531765da1243de773ee7e9bb5b20ff47f1ad3b3736e1f09e9db088e	.rela.text	392	.text	0xc4c	0xc4c	0xcac	R_AARCH64_ADR_PREL_PG_HI21		6	0	STT_SECTION	.bss	0x0	0x0		0x0	npu_wifi_offload_get_dbg_counter_address	0xb30	0x11c	symbol_size	0xd88		executable_reference	0x90000004	outgoing	
.local/legacy-firmware/work/extract/stock-rootfs/lib/modules/5.4.55/npu.ko	fecef1a24531765da1243de773ee7e9bb5b20ff47f1ad3b3736e1f09e9db088e	.rela.text	393	.text	0xc50	0xc50	0xcb0	R_AARCH64_ADD_ABS_LO12_NC		6	0	STT_SECTION	.bss	0x0	0x0		0x0	npu_wifi_offload_get_dbg_counter_address	0xb30	0x120	symbol_size	0xd88		executable_reference	0x91000084	outgoing	
.local/legacy-firmware/work/extract/stock-rootfs/lib/modules/5.4.55/npu.ko	fecef1a24531765da1243de773ee7e9bb5b20ff47f1ad3b3736e1f09e9db088e	.rela.text	394	.text	0xc60	0xc60	0xcc0	R_AARCH64_ADR_PREL_PG_HI21		5	0	STT_SECTION	.rodata.str1.8	0x0	0x1080		0x1080	npu_wifi_offload_get_dbg_counter_address	0xb30	0x130	symbol_size	0xd88		executable_reference	0x90000000	outgoing	
.local/legacy-firmware/work/extract/stock-rootfs/lib/modules/5.4.55/npu.ko	fecef1a24531765da1243de773ee7e9bb5b20ff47f1ad3b3736e1f09e9db088e	.rela.text	395	.text	0xc68	0xc68	0xcc8	R_AARCH64_ADD_ABS_LO12_NC		5	0	STT_SECTION	.rodata.str1.8	0x0	0x1080		0x1080	npu_wifi_offload_get_dbg_counter_address	0xb30	0x138	symbol_size	0xd88		executable_reference	0x91000000	outgoing	
.local/legacy-firmware/work/extract/stock-rootfs/lib/modules/5.4.55/npu.ko	fecef1a24531765da1243de773ee7e9bb5b20ff47f1ad3b3736e1f09e9db088e	.rela.text	396	.text	0xc70	0xc70	0xcd0	R_AARCH64_CALL26	printk	58	1	STT_NOTYPE	SHN_UNDEF	0x0	0x0			npu_wifi_offload_get_dbg_counter_address	0xb30	0x140	symbol_size	0xd88		direct_call_BL	0x94000000	outgoing	
.local/legacy-firmware/work/extract/stock-rootfs/lib/modules/5.4.55/npu.ko	fecef1a24531765da1243de773ee7e9bb5b20ff47f1ad3b3736e1f09e9db088e	.rela.text	397	.text	0xc78	0xc78	0xcd8	R_AARCH64_ADR_PREL_PG_HI21	arm64_const_caps_ready	44	1	STT_NOTYPE	SHN_UNDEF	0x0	0x0			npu_wifi_offload_get_dbg_counter_address	0xb30	0x148	symbol_size	0xd88		executable_reference	0x90000001	outgoing	
.local/legacy-firmware/work/extract/stock-rootfs/lib/modules/5.4.55/npu.ko	fecef1a24531765da1243de773ee7e9bb5b20ff47f1ad3b3736e1f09e9db088e	.rela.text	398	.text	0xc7c	0xc7c	0xcdc	R_AARCH64_LDST32_ABS_LO12_NC	arm64_const_caps_ready	44	1	STT_NOTYPE	SHN_UNDEF	0x0	0x0			npu_wifi_offload_get_dbg_counter_address	0xb30	0x14c	symbol_size	0xd88		executable_reference	0xb9400021	outgoing	
.local/legacy-firmware/work/extract/stock-rootfs/lib/modules/5.4.55/npu.ko	fecef1a24531765da1243de773ee7e9bb5b20ff47f1ad3b3736e1f09e9db088e	.rela.text	399	.text	0xc88	0xc88	0xce8	R_AARCH64_ADR_PREL_PG_HI21	cpu_hwcap_keys	50	1	STT_NOTYPE	SHN_UNDEF	0x0	0x0			npu_wifi_offload_get_dbg_counter_address	0xb30	0x158	symbol_size	0xd88		executable_reference	0x90000001	outgoing	
.local/legacy-firmware/work/extract/stock-rootfs/lib/modules/5.4.55/npu.ko	fecef1a24531765da1243de773ee7e9bb5b20ff47f1ad3b3736e1f09e9db088e	.rela.text	400	.text	0xc8c	0xc8c	0xcec	R_AARCH64_ADD_ABS_LO12_NC	cpu_hwcap_keys	50	1	STT_NOTYPE	SHN_UNDEF	0x0	0x0			npu_wifi_offload_get_dbg_counter_address	0xb30	0x15c	symbol_size	0xd88		executable_reference	0x91000021	outgoing	
.local/legacy-firmware/work/extract/stock-rootfs/lib/modules/5.4.55/npu.ko	fecef1a24531765da1243de773ee7e9bb5b20ff47f1ad3b3736e1f09e9db088e	.rela.text	401	.text	0xcb8	0xcb8	0xd18	R_AARCH64_CALL26	__ioremap	54	1	STT_NOTYPE	SHN_UNDEF	0x0	0x0			npu_wifi_offload_get_dbg_counter_address	0xb30	0x188	symbol_size	0xd88		direct_call_BL	0x94000000	outgoing	
.local/legacy-firmware/work/extract/stock-rootfs/lib/modules/5.4.55/npu.ko	fecef1a24531765da1243de773ee7e9bb5b20ff47f1ad3b3736e1f09e9db088e	.rela.text	402	.text	0xcbc	0xcbc	0xd1c	R_AARCH64_ADR_PREL_PG_HI21		6	0	STT_SECTION	.bss	0x0	0x0		0x0	npu_wifi_offload_get_dbg_counter_address	0xb30	0x18c	symbol_size	0xd88		executable_reference	0x90000002	outgoing	
.local/legacy-firmware/work/extract/stock-rootfs/lib/modules/5.4.55/npu.ko	fecef1a24531765da1243de773ee7e9bb5b20ff47f1ad3b3736e1f09e9db088e	.rela.text	403	.text	0xcc0	0xcc0	0xd20	R_AARCH64_ADD_ABS_LO12_NC		6	0	STT_SECTION	.bss	0x0	0x0		0x0	npu_wifi_offload_get_dbg_counter_address	0xb30	0x190	symbol_size	0xd88		executable_reference	0x91000042	outgoing	
.local/legacy-firmware/work/extract/stock-rootfs/lib/modules/5.4.55/npu.ko	fecef1a24531765da1243de773ee7e9bb5b20ff47f1ad3b3736e1f09e9db088e	.rela.text	404	.text	0xccc	0xccc	0xd2c	R_AARCH64_ADR_PREL_PG_HI21		5	0	STT_SECTION	.rodata.str1.8	0x0	0x1080		0x1080	npu_wifi_offload_get_dbg_counter_address	0xb30	0x19c	symbol_size	0xd88		executable_reference	0x90000000	outgoing	
.local/legacy-firmware/work/extract/stock-rootfs/lib/modules/5.4.55/npu.ko	fecef1a24531765da1243de773ee7e9bb5b20ff47f1ad3b3736e1f09e9db088e	.rela.text	405	.text	0xcd8	0xcd8	0xd38	R_AARCH64_ADD_ABS_LO12_NC		5	0	STT_SECTION	.rodata.str1.8	0x0	0x1080		0x1080	npu_wifi_offload_get_dbg_counter_address	0xb30	0x1a8	symbol_size	0xd88		executable_reference	0x91000000	outgoing	
.local/legacy-firmware/work/extract/stock-rootfs/lib/modules/5.4.55/npu.ko	fecef1a24531765da1243de773ee7e9bb5b20ff47f1ad3b3736e1f09e9db088e	.rela.text	406	.text	0xce0	0xce0	0xd40	R_AARCH64_CALL26	printk	58	1	STT_NOTYPE	SHN_UNDEF	0x0	0x0			npu_wifi_offload_get_dbg_counter_address	0xb30	0x1b0	symbol_size	0xd88		direct_call_BL	0x94000000	outgoing	
.local/legacy-firmware/work/extract/stock-rootfs/lib/modules/5.4.55/npu.ko	fecef1a24531765da1243de773ee7e9bb5b20ff47f1ad3b3736e1f09e9db088e	.rela.text	407	.text	0xd00	0xd00	0xd60	R_AARCH64_ADR_PREL_PG_HI21	cpu_hwcaps	52	1	STT_NOTYPE	SHN_UNDEF	0x0	0x0			npu_wifi_offload_get_dbg_counter_address	0xb30	0x1d0	symbol_size	0xd88		executable_reference	0x90000001	outgoing	
.local/legacy-firmware/work/extract/stock-rootfs/lib/modules/5.4.55/npu.ko	fecef1a24531765da1243de773ee7e9bb5b20ff47f1ad3b3736e1f09e9db088e	.rela.text	408	.text	0xd04	0xd04	0xd64	R_AARCH64_LDST64_ABS_LO12_NC	cpu_hwcaps	52	1	STT_NOTYPE	SHN_UNDEF	0x0	0x0			npu_wifi_offload_get_dbg_counter_address	0xb30	0x1d4	symbol_size	0xd88		executable_reference	0xf9400021	outgoing	
.local/legacy-firmware/work/extract/stock-rootfs/lib/modules/5.4.55/npu.ko	fecef1a24531765da1243de773ee7e9bb5b20ff47f1ad3b3736e1f09e9db088e	.rela.text	409	.text	0xd14	0xd14	0xd74	R_AARCH64_ADR_PREL_PG_HI21	cpu_hwcaps	52	1	STT_NOTYPE	SHN_UNDEF	0x0	0x0			npu_wifi_offload_get_dbg_counter_address	0xb30	0x1e4	symbol_size	0xd88		executable_reference	0x90000001	outgoing	
.local/legacy-firmware/work/extract/stock-rootfs/lib/modules/5.4.55/npu.ko	fecef1a24531765da1243de773ee7e9bb5b20ff47f1ad3b3736e1f09e9db088e	.rela.text	410	.text	0xd18	0xd18	0xd78	R_AARCH64_LDST64_ABS_LO12_NC	cpu_hwcaps	52	1	STT_NOTYPE	SHN_UNDEF	0x0	0x0			npu_wifi_offload_get_dbg_counter_address	0xb30	0x1e8	symbol_size	0xd88		executable_reference	0xf9400021	outgoing	
.local/legacy-firmware/work/extract/stock-rootfs/lib/modules/5.4.55/npu.ko	fecef1a24531765da1243de773ee7e9bb5b20ff47f1ad3b3736e1f09e9db088e	.rela.text	411	.text	0xd24	0xd24	0xd84	R_AARCH64_CALL26	dma_free_attrs	67	1	STT_NOTYPE	SHN_UNDEF	0x0	0x0			npu_wifi_offload_get_dbg_counter_address	0xb30	0x1f4	symbol_size	0xd88		direct_call_BL	0x94000000	outgoing	
.local/legacy-firmware/work/extract/stock-rootfs/lib/modules/5.4.55/npu.ko	fecef1a24531765da1243de773ee7e9bb5b20ff47f1ad3b3736e1f09e9db088e	.rela.text	412	.text	0xd28	0xd28	0xd88	R_AARCH64_ADR_PREL_PG_HI21		5	0	STT_SECTION	.rodata.str1.8	0x0	0x1018		0x1018	npu_wifi_offload_get_dbg_counter_address	0xb30	0x1f8	symbol_size	0xd88		executable_reference	0x90000000	outgoing	
.local/legacy-firmware/work/extract/stock-rootfs/lib/modules/5.4.55/npu.ko	fecef1a24531765da1243de773ee7e9bb5b20ff47f1ad3b3736e1f09e9db088e	.rela.text	413	.text	0xd2c	0xd2c	0xd8c	R_AARCH64_ADD_ABS_LO12_NC		5	0	STT_SECTION	.rodata.str1.8	0x0	0x1018		0x1018	npu_wifi_offload_get_dbg_counter_address	0xb30	0x1fc	symbol_size	0xd88		executable_reference	0x91000000	outgoing	
.local/legacy-firmware/work/extract/stock-rootfs/lib/modules/5.4.55/npu.ko	fecef1a24531765da1243de773ee7e9bb5b20ff47f1ad3b3736e1f09e9db088e	.rela.text	414	.text	0xd30	0xd30	0xd90	R_AARCH64_CALL26	printk	58	1	STT_NOTYPE	SHN_UNDEF	0x0	0x0			npu_wifi_offload_get_dbg_counter_address	0xb30	0x200	symbol_size	0xd88		direct_call_BL	0x94000000	outgoing	
.local/legacy-firmware/work/extract/stock-rootfs/lib/modules/5.4.55/npu.ko	fecef1a24531765da1243de773ee7e9bb5b20ff47f1ad3b3736e1f09e9db088e	.rela.text	415	.text	0xd38	0xd38	0xd98	R_AARCH64_ADR_PREL_PG_HI21		5	0	STT_SECTION	.rodata.str1.8	0x0	0xfe8		0xfe8	npu_wifi_offload_get_dbg_counter_address	0xb30	0x208	symbol_size	0xd88		executable_reference	0x90000002	outgoing	
.local/legacy-firmware/work/extract/stock-rootfs/lib/modules/5.4.55/npu.ko	fecef1a24531765da1243de773ee7e9bb5b20ff47f1ad3b3736e1f09e9db088e	.rela.text	416	.text	0xd3c	0xd3c	0xd9c	R_AARCH64_ADD_ABS_LO12_NC		5	0	STT_SECTION	.rodata.str1.8	0x0	0xfe8		0xfe8	npu_wifi_offload_get_dbg_counter_address	0xb30	0x20c	symbol_size	0xd88		executable_reference	0x91000042	outgoing	
.local/legacy-firmware/work/extract/stock-rootfs/lib/modules/5.4.55/npu.ko	fecef1a24531765da1243de773ee7e9bb5b20ff47f1ad3b3736e1f09e9db088e	.rela.text	417	.text	0xd40	0xd40	0xda0	R_AARCH64_ADR_PREL_PG_HI21		5	0	STT_SECTION	.rodata.str1.8	0x0	0xff0		0xff0	npu_wifi_offload_get_dbg_counter_address	0xb30	0x210	symbol_size	0xd88		executable_reference	0x90000001	outgoing	
.local/legacy-firmware/work/extract/stock-rootfs/lib/modules/5.4.55/npu.ko	fecef1a24531765da1243de773ee7e9bb5b20ff47f1ad3b3736e1f09e9db088e	.rela.text	418	.text	0xd44	0xd44	0xda4	R_AARCH64_ADD_ABS_LO12_NC		5	0	STT_SECTION	.rodata.str1.8	0x0	0xff0		0xff0	npu_wifi_offload_get_dbg_counter_address	0xb30	0x214	symbol_size	0xd88		executable_reference	0x91000021	outgoing	
.local/legacy-firmware/work/extract/stock-rootfs/lib/modules/5.4.55/npu.ko	fecef1a24531765da1243de773ee7e9bb5b20ff47f1ad3b3736e1f09e9db088e	.rela.text	419	.text	0xd48	0xd48	0xda8	R_AARCH64_ADR_PREL_PG_HI21		5	0	STT_SECTION	.rodata.str1.8	0x0	0x1048		0x1048	npu_wifi_offload_get_dbg_counter_address	0xb30	0x218	symbol_size	0xd88		executable_reference	0x90000000	outgoing	
.local/legacy-firmware/work/extract/stock-rootfs/lib/modules/5.4.55/npu.ko	fecef1a24531765da1243de773ee7e9bb5b20ff47f1ad3b3736e1f09e9db088e	.rela.text	420	.text	0xd50	0xd50	0xdb0	R_AARCH64_ADD_ABS_LO12_NC		5	0	STT_SECTION	.rodata.str1.8	0x0	0x1048		0x1048	npu_wifi_offload_get_dbg_counter_address	0xb30	0x220	symbol_size	0xd88		executable_reference	0x91000000	outgoing	
.local/legacy-firmware/work/extract/stock-rootfs/lib/modules/5.4.55/npu.ko	fecef1a24531765da1243de773ee7e9bb5b20ff47f1ad3b3736e1f09e9db088e	.rela.text	421	.text	0xd54	0xd54	0xdb4	R_AARCH64_CALL26	printk	58	1	STT_NOTYPE	SHN_UNDEF	0x0	0x0			npu_wifi_offload_get_dbg_counter_address	0xb30	0x224	symbol_size	0xd88		direct_call_BL	0x94000000	outgoing	
.local/legacy-firmware/work/extract/stock-rootfs/lib/modules/5.4.55/npu.ko	fecef1a24531765da1243de773ee7e9bb5b20ff47f1ad3b3736e1f09e9db088e	.rela.text	422	.text	0xd5c	0xd5c	0xdbc	R_AARCH64_ADR_PREL_PG_HI21		5	0	STT_SECTION	.rodata.str1.8	0x0	0x30		0x30	npu_wifi_offload_get_dbg_counter_address	0xb30	0x22c	symbol_size	0xd88		executable_reference	0x90000000	outgoing	
.local/legacy-firmware/work/extract/stock-rootfs/lib/modules/5.4.55/npu.ko	fecef1a24531765da1243de773ee7e9bb5b20ff47f1ad3b3736e1f09e9db088e	.rela.text	423	.text	0xd60	0xd60	0xdc0	R_AARCH64_ADD_ABS_LO12_NC		5	0	STT_SECTION	.rodata.str1.8	0x0	0x30		0x30	npu_wifi_offload_get_dbg_counter_address	0xb30	0x230	symbol_size	0xd88		executable_reference	0x91000000	outgoing	
.local/legacy-firmware/work/extract/stock-rootfs/lib/modules/5.4.55/npu.ko	fecef1a24531765da1243de773ee7e9bb5b20ff47f1ad3b3736e1f09e9db088e	.rela.text	424	.text	0xd64	0xd64	0xdc4	R_AARCH64_CALL26	printk	58	1	STT_NOTYPE	SHN_UNDEF	0x0	0x0			npu_wifi_offload_get_dbg_counter_address	0xb30	0x234	symbol_size	0xd88		direct_call_BL	0x94000000	outgoing	
.local/legacy-firmware/work/extract/stock-rootfs/lib/modules/5.4.55/npu.ko	fecef1a24531765da1243de773ee7e9bb5b20ff47f1ad3b3736e1f09e9db088e	.rela.text	425	.text	0xd6c	0xd6c	0xdcc	R_AARCH64_ADR_PREL_PG_HI21		4	0	STT_SECTION	.rodata	0x0	0x0		0x0	npu_wifi_offload_get_dbg_counter_address	0xb30	0x23c	symbol_size	0xd88		executable_reference	0x90000001	outgoing	
.local/legacy-firmware/work/extract/stock-rootfs/lib/modules/5.4.55/npu.ko	fecef1a24531765da1243de773ee7e9bb5b20ff47f1ad3b3736e1f09e9db088e	.rela.text	426	.text	0xd70	0xd70	0xdd0	R_AARCH64_ADD_ABS_LO12_NC		4	0	STT_SECTION	.rodata	0x0	0x0		0x0	npu_wifi_offload_get_dbg_counter_address	0xb30	0x240	symbol_size	0xd88		executable_reference	0x91000021	outgoing	
.local/legacy-firmware/work/extract/stock-rootfs/lib/modules/5.4.55/npu.ko	fecef1a24531765da1243de773ee7e9bb5b20ff47f1ad3b3736e1f09e9db088e	.rela.text	427	.text	0xd78	0xd78	0xdd8	R_AARCH64_ADR_PREL_PG_HI21		5	0	STT_SECTION	.rodata.str1.8	0x0	0xff8		0xff8	npu_wifi_offload_get_dbg_counter_address	0xb30	0x248	symbol_size	0xd88		executable_reference	0x90000000	outgoing	
.local/legacy-firmware/work/extract/stock-rootfs/lib/modules/5.4.55/npu.ko	fecef1a24531765da1243de773ee7e9bb5b20ff47f1ad3b3736e1f09e9db088e	.rela.text	428	.text	0xd7c	0xd7c	0xddc	R_AARCH64_ADD_ABS_LO12_NC		5	0	STT_SECTION	.rodata.str1.8	0x0	0xff8		0xff8	npu_wifi_offload_get_dbg_counter_address	0xb30	0x24c	symbol_size	0xd88		executable_reference	0x91000000	outgoing	
.local/legacy-firmware/work/extract/stock-rootfs/lib/modules/5.4.55/npu.ko	fecef1a24531765da1243de773ee7e9bb5b20ff47f1ad3b3736e1f09e9db088e	.rela.text	429	.text	0xd80	0xd80	0xde0	R_AARCH64_CALL26	printk	58	1	STT_NOTYPE	SHN_UNDEF	0x0	0x0			npu_wifi_offload_get_dbg_counter_address	0xb30	0x250	symbol_size	0xd88		direct_call_BL	0x94000000	outgoing	
.local/legacy-firmware/work/extract/stock-rootfs/lib/modules/5.4.55/npu.ko	fecef1a24531765da1243de773ee7e9bb5b20ff47f1ad3b3736e1f09e9db088e	.rela.text	433	.text	0xdc0	0xdc0	0xe20	R_AARCH64_CALL26	npu_wifi_offload_get_dbg_counter_address	35	0	STT_FUNC	.text	0xb30	0x0	npu_wifi_offload_get_dbg_counter_address	0xb30	print_npu_wifi_offload_dbg_counter	0xd90	0x30	symbol_size	0xdd8		direct_call_BL	0x94000000	incoming	
.local/legacy-firmware/work/extract/stock-rootfs/lib/modules/5.4.55/npu.ko	fecef1a24531765da1243de773ee7e9bb5b20ff47f1ad3b3736e1f09e9db088e	.rela.text	452	.text	0xf04	0xf04	0xf64	R_AARCH64_CALL26	npu_wifi_offload_get_dbg_counter_address	35	0	STT_FUNC	.text	0xb30	0x0	npu_wifi_offload_get_dbg_counter_address	0xb30	print_npu_wifi_offload_tx_dbg_counter	0xec0	0x44	symbol_size	0x1024		direct_call_BL	0x94000000	incoming	
.local/legacy-firmware/work/extract/stock-rootfs/lib/modules/5.4.55/npu.ko	fecef1a24531765da1243de773ee7e9bb5b20ff47f1ad3b3736e1f09e9db088e	.rela.text	530	.text	0x11cc	0x11cc	0x122c	R_AARCH64_CALL26	test_ram_b4_npu_load	61	1	STT_NOTYPE	SHN_UNDEF	0x0	0x0			init_module	0x11c4	0x8	symbol_size	0x14f0		direct_call_BL	0x94000000	outgoing	
.local/legacy-firmware/work/extract/stock-rootfs/lib/modules/5.4.55/npu.ko	fecef1a24531765da1243de773ee7e9bb5b20ff47f1ad3b3736e1f09e9db088e	.rela.text	531	.text	0x11d8	0x11d8	0x1238	R_AARCH64_ADR_PREL_PG_HI21		6	0	STT_SECTION	.bss	0x0	0x20		0x20	init_module	0x11c4	0x14	symbol_size	0x14f0		executable_reference	0x90000001	outgoing	
.local/legacy-firmware/work/extract/stock-rootfs/lib/modules/5.4.55/npu.ko	fecef1a24531765da1243de773ee7e9bb5b20ff47f1ad3b3736e1f09e9db088e	.rela.text	532	.text	0x11dc	0x11dc	0x123c	R_AARCH64_ADR_PREL_PG_HI21		5	0	STT_SECTION	.rodata.str1.8	0x0	0x1160		0x1160	init_module	0x11c4	0x18	symbol_size	0x14f0		executable_reference	0x90000000	outgoing	
.local/legacy-firmware/work/extract/stock-rootfs/lib/modules/5.4.55/npu.ko	fecef1a24531765da1243de773ee7e9bb5b20ff47f1ad3b3736e1f09e9db088e	.rela.text	533	.text	0x11e4	0x11e4	0x1244	R_AARCH64_ADD_ABS_LO12_NC		5	0	STT_SECTION	.rodata.str1.8	0x0	0x1160		0x1160	init_module	0x11c4	0x20	symbol_size	0x14f0		executable_reference	0x91000000	outgoing	
.local/legacy-firmware/work/extract/stock-rootfs/lib/modules/5.4.55/npu.ko	fecef1a24531765da1243de773ee7e9bb5b20ff47f1ad3b3736e1f09e9db088e	.rela.text	534	.text	0x11e8	0x11e8	0x1248	R_AARCH64_LDST32_ABS_LO12_NC		6	0	STT_SECTION	.bss	0x0	0x20		0x20	init_module	0x11c4	0x24	symbol_size	0x14f0		executable_reference	0xb9400021	outgoing	
.local/legacy-firmware/work/extract/stock-rootfs/lib/modules/5.4.55/npu.ko	fecef1a24531765da1243de773ee7e9bb5b20ff47f1ad3b3736e1f09e9db088e	.rela.text	535	.text	0x11f0	0x11f0	0x1250	R_AARCH64_CALL26	fileCopyToSram	22	0	STT_FUNC	.text	0x920	0x0	fileCopyToSram	0x920	init_module	0x11c4	0x2c	symbol_size	0x14f0		direct_call_BL	0x94000000	outgoing	
.local/legacy-firmware/work/extract/stock-rootfs/lib/modules/5.4.55/npu.ko	fecef1a24531765da1243de773ee7e9bb5b20ff47f1ad3b3736e1f09e9db088e	.rela.text	536	.text	0x11f8	0x11f8	0x1258	R_AARCH64_ADR_PREL_PG_HI21		5	0	STT_SECTION	.rodata.str1.8	0x0	0x11b0		0x11b0	init_module	0x11c4	0x34	symbol_size	0x14f0		executable_reference	0x90000000	outgoing	
.local/legacy-firmware/work/extract/stock-rootfs/lib/modules/5.4.55/npu.ko	fecef1a24531765da1243de773ee7e9bb5b20ff47f1ad3b3736e1f09e9db088e	.rela.text	537	.text	0x1200	0x1200	0x1260	R_AARCH64_ADD_ABS_LO12_NC		5	0	STT_SECTION	.rodata.str1.8	0x0	0x11b0		0x11b0	init_module	0x11c4	0x3c	symbol_size	0x14f0		executable_reference	0x91000000	outgoing	
.local/legacy-firmware/work/extract/stock-rootfs/lib/modules/5.4.55/npu.ko	fecef1a24531765da1243de773ee7e9bb5b20ff47f1ad3b3736e1f09e9db088e	.rela.text	538	.text	0x120c	0x120c	0x126c	R_AARCH64_CALL26	fileCopyToSram	22	0	STT_FUNC	.text	0x920	0x0	fileCopyToSram	0x920	init_module	0x11c4	0x48	symbol_size	0x14f0		direct_call_BL	0x94000000	outgoing	
.local/legacy-firmware/work/extract/stock-rootfs/lib/modules/5.4.55/npu.ko	fecef1a24531765da1243de773ee7e9bb5b20ff47f1ad3b3736e1f09e9db088e	.rela.text	539	.text	0x121c	0x121c	0x127c	R_AARCH64_CALL26	set_npu_needed_info	48	1	STT_NOTYPE	SHN_UNDEF	0x0	0x0			init_module	0x11c4	0x58	symbol_size	0x14f0		direct_call_BL	0x94000000	outgoing	
.local/legacy-firmware/work/extract/stock-rootfs/lib/modules/5.4.55/npu.ko	fecef1a24531765da1243de773ee7e9bb5b20ff47f1ad3b3736e1f09e9db088e	.rela.text	540	.text	0x1220	0x1220	0x1280	R_AARCH64_CALL26	boot_npu_all_cores	60	1	STT_NOTYPE	SHN_UNDEF	0x0	0x0			init_module	0x11c4	0x5c	symbol_size	0x14f0		direct_call_BL	0x94000000	outgoing	
.local/legacy-firmware/work/extract/stock-rootfs/lib/modules/5.4.55/npu.ko	fecef1a24531765da1243de773ee7e9bb5b20ff47f1ad3b3736e1f09e9db088e	.rela.text	541	.text	0x122c	0x122c	0x128c	R_AARCH64_ADR_PREL_PG_HI21		5	0	STT_SECTION	.rodata.str1.8	0x0	0x1200		0x1200	init_module	0x11c4	0x68	symbol_size	0x14f0		executable_reference	0x90000000	outgoing	
.local/legacy-firmware/work/extract/stock-rootfs/lib/modules/5.4.55/npu.ko	fecef1a24531765da1243de773ee7e9bb5b20ff47f1ad3b3736e1f09e9db088e	.rela.text	542	.text	0x1230	0x1230	0x1290	R_AARCH64_ADD_ABS_LO12_NC		5	0	STT_SECTION	.rodata.str1.8	0x0	0x1200		0x1200	init_module	0x11c4	0x6c	symbol_size	0x14f0		executable_reference	0x91000000	outgoing	
.local/legacy-firmware/work/extract/stock-rootfs/lib/modules/5.4.55/npu.ko	fecef1a24531765da1243de773ee7e9bb5b20ff47f1ad3b3736e1f09e9db088e	.rela.text	543	.text	0x1234	0x1234	0x1294	R_AARCH64_CALL26	create_proc_entry	51	1	STT_NOTYPE	SHN_UNDEF	0x0	0x0			init_module	0x11c4	0x70	symbol_size	0x14f0		direct_call_BL	0x94000000	outgoing	
.local/legacy-firmware/work/extract/stock-rootfs/lib/modules/5.4.55/npu.ko	fecef1a24531765da1243de773ee7e9bb5b20ff47f1ad3b3736e1f09e9db088e	.rela.text	544	.text	0x123c	0x123c	0x129c	R_AARCH64_ADR_PREL_PG_HI21		1	0	STT_SECTION	.text	0x0	0xa64	unnamed@.text+0xa64	0xa64	init_module	0x11c4	0x78	symbol_size	0x14f0		executable_reference	0x90000001	outgoing	
.local/legacy-firmware/work/extract/stock-rootfs/lib/modules/5.4.55/npu.ko	fecef1a24531765da1243de773ee7e9bb5b20ff47f1ad3b3736e1f09e9db088e	.rela.text	545	.text	0x1240	0x1240	0x12a0	R_AARCH64_ADD_ABS_LO12_NC		1	0	STT_SECTION	.text	0x0	0xa64	unnamed@.text+0xa64	0xa64	init_module	0x11c4	0x7c	symbol_size	0x14f0		executable_reference	0x91000021	outgoing	
.local/legacy-firmware/work/extract/stock-rootfs/lib/modules/5.4.55/npu.ko	fecef1a24531765da1243de773ee7e9bb5b20ff47f1ad3b3736e1f09e9db088e	.rela.text	546	.text	0x1248	0x1248	0x12a8	R_AARCH64_ADR_PREL_PG_HI21		5	0	STT_SECTION	.rodata.str1.8	0x0	0x1218		0x1218	init_module	0x11c4	0x84	symbol_size	0x14f0		executable_reference	0x90000000	outgoing	
.local/legacy-firmware/work/extract/stock-rootfs/lib/modules/5.4.55/npu.ko	fecef1a24531765da1243de773ee7e9bb5b20ff47f1ad3b3736e1f09e9db088e	.rela.text	547	.text	0x1250	0x1250	0x12b0	R_AARCH64_ADD_ABS_LO12_NC		5	0	STT_SECTION	.rodata.str1.8	0x0	0x1218		0x1218	init_module	0x11c4	0x8c	symbol_size	0x14f0		executable_reference	0x91000000	outgoing	
.local/legacy-firmware/work/extract/stock-rootfs/lib/modules/5.4.55/npu.ko	fecef1a24531765da1243de773ee7e9bb5b20ff47f1ad3b3736e1f09e9db088e	.rela.text	548	.text	0x1258	0x1258	0x12b8	R_AARCH64_CALL26	create_proc_entry	51	1	STT_NOTYPE	SHN_UNDEF	0x0	0x0			init_module	0x11c4	0x94	symbol_size	0x14f0		direct_call_BL	0x94000000	outgoing	
.local/legacy-firmware/work/extract/stock-rootfs/lib/modules/5.4.55/npu.ko	fecef1a24531765da1243de773ee7e9bb5b20ff47f1ad3b3736e1f09e9db088e	.rela.text	549	.text	0x125c	0x125c	0x12bc	R_AARCH64_ADR_PREL_PG_HI21		5	0	STT_SECTION	.rodata.str1.8	0x0	0x1238		0x1238	init_module	0x11c4	0x98	symbol_size	0x14f0		executable_reference	0x90000003	outgoing	
.local/legacy-firmware/work/extract/stock-rootfs/lib/modules/5.4.55/npu.ko	fecef1a24531765da1243de773ee7e9bb5b20ff47f1ad3b3736e1f09e9db088e	.rela.text	550	.text	0x1260	0x1260	0x12c0	R_AARCH64_ADR_PREL_PG_HI21		1	0	STT_SECTION	.text	0x0	0x1100	unnamed@.text+0x1100	0x1100	init_module	0x11c4	0x9c	symbol_size	0x14f0		executable_reference	0x90000001	outgoing	
.local/legacy-firmware/work/extract/stock-rootfs/lib/modules/5.4.55/npu.ko	fecef1a24531765da1243de773ee7e9bb5b20ff47f1ad3b3736e1f09e9db088e	.rela.text	551	.text	0x1264	0x1264	0x12c4	R_AARCH64_ADD_ABS_LO12_NC		1	0	STT_SECTION	.text	0x0	0x1100	unnamed@.text+0x1100	0x1100	init_module	0x11c4	0xa0	symbol_size	0x14f0		executable_reference	0x91000021	outgoing	
.local/legacy-firmware/work/extract/stock-rootfs/lib/modules/5.4.55/npu.ko	fecef1a24531765da1243de773ee7e9bb5b20ff47f1ad3b3736e1f09e9db088e	.rela.text	552	.text	0x1270	0x1270	0x12d0	R_AARCH64_ADD_ABS_LO12_NC		5	0	STT_SECTION	.rodata.str1.8	0x0	0x1238		0x1238	init_module	0x11c4	0xac	symbol_size	0x14f0		executable_reference	0x91000060	outgoing	
.local/legacy-firmware/work/extract/stock-rootfs/lib/modules/5.4.55/npu.ko	fecef1a24531765da1243de773ee7e9bb5b20ff47f1ad3b3736e1f09e9db088e	.rela.text	553	.text	0x1278	0x1278	0x12d8	R_AARCH64_CALL26	create_proc_entry	51	1	STT_NOTYPE	SHN_UNDEF	0x0	0x0			init_module	0x11c4	0xb4	symbol_size	0x14f0		direct_call_BL	0x94000000	outgoing	
.local/legacy-firmware/work/extract/stock-rootfs/lib/modules/5.4.55/npu.ko	fecef1a24531765da1243de773ee7e9bb5b20ff47f1ad3b3736e1f09e9db088e	.rela.text	554	.text	0x127c	0x127c	0x12dc	R_AARCH64_ADR_PREL_PG_HI21		5	0	STT_SECTION	.rodata.str1.8	0x0	0x1260		0x1260	init_module	0x11c4	0xb8	symbol_size	0x14f0		executable_reference	0x90000003	outgoing	
.local/legacy-firmware/work/extract/stock-rootfs/lib/modules/5.4.55/npu.ko	fecef1a24531765da1243de773ee7e9bb5b20ff47f1ad3b3736e1f09e9db088e	.rela.text	555	.text	0x1280	0x1280	0x12e0	R_AARCH64_ADR_PREL_PG_HI21		1	0	STT_SECTION	.text	0x0	0xde0	unnamed@.text+0xde0	0xde0	init_module	0x11c4	0xbc	symbol_size	0x14f0		executable_reference	0x90000001	outgoing	
.local/legacy-firmware/work/extract/stock-rootfs/lib/modules/5.4.55/npu.ko	fecef1a24531765da1243de773ee7e9bb5b20ff47f1ad3b3736e1f09e9db088e	.rela.text	556	.text	0x1284	0x1284	0x12e4	R_AARCH64_ADD_ABS_LO12_NC		1	0	STT_SECTION	.text	0x0	0xde0	unnamed@.text+0xde0	0xde0	init_module	0x11c4	0xc0	symbol_size	0x14f0		executable_reference	0x91000021	outgoing	
.local/legacy-firmware/work/extract/stock-rootfs/lib/modules/5.4.55/npu.ko	fecef1a24531765da1243de773ee7e9bb5b20ff47f1ad3b3736e1f09e9db088e	.rela.text	557	.text	0x1290	0x1290	0x12f0	R_AARCH64_ADD_ABS_LO12_NC		5	0	STT_SECTION	.rodata.str1.8	0x0	0x1260		0x1260	init_module	0x11c4	0xcc	symbol_size	0x14f0		executable_reference	0x91000060	outgoing	
.local/legacy-firmware/work/extract/stock-rootfs/lib/modules/5.4.55/npu.ko	fecef1a24531765da1243de773ee7e9bb5b20ff47f1ad3b3736e1f09e9db088e	.rela.text	558	.text	0x1298	0x1298	0x12f8	R_AARCH64_CALL26	create_proc_entry	51	1	STT_NOTYPE	SHN_UNDEF	0x0	0x0			init_module	0x11c4	0xd4	symbol_size	0x14f0		direct_call_BL	0x94000000	outgoing	
.local/legacy-firmware/work/extract/stock-rootfs/lib/modules/5.4.55/npu.ko	fecef1a24531765da1243de773ee7e9bb5b20ff47f1ad3b3736e1f09e9db088e	.rela.text	559	.text	0x129c	0x129c	0x12fc	R_AARCH64_ADR_PREL_PG_HI21		1	0	STT_SECTION	.text	0x0	0x1024	unnamed@.text+0x1024	0x1024	init_module	0x11c4	0xd8	symbol_size	0x14f0		executable_reference	0x90000001	outgoing	
.local/legacy-firmware/work/extract/stock-rootfs/lib/modules/5.4.55/npu.ko	fecef1a24531765da1243de773ee7e9bb5b20ff47f1ad3b3736e1f09e9db088e	.rela.text	560	.text	0x12a0	0x12a0	0x1300	R_AARCH64_ADD_ABS_LO12_NC		1	0	STT_SECTION	.text	0x0	0x1024	unnamed@.text+0x1024	0x1024	init_module	0x11c4	0xdc	symbol_size	0x14f0		executable_reference	0x91000021	outgoing	
.local/legacy-firmware/work/extract/stock-rootfs/lib/modules/5.4.55/npu.ko	fecef1a24531765da1243de773ee7e9bb5b20ff47f1ad3b3736e1f09e9db088e	.rela.text	561	.text	0x12a8	0x12a8	0x1308	R_AARCH64_CALL26	npu_wifi_offload_get_pkt_buf_addr	65	1	STT_NOTYPE	SHN_UNDEF	0x0	0x0			init_module	0x11c4	0xe4	symbol_size	0x14f0		direct_call_BL	0x94000000	outgoing	
.local/legacy-firmware/work/extract/stock-rootfs/lib/modules/5.4.55/npu.ko	fecef1a24531765da1243de773ee7e9bb5b20ff47f1ad3b3736e1f09e9db088e	.rela.text	562	.text	0x12b4	0x12b4	0x1314	R_AARCH64_CALL26	get_ecnt_npu_dev	66	1	STT_NOTYPE	SHN_UNDEF	0x0	0x0			init_module	0x11c4	0xf0	symbol_size	0x14f0		direct_call_BL	0x94000000	outgoing	
.local/legacy-firmware/work/extract/stock-rootfs/lib/modules/5.4.55/npu.ko	fecef1a24531765da1243de773ee7e9bb5b20ff47f1ad3b3736e1f09e9db088e	.rela.text	563	.text	0x12d0	0x12d0	0x1330	R_AARCH64_CALL26	dma_alloc_attrs	55	1	STT_NOTYPE	SHN_UNDEF	0x0	0x0			init_module	0x11c4	0x10c	symbol_size	0x14f0		direct_call_BL	0x94000000	outgoing	
.local/legacy-firmware/work/extract/stock-rootfs/lib/modules/5.4.55/npu.ko	fecef1a24531765da1243de773ee7e9bb5b20ff47f1ad3b3736e1f09e9db088e	.rela.text	564	.text	0x12ec	0x12ec	0x134c	R_AARCH64_CALL26	memset	62	1	STT_NOTYPE	SHN_UNDEF	0x0	0x0			init_module	0x11c4	0x128	symbol_size	0x14f0		direct_call_BL	0x94000000	outgoing	
.local/legacy-firmware/work/extract/stock-rootfs/lib/modules/5.4.55/npu.ko	fecef1a24531765da1243de773ee7e9bb5b20ff47f1ad3b3736e1f09e9db088e	.rela.text	565	.text	0x1334	0x1334	0x1394	R_AARCH64_CALL26	host_notify_npuMbox	49	1	STT_NOTYPE	SHN_UNDEF	0x0	0x0			init_module	0x11c4	0x170	symbol_size	0x14f0		direct_call_BL	0x94000000	outgoing	
.local/legacy-firmware/work/extract/stock-rootfs/lib/modules/5.4.55/npu.ko	fecef1a24531765da1243de773ee7e9bb5b20ff47f1ad3b3736e1f09e9db088e	.rela.text	566	.text	0x1350	0x1350	0x13b0	R_AARCH64_CALL26	dma_free_attrs	67	1	STT_NOTYPE	SHN_UNDEF	0x0	0x0			init_module	0x11c4	0x18c	symbol_size	0x14f0		direct_call_BL	0x94000000	outgoing	
.local/legacy-firmware/work/extract/stock-rootfs/lib/modules/5.4.55/npu.ko	fecef1a24531765da1243de773ee7e9bb5b20ff47f1ad3b3736e1f09e9db088e	.rela.text	567	.text	0x1360	0x1360	0x13c0	R_AARCH64_ADR_PREL_PG_HI21	npu_stat	56	1	STT_NOTYPE	SHN_UNDEF	0x0	0x0			init_module	0x11c4	0x19c	symbol_size	0x14f0		executable_reference	0x90000000	outgoing	
.local/legacy-firmware/work/extract/stock-rootfs/lib/modules/5.4.55/npu.ko	fecef1a24531765da1243de773ee7e9bb5b20ff47f1ad3b3736e1f09e9db088e	.rela.text	568	.text	0x1364	0x1364	0x13c4	R_AARCH64_LDST8_ABS_LO12_NC	npu_stat	56	1	STT_NOTYPE	SHN_UNDEF	0x0	0x0			init_module	0x11c4	0x1a0	symbol_size	0x14f0		executable_reference	0x39000001	outgoing	
.local/legacy-firmware/work/extract/stock-rootfs/lib/modules/5.4.55/npu.ko	fecef1a24531765da1243de773ee7e9bb5b20ff47f1ad3b3736e1f09e9db088e	.rela.text	569	.text	0x1368	0x1368	0x13c8	R_AARCH64_CALL26	npu_wifi_offload_get_tx_pkt_buf_addr	43	1	STT_NOTYPE	SHN_UNDEF	0x0	0x0			init_module	0x11c4	0x1a4	symbol_size	0x14f0		direct_call_BL	0x94000000	outgoing	
.local/legacy-firmware/work/extract/stock-rootfs/lib/modules/5.4.55/npu.ko	fecef1a24531765da1243de773ee7e9bb5b20ff47f1ad3b3736e1f09e9db088e	.rela.text	570	.text	0x1374	0x1374	0x13d4	R_AARCH64_CALL26	get_ecnt_npu_dev	66	1	STT_NOTYPE	SHN_UNDEF	0x0	0x0			init_module	0x11c4	0x1b0	symbol_size	0x14f0		direct_call_BL	0x94000000	outgoing	
.local/legacy-firmware/work/extract/stock-rootfs/lib/modules/5.4.55/npu.ko	fecef1a24531765da1243de773ee7e9bb5b20ff47f1ad3b3736e1f09e9db088e	.rela.text	571	.text	0x1390	0x1390	0x13f0	R_AARCH64_CALL26	dma_alloc_attrs	55	1	STT_NOTYPE	SHN_UNDEF	0x0	0x0			init_module	0x11c4	0x1cc	symbol_size	0x14f0		direct_call_BL	0x94000000	outgoing	
.local/legacy-firmware/work/extract/stock-rootfs/lib/modules/5.4.55/npu.ko	fecef1a24531765da1243de773ee7e9bb5b20ff47f1ad3b3736e1f09e9db088e	.rela.text	572	.text	0x13ac	0x13ac	0x140c	R_AARCH64_CALL26	memset	62	1	STT_NOTYPE	SHN_UNDEF	0x0	0x0			init_module	0x11c4	0x1e8	symbol_size	0x14f0		direct_call_BL	0x94000000	outgoing	
.local/legacy-firmware/work/extract/stock-rootfs/lib/modules/5.4.55/npu.ko	fecef1a24531765da1243de773ee7e9bb5b20ff47f1ad3b3736e1f09e9db088e	.rela.text	573	.text	0x13f4	0x13f4	0x1454	R_AARCH64_CALL26	host_notify_npuMbox	49	1	STT_NOTYPE	SHN_UNDEF	0x0	0x0			init_module	0x11c4	0x230	symbol_size	0x14f0		direct_call_BL	0x94000000	outgoing	
.local/legacy-firmware/work/extract/stock-rootfs/lib/modules/5.4.55/npu.ko	fecef1a24531765da1243de773ee7e9bb5b20ff47f1ad3b3736e1f09e9db088e	.rela.text	574	.text	0x1410	0x1410	0x1470	R_AARCH64_CALL26	dma_free_attrs	67	1	STT_NOTYPE	SHN_UNDEF	0x0	0x0			init_module	0x11c4	0x24c	symbol_size	0x14f0		direct_call_BL	0x94000000	outgoing	
.local/legacy-firmware/work/extract/stock-rootfs/lib/modules/5.4.55/npu.ko	fecef1a24531765da1243de773ee7e9bb5b20ff47f1ad3b3736e1f09e9db088e	.rela.text	575	.text	0x141c	0x141c	0x147c	R_AARCH64_CALL26	npu_wifi_offload_get_force_to_cpu_flag	64	1	STT_NOTYPE	SHN_UNDEF	0x0	0x0			init_module	0x11c4	0x258	symbol_size	0x14f0		direct_call_BL	0x94000000	outgoing	
.local/legacy-firmware/work/extract/stock-rootfs/lib/modules/5.4.55/npu.ko	fecef1a24531765da1243de773ee7e9bb5b20ff47f1ad3b3736e1f09e9db088e	.rela.text	576	.text	0x1424	0x1424	0x1484	R_AARCH64_CALL26		2	0	STT_SECTION	.text.unlikely	0x0	0x0	unnamed@.text.unlikely+0x0	0x0	init_module	0x11c4	0x260	symbol_size	0x14f0		direct_call_BL	0x94000000	both	
.local/legacy-firmware/work/extract/stock-rootfs/lib/modules/5.4.55/npu.ko	fecef1a24531765da1243de773ee7e9bb5b20ff47f1ad3b3736e1f09e9db088e	.rela.text	577	.text	0x1444	0x1444	0x14a4	R_AARCH64_ADR_PREL_PG_HI21		5	0	STT_SECTION	.rodata.str1.8	0x0	0x1138		0x1138	init_module	0x11c4	0x280	symbol_size	0x14f0		executable_reference	0x90000000	outgoing	
.local/legacy-firmware/work/extract/stock-rootfs/lib/modules/5.4.55/npu.ko	fecef1a24531765da1243de773ee7e9bb5b20ff47f1ad3b3736e1f09e9db088e	.rela.text	578	.text	0x1448	0x1448	0x14a8	R_AARCH64_ADD_ABS_LO12_NC		5	0	STT_SECTION	.rodata.str1.8	0x0	0x1138		0x1138	init_module	0x11c4	0x284	symbol_size	0x14f0		executable_reference	0x91000000	outgoing	
.local/legacy-firmware/work/extract/stock-rootfs/lib/modules/5.4.55/npu.ko	fecef1a24531765da1243de773ee7e9bb5b20ff47f1ad3b3736e1f09e9db088e	.rela.text	579	.text	0x144c	0x144c	0x14ac	R_AARCH64_CALL26	printk	58	1	STT_NOTYPE	SHN_UNDEF	0x0	0x0			init_module	0x11c4	0x288	symbol_size	0x14f0		direct_call_BL	0x94000000	outgoing	
.local/legacy-firmware/work/extract/stock-rootfs/lib/modules/5.4.55/npu.ko	fecef1a24531765da1243de773ee7e9bb5b20ff47f1ad3b3736e1f09e9db088e	.rela.text	580	.text	0x1454	0x1454	0x14b4	R_AARCH64_ADR_PREL_PG_HI21		5	0	STT_SECTION	.rodata.str1.8	0x0	0x12f0		0x12f0	init_module	0x11c4	0x290	symbol_size	0x14f0		executable_reference	0x90000000	outgoing	
.local/legacy-firmware/work/extract/stock-rootfs/lib/modules/5.4.55/npu.ko	fecef1a24531765da1243de773ee7e9bb5b20ff47f1ad3b3736e1f09e9db088e	.rela.text	581	.text	0x1458	0x1458	0x14b8	R_AARCH64_ADD_ABS_LO12_NC		5	0	STT_SECTION	.rodata.str1.8	0x0	0x12f0		0x12f0	init_module	0x11c4	0x294	symbol_size	0x14f0		executable_reference	0x91000000	outgoing	
.local/legacy-firmware/work/extract/stock-rootfs/lib/modules/5.4.55/npu.ko	fecef1a24531765da1243de773ee7e9bb5b20ff47f1ad3b3736e1f09e9db088e	.rela.text	582	.text	0x145c	0x145c	0x14bc	R_AARCH64_CALL26	printk	58	1	STT_NOTYPE	SHN_UNDEF	0x0	0x0			init_module	0x11c4	0x298	symbol_size	0x14f0		direct_call_BL	0x94000000	outgoing	
.local/legacy-firmware/work/extract/stock-rootfs/lib/modules/5.4.55/npu.ko	fecef1a24531765da1243de773ee7e9bb5b20ff47f1ad3b3736e1f09e9db088e	.rela.text	583	.text	0x146c	0x146c	0x14cc	R_AARCH64_ADR_PREL_PG_HI21		5	0	STT_SECTION	.rodata.str1.8	0x0	0x12c0		0x12c0	init_module	0x11c4	0x2a8	symbol_size	0x14f0		executable_reference	0x90000000	outgoing	
.local/legacy-firmware/work/extract/stock-rootfs/lib/modules/5.4.55/npu.ko	fecef1a24531765da1243de773ee7e9bb5b20ff47f1ad3b3736e1f09e9db088e	.rela.text	584	.text	0x1470	0x1470	0x14d0	R_AARCH64_ADD_ABS_LO12_NC		5	0	STT_SECTION	.rodata.str1.8	0x0	0x12c0		0x12c0	init_module	0x11c4	0x2ac	symbol_size	0x14f0		executable_reference	0x91000000	outgoing	
.local/legacy-firmware/work/extract/stock-rootfs/lib/modules/5.4.55/npu.ko	fecef1a24531765da1243de773ee7e9bb5b20ff47f1ad3b3736e1f09e9db088e	.rela.text	585	.text	0x1474	0x1474	0x14d4	R_AARCH64_CALL26	printk	58	1	STT_NOTYPE	SHN_UNDEF	0x0	0x0			init_module	0x11c4	0x2b0	symbol_size	0x14f0		direct_call_BL	0x94000000	outgoing	
.local/legacy-firmware/work/extract/stock-rootfs/lib/modules/5.4.55/npu.ko	fecef1a24531765da1243de773ee7e9bb5b20ff47f1ad3b3736e1f09e9db088e	.rela.text	586	.text	0x1478	0x1478	0x14d8	R_AARCH64_ADR_PREL_PG_HI21		5	0	STT_SECTION	.rodata.str1.8	0x0	0x1288		0x1288	init_module	0x11c4	0x2b4	symbol_size	0x14f0		executable_reference	0x90000000	outgoing	
.local/legacy-firmware/work/extract/stock-rootfs/lib/modules/5.4.55/npu.ko	fecef1a24531765da1243de773ee7e9bb5b20ff47f1ad3b3736e1f09e9db088e	.rela.text	587	.text	0x147c	0x147c	0x14dc	R_AARCH64_ADD_ABS_LO12_NC		5	0	STT_SECTION	.rodata.str1.8	0x0	0x1288		0x1288	init_module	0x11c4	0x2b8	symbol_size	0x14f0		executable_reference	0x91000000	outgoing	
.local/legacy-firmware/work/extract/stock-rootfs/lib/modules/5.4.55/npu.ko	fecef1a24531765da1243de773ee7e9bb5b20ff47f1ad3b3736e1f09e9db088e	.rela.text	588	.text	0x1480	0x1480	0x14e0	R_AARCH64_CALL26	printk	58	1	STT_NOTYPE	SHN_UNDEF	0x0	0x0			init_module	0x11c4	0x2bc	symbol_size	0x14f0		direct_call_BL	0x94000000	outgoing	
.local/legacy-firmware/work/extract/stock-rootfs/lib/modules/5.4.55/npu.ko	fecef1a24531765da1243de773ee7e9bb5b20ff47f1ad3b3736e1f09e9db088e	.rela.text	589	.text	0x1488	0x1488	0x14e8	R_AARCH64_ADR_PREL_PG_HI21		5	0	STT_SECTION	.rodata.str1.8	0x0	0x30		0x30	init_module	0x11c4	0x2c4	symbol_size	0x14f0		executable_reference	0x90000000	outgoing	
.local/legacy-firmware/work/extract/stock-rootfs/lib/modules/5.4.55/npu.ko	fecef1a24531765da1243de773ee7e9bb5b20ff47f1ad3b3736e1f09e9db088e	.rela.text	590	.text	0x148c	0x148c	0x14ec	R_AARCH64_ADD_ABS_LO12_NC		5	0	STT_SECTION	.rodata.str1.8	0x0	0x30		0x30	init_module	0x11c4	0x2c8	symbol_size	0x14f0		executable_reference	0x91000000	outgoing	
.local/legacy-firmware/work/extract/stock-rootfs/lib/modules/5.4.55/npu.ko	fecef1a24531765da1243de773ee7e9bb5b20ff47f1ad3b3736e1f09e9db088e	.rela.text	591	.text	0x1490	0x1490	0x14f0	R_AARCH64_CALL26	printk	58	1	STT_NOTYPE	SHN_UNDEF	0x0	0x0			init_module	0x11c4	0x2cc	symbol_size	0x14f0		direct_call_BL	0x94000000	outgoing	
.local/legacy-firmware/work/extract/stock-rootfs/lib/modules/5.4.55/npu.ko	fecef1a24531765da1243de773ee7e9bb5b20ff47f1ad3b3736e1f09e9db088e	.rela.text	592	.text	0x1498	0x1498	0x14f8	R_AARCH64_ADR_PREL_PG_HI21		4	0	STT_SECTION	.rodata	0x0	0x0		0x0	init_module	0x11c4	0x2d4	symbol_size	0x14f0		executable_reference	0x90000001	outgoing	
.local/legacy-firmware/work/extract/stock-rootfs/lib/modules/5.4.55/npu.ko	fecef1a24531765da1243de773ee7e9bb5b20ff47f1ad3b3736e1f09e9db088e	.rela.text	593	.text	0x149c	0x149c	0x14fc	R_AARCH64_ADD_ABS_LO12_NC		4	0	STT_SECTION	.rodata	0x0	0x0		0x0	init_module	0x11c4	0x2d8	symbol_size	0x14f0		executable_reference	0x91000021	outgoing	
.local/legacy-firmware/work/extract/stock-rootfs/lib/modules/5.4.55/npu.ko	fecef1a24531765da1243de773ee7e9bb5b20ff47f1ad3b3736e1f09e9db088e	.rela.text	594	.text	0x14a0	0x14a0	0x1500	R_AARCH64_ADR_PREL_PG_HI21		5	0	STT_SECTION	.rodata.str1.8	0x0	0x50		0x50	init_module	0x11c4	0x2dc	symbol_size	0x14f0		executable_reference	0x90000000	outgoing	
.local/legacy-firmware/work/extract/stock-rootfs/lib/modules/5.4.55/npu.ko	fecef1a24531765da1243de773ee7e9bb5b20ff47f1ad3b3736e1f09e9db088e	.rela.text	595	.text	0x14a8	0x14a8	0x1508	R_AARCH64_ADD_ABS_LO12_NC		5	0	STT_SECTION	.rodata.str1.8	0x0	0x50		0x50	init_module	0x11c4	0x2e4	symbol_size	0x14f0		executable_reference	0x91000000	outgoing	
.local/legacy-firmware/work/extract/stock-rootfs/lib/modules/5.4.55/npu.ko	fecef1a24531765da1243de773ee7e9bb5b20ff47f1ad3b3736e1f09e9db088e	.rela.text	596	.text	0x14ac	0x14ac	0x150c	R_AARCH64_CALL26	printk	58	1	STT_NOTYPE	SHN_UNDEF	0x0	0x0			init_module	0x11c4	0x2e8	symbol_size	0x14f0		direct_call_BL	0x94000000	outgoing	
.local/legacy-firmware/work/extract/stock-rootfs/lib/modules/5.4.55/npu.ko	fecef1a24531765da1243de773ee7e9bb5b20ff47f1ad3b3736e1f09e9db088e	.rela.text	597	.text	0x14b0	0x14b0	0x1510	R_AARCH64_ADR_PREL_PG_HI21		5	0	STT_SECTION	.rodata.str1.8	0x0	0x1288		0x1288	init_module	0x11c4	0x2ec	symbol_size	0x14f0		executable_reference	0x90000000	outgoing	
.local/legacy-firmware/work/extract/stock-rootfs/lib/modules/5.4.55/npu.ko	fecef1a24531765da1243de773ee7e9bb5b20ff47f1ad3b3736e1f09e9db088e	.rela.text	598	.text	0x14b4	0x14b4	0x1514	R_AARCH64_ADD_ABS_LO12_NC		5	0	STT_SECTION	.rodata.str1.8	0x0	0x1288		0x1288	init_module	0x11c4	0x2f0	symbol_size	0x14f0		executable_reference	0x91000000	outgoing	
.local/legacy-firmware/work/extract/stock-rootfs/lib/modules/5.4.55/npu.ko	fecef1a24531765da1243de773ee7e9bb5b20ff47f1ad3b3736e1f09e9db088e	.rela.text	599	.text	0x14b8	0x14b8	0x1518	R_AARCH64_CALL26	printk	58	1	STT_NOTYPE	SHN_UNDEF	0x0	0x0			init_module	0x11c4	0x2f4	symbol_size	0x14f0		direct_call_BL	0x94000000	outgoing	
.local/legacy-firmware/work/extract/stock-rootfs/lib/modules/5.4.55/npu.ko	fecef1a24531765da1243de773ee7e9bb5b20ff47f1ad3b3736e1f09e9db088e	.rela.text	600	.text	0x14c0	0x14c0	0x1520	R_AARCH64_ADR_PREL_PG_HI21		5	0	STT_SECTION	.rodata.str1.8	0x0	0x30		0x30	init_module	0x11c4	0x2fc	symbol_size	0x14f0		executable_reference	0x90000000	outgoing	
.local/legacy-firmware/work/extract/stock-rootfs/lib/modules/5.4.55/npu.ko	fecef1a24531765da1243de773ee7e9bb5b20ff47f1ad3b3736e1f09e9db088e	.rela.text	601	.text	0x14c4	0x14c4	0x1524	R_AARCH64_ADD_ABS_LO12_NC		5	0	STT_SECTION	.rodata.str1.8	0x0	0x30		0x30	init_module	0x11c4	0x300	symbol_size	0x14f0		executable_reference	0x91000000	outgoing	
.local/legacy-firmware/work/extract/stock-rootfs/lib/modules/5.4.55/npu.ko	fecef1a24531765da1243de773ee7e9bb5b20ff47f1ad3b3736e1f09e9db088e	.rela.text	602	.text	0x14c8	0x14c8	0x1528	R_AARCH64_CALL26	printk	58	1	STT_NOTYPE	SHN_UNDEF	0x0	0x0			init_module	0x11c4	0x304	symbol_size	0x14f0		direct_call_BL	0x94000000	outgoing	
.local/legacy-firmware/work/extract/stock-rootfs/lib/modules/5.4.55/npu.ko	fecef1a24531765da1243de773ee7e9bb5b20ff47f1ad3b3736e1f09e9db088e	.rela.text	603	.text	0x14d0	0x14d0	0x1530	R_AARCH64_ADR_PREL_PG_HI21		5	0	STT_SECTION	.rodata.str1.8	0x0	0x11c8		0x11c8	init_module	0x11c4	0x30c	symbol_size	0x14f0		executable_reference	0x90000000	outgoing	
.local/legacy-firmware/work/extract/stock-rootfs/lib/modules/5.4.55/npu.ko	fecef1a24531765da1243de773ee7e9bb5b20ff47f1ad3b3736e1f09e9db088e	.rela.text	604	.text	0x14d4	0x14d4	0x1534	R_AARCH64_ADD_ABS_LO12_NC		5	0	STT_SECTION	.rodata.str1.8	0x0	0x11c8		0x11c8	init_module	0x11c4	0x310	symbol_size	0x14f0		executable_reference	0x91000000	outgoing	
.local/legacy-firmware/work/extract/stock-rootfs/lib/modules/5.4.55/npu.ko	fecef1a24531765da1243de773ee7e9bb5b20ff47f1ad3b3736e1f09e9db088e	.rela.text	605	.text	0x14d8	0x14d8	0x1538	R_AARCH64_CALL26	printk	58	1	STT_NOTYPE	SHN_UNDEF	0x0	0x0			init_module	0x11c4	0x314	symbol_size	0x14f0		direct_call_BL	0x94000000	outgoing	
.local/legacy-firmware/work/extract/stock-rootfs/lib/modules/5.4.55/npu.ko	fecef1a24531765da1243de773ee7e9bb5b20ff47f1ad3b3736e1f09e9db088e	.rela.text	606	.text	0x14e0	0x14e0	0x1540	R_AARCH64_ADR_PREL_PG_HI21		5	0	STT_SECTION	.rodata.str1.8	0x0	0x1178		0x1178	init_module	0x11c4	0x31c	symbol_size	0x14f0		executable_reference	0x90000000	outgoing	
.local/legacy-firmware/work/extract/stock-rootfs/lib/modules/5.4.55/npu.ko	fecef1a24531765da1243de773ee7e9bb5b20ff47f1ad3b3736e1f09e9db088e	.rela.text	607	.text	0x14e4	0x14e4	0x1544	R_AARCH64_ADD_ABS_LO12_NC		5	0	STT_SECTION	.rodata.str1.8	0x0	0x1178		0x1178	init_module	0x11c4	0x320	symbol_size	0x14f0		executable_reference	0x91000000	outgoing	
.local/legacy-firmware/work/extract/stock-rootfs/lib/modules/5.4.55/npu.ko	fecef1a24531765da1243de773ee7e9bb5b20ff47f1ad3b3736e1f09e9db088e	.rela.text	608	.text	0x14e8	0x14e8	0x1548	R_AARCH64_CALL26	printk	58	1	STT_NOTYPE	SHN_UNDEF	0x0	0x0			init_module	0x11c4	0x324	symbol_size	0x14f0		direct_call_BL	0x94000000	outgoing	
.local/legacy-firmware/work/extract/stock-rootfs/lib/modules/5.4.55/npu.ko	fecef1a24531765da1243de773ee7e9bb5b20ff47f1ad3b3736e1f09e9db088e	.rela.text.unlikely	0	.text.unlikely	0x4	0x4	0x1580	R_AARCH64_ADR_PREL_PG_HI21		5	0	STT_SECTION	.rodata.str1.8	0x0	0x18		0x18	unnamed@.text.unlikely+0x0	0x0	0x4	eh_frame_FDE	0x10c	0x28	executable_reference	0x90000001	outgoing	
.local/legacy-firmware/work/extract/stock-rootfs/lib/modules/5.4.55/npu.ko	fecef1a24531765da1243de773ee7e9bb5b20ff47f1ad3b3736e1f09e9db088e	.rela.text.unlikely	1	.text.unlikely	0x14	0x14	0x1590	R_AARCH64_ADD_ABS_LO12_NC		5	0	STT_SECTION	.rodata.str1.8	0x0	0x18		0x18	unnamed@.text.unlikely+0x0	0x0	0x14	eh_frame_FDE	0x10c	0x28	executable_reference	0x91000020	outgoing	
.local/legacy-firmware/work/extract/stock-rootfs/lib/modules/5.4.55/npu.ko	fecef1a24531765da1243de773ee7e9bb5b20ff47f1ad3b3736e1f09e9db088e	.rela.text.unlikely	2	.text.unlikely	0x24	0x24	0x15a0	R_AARCH64_CALL26	printk	58	1	STT_NOTYPE	SHN_UNDEF	0x0	0x0			unnamed@.text.unlikely+0x0	0x0	0x24	eh_frame_FDE	0x10c	0x28	direct_call_BL	0x94000000	outgoing	
.local/legacy-firmware/work/extract/stock-rootfs/lib/modules/5.4.55/npu.ko	fecef1a24531765da1243de773ee7e9bb5b20ff47f1ad3b3736e1f09e9db088e	.rela.text.unlikely	3	.text.unlikely	0x28	0x28	0x15a4	R_AARCH64_CALL26	get_ecnt_npu_dev	66	1	STT_NOTYPE	SHN_UNDEF	0x0	0x0			unnamed@.text.unlikely+0x0	0x0	0x28	eh_frame_FDE	0x10c	0x28	direct_call_BL	0x94000000	outgoing	
.local/legacy-firmware/work/extract/stock-rootfs/lib/modules/5.4.55/npu.ko	fecef1a24531765da1243de773ee7e9bb5b20ff47f1ad3b3736e1f09e9db088e	.rela.text.unlikely	4	.text.unlikely	0x30	0x30	0x15ac	R_AARCH64_ADR_PREL_PG_HI21		5	0	STT_SECTION	.rodata.str1.8	0x0	0x30		0x30	unnamed@.text.unlikely+0x0	0x0	0x30	eh_frame_FDE	0x10c	0x28	executable_reference	0x90000000	outgoing	
.local/legacy-firmware/work/extract/stock-rootfs/lib/modules/5.4.55/npu.ko	fecef1a24531765da1243de773ee7e9bb5b20ff47f1ad3b3736e1f09e9db088e	.rela.text.unlikely	5	.text.unlikely	0x38	0x38	0x15b4	R_AARCH64_ADD_ABS_LO12_NC		5	0	STT_SECTION	.rodata.str1.8	0x0	0x30		0x30	unnamed@.text.unlikely+0x0	0x0	0x38	eh_frame_FDE	0x10c	0x28	executable_reference	0x91000000	outgoing	
.local/legacy-firmware/work/extract/stock-rootfs/lib/modules/5.4.55/npu.ko	fecef1a24531765da1243de773ee7e9bb5b20ff47f1ad3b3736e1f09e9db088e	.rela.text.unlikely	6	.text.unlikely	0x3c	0x3c	0x15b8	R_AARCH64_CALL26	printk	58	1	STT_NOTYPE	SHN_UNDEF	0x0	0x0			unnamed@.text.unlikely+0x0	0x0	0x3c	eh_frame_FDE	0x10c	0x28	direct_call_BL	0x94000000	outgoing	
.local/legacy-firmware/work/extract/stock-rootfs/lib/modules/5.4.55/npu.ko	fecef1a24531765da1243de773ee7e9bb5b20ff47f1ad3b3736e1f09e9db088e	.rela.text.unlikely	7	.text.unlikely	0x58	0x58	0x15d4	R_AARCH64_CALL26	dma_alloc_attrs	55	1	STT_NOTYPE	SHN_UNDEF	0x0	0x0			unnamed@.text.unlikely+0x0	0x0	0x58	eh_frame_FDE	0x10c	0x28	direct_call_BL	0x94000000	outgoing	
.local/legacy-firmware/work/extract/stock-rootfs/lib/modules/5.4.55/npu.ko	fecef1a24531765da1243de773ee7e9bb5b20ff47f1ad3b3736e1f09e9db088e	.rela.text.unlikely	8	.text.unlikely	0x74	0x74	0x15f0	R_AARCH64_CALL26	memset	62	1	STT_NOTYPE	SHN_UNDEF	0x0	0x0			unnamed@.text.unlikely+0x0	0x0	0x74	eh_frame_FDE	0x10c	0x28	direct_call_BL	0x94000000	outgoing	
.local/legacy-firmware/work/extract/stock-rootfs/lib/modules/5.4.55/npu.ko	fecef1a24531765da1243de773ee7e9bb5b20ff47f1ad3b3736e1f09e9db088e	.rela.text.unlikely	9	.text.unlikely	0xbc	0xbc	0x1638	R_AARCH64_CALL26	host_notify_npuMbox	49	1	STT_NOTYPE	SHN_UNDEF	0x0	0x0			unnamed@.text.unlikely+0x0	0x0	0xbc	eh_frame_FDE	0x10c	0x28	direct_call_BL	0x94000000	outgoing	
.local/legacy-firmware/work/extract/stock-rootfs/lib/modules/5.4.55/npu.ko	fecef1a24531765da1243de773ee7e9bb5b20ff47f1ad3b3736e1f09e9db088e	.rela.text.unlikely	10	.text.unlikely	0xd8	0xd8	0x1654	R_AARCH64_CALL26	dma_free_attrs	67	1	STT_NOTYPE	SHN_UNDEF	0x0	0x0			unnamed@.text.unlikely+0x0	0x0	0xd8	eh_frame_FDE	0x10c	0x28	direct_call_BL	0x94000000	outgoing	
.local/legacy-firmware/work/extract/stock-rootfs/lib/modules/5.4.55/npu.ko	fecef1a24531765da1243de773ee7e9bb5b20ff47f1ad3b3736e1f09e9db088e	.rela.text.unlikely	11	.text.unlikely	0xe4	0xe4	0x1660	R_AARCH64_ADR_PREL_PG_HI21		4	0	STT_SECTION	.rodata	0x0	0x0		0x0	unnamed@.text.unlikely+0x0	0x0	0xe4	eh_frame_FDE	0x10c	0x28	executable_reference	0x90000001	outgoing	
.local/legacy-firmware/work/extract/stock-rootfs/lib/modules/5.4.55/npu.ko	fecef1a24531765da1243de773ee7e9bb5b20ff47f1ad3b3736e1f09e9db088e	.rela.text.unlikely	12	.text.unlikely	0xe8	0xe8	0x1664	R_AARCH64_ADR_PREL_PG_HI21		5	0	STT_SECTION	.rodata.str1.8	0x0	0x50		0x50	unnamed@.text.unlikely+0x0	0x0	0xe8	eh_frame_FDE	0x10c	0x28	executable_reference	0x90000000	outgoing	
.local/legacy-firmware/work/extract/stock-rootfs/lib/modules/5.4.55/npu.ko	fecef1a24531765da1243de773ee7e9bb5b20ff47f1ad3b3736e1f09e9db088e	.rela.text.unlikely	13	.text.unlikely	0xec	0xec	0x1668	R_AARCH64_ADD_ABS_LO12_NC		4	0	STT_SECTION	.rodata	0x0	0x0		0x0	unnamed@.text.unlikely+0x0	0x0	0xec	eh_frame_FDE	0x10c	0x28	executable_reference	0x91000021	outgoing	
.local/legacy-firmware/work/extract/stock-rootfs/lib/modules/5.4.55/npu.ko	fecef1a24531765da1243de773ee7e9bb5b20ff47f1ad3b3736e1f09e9db088e	.rela.text.unlikely	14	.text.unlikely	0xf0	0xf0	0x166c	R_AARCH64_ADD_ABS_LO12_NC		5	0	STT_SECTION	.rodata.str1.8	0x0	0x50		0x50	unnamed@.text.unlikely+0x0	0x0	0xf0	eh_frame_FDE	0x10c	0x28	executable_reference	0x91000000	outgoing	
.local/legacy-firmware/work/extract/stock-rootfs/lib/modules/5.4.55/npu.ko	fecef1a24531765da1243de773ee7e9bb5b20ff47f1ad3b3736e1f09e9db088e	.rela.text.unlikely	15	.text.unlikely	0xf4	0xf4	0x1670	R_AARCH64_CALL26	printk	58	1	STT_NOTYPE	SHN_UNDEF	0x0	0x0			unnamed@.text.unlikely+0x0	0x0	0xf4	eh_frame_FDE	0x10c	0x28	direct_call_BL	0x94000000	outgoing	
.local/legacy-firmware/work/extract/stock-rootfs/lib/modules/5.4.55/npu.ko	fecef1a24531765da1243de773ee7e9bb5b20ff47f1ad3b3736e1f09e9db088e	.rela.eh_frame	1	.eh_frame	0x30	0x30	0x2cc8	R_AARCH64_PREL32		2	0	STT_SECTION	.text.unlikely	0x0	0x0	unnamed@.text.unlikely+0x0	0x0							data_reference		incoming	
.local/legacy-firmware/work/extract/stock-rootfs/lib/modules/5.4.55/npu.ko	fecef1a24531765da1243de773ee7e9bb5b20ff47f1ad3b3736e1f09e9db088e	.rela.eh_frame	9	.eh_frame	0x190	0x190	0x2e28	R_AARCH64_PREL32		1	0	STT_SECTION	.text	0x0	0xb30	npu_wifi_offload_get_dbg_counter_address	0xb30							data_reference		incoming	
.local/legacy-firmware/work/extract/stock-rootfs/lib/modules/5.4.55/npu.ko	fecef1a24531765da1243de773ee7e9bb5b20ff47f1ad3b3736e1f09e9db088e	.rela.eh_frame	16	.eh_frame	0x2d4	0x2d4	0x2f6c	R_AARCH64_PREL32		1	0	STT_SECTION	.text	0x0	0x11c4	init_module	0x11c4							data_reference		incoming	
.local/legacy-firmware/work/extract/stock-rootfs/lib/modules/5.4.55/npu.ko	fecef1a24531765da1243de773ee7e9bb5b20ff47f1ad3b3736e1f09e9db088e	.rela.gnu.linkonce.this_module	0	.gnu.linkonce.this_module	0x150	0x150	0x3150	R_AARCH64_ABS64	init_module	26	0	STT_FUNC	.text	0x11c4	0x0	init_module	0x11c4							data_reference		incoming	__this_module+0x150
.local/legacy-firmware/work/extract/stock-rootfs/lib/modules/5.4.55/speedtest.ko	2654ada906e418dc8320f4885996fda8ba4d4a6e06435220e5596cf7b8c94196	.rela.text	3937	.text	0x1077c	0x1077c	0x107dc	R_AARCH64_ADR_PREL_PG_HI21		6	0	STT_SECTION	.bss	0x0	0x72e8		0x72e8	npu_wifi_offload_get_dbg_counter_address	0x10770	0xc	symbol_size	0x109d8		executable_reference	0x90000014	outgoing	
.local/legacy-firmware/work/extract/stock-rootfs/lib/modules/5.4.55/speedtest.ko	2654ada906e418dc8320f4885996fda8ba4d4a6e06435220e5596cf7b8c94196	.rela.text	3938	.text	0x10780	0x10780	0x107e0	R_AARCH64_ADD_ABS_LO12_NC		6	0	STT_SECTION	.bss	0x0	0x72e8		0x72e8	npu_wifi_offload_get_dbg_counter_address	0x10770	0x10	symbol_size	0x109d8		executable_reference	0x91000294	outgoing	
.local/legacy-firmware/work/extract/stock-rootfs/lib/modules/5.4.55/speedtest.ko	2654ada906e418dc8320f4885996fda8ba4d4a6e06435220e5596cf7b8c94196	.rela.text	3939	.text	0x107ac	0x107ac	0x1080c	R_AARCH64_CALL26	get_ecnt_npu_dev	443	1	STT_NOTYPE	SHN_UNDEF	0x0	0x0			npu_wifi_offload_get_dbg_counter_address	0x10770	0x3c	symbol_size	0x109d8		direct_call_BL	0x94000000	outgoing	
.local/legacy-firmware/work/extract/stock-rootfs/lib/modules/5.4.55/speedtest.ko	2654ada906e418dc8320f4885996fda8ba4d4a6e06435220e5596cf7b8c94196	.rela.text	3940	.text	0x107d0	0x107d0	0x10830	R_AARCH64_CALL26	dma_alloc_attrs	423	1	STT_NOTYPE	SHN_UNDEF	0x0	0x0			npu_wifi_offload_get_dbg_counter_address	0x10770	0x60	symbol_size	0x109d8		direct_call_BL	0x94000000	outgoing	
.local/legacy-firmware/work/extract/stock-rootfs/lib/modules/5.4.55/speedtest.ko	2654ada906e418dc8320f4885996fda8ba4d4a6e06435220e5596cf7b8c94196	.rela.text	3941	.text	0x107ec	0x107ec	0x1084c	R_AARCH64_CALL26	memset	431	1	STT_NOTYPE	SHN_UNDEF	0x0	0x0			npu_wifi_offload_get_dbg_counter_address	0x10770	0x7c	symbol_size	0x109d8		direct_call_BL	0x94000000	outgoing	
.local/legacy-firmware/work/extract/stock-rootfs/lib/modules/5.4.55/speedtest.ko	2654ada906e418dc8320f4885996fda8ba4d4a6e06435220e5596cf7b8c94196	.rela.text	3942	.text	0x10824	0x10824	0x10884	R_AARCH64_CALL26	host_notify_npuMbox	396	1	STT_NOTYPE	SHN_UNDEF	0x0	0x0			npu_wifi_offload_get_dbg_counter_address	0x10770	0xb4	symbol_size	0x109d8		direct_call_BL	0x94000000	outgoing	
.local/legacy-firmware/work/extract/stock-rootfs/lib/modules/5.4.55/speedtest.ko	2654ada906e418dc8320f4885996fda8ba4d4a6e06435220e5596cf7b8c94196	.rela.text	3943	.text	0x1084c	0x1084c	0x108ac	R_AARCH64_CALL26	dma_free_attrs	445	1	STT_NOTYPE	SHN_UNDEF	0x0	0x0			npu_wifi_offload_get_dbg_counter_address	0x10770	0xdc	symbol_size	0x109d8		direct_call_BL	0x94000000	outgoing	
.local/legacy-firmware/work/extract/stock-rootfs/lib/modules/5.4.55/speedtest.ko	2654ada906e418dc8320f4885996fda8ba4d4a6e06435220e5596cf7b8c94196	.rela.text	3944	.text	0x10850	0x10850	0x108b0	R_AARCH64_ADR_PREL_PG_HI21	cpu_hwcap_keys	400	1	STT_NOTYPE	SHN_UNDEF	0x0	0x0			npu_wifi_offload_get_dbg_counter_address	0x10770	0xe0	symbol_size	0x109d8		executable_reference	0x90000000	outgoing	
.local/legacy-firmware/work/extract/stock-rootfs/lib/modules/5.4.55/speedtest.ko	2654ada906e418dc8320f4885996fda8ba4d4a6e06435220e5596cf7b8c94196	.rela.text	3945	.text	0x10854	0x10854	0x108b4	R_AARCH64_ADR_PREL_PG_HI21	arm64_const_caps_ready	382	1	STT_NOTYPE	SHN_UNDEF	0x0	0x0			npu_wifi_offload_get_dbg_counter_address	0x10770	0xe4	symbol_size	0x109d8		executable_reference	0x90000002	outgoing	
.local/legacy-firmware/work/extract/stock-rootfs/lib/modules/5.4.55/speedtest.ko	2654ada906e418dc8320f4885996fda8ba4d4a6e06435220e5596cf7b8c94196	.rela.text	3946	.text	0x10858	0x10858	0x108b8	R_AARCH64_ADD_ABS_LO12_NC	cpu_hwcap_keys	400	1	STT_NOTYPE	SHN_UNDEF	0x0	0x0			npu_wifi_offload_get_dbg_counter_address	0x10770	0xe8	symbol_size	0x109d8		executable_reference	0x91000001	outgoing	
.local/legacy-firmware/work/extract/stock-rootfs/lib/modules/5.4.55/speedtest.ko	2654ada906e418dc8320f4885996fda8ba4d4a6e06435220e5596cf7b8c94196	.rela.text	3947	.text	0x10868	0x10868	0x108c8	R_AARCH64_LDST32_ABS_LO12_NC	arm64_const_caps_ready	382	1	STT_NOTYPE	SHN_UNDEF	0x0	0x0			npu_wifi_offload_get_dbg_counter_address	0x10770	0xf8	symbol_size	0x109d8		executable_reference	0xb9400043	outgoing	
.local/legacy-firmware/work/extract/stock-rootfs/lib/modules/5.4.55/speedtest.ko	2654ada906e418dc8320f4885996fda8ba4d4a6e06435220e5596cf7b8c94196	.rela.text	3948	.text	0x1088c	0x1088c	0x108ec	R_AARCH64_CALL26	__ioremap	415	1	STT_NOTYPE	SHN_UNDEF	0x0	0x0			npu_wifi_offload_get_dbg_counter_address	0x10770	0x11c	symbol_size	0x109d8		direct_call_BL	0x94000000	outgoing	
.local/legacy-firmware/work/extract/stock-rootfs/lib/modules/5.4.55/speedtest.ko	2654ada906e418dc8320f4885996fda8ba4d4a6e06435220e5596cf7b8c94196	.rela.text	3949	.text	0x108a4	0x108a4	0x10904	R_AARCH64_ADR_PREL_PG_HI21		4	0	STT_SECTION	.rodata.str1.8	0x0	0x32f8		0x32f8	npu_wifi_offload_get_dbg_counter_address	0x10770	0x134	symbol_size	0x109d8		executable_reference	0x90000000	outgoing	
.local/legacy-firmware/work/extract/stock-rootfs/lib/modules/5.4.55/speedtest.ko	2654ada906e418dc8320f4885996fda8ba4d4a6e06435220e5596cf7b8c94196	.rela.text	3950	.text	0x108a8	0x108a8	0x10908	R_AARCH64_ADD_ABS_LO12_NC		4	0	STT_SECTION	.rodata.str1.8	0x0	0x32f8		0x32f8	npu_wifi_offload_get_dbg_counter_address	0x10770	0x138	symbol_size	0x109d8		executable_reference	0x91000000	outgoing	
.local/legacy-firmware/work/extract/stock-rootfs/lib/modules/5.4.55/speedtest.ko	2654ada906e418dc8320f4885996fda8ba4d4a6e06435220e5596cf7b8c94196	.rela.text	3951	.text	0x108ac	0x108ac	0x1090c	R_AARCH64_CALL26	printk	429	1	STT_NOTYPE	SHN_UNDEF	0x0	0x0			npu_wifi_offload_get_dbg_counter_address	0x10770	0x13c	symbol_size	0x109d8		direct_call_BL	0x94000000	outgoing	
.local/legacy-firmware/work/extract/stock-rootfs/lib/modules/5.4.55/speedtest.ko	2654ada906e418dc8320f4885996fda8ba4d4a6e06435220e5596cf7b8c94196	.rela.text	3952	.text	0x108b4	0x108b4	0x10914	R_AARCH64_ADR_PREL_PG_HI21	arm64_const_caps_ready	382	1	STT_NOTYPE	SHN_UNDEF	0x0	0x0			npu_wifi_offload_get_dbg_counter_address	0x10770	0x144	symbol_size	0x109d8		executable_reference	0x90000001	outgoing	
.local/legacy-firmware/work/extract/stock-rootfs/lib/modules/5.4.55/speedtest.ko	2654ada906e418dc8320f4885996fda8ba4d4a6e06435220e5596cf7b8c94196	.rela.text	3953	.text	0x108b8	0x108b8	0x10918	R_AARCH64_LDST32_ABS_LO12_NC	arm64_const_caps_ready	382	1	STT_NOTYPE	SHN_UNDEF	0x0	0x0			npu_wifi_offload_get_dbg_counter_address	0x10770	0x148	symbol_size	0x109d8		executable_reference	0xb9400021	outgoing	
.local/legacy-firmware/work/extract/stock-rootfs/lib/modules/5.4.55/speedtest.ko	2654ada906e418dc8320f4885996fda8ba4d4a6e06435220e5596cf7b8c94196	.rela.text	3954	.text	0x108c4	0x108c4	0x10924	R_AARCH64_ADR_PREL_PG_HI21	cpu_hwcap_keys	400	1	STT_NOTYPE	SHN_UNDEF	0x0	0x0			npu_wifi_offload_get_dbg_counter_address	0x10770	0x154	symbol_size	0x109d8		executable_reference	0x90000001	outgoing	
.local/legacy-firmware/work/extract/stock-rootfs/lib/modules/5.4.55/speedtest.ko	2654ada906e418dc8320f4885996fda8ba4d4a6e06435220e5596cf7b8c94196	.rela.text	3955	.text	0x108c8	0x108c8	0x10928	R_AARCH64_ADD_ABS_LO12_NC	cpu_hwcap_keys	400	1	STT_NOTYPE	SHN_UNDEF	0x0	0x0			npu_wifi_offload_get_dbg_counter_address	0x10770	0x158	symbol_size	0x109d8		executable_reference	0x91000021	outgoing	
.local/legacy-firmware/work/extract/stock-rootfs/lib/modules/5.4.55/speedtest.ko	2654ada906e418dc8320f4885996fda8ba4d4a6e06435220e5596cf7b8c94196	.rela.text	3956	.text	0x108e8	0x108e8	0x10948	R_AARCH64_ADR_PREL_PG_HI21		6	0	STT_SECTION	.bss	0x0	0x72e8		0x72e8	npu_wifi_offload_get_dbg_counter_address	0x10770	0x178	symbol_size	0x109d8		executable_reference	0x90000014	outgoing	
.local/legacy-firmware/work/extract/stock-rootfs/lib/modules/5.4.55/speedtest.ko	2654ada906e418dc8320f4885996fda8ba4d4a6e06435220e5596cf7b8c94196	.rela.text	3957	.text	0x108ec	0x108ec	0x1094c	R_AARCH64_ADD_ABS_LO12_NC		6	0	STT_SECTION	.bss	0x0	0x72e8		0x72e8	npu_wifi_offload_get_dbg_counter_address	0x10770	0x17c	symbol_size	0x109d8		executable_reference	0x91000294	outgoing	
.local/legacy-firmware/work/extract/stock-rootfs/lib/modules/5.4.55/speedtest.ko	2654ada906e418dc8320f4885996fda8ba4d4a6e06435220e5596cf7b8c94196	.rela.text	3958	.text	0x108fc	0x108fc	0x1095c	R_AARCH64_CALL26	__ioremap	415	1	STT_NOTYPE	SHN_UNDEF	0x0	0x0			npu_wifi_offload_get_dbg_counter_address	0x10770	0x18c	symbol_size	0x109d8		direct_call_BL	0x94000000	outgoing	
.local/legacy-firmware/work/extract/stock-rootfs/lib/modules/5.4.55/speedtest.ko	2654ada906e418dc8320f4885996fda8ba4d4a6e06435220e5596cf7b8c94196	.rela.text	3959	.text	0x10914	0x10914	0x10974	R_AARCH64_ADR_PREL_PG_HI21		4	0	STT_SECTION	.rodata.str1.8	0x0	0x32f8		0x32f8	npu_wifi_offload_get_dbg_counter_address	0x10770	0x1a4	symbol_size	0x109d8		executable_reference	0x90000000	outgoing	
.local/legacy-firmware/work/extract/stock-rootfs/lib/modules/5.4.55/speedtest.ko	2654ada906e418dc8320f4885996fda8ba4d4a6e06435220e5596cf7b8c94196	.rela.text	3960	.text	0x1091c	0x1091c	0x1097c	R_AARCH64_ADD_ABS_LO12_NC		4	0	STT_SECTION	.rodata.str1.8	0x0	0x32f8		0x32f8	npu_wifi_offload_get_dbg_counter_address	0x10770	0x1ac	symbol_size	0x109d8		executable_reference	0x91000000	outgoing	
.local/legacy-firmware/work/extract/stock-rootfs/lib/modules/5.4.55/speedtest.ko	2654ada906e418dc8320f4885996fda8ba4d4a6e06435220e5596cf7b8c94196	.rela.text	3961	.text	0x10920	0x10920	0x10980	R_AARCH64_CALL26	printk	429	1	STT_NOTYPE	SHN_UNDEF	0x0	0x0			npu_wifi_offload_get_dbg_counter_address	0x10770	0x1b0	symbol_size	0x109d8		direct_call_BL	0x94000000	outgoing	
.local/legacy-firmware/work/extract/stock-rootfs/lib/modules/5.4.55/speedtest.ko	2654ada906e418dc8320f4885996fda8ba4d4a6e06435220e5596cf7b8c94196	.rela.text	3962	.text	0x10924	0x10924	0x10984	R_AARCH64_ADR_PREL_PG_HI21		6	0	STT_SECTION	.bss	0x0	0x6500		0x6500	npu_wifi_offload_get_dbg_counter_address	0x10770	0x1b4	symbol_size	0x109d8		executable_reference	0x90000000	outgoing	
.local/legacy-firmware/work/extract/stock-rootfs/lib/modules/5.4.55/speedtest.ko	2654ada906e418dc8320f4885996fda8ba4d4a6e06435220e5596cf7b8c94196	.rela.text	3963	.text	0x1092c	0x1092c	0x1098c	R_AARCH64_LDST64_ABS_LO12_NC		6	0	STT_SECTION	.bss	0x0	0x6500		0x6500	npu_wifi_offload_get_dbg_counter_address	0x10770	0x1bc	symbol_size	0x109d8		executable_reference	0xf9000001	outgoing	
.local/legacy-firmware/work/extract/stock-rootfs/lib/modules/5.4.55/speedtest.ko	2654ada906e418dc8320f4885996fda8ba4d4a6e06435220e5596cf7b8c94196	.rela.text	3964	.text	0x10948	0x10948	0x109a8	R_AARCH64_ADR_PREL_PG_HI21	cpu_hwcaps	405	1	STT_NOTYPE	SHN_UNDEF	0x0	0x0			npu_wifi_offload_get_dbg_counter_address	0x10770	0x1d8	symbol_size	0x109d8		executable_reference	0x90000001	outgoing	
.local/legacy-firmware/work/extract/stock-rootfs/lib/modules/5.4.55/speedtest.ko	2654ada906e418dc8320f4885996fda8ba4d4a6e06435220e5596cf7b8c94196	.rela.text	3965	.text	0x10954	0x10954	0x109b4	R_AARCH64_LDST64_ABS_LO12_NC	cpu_hwcaps	405	1	STT_NOTYPE	SHN_UNDEF	0x0	0x0			npu_wifi_offload_get_dbg_counter_address	0x10770	0x1e4	symbol_size	0x109d8		executable_reference	0xf9400021	outgoing	
.local/legacy-firmware/work/extract/stock-rootfs/lib/modules/5.4.55/speedtest.ko	2654ada906e418dc8320f4885996fda8ba4d4a6e06435220e5596cf7b8c94196	.rela.text	3966	.text	0x10964	0x10964	0x109c4	R_AARCH64_ADR_PREL_PG_HI21	cpu_hwcaps	405	1	STT_NOTYPE	SHN_UNDEF	0x0	0x0			npu_wifi_offload_get_dbg_counter_address	0x10770	0x1f4	symbol_size	0x109d8		executable_reference	0x90000001	outgoing	
.local/legacy-firmware/work/extract/stock-rootfs/lib/modules/5.4.55/speedtest.ko	2654ada906e418dc8320f4885996fda8ba4d4a6e06435220e5596cf7b8c94196	.rela.text	3967	.text	0x10968	0x10968	0x109c8	R_AARCH64_LDST64_ABS_LO12_NC	cpu_hwcaps	405	1	STT_NOTYPE	SHN_UNDEF	0x0	0x0			npu_wifi_offload_get_dbg_counter_address	0x10770	0x1f8	symbol_size	0x109d8		executable_reference	0xf9400021	outgoing	
.local/legacy-firmware/work/extract/stock-rootfs/lib/modules/5.4.55/speedtest.ko	2654ada906e418dc8320f4885996fda8ba4d4a6e06435220e5596cf7b8c94196	.rela.text	3968	.text	0x10974	0x10974	0x109d4	R_AARCH64_CALL26	dma_free_attrs	445	1	STT_NOTYPE	SHN_UNDEF	0x0	0x0			npu_wifi_offload_get_dbg_counter_address	0x10770	0x204	symbol_size	0x109d8		direct_call_BL	0x94000000	outgoing	
.local/legacy-firmware/work/extract/stock-rootfs/lib/modules/5.4.55/speedtest.ko	2654ada906e418dc8320f4885996fda8ba4d4a6e06435220e5596cf7b8c94196	.rela.text	3969	.text	0x10978	0x10978	0x109d8	R_AARCH64_ADR_PREL_PG_HI21		4	0	STT_SECTION	.rodata.str1.8	0x0	0x3290		0x3290	npu_wifi_offload_get_dbg_counter_address	0x10770	0x208	symbol_size	0x109d8		executable_reference	0x90000000	outgoing	
.local/legacy-firmware/work/extract/stock-rootfs/lib/modules/5.4.55/speedtest.ko	2654ada906e418dc8320f4885996fda8ba4d4a6e06435220e5596cf7b8c94196	.rela.text	3970	.text	0x1097c	0x1097c	0x109dc	R_AARCH64_ADD_ABS_LO12_NC		4	0	STT_SECTION	.rodata.str1.8	0x0	0x3290		0x3290	npu_wifi_offload_get_dbg_counter_address	0x10770	0x20c	symbol_size	0x109d8		executable_reference	0x91000000	outgoing	
.local/legacy-firmware/work/extract/stock-rootfs/lib/modules/5.4.55/speedtest.ko	2654ada906e418dc8320f4885996fda8ba4d4a6e06435220e5596cf7b8c94196	.rela.text	3971	.text	0x10980	0x10980	0x109e0	R_AARCH64_CALL26	printk	429	1	STT_NOTYPE	SHN_UNDEF	0x0	0x0			npu_wifi_offload_get_dbg_counter_address	0x10770	0x210	symbol_size	0x109d8		direct_call_BL	0x94000000	outgoing	
.local/legacy-firmware/work/extract/stock-rootfs/lib/modules/5.4.55/speedtest.ko	2654ada906e418dc8320f4885996fda8ba4d4a6e06435220e5596cf7b8c94196	.rela.text	3972	.text	0x10988	0x10988	0x109e8	R_AARCH64_ADR_PREL_PG_HI21		4	0	STT_SECTION	.rodata.str1.8	0x0	0x3240		0x3240	npu_wifi_offload_get_dbg_counter_address	0x10770	0x218	symbol_size	0x109d8		executable_reference	0x90000002	outgoing	
.local/legacy-firmware/work/extract/stock-rootfs/lib/modules/5.4.55/speedtest.ko	2654ada906e418dc8320f4885996fda8ba4d4a6e06435220e5596cf7b8c94196	.rela.text	3973	.text	0x1098c	0x1098c	0x109ec	R_AARCH64_ADD_ABS_LO12_NC		4	0	STT_SECTION	.rodata.str1.8	0x0	0x3240		0x3240	npu_wifi_offload_get_dbg_counter_address	0x10770	0x21c	symbol_size	0x109d8		executable_reference	0x91000042	outgoing	
.local/legacy-firmware/work/extract/stock-rootfs/lib/modules/5.4.55/speedtest.ko	2654ada906e418dc8320f4885996fda8ba4d4a6e06435220e5596cf7b8c94196	.rela.text	3974	.text	0x10990	0x10990	0x109f0	R_AARCH64_ADR_PREL_PG_HI21		4	0	STT_SECTION	.rodata.str1.8	0x0	0x3248		0x3248	npu_wifi_offload_get_dbg_counter_address	0x10770	0x220	symbol_size	0x109d8		executable_reference	0x90000001	outgoing	
.local/legacy-firmware/work/extract/stock-rootfs/lib/modules/5.4.55/speedtest.ko	2654ada906e418dc8320f4885996fda8ba4d4a6e06435220e5596cf7b8c94196	.rela.text	3975	.text	0x10994	0x10994	0x109f4	R_AARCH64_ADD_ABS_LO12_NC		4	0	STT_SECTION	.rodata.str1.8	0x0	0x3248		0x3248	npu_wifi_offload_get_dbg_counter_address	0x10770	0x224	symbol_size	0x109d8		executable_reference	0x91000021	outgoing	
.local/legacy-firmware/work/extract/stock-rootfs/lib/modules/5.4.55/speedtest.ko	2654ada906e418dc8320f4885996fda8ba4d4a6e06435220e5596cf7b8c94196	.rela.text	3976	.text	0x10998	0x10998	0x109f8	R_AARCH64_ADR_PREL_PG_HI21		4	0	STT_SECTION	.rodata.str1.8	0x0	0x32c0		0x32c0	npu_wifi_offload_get_dbg_counter_address	0x10770	0x228	symbol_size	0x109d8		executable_reference	0x90000000	outgoing	
.local/legacy-firmware/work/extract/stock-rootfs/lib/modules/5.4.55/speedtest.ko	2654ada906e418dc8320f4885996fda8ba4d4a6e06435220e5596cf7b8c94196	.rela.text	3977	.text	0x109a0	0x109a0	0x10a00	R_AARCH64_ADD_ABS_LO12_NC		4	0	STT_SECTION	.rodata.str1.8	0x0	0x32c0		0x32c0	npu_wifi_offload_get_dbg_counter_address	0x10770	0x230	symbol_size	0x109d8		executable_reference	0x91000000	outgoing	
.local/legacy-firmware/work/extract/stock-rootfs/lib/modules/5.4.55/speedtest.ko	2654ada906e418dc8320f4885996fda8ba4d4a6e06435220e5596cf7b8c94196	.rela.text	3978	.text	0x109a4	0x109a4	0x10a04	R_AARCH64_CALL26	printk	429	1	STT_NOTYPE	SHN_UNDEF	0x0	0x0			npu_wifi_offload_get_dbg_counter_address	0x10770	0x234	symbol_size	0x109d8		direct_call_BL	0x94000000	outgoing	
.local/legacy-firmware/work/extract/stock-rootfs/lib/modules/5.4.55/speedtest.ko	2654ada906e418dc8320f4885996fda8ba4d4a6e06435220e5596cf7b8c94196	.rela.text	3979	.text	0x109ac	0x109ac	0x10a0c	R_AARCH64_ADR_PREL_PG_HI21		4	0	STT_SECTION	.rodata.str1.8	0x0	0x3250		0x3250	npu_wifi_offload_get_dbg_counter_address	0x10770	0x23c	symbol_size	0x109d8		executable_reference	0x90000000	outgoing	
.local/legacy-firmware/work/extract/stock-rootfs/lib/modules/5.4.55/speedtest.ko	2654ada906e418dc8320f4885996fda8ba4d4a6e06435220e5596cf7b8c94196	.rela.text	3980	.text	0x109b0	0x109b0	0x10a10	R_AARCH64_ADD_ABS_LO12_NC		4	0	STT_SECTION	.rodata.str1.8	0x0	0x3250		0x3250	npu_wifi_offload_get_dbg_counter_address	0x10770	0x240	symbol_size	0x109d8		executable_reference	0x91000000	outgoing	
.local/legacy-firmware/work/extract/stock-rootfs/lib/modules/5.4.55/speedtest.ko	2654ada906e418dc8320f4885996fda8ba4d4a6e06435220e5596cf7b8c94196	.rela.text	3981	.text	0x109b4	0x109b4	0x10a14	R_AARCH64_CALL26	printk	429	1	STT_NOTYPE	SHN_UNDEF	0x0	0x0			npu_wifi_offload_get_dbg_counter_address	0x10770	0x244	symbol_size	0x109d8		direct_call_BL	0x94000000	outgoing	
.local/legacy-firmware/work/extract/stock-rootfs/lib/modules/5.4.55/speedtest.ko	2654ada906e418dc8320f4885996fda8ba4d4a6e06435220e5596cf7b8c94196	.rela.text	3982	.text	0x109bc	0x109bc	0x10a1c	R_AARCH64_ADR_PREL_PG_HI21		3	0	STT_SECTION	.rodata	0x0	0x198		0x198	npu_wifi_offload_get_dbg_counter_address	0x10770	0x24c	symbol_size	0x109d8		executable_reference	0x90000001	outgoing	
.local/legacy-firmware/work/extract/stock-rootfs/lib/modules/5.4.55/speedtest.ko	2654ada906e418dc8320f4885996fda8ba4d4a6e06435220e5596cf7b8c94196	.rela.text	3983	.text	0x109c0	0x109c0	0x10a20	R_AARCH64_ADD_ABS_LO12_NC		3	0	STT_SECTION	.rodata	0x0	0x198		0x198	npu_wifi_offload_get_dbg_counter_address	0x10770	0x250	symbol_size	0x109d8		executable_reference	0x91000021	outgoing	
.local/legacy-firmware/work/extract/stock-rootfs/lib/modules/5.4.55/speedtest.ko	2654ada906e418dc8320f4885996fda8ba4d4a6e06435220e5596cf7b8c94196	.rela.text	3984	.text	0x109c8	0x109c8	0x10a28	R_AARCH64_ADR_PREL_PG_HI21		4	0	STT_SECTION	.rodata.str1.8	0x0	0x3270		0x3270	npu_wifi_offload_get_dbg_counter_address	0x10770	0x258	symbol_size	0x109d8		executable_reference	0x90000000	outgoing	
.local/legacy-firmware/work/extract/stock-rootfs/lib/modules/5.4.55/speedtest.ko	2654ada906e418dc8320f4885996fda8ba4d4a6e06435220e5596cf7b8c94196	.rela.text	3985	.text	0x109cc	0x109cc	0x10a2c	R_AARCH64_ADD_ABS_LO12_NC		4	0	STT_SECTION	.rodata.str1.8	0x0	0x3270		0x3270	npu_wifi_offload_get_dbg_counter_address	0x10770	0x25c	symbol_size	0x109d8		executable_reference	0x91000000	outgoing	
.local/legacy-firmware/work/extract/stock-rootfs/lib/modules/5.4.55/speedtest.ko	2654ada906e418dc8320f4885996fda8ba4d4a6e06435220e5596cf7b8c94196	.rela.text	3986	.text	0x109d0	0x109d0	0x10a30	R_AARCH64_CALL26	printk	429	1	STT_NOTYPE	SHN_UNDEF	0x0	0x0			npu_wifi_offload_get_dbg_counter_address	0x10770	0x260	symbol_size	0x109d8		direct_call_BL	0x94000000	outgoing	
.local/legacy-firmware/work/extract/stock-rootfs/lib/modules/5.4.55/speedtest.ko	2654ada906e418dc8320f4885996fda8ba4d4a6e06435220e5596cf7b8c94196	.rela.text.unlikely	189	.text.unlikely	0x8b8	0x8b8	0x13dbc	R_AARCH64_CALL26	npu_wifi_offload_get_dbg_counter_address	367	0	STT_FUNC	.text	0x10770	0x0	npu_wifi_offload_get_dbg_counter_address	0x10770	init_module	0x2b4	0x604	symbol_size	0x8dc		direct_call_BL	0x94000000	incoming	
.local/legacy-firmware/work/extract/stock-rootfs/lib/modules/5.4.55/speedtest.ko	2654ada906e418dc8320f4885996fda8ba4d4a6e06435220e5596cf7b8c94196	.rela.eh_frame	120	.eh_frame	0x1c34	0x1c34	0x196e4	R_AARCH64_PREL32		1	0	STT_SECTION	.text	0x0	0x10770	npu_wifi_offload_get_dbg_counter_address	0x10770							data_reference		incoming	
.local/legacy-firmware/work/extract/stock-rootfs/lib/modules/5.4.55/tccicmd.ko	9a0e081553d6d92ad198e8b346c28f97b63855dde181bde14f57575a2964ed45	.rela.text	94	.text	0xc08	0xc08	0xc68	R_AARCH64_CALL26	__stack_chk_fail	114	1	STT_NOTYPE	SHN_UNDEF	0x0	0x0			unnamed@.text+0xb94	0xb94	0x74	eh_frame_FDE	0xd58	0x2a4	direct_call_BL	0x94000000	outgoing	
.local/legacy-firmware/work/extract/stock-rootfs/lib/modules/5.4.55/tccicmd.ko	9a0e081553d6d92ad198e8b346c28f97b63855dde181bde14f57575a2964ed45	.rela.text	95	.text	0xc14	0xc14	0xc74	R_AARCH64_ADR_PREL_PG_HI21		6	0	STT_SECTION	.rodata.str1.8	0x0	0xb8		0xb8	unnamed@.text+0xb94	0xb94	0x80	eh_frame_FDE	0xd58	0x2a4	executable_reference	0x90000001	outgoing	
.local/legacy-firmware/work/extract/stock-rootfs/lib/modules/5.4.55/tccicmd.ko	9a0e081553d6d92ad198e8b346c28f97b63855dde181bde14f57575a2964ed45	.rela.text	96	.text	0xc18	0xc18	0xc78	R_AARCH64_ADD_ABS_LO12_NC		6	0	STT_SECTION	.rodata.str1.8	0x0	0xb8		0xb8	unnamed@.text+0xb94	0xb94	0x84	eh_frame_FDE	0xd58	0x2a4	executable_reference	0x91000021	outgoing	
.local/legacy-firmware/work/extract/stock-rootfs/lib/modules/5.4.55/tccicmd.ko	9a0e081553d6d92ad198e8b346c28f97b63855dde181bde14f57575a2964ed45	.rela.text	97	.text	0xc28	0xc28	0xc88	R_AARCH64_CALL26	sscanf	123	1	STT_NOTYPE	SHN_UNDEF	0x0	0x0			unnamed@.text+0xb94	0xb94	0x94	eh_frame_FDE	0xd58	0x2a4	direct_call_BL	0x94000000	outgoing	
.local/legacy-firmware/work/extract/stock-rootfs/lib/modules/5.4.55/tccicmd.ko	9a0e081553d6d92ad198e8b346c28f97b63855dde181bde14f57575a2964ed45	.rela.text	98	.text	0xc30	0xc30	0xc90	R_AARCH64_ADR_PREL_PG_HI21		6	0	STT_SECTION	.rodata.str1.8	0x0	0xc0		0xc0	unnamed@.text+0xb94	0xb94	0x9c	eh_frame_FDE	0xd58	0x2a4	executable_reference	0x90000000	outgoing	
.local/legacy-firmware/work/extract/stock-rootfs/lib/modules/5.4.55/tccicmd.ko	9a0e081553d6d92ad198e8b346c28f97b63855dde181bde14f57575a2964ed45	.rela.text	99	.text	0xc34	0xc34	0xc94	R_AARCH64_ADD_ABS_LO12_NC		6	0	STT_SECTION	.rodata.str1.8	0x0	0xc0		0xc0	unnamed@.text+0xb94	0xb94	0xa0	eh_frame_FDE	0xd58	0x2a4	executable_reference	0x91000000	outgoing	
.local/legacy-firmware/work/extract/stock-rootfs/lib/modules/5.4.55/tccicmd.ko	9a0e081553d6d92ad198e8b346c28f97b63855dde181bde14f57575a2964ed45	.rela.text	100	.text	0xc38	0xc38	0xc98	R_AARCH64_CALL26	printk	124	1	STT_NOTYPE	SHN_UNDEF	0x0	0x0			unnamed@.text+0xb94	0xb94	0xa4	eh_frame_FDE	0xd58	0x2a4	direct_call_BL	0x94000000	outgoing	
.local/legacy-firmware/work/extract/stock-rootfs/lib/modules/5.4.55/tccicmd.ko	9a0e081553d6d92ad198e8b346c28f97b63855dde181bde14f57575a2964ed45	.rela.text	101	.text	0xc44	0xc44	0xca4	R_AARCH64_CALL26	get_ecnt_npu_dev	129	1	STT_NOTYPE	SHN_UNDEF	0x0	0x0			unnamed@.text+0xb94	0xb94	0xb0	eh_frame_FDE	0xd58	0x2a4	direct_call_BL	0x94000000	outgoing	
.local/legacy-firmware/work/extract/stock-rootfs/lib/modules/5.4.55/tccicmd.ko	9a0e081553d6d92ad198e8b346c28f97b63855dde181bde14f57575a2964ed45	.rela.text	102	.text	0xc50	0xc50	0xcb0	R_AARCH64_ADR_PREL_PG_HI21		6	0	STT_SECTION	.rodata.str1.8	0x0	0xd8		0xd8	unnamed@.text+0xb94	0xb94	0xbc	eh_frame_FDE	0xd58	0x2a4	executable_reference	0x90000000	outgoing	
.local/legacy-firmware/work/extract/stock-rootfs/lib/modules/5.4.55/tccicmd.ko	9a0e081553d6d92ad198e8b346c28f97b63855dde181bde14f57575a2964ed45	.rela.text	103	.text	0xc54	0xc54	0xcb4	R_AARCH64_ADD_ABS_LO12_NC		6	0	STT_SECTION	.rodata.str1.8	0x0	0xd8		0xd8	unnamed@.text+0xb94	0xb94	0xc0	eh_frame_FDE	0xd58	0x2a4	executable_reference	0x91000000	outgoing	
.local/legacy-firmware/work/extract/stock-rootfs/lib/modules/5.4.55/tccicmd.ko	9a0e081553d6d92ad198e8b346c28f97b63855dde181bde14f57575a2964ed45	.rela.text	104	.text	0xc58	0xc58	0xcb8	R_AARCH64_CALL26	printk	124	1	STT_NOTYPE	SHN_UNDEF	0x0	0x0			unnamed@.text+0xb94	0xb94	0xc4	eh_frame_FDE	0xd58	0x2a4	direct_call_BL	0x94000000	outgoing	
.local/legacy-firmware/work/extract/stock-rootfs/lib/modules/5.4.55/tccicmd.ko	9a0e081553d6d92ad198e8b346c28f97b63855dde181bde14f57575a2964ed45	.rela.text	105	.text	0xc5c	0xc5c	0xcbc	R_AARCH64_ADR_PREL_PG_HI21		6	0	STT_SECTION	.rodata.str1.8	0x0	0x160		0x160	unnamed@.text+0xb94	0xb94	0xc8	eh_frame_FDE	0xd58	0x2a4	executable_reference	0x90000000	outgoing	
.local/legacy-firmware/work/extract/stock-rootfs/lib/modules/5.4.55/tccicmd.ko	9a0e081553d6d92ad198e8b346c28f97b63855dde181bde14f57575a2964ed45	.rela.text	106	.text	0xc60	0xc60	0xcc0	R_AARCH64_ADD_ABS_LO12_NC		6	0	STT_SECTION	.rodata.str1.8	0x0	0x160		0x160	unnamed@.text+0xb94	0xb94	0xcc	eh_frame_FDE	0xd58	0x2a4	executable_reference	0x91000000	outgoing	
.local/legacy-firmware/work/extract/stock-rootfs/lib/modules/5.4.55/tccicmd.ko	9a0e081553d6d92ad198e8b346c28f97b63855dde181bde14f57575a2964ed45	.rela.text	107	.text	0xc64	0xc64	0xcc4	R_AARCH64_CALL26	printk	124	1	STT_NOTYPE	SHN_UNDEF	0x0	0x0			unnamed@.text+0xb94	0xb94	0xd0	eh_frame_FDE	0xd58	0x2a4	direct_call_BL	0x94000000	outgoing	
.local/legacy-firmware/work/extract/stock-rootfs/lib/modules/5.4.55/tccicmd.ko	9a0e081553d6d92ad198e8b346c28f97b63855dde181bde14f57575a2964ed45	.rela.text	108	.text	0xc80	0xc80	0xce0	R_AARCH64_CALL26	dma_alloc_attrs	119	1	STT_NOTYPE	SHN_UNDEF	0x0	0x0			unnamed@.text+0xb94	0xb94	0xec	eh_frame_FDE	0xd58	0x2a4	direct_call_BL	0x94000000	outgoing	
.local/legacy-firmware/work/extract/stock-rootfs/lib/modules/5.4.55/tccicmd.ko	9a0e081553d6d92ad198e8b346c28f97b63855dde181bde14f57575a2964ed45	.rela.text	109	.text	0xca0	0xca0	0xd00	R_AARCH64_CALL26	memset	126	1	STT_NOTYPE	SHN_UNDEF	0x0	0x0			unnamed@.text+0xb94	0xb94	0x10c	eh_frame_FDE	0xd58	0x2a4	direct_call_BL	0x94000000	outgoing	
.local/legacy-firmware/work/extract/stock-rootfs/lib/modules/5.4.55/tccicmd.ko	9a0e081553d6d92ad198e8b346c28f97b63855dde181bde14f57575a2964ed45	.rela.text	110	.text	0xcb8	0xcb8	0xd18	R_AARCH64_ADR_PREL_PG_HI21		6	0	STT_SECTION	.rodata.str1.8	0x0	0xf8		0xf8	unnamed@.text+0xb94	0xb94	0x124	eh_frame_FDE	0xd58	0x2a4	executable_reference	0x90000000	outgoing	
.local/legacy-firmware/work/extract/stock-rootfs/lib/modules/5.4.55/tccicmd.ko	9a0e081553d6d92ad198e8b346c28f97b63855dde181bde14f57575a2964ed45	.rela.text	111	.text	0xcc0	0xcc0	0xd20	R_AARCH64_ADD_ABS_LO12_NC		6	0	STT_SECTION	.rodata.str1.8	0x0	0xf8		0xf8	unnamed@.text+0xb94	0xb94	0x12c	eh_frame_FDE	0xd58	0x2a4	executable_reference	0x91000000	outgoing	
.local/legacy-firmware/work/extract/stock-rootfs/lib/modules/5.4.55/tccicmd.ko	9a0e081553d6d92ad198e8b346c28f97b63855dde181bde14f57575a2964ed45	.rela.text	112	.text	0xcc8	0xcc8	0xd28	R_AARCH64_CALL26	printk	124	1	STT_NOTYPE	SHN_UNDEF	0x0	0x0			unnamed@.text+0xb94	0xb94	0x134	eh_frame_FDE	0xd58	0x2a4	direct_call_BL	0x94000000	outgoing	
.local/legacy-firmware/work/extract/stock-rootfs/lib/modules/5.4.55/tccicmd.ko	9a0e081553d6d92ad198e8b346c28f97b63855dde181bde14f57575a2964ed45	.rela.text	113	.text	0xcd4	0xcd4	0xd34	R_AARCH64_ADR_PREL_PG_HI21		6	0	STT_SECTION	.rodata.str1.8	0x0	0x108		0x108	unnamed@.text+0xb94	0xb94	0x140	eh_frame_FDE	0xd58	0x2a4	executable_reference	0x90000000	outgoing	
.local/legacy-firmware/work/extract/stock-rootfs/lib/modules/5.4.55/tccicmd.ko	9a0e081553d6d92ad198e8b346c28f97b63855dde181bde14f57575a2964ed45	.rela.text	114	.text	0xcd8	0xcd8	0xd38	R_AARCH64_ADD_ABS_LO12_NC		6	0	STT_SECTION	.rodata.str1.8	0x0	0x108		0x108	unnamed@.text+0xb94	0xb94	0x144	eh_frame_FDE	0xd58	0x2a4	executable_reference	0x91000000	outgoing	
.local/legacy-firmware/work/extract/stock-rootfs/lib/modules/5.4.55/tccicmd.ko	9a0e081553d6d92ad198e8b346c28f97b63855dde181bde14f57575a2964ed45	.rela.text	115	.text	0xcdc	0xcdc	0xd3c	R_AARCH64_CALL26	printk	124	1	STT_NOTYPE	SHN_UNDEF	0x0	0x0			unnamed@.text+0xb94	0xb94	0x148	eh_frame_FDE	0xd58	0x2a4	direct_call_BL	0x94000000	outgoing	
.local/legacy-firmware/work/extract/stock-rootfs/lib/modules/5.4.55/tccicmd.ko	9a0e081553d6d92ad198e8b346c28f97b63855dde181bde14f57575a2964ed45	.rela.text	116	.text	0xd0c	0xd0c	0xd6c	R_AARCH64_CALL26	host_notify_npuMbox	109	1	STT_NOTYPE	SHN_UNDEF	0x0	0x0			unnamed@.text+0xb94	0xb94	0x178	eh_frame_FDE	0xd58	0x2a4	direct_call_BL	0x94000000	outgoing	
.local/legacy-firmware/work/extract/stock-rootfs/lib/modules/5.4.55/tccicmd.ko	9a0e081553d6d92ad198e8b346c28f97b63855dde181bde14f57575a2964ed45	.rela.text	117	.text	0xd28	0xd28	0xd88	R_AARCH64_CALL26	dma_free_attrs	130	1	STT_NOTYPE	SHN_UNDEF	0x0	0x0			unnamed@.text+0xb94	0xb94	0x194	eh_frame_FDE	0xd58	0x2a4	direct_call_BL	0x94000000	outgoing	
.local/legacy-firmware/work/extract/stock-rootfs/lib/modules/5.4.55/tccicmd.ko	9a0e081553d6d92ad198e8b346c28f97b63855dde181bde14f57575a2964ed45	.rela.text	118	.text	0xd34	0xd34	0xd94	R_AARCH64_ADR_PREL_PG_HI21		6	0	STT_SECTION	.rodata.str1.8	0x0	0x130		0x130	unnamed@.text+0xb94	0xb94	0x1a0	eh_frame_FDE	0xd58	0x2a4	executable_reference	0x90000000	outgoing	
.local/legacy-firmware/work/extract/stock-rootfs/lib/modules/5.4.55/tccicmd.ko	9a0e081553d6d92ad198e8b346c28f97b63855dde181bde14f57575a2964ed45	.rela.text	119	.text	0xd38	0xd38	0xd98	R_AARCH64_ADD_ABS_LO12_NC		6	0	STT_SECTION	.rodata.str1.8	0x0	0x130		0x130	unnamed@.text+0xb94	0xb94	0x1a4	eh_frame_FDE	0xd58	0x2a4	executable_reference	0x91000000	outgoing	
.local/legacy-firmware/work/extract/stock-rootfs/lib/modules/5.4.55/tccicmd.ko	9a0e081553d6d92ad198e8b346c28f97b63855dde181bde14f57575a2964ed45	.rela.text	120	.text	0xd3c	0xd3c	0xd9c	R_AARCH64_CALL26	printk	124	1	STT_NOTYPE	SHN_UNDEF	0x0	0x0			unnamed@.text+0xb94	0xb94	0x1a8	eh_frame_FDE	0xd58	0x2a4	direct_call_BL	0x94000000	outgoing	
.local/legacy-firmware/work/extract/stock-rootfs/lib/modules/5.4.55/tccicmd.ko	9a0e081553d6d92ad198e8b346c28f97b63855dde181bde14f57575a2964ed45	.rela.text	121	.text	0xd44	0xd44	0xda4	R_AARCH64_ADR_PREL_PG_HI21		9	0	STT_SECTION	.bss	0x0	0x200		0x200	unnamed@.text+0xb94	0xb94	0x1b0	eh_frame_FDE	0xd58	0x2a4	executable_reference	0x90000000	outgoing	
.local/legacy-firmware/work/extract/stock-rootfs/lib/modules/5.4.55/tccicmd.ko	9a0e081553d6d92ad198e8b346c28f97b63855dde181bde14f57575a2964ed45	.rela.text	122	.text	0xd50	0xd50	0xdb0	R_AARCH64_LDST8_ABS_LO12_NC		9	0	STT_SECTION	.bss	0x0	0x200		0x200	unnamed@.text+0xb94	0xb94	0x1bc	eh_frame_FDE	0xd58	0x2a4	executable_reference	0x39000001	outgoing	
.local/legacy-firmware/work/extract/stock-rootfs/lib/modules/5.4.55/tccicmd.ko	9a0e081553d6d92ad198e8b346c28f97b63855dde181bde14f57575a2964ed45	.rela.init.text	24	.init.text	0x9c	0x9c	0x2fcc	R_AARCH64_ADR_PREL_PG_HI21		1	0	STT_SECTION	.text	0x0	0xb94	unnamed@.text+0xb94	0xb94	init_module	0x0	0x9c	symbol_size	0xc4		executable_reference	0x90000001	incoming	
.local/legacy-firmware/work/extract/stock-rootfs/lib/modules/5.4.55/tccicmd.ko	9a0e081553d6d92ad198e8b346c28f97b63855dde181bde14f57575a2964ed45	.rela.init.text	26	.init.text	0xa4	0xa4	0x2fd4	R_AARCH64_ADD_ABS_LO12_NC		1	0	STT_SECTION	.text	0x0	0xb94	unnamed@.text+0xb94	0xb94	init_module	0x0	0xa4	symbol_size	0xc4		executable_reference	0x91000021	incoming	
.local/legacy-firmware/work/extract/stock-rootfs/lib/modules/5.4.55/tccicmd.ko	9a0e081553d6d92ad198e8b346c28f97b63855dde181bde14f57575a2964ed45	.rela.eh_frame	12	.eh_frame	0x2ac	0x2ac	0x44fc	R_AARCH64_PREL32		1	0	STT_SECTION	.text	0x0	0xb94	unnamed@.text+0xb94	0xb94							data_reference		incoming	
